family,n,instance,m,density,avg_degree,max_degree,min_degree,degree_std,clustering_coeff,diameter,avg_path_length,spectral_gap,lambda_max_laplacian,algebraic_connectivity,spectral_radius,lambda_min_adj,n_components,greedy_colors,greedy_time,welsh_powell_colors,welsh_powell_time,dsatur_colors,dsatur_time,dsatur_valid,gnn_colors,gnn_time,gnn_valid,best_classical,gnn_wins
erdos_renyi,20,0,31,0.1631578947368421,3.1,6,1,1.5459624833740306,0.08,5,2.5210526315789474,0.24844280797441848,7.83082527604693,0.24844280797441848,3.9167849668940127,-2.982245898529255,1,4,0.0003916660789400339,4,3.2125040888786316e-05,3,0.00013183406554162502,True,20,0.0014537088572978973,True,3,0
erdos_renyi,20,1,21,0.11052631578947368,2.1,6,1,1.4798648586948742,0.075,6,3.0842105263157893,0.11901912125561383,7.512166386907762,0.11901912125561383,2.935975334370146,-2.8186559302751926,1,4,0.00018787500448524952,3,2.1791085600852966e-05,3,0.00010958407074213028,True,17,0.000940707977861166,True,3,0
erdos_renyi,20,2,25,0.13157894736842105,2.5,5,1,1.2041594578792296,0.21000000000000002,9,3.7,0.0777185512971404,7.030589751306401,0.0777185512971404,3.2710504263194857,-2.8027885224546494,1,3,0.0001771249808371067,3,2.1042069420218468e-05,3,0.0001116250641644001,True,20,0.0009449999779462814,True,3,0
erdos_renyi,20,3,27,0.14210526315789473,2.7,6,1,1.5524174696260025,0.045,6,2.857894736842105,0.18343755989569643,8.150034561218362,0.18343755989569643,3.669807155474343,-3.181271212429404,1,3,0.00017445813864469528,3,2.0458828657865524e-05,3,0.00010791700333356857,True,20,0.0009232501033693552,True,3,0
erdos_renyi,20,4,37,0.19473684210526315,3.7,9,1,1.76351920885484,0.255,6,2.3473684210526318,0.4221608619528478,10.25772314226098,0.4221608619528478,4.586048107160339,-3.004442020459692,1,4,0.00017366698011755943,4,2.133287489414215e-05,4,0.00011266604997217655,True,20,0.0009857499971985817,True,4,0
erdos_renyi,20,5,22,0.11578947368421053,2.2,4,1,1.0770329614269007,0.03333333333333333,9,3.8526315789473684,0.07354443976710111,5.766296531879128,0.07354443976710111,2.816407266697177,-2.557235946895117,1,3,0.00018366612493991852,3,2.0792009308934212e-05,3,0.00010766694322228432,True,17,0.001007291954010725,True,3,0
erdos_renyi,20,6,39,0.20526315789473684,3.9,6,2,1.2609520212918492,0.18833333333333332,4,2.1736842105263157,0.871697074058009,8.04965692826858,0.871697074058009,4.328914586028832,-3.346491716130298,1,4,0.0001762921456247568,4,2.237502485513687e-05,4,0.00011437502689659595,True,20,0.00103358319029212,True,4,0
erdos_renyi,20,7,30,0.15789473684210525,3.0,7,1,1.70293863659264,0.25476190476190474,6,2.594736842105263,0.29567132563836407,8.766509802152063,0.29567132563836407,3.8437997390361565,-3.366845843489988,1,4,0.00017695780843496323,3,2.1124957129359245e-05,3,0.0001091670710593462,True,20,0.0009372499771416187,True,3,0
erdos_renyi,20,8,27,0.14210526315789473,2.7,6,1,1.2688577540449522,0.09333333333333334,7,2.973684210526316,0.16785258817584908,7.272907531711997,0.16785258817584908,3.5255423834769033,-2.667923508575566,1,4,0.0001742909662425518,3,1.9834144040942192e-05,3,0.00010737497359514236,True,18,0.0009622909128665924,True,3,0
erdos_renyi,20,9,21,0.11052631578947368,2.1,5,1,1.0908712114635715,0.03,10,4.026315789473684,0.0732407252343339,6.25896044581541,0.0732407252343339,2.8112837398950528,-2.2946750547081547,1,4,0.00017141690477728844,3,1.8750084564089775e-05,3,0.00010608299635350704,True,17,0.000987666891887784,True,3,0
erdos_renyi,20,10,24,0.12631578947368421,2.4,4,1,1.1135528725660047,0.075,7,3.5105263157894737,0.09842251595358659,5.749791709512228,0.09842251595358659,2.951954025240873,-2.422506837856475,1,4,0.00017195893451571465,3,1.941714435815811e-05,3,0.00010616704821586609,True,20,0.000956500181928277,True,3,0
erdos_renyi,20,11,28,0.14736842105263157,2.8,5,1,1.1224972160321824,0.39,8,3.642105263157895,0.0900768950942951,6.437251769979147,0.0900768950942951,3.651639636973004,-2.20786499815712,1,4,0.00017304089851677418,3,2.0875129848718643e-05,3,0.00010924995876848698,True,20,0.000977375078946352,True,3,0
erdos_renyi,20,12,39,0.20526315789473684,3.9,10,2,2.364318083507378,0.2978174603174603,4,2.168421052631579,0.7736904367253192,11.197219920384736,0.7736904367253192,5.312606017520855,-3.345581440083395,1,5,0.00017366698011755943,4,2.2374792024493217e-05,4,0.00011124997399747372,True,20,0.0010149581357836723,True,4,0
erdos_renyi,20,13,28,0.14736842105263157,2.8,6,1,1.2884098726725126,0.35333333333333333,7,3.305263157894737,0.10475537471098625,7.62041240569492,0.10475537471098625,3.643340813095079,-2.8499701435323095,1,4,0.00017229211516678333,3,2.0832987502217293e-05,3,0.00010970910079777241,True,20,0.0009201669599860907,True,3,0
erdos_renyi,20,14,26,0.1368421052631579,2.6,6,1,1.2806248474865698,0.13666666666666666,6,2.9842105263157896,0.2687556746097009,7.44143031402969,0.2687556746097009,3.3333427055257085,-2.798103118423002,1,4,0.00016958313062787056,3,1.9999919459223747e-05,3,0.00010712491348385811,True,17,0.0009281251113861799,True,3,0
erdos_renyi,20,15,23,0.12105263157894737,2.3,4,1,1.004987562112089,0.0,7,3.163157894736842,0.1966457174452201,6.103172909347027,0.1966457174452201,2.779343100531664,-2.580280085774721,1,3,0.00016999989748001099,3,1.9875122234225273e-05,3,0.00010733306407928467,True,20,0.0009544591885060072,True,3,0
erdos_renyi,20,16,30,0.15789473684210525,3.0,7,1,1.51657508881031,0.03404761904761905,6,2.5473684210526315,0.4083447499396053,8.665498942402772,0.4083447499396053,3.780009691393304,-3.3581509019489237,1,3,0.00017562485300004482,3,2.095801755785942e-05,3,0.00011170795187354088,True,20,0.0009807499591261148,True,3,0
erdos_renyi,20,17,23,0.12105263157894737,2.3,4,1,0.9539392014169458,0.041666666666666664,8,3.6157894736842104,0.10682331942324448,6.030891601424409,0.10682331942324448,2.878132899520756,-2.5985589604273747,1,3,0.00017920811660587788,3,2.050003968179226e-05,3,0.00010862480849027634,True,17,0.0009827089961618185,True,3,0
erdos_renyi,20,18,26,0.1368421052631579,2.6,5,1,1.2806248474865698,0.05499999999999999,7,3.0157894736842104,0.17147089903146204,6.714043703095333,0.17147089903146204,3.390883128326932,-2.6841210963618254,1,4,0.00017629191279411316,3,2.1124957129359245e-05,3,0.00011029094457626343,True,20,0.000939834164455533,True,3,0
erdos_renyi,20,19,27,0.14210526315789473,2.7,6,1,1.3076696830622019,0.07833333333333334,6,2.8842105263157896,0.2680442061976163,7.516397651851314,0.2680442061976163,3.5428114328901645,-2.741520907051658,1,4,0.00018787500448524952,3,2.2791093215346336e-05,3,0.00011154217645525932,True,18,0.0009831669740378857,True,3,0
erdos_renyi,20,20,35,0.18421052631578946,3.5,6,1,1.3228756555322954,0.09333333333333334,6,2.3684210526315788,0.5133370414977116,8.226990954041828,0.5133370414977116,4.103800870032845,-3.0276290676448814,1,4,0.0001793750561773777,4,2.2500054910779e-05,3,0.00011212495155632496,True,20,0.000967124942690134,True,3,0
erdos_renyi,20,21,24,0.12631578947368421,2.4,5,1,1.019803902718557,0.03333333333333333,10,3.8789473684210525,0.06588094434122375,6.62594726850943,0.06588094434122375,3.063004106694038,-2.6847562262380245,1,3,0.00017179199494421482,3,1.9916798919439316e-05,3,0.00010729208588600159,True,16,0.0009651670698076487,True,3,0
erdos_renyi,20,22,38,0.2,3.8,6,2,1.469693845669907,0.255,5,2.3789473684210525,0.5451190137745038,8.281892179254207,0.5451190137745038,4.676637977177005,-2.7762755055991177,1,4,0.00017329188995063305,4,2.3167114704847336e-05,4,0.00011624977923929691,True,20,0.000989292049780488,True,4,0
erdos_renyi,20,23,26,0.1368421052631579,2.6,6,1,1.3564659966250536,0.3516666666666667,7,3.2578947368421054,0.1167617079651572,7.183822979321966,0.1167617079651572,3.2077511705220156,-2.5920380931292453,1,4,0.00017095799557864666,3,2.0750099793076515e-05,3,0.00010812492109835148,True,20,0.000961249927058816,True,3,0
erdos_renyi,20,24,37,0.19473684210526315,3.7,9,1,2.027313493271329,0.19,4,2.2578947368421054,0.5808374325026049,10.379372891178125,0.5808374325026049,4.879982103822824,-3.219324267647338,1,5,0.0001805000938475132,3,2.258317545056343e-05,3,0.00011454196646809578,True,20,0.0009917498100548983,True,3,0
erdos_renyi,20,25,27,0.14210526315789473,2.7,6,1,1.2688577540449522,0.13,5,2.778947368421053,0.341244262856427,7.4673033230510155,0.341244262856427,3.4017831967215995,-2.6912953714291072,1,3,0.00017395801842212677,3,2.074986696243286e-05,3,0.00011083297431468964,True,20,0.0009482500609010458,True,3,0
erdos_renyi,20,26,32,0.16842105263157894,3.2,5,2,0.9273618495495703,0.27999999999999997,6,2.610526315789474,0.3875328132587321,7.000170937135615,0.3875328132587321,3.5236942673641867,-2.892736361089145,1,4,0.00018008379265666008,3,2.2249994799494743e-05,3,0.00011199992150068283,True,20,0.000971833011135459,True,3,0
erdos_renyi,20,27,32,0.16842105263157894,3.2,6,1,1.4352700094407325,0.12166666666666666,5,2.4,0.5318545152102114,7.748628200229776,0.5318545152102114,3.7564129310834202,-3.11924239463784,1,4,0.00017104181461036205,3,2.1750107407569885e-05,3,0.0001115831546485424,True,20,0.0009639579802751541,True,3,0
erdos_renyi,20,28,24,0.12631578947368421,2.4,5,1,1.1135528725660044,0.0,6,2.9842105263157896,0.2219251771939188,6.352779481868814,0.2219251771939188,2.8857603496203805,-2.5207481141635295,1,3,0.00017145788297057152,3,2.0165927708148956e-05,3,0.00010841712355613708,True,17,0.0009631249122321606,True,3,0
erdos_renyi,20,29,22,0.11578947368421053,2.2,6,1,1.3266499161421599,0.03666666666666667,8,3.3789473684210525,0.11307285086937312,7.277632912759621,0.11307285086937312,3.068402689780551,-2.6221920999683404,1,3,0.00017375010065734386,3,1.991703175008297e-05,3,0.00010675005614757538,True,16,0.0009253339376300573,True,3,0
erdos_renyi,50,0,179,0.14612244897959184,7.16,13,2,2.377898231632296,0.11326973026973026,4,2.1518367346938776,1.6092390528432876,15.394007505802898,1.6092390528432876,7.993769073320912,-5.069990408220006,1,6,0.0002488340251147747,5,7.625017315149307e-05,5,0.0007752079982310534,True,20,0.0015914589166641235,True,5,0
erdos_renyi,50,1,192,0.156734693877551,7.68,14,2,2.4774180107523236,0.14641192141192141,4,2.097142857142857,1.5808722203987238,16.192081750603094,1.5808722203987238,8.460373896979673,-5.2294078907771055,1,6,0.0002690840046852827,5,7.824995554983616e-05,5,0.0007750419899821281,True,20,0.0018885000608861446,True,5,0
erdos_renyi,50,2,183,0.1493877551020408,7.32,13,3,2.2929457036746426,0.14625252525252525,4,2.1420408163265305,2.2551735675284745,15.647320658649686,2.2551735675284745,8.142094425276797,-4.5552100412376495,1,6,0.0002515409141778946,6,7.64171127229929e-05,5,0.0007726659532636404,True,20,0.0015772499609738588,True,5,0
erdos_renyi,50,3,174,0.14204081632653062,6.96,13,2,2.7346663416219537,0.15884115884115885,4,2.2114285714285713,1.4462865434669687,15.354760688045902,1.4462865434669687,8.030409770252708,-4.936267085542816,1,6,0.00026199989952147007,6,7.650000043213367e-05,5,0.0007684589363634586,True,20,0.0015817920211702585,True,5,0
erdos_renyi,50,4,214,0.17469387755102042,8.56,17,4,2.6469605210505125,0.19680673901262136,3,2.008979591836735,3.0539431853521086,18.68812173145126,3.0539431853521086,9.2971296951782,-5.012746370969956,1,8,0.0002575828693807125,6,8.04997980594635e-05,5,0.0007853750139474869,True,16,0.0016982080414891243,True,5,0
erdos_renyi,50,5,163,0.13306122448979593,6.52,12,2,1.8680471086136987,0.1122164502164502,4,2.230204081632653,1.6245749726049739,13.682971902889772,1.6245749726049739,7.068377397055038,-4.455422949609886,1,6,0.0002532079815864563,5,7.337494753301144e-05,5,0.0007692910730838776,True,20,0.0015609171241521835,True,5,0
erdos_renyi,50,6,179,0.14612244897959184,7.16,14,3,2.532666578924277,0.171030192030192,4,2.146938775510204,1.9236839031690673,15.827343806909827,1.9236839031690673,8.012514244126088,-4.846295704666444,1,7,0.00025500007905066013,5,7.475004531443119e-05,4,0.0007761658634990454,True,20,0.001536667114123702,True,4,0
erdos_renyi,50,7,189,0.15428571428571428,7.56,15,3,2.8224811779709,0.18574347874347874,4,2.1053061224489795,1.9726937201069512,16.77097695751688,1.9726937201069512,8.600601135981073,-5.013159485067725,1,6,0.00025462498888373375,6,7.745809853076935e-05,5,0.0007804578635841608,True,20,0.0018614169675856829,True,5,0
erdos_renyi,50,8,200,0.16326530612244897,8.0,13,4,2.32379000772445,0.16042857142857142,3,2.0538775510204084,2.6894949818547853,15.995118683774852,2.6894949818547853,8.747023635332745,-4.9040892376146745,1,6,0.00026033399626612663,6,7.812492549419403e-05,5,0.0007760829757899046,True,20,0.001591457985341549,True,5,0
erdos_renyi,50,9,179,0.14612244897959184,7.16,15,2,2.9418361613115027,0.1501181041181041,4,2.1330612244897957,1.6596119776128175,16.901063097516847,1.6596119776128175,8.31996168888153,-4.7604521847376455,1,6,0.0002590420190244913,5,7.487484253942966e-05,5,0.000777791952714324,True,19,0.0015776248183101416,True,5,0
erdos_renyi,50,10,168,0.13714285714285715,6.72,12,2,2.1169789795838785,0.1482005772005772,4,2.204081632653061,1.5113113330667622,14.138027817150437,1.5113113330667622,7.437453835710453,-4.406278592697816,1,6,0.00025220797397196293,6,7.324991747736931e-05,5,0.0007730419747531414,True,20,0.0015291250310838223,True,5,0
erdos_renyi,50,11,182,0.14857142857142858,7.28,12,1,2.416940214403327,0.1402005772005772,4,2.1575510204081634,0.8229201059873554,15.117411113726051,0.8229201059873554,8.14733852079597,-5.010525761002696,1,6,0.0002573339734226465,5,7.562502287328243e-05,5,0.0007797081489115953,True,20,0.0015487498603761196,True,5,0
erdos_renyi,50,12,182,0.14857142857142858,7.28,14,2,2.5771301868551384,0.13965145965145964,4,2.1216326530612246,1.5953684196358735,15.965913961639902,1.5953684196358735,8.218504679581894,-5.339812352332288,1,7,0.00025104102678596973,5,7.541687227785587e-05,5,0.0008004170376807451,True,20,0.001543582882732153,True,5,0
erdos_renyi,50,13,167,0.1363265306122449,6.68,12,2,2.3953287874527787,0.11947763347763347,4,2.20734693877551,1.5752336927402333,14.02618631604345,1.5752336927402333,7.496163360144799,-4.560371441303693,1,6,0.00024949992075562477,5,7.337494753301144e-05,4,0.0007746671326458454,True,20,0.0018207079265266657,True,4,0
erdos_renyi,50,14,180,0.1469387755102041,7.2,12,1,2.4657656011875906,0.133004329004329,4,2.1518367346938776,0.894511947023929,14.848032038041898,0.894511947023929,8.074404034168104,-4.668070508207524,1,6,0.00025595794431865215,5,7.670815102756023e-05,5,0.0007817079313099384,True,19,0.0015742499381303787,True,5,0
erdos_renyi,50,15,177,0.14448979591836736,7.08,14,2,2.3395726105423615,0.14622066822066823,4,2.1518367346938776,1.704573116834599,15.789553258330788,1.704573116834599,7.860730648911138,-4.548395439450866,1,5,0.00025483290664851665,5,7.462501525878906e-05,4,0.0007682498544454575,True,20,0.0015600419137626886,True,4,0
erdos_renyi,50,16,167,0.1363265306122449,6.68,12,2,2.4774180107523236,0.147011544011544,4,2.236734693877551,1.3535536941475237,14.009885944041677,1.3535536941475237,7.604797438094929,-4.701486391187759,1,6,0.00025804201140999794,5,7.404200732707977e-05,5,0.0007713751401752234,True,20,0.0015544998459517956,True,5,0
erdos_renyi,50,17,201,0.16408163265306122,8.04,13,3,2.6302851556437754,0.15684970584970584,4,2.053061224489796,2.3420801136108107,15.89162823854873,2.3420801136108107,8.879141270433397,-5.385366316511316,1,6,0.0002625000197440386,6,7.929117418825626e-05,5,0.0007835000287741423,True,16,0.001656249864026904,True,5,0
erdos_renyi,50,18,197,0.16081632653061226,7.88,13,3,2.2417850030723283,0.14768387168387168,4,2.0718367346938775,2.307557649096468,15.869334167833209,2.307557649096468,8.580097294805833,-4.914218665144847,1,7,0.00025704200379550457,6,7.866695523262024e-05,5,0.0007824171334505081,True,20,0.0016624999698251486,True,5,0
erdos_renyi,50,19,178,0.14530612244897959,7.12,12,2,2.303388807822075,0.14036652236652236,4,2.153469387755102,1.740748882329073,14.479818539110385,1.740748882329073,7.962057846773584,-4.777386062760103,1,6,0.00025387504138052464,5,7.78338871896267e-05,5,0.0007674589287489653,True,20,0.002766875084489584,True,5,0
erdos_renyi,50,20,210,0.17142857142857143,8.4,16,3,3.039736830714133,0.20065079365079364,3,2.0351020408163265,2.2438060464636833,17.805495617849367,2.2438060464636833,9.47299555486019,-4.807676987067277,1,6,0.00025812513194978237,6,8.041691035032272e-05,5,0.0007812080439180136,True,7,0.0016757911071181297,True,5,0
erdos_renyi,50,21,188,0.15346938775510205,7.52,15,2,2.4432764886520726,0.18086724386724387,4,2.109387755102041,1.6211348548381375,16.70822431799592,1.6211348548381375,8.308775322873556,-4.868100252609442,1,6,0.0002627498470246792,5,7.7791977673769e-05,4,0.0007811661344021559,True,20,0.0015946249477565289,True,4,0
erdos_renyi,50,22,212,0.1730612244897959,8.48,13,4,2.183941391154992,0.17217837717837717,3,2.0171428571428573,2.9207083461109913,15.611331903289834,2.9207083461109913,9.068010857286437,-4.981116016018952,1,6,0.0002591249067336321,6,8.079200051724911e-05,5,0.0007878749165683985,True,20,0.0016312079969793558,True,5,0
erdos_renyi,50,23,169,0.13795918367346938,6.76,15,1,2.796855377026134,0.15651948051948053,4,2.2457142857142856,0.8252648611265696,16.666270104749287,0.8252648611265696,8.035671989073807,-4.933229557285758,1,5,0.0002502079587429762,5,7.449998520314693e-05,5,0.000774916959926486,True,20,0.0015572078991681337,True,5,0
erdos_renyi,50,24,186,0.15183673469387754,7.44,14,1,2.757970268150112,0.14601609501609503,4,2.1355102040816325,0.9213172212466467,16.08601197377782,0.9213172212466467,8.497780583245996,-4.853620656058331,1,7,0.0002566669136285782,6,7.68748577684164e-05,4,0.0007767921779304743,True,20,0.0015956249553710222,True,4,0
erdos_renyi,50,25,163,0.13306122448979593,6.52,13,2,2.351510153071851,0.11138372738372737,4,2.239183673469388,1.5884212231876471,15.022382609854962,1.5884212231876471,7.476534706791058,-4.597005368003248,1,5,0.0002493751235306263,5,7.291696965694427e-05,4,0.0007691250648349524,True,20,0.0018225829117000103,True,4,0
erdos_renyi,50,26,185,0.1510204081632653,7.4,12,3,1.928730152198591,0.12373593073593073,4,2.140408163265306,1.9567836094981341,14.59249296046391,1.9567836094981341,7.9901224143087,-5.2363585866047035,1,5,0.00026575010269880295,5,7.712491787970066e-05,4,0.0007810830138623714,True,20,0.001574499998241663,True,4,0
erdos_renyi,50,27,190,0.15510204081632653,7.6,13,4,2.5219040425836985,0.1663910533910534,4,2.1028571428571428,2.1476091294734787,15.418503405271446,2.1476091294734787,8.49540029954694,-5.103752776543009,1,6,0.00025416607968509197,5,7.820897735655308e-05,5,0.0007725830655544996,True,20,0.0015639590565115213,True,5,0
erdos_renyi,50,28,169,0.13795918367346938,6.76,11,2,2.0548479262466115,0.11465512265512265,4,2.190204081632653,1.6774736144744558,13.039741958539153,1.6774736144744558,7.348608512703633,-4.579635820671363,1,6,0.0002464170102030039,5,7.462501525878906e-05,5,0.0007676659151911736,True,20,0.0015239589847624302,True,5,0
erdos_renyi,50,29,156,0.1273469387755102,6.24,12,3,2.371160053644629,0.12242279942279943,4,2.2742857142857145,1.5087335199264487,14.397032324992965,1.5087335199264487,7.156912814303679,-4.402764790711237,1,6,0.00024749990552663803,5,7.204199209809303e-05,4,0.0007647089660167694,True,20,0.0014827919658273458,True,4,0
erdos_renyi,100,0,730,0.14747474747474748,14.6,25,8,3.449637662132068,0.14641461679015857,3,1.944040404040404,6.159800312978991,27.17504706289886,6.159800312978991,15.443901820113634,-6.8531093526284845,1,9,0.000351583119481802,8,0.00020224996842443943,7,0.0029766669031232595,True,12,0.002718584146350622,True,7,0
erdos_renyi,100,1,743,0.1501010101010101,14.86,26,8,3.591712683386576,0.15202371155713462,3,1.942020202020202,6.3313233156429165,28.23199909465972,6.3313233156429165,15.794404853691143,-6.913456255877463,1,9,0.0003584998194128275,9,0.00020783394575119019,7,0.0029756659641861916,True,12,0.0027316671330481768,True,7,0
erdos_renyi,100,2,732,0.1478787878787879,14.64,21,8,3.0050623953588715,0.16180732391103908,3,1.948888888888889,6.184356460230287,25.177915664704095,6.184356460230287,15.308518575115954,-7.01593448744187,1,9,0.0003595419693738222,8,0.0002043750137090683,7,0.0029764999635517597,True,12,0.002789250109344721,True,7,0
erdos_renyi,100,3,751,0.15171717171717172,15.02,24,6,3.80783402999658,0.15711172093935588,3,1.9418181818181819,5.273873065765403,27.21993434577753,5.273873065765403,16.028208434976296,-7.009244665325881,1,9,0.0003563750069588423,9,0.00020650005899369717,7,0.0029775002039968967,True,13,0.002793707884848118,True,7,0
erdos_renyi,100,4,816,0.16484848484848486,16.32,29,7,4.032071427938746,0.17126451400434742,3,1.8903030303030304,6.326262327569313,31.00114119195964,6.326262327569313,17.330914238099865,-6.980833032439198,1,10,0.0003655829932540655,9,0.00021424982696771622,7,0.003005790989845991,True,18,0.0029301249887794256,True,7,0
erdos_renyi,100,5,691,0.1395959595959596,13.82,23,7,3.047556398165586,0.13898569686471826,3,1.9763636363636363,5.899741176936138,25.298601829880518,5.899741176936138,14.496760164437436,-6.838904053293236,1,8,0.00035149999894201756,8,0.00019699987024068832,7,0.0029479158110916615,True,12,0.0026974580250680447,True,7,0
erdos_renyi,100,6,732,0.1478787878787879,14.64,24,7,3.5482953653832148,0.1459931325610421,3,1.9426262626262627,6.008576087859145,26.53140209615369,6.008576087859145,15.506557552173248,-7.086144085853109,1,9,0.0003587091341614723,8,0.00020545790903270245,6,0.003006582846865058,True,12,0.002798292087391019,True,6,0
erdos_renyi,100,7,697,0.1408080808080808,13.94,26,3,3.5037693988046645,0.14255909463773242,3,1.9723232323232323,2.7689326787085733,27.869171409875353,2.7689326787085733,14.81828057933302,-7.133448735037518,1,9,0.00035566603764891624,8,0.00020012515597045422,7,0.0029770410619676113,True,12,0.0026743330527096987,True,7,0
erdos_renyi,100,8,766,0.15474747474747474,15.32,25,4,3.773274440058661,0.16739184921956493,3,1.9296969696969697,3.697839303562977,27.881480089236316,3.697839303562977,16.26506189838453,-7.362373815703034,1,10,0.00035920809023082256,9,0.00020691705867648125,8,0.002987625077366829,True,13,0.0028231660835444927,True,8,0
erdos_renyi,100,9,751,0.15171717171717172,15.02,25,7,3.4841928764062415,0.15537207025561448,3,1.936969696969697,6.103850892835931,27.441939462413337,6.103850892835931,15.82944953086973,-7.407703539565582,1,9,0.0003618330229073763,9,0.0002109161578118801,8,0.003036583075299859,True,12,0.0028319170232862234,True,8,0
erdos_renyi,100,10,721,0.14565656565656565,14.42,26,7,3.4761472926215307,0.15105489553222087,3,1.9606060606060607,6.010307445846123,28.207577602933537,6.010307445846123,15.271733871304317,-6.6961021111142545,1,9,0.0003495828714221716,8,0.000200208043679595,7,0.002984000137075782,True,12,0.004860458895564079,True,7,0
erdos_renyi,100,11,783,0.15818181818181817,15.66,29,8,3.7342201327720357,0.1620506465331278,3,1.9113131313131313,6.8927267582304275,30.87231201921999,6.8927267582304275,16.555106591605142,-7.365739843304842,1,9,0.0003960831090807915,8,0.00021474994719028473,7,0.002971749985590577,True,13,0.0029474589973688126,True,7,0
erdos_renyi,100,12,752,0.15191919191919193,15.04,28,6,4.287003615580467,0.1636228555588631,3,1.937171717171717,5.344659161029792,30.22381803458615,5.344659161029792,16.33964773839166,-7.031670319962434,1,11,0.0003749157767742872,8,0.00020987493917346,7,0.002976875053718686,True,13,0.0034597080666571856,True,7,0
erdos_renyi,100,13,697,0.1408080808080808,13.94,22,7,3.1235236512631053,0.13403562253020457,3,1.975151515151515,5.797999264619188,24.874724418942154,5.797999264619188,14.678600566784745,-6.941058450154603,1,9,0.000386958010494709,8,0.00020337500609457493,6,0.0029754580464214087,True,12,0.00307675008662045,True,6,0
erdos_renyi,100,14,745,0.1505050505050505,14.9,23,8,3.398529093593286,0.15493635287029417,3,1.9347474747474747,6.453949917596744,26.13948445526577,6.453949917596744,15.760850275627835,-7.144356489301368,1,10,0.00036795902997255325,8,0.00020474987104535103,7,0.0029799998737871647,True,12,0.0028892499394714832,True,7,0
erdos_renyi,100,15,730,0.14747474747474748,14.6,25,5,3.57211421989835,0.1444224707883612,3,1.9515151515151514,4.451591094407898,27.718464761577486,4.451591094407898,15.52642219307981,-6.956486201576473,1,9,0.00036304094828665257,8,0.00020749983377754688,7,0.0029789169784635305,True,12,0.002846791874617338,True,7,0
erdos_renyi,100,16,746,0.1507070707070707,14.92,24,9,3.061633550900565,0.13923683129511638,3,1.9244444444444444,7.1768132961648545,26.904685699362616,7.1768132961648545,15.574575628818849,-7.193946802565762,1,9,0.0003595829475671053,8,0.00021125003695487976,7,0.002971791895106435,True,12,0.002858083928003907,True,7,0
erdos_renyi,100,17,725,0.14646464646464646,14.5,26,6,3.670149860700514,0.1547304255667158,3,1.9597979797979799,5.103521695026216,28.003684849322596,5.103521695026216,15.489401796758568,-7.217469929370498,1,9,0.0003629999700933695,8,0.00020399992354214191,7,0.002981542143970728,True,12,0.002794124884530902,True,7,0
erdos_renyi,100,18,776,0.15676767676767678,15.52,25,8,3.3331066589594758,0.153699220278383,3,1.9183838383838383,6.950487314693659,27.38154666068352,6.950487314693659,16.30373865653602,-7.103809460237837,1,9,0.0003952078986912966,9,0.00021204212680459023,7,0.0029975001234561205,True,13,0.002994332928210497,True,7,0
erdos_renyi,100,19,743,0.1501010101010101,14.86,24,8,3.6028322192408573,0.15029611129362105,3,1.9444444444444444,6.423145260567716,26.84441024277889,6.423145260567716,15.798003882786972,-7.419242915393664,1,9,0.0003612081054598093,8,0.00020716595463454723,7,0.0029624998569488525,True,12,0.0028321670833975077,True,7,0
erdos_renyi,100,20,805,0.16262626262626262,16.1,26,8,3.8065732621348563,0.16501949675711283,3,1.8997979797979798,6.7505968712947695,28.441878460784377,6.7505968712947695,17.03318924511975,-7.171275274269474,1,9,0.0003659580834209919,8,0.0002146249171346426,8,0.003007667139172554,True,18,0.002905749948695302,True,8,0
erdos_renyi,100,21,737,0.14888888888888888,14.74,27,6,3.6017218104678768,0.15917662904118013,3,1.9517171717171717,5.285618511566841,28.99575016309357,5.285618511566841,15.659641459962653,-7.003451626131188,1,10,0.0003553749993443489,8,0.0002054581418633461,7,0.0029541251715272665,True,12,0.002753250068053603,True,7,0
erdos_renyi,100,22,754,0.15232323232323233,15.08,22,7,3.3156598136720845,0.14646583859896553,3,1.9305050505050505,5.888082141066859,25.575338394307614,5.888082141066859,15.815030390148607,-7.331964239897159,1,9,0.0003552080597728491,8,0.0002080418635159731,7,0.0029924160335212946,True,12,0.004705833969637752,True,7,0
erdos_renyi,100,23,700,0.1414141414141414,14.0,27,7,3.331666249791536,0.13539871967271347,3,1.9658585858585857,5.879673818071511,28.86173934195121,5.879673818071511,14.813282438328265,-6.8425078428384385,1,9,0.0003532920964062214,8,0.00019970815628767014,7,0.0029364998918026686,True,12,0.0026839592028409243,True,7,0
erdos_renyi,100,24,768,0.15515151515151515,15.36,23,9,3.6729279873147527,0.1484324576912745,3,1.9266666666666667,6.855567284188446,26.739236200842374,6.855567284188446,16.280839214428816,-7.2267771423734875,1,9,0.0003597079776227474,8,0.00021087494678795338,7,0.0029904169496148825,True,13,0.002827625023201108,True,7,0
erdos_renyi,100,25,733,0.1480808080808081,14.66,24,5,3.5950521553935766,0.1523601966750439,3,1.949090909090909,4.58029200401948,26.77038842353596,4.58029200401948,15.573633569484123,-7.193370138520905,1,9,0.0003643748350441456,8,0.0002038329839706421,7,0.002940249862149358,True,12,0.002761292038485408,True,7,0
erdos_renyi,100,26,754,0.15232323232323233,15.08,25,4,3.695077807029238,0.15167461267662508,3,1.9393939393939394,3.6639958085170936,27.25848921508989,3.6639958085170936,16.012576935645754,-6.986245938124825,1,9,0.00035583414137363434,7,0.00020587514154613018,7,0.0029486671555787325,True,13,0.0027804169803857803,True,7,0
erdos_renyi,100,27,745,0.1505050505050505,14.9,24,6,3.357082066318904,0.14361533189817616,3,1.943030303030303,5.131583007449421,26.722224737608343,5.131583007449421,15.677326524998062,-7.020778349036243,1,9,0.0003586250822991133,9,0.00020674988627433777,7,0.0029523340053856373,True,12,0.0027907497715204954,True,7,0
erdos_renyi,100,28,729,0.14727272727272728,14.58,22,7,3.332206476195615,0.13984424656870476,3,1.9543434343434343,5.785722698888644,25.01448481156551,5.785722698888644,15.357195016818391,-7.114699898179678,1,8,0.0003525421489030123,8,0.00020508305169641972,7,0.002949874848127365,True,12,0.0027407079469412565,True,7,0
erdos_renyi,100,29,751,0.15171717171717172,15.02,24,7,3.611038631751258,0.15676591306272286,3,1.9325252525252525,6.1568143048787825,26.70463338041378,6.1568143048787825,15.843460312092187,-7.0213511413669085,1,9,0.00035874987952411175,8,0.00020466698333621025,8,0.002985625062137842,True,12,0.002790084108710289,True,8,0
erdos_renyi,200,0,3023,0.15190954773869347,30.23,48,18,5.187205413322284,0.1547205875152007,3,1.855929648241206,16.26647769216034,50.38668677000177,16.26647769216034,31.128432826512707,-10.268923788318586,1,15,0.0007239580154418945,14,0.0006240000948309898,12,0.011676540831103921,True,18,0.00935191591270268,True,12,0
erdos_renyi,200,1,2973,0.1493969849246231,29.73,46,19,5.277982569126199,0.14605854762689094,3,1.8596984924623114,16.732721268409133,48.80128937567111,16.732721268409133,30.66126378295681,-9.919593858460948,1,13,0.0007196248043328524,13,0.0006139171309769154,11,0.01162808295339346,True,18,0.007068209117278457,True,11,0
erdos_renyi,200,2,2934,0.14743718592964825,29.34,42,15,4.682349837421378,0.1469145312621697,3,1.8622613065326634,14.100900131730747,45.86325894464872,14.100900131730747,30.09381800605494,-10.154995925240819,1,14,0.0007170829921960831,13,0.0006234589964151382,11,0.011625207960605621,True,18,0.00789708411321044,True,11,0
erdos_renyi,200,3,2989,0.15020100502512562,29.89,46,13,5.101754600135134,0.15411173360786326,3,1.860854271356784,12.111225279651654,48.80155998231234,12.111225279651654,30.80687955528206,-9.734963628881685,1,14,0.0009423750452697277,13,0.0005783748347312212,11,0.010043707909062505,True,18,0.008541124872863293,True,11,0
erdos_renyi,200,4,3137,0.15763819095477388,31.37,45,16,5.425228105803479,0.1625115581188453,3,1.8493467336683418,14.790975199991491,48.456818226538395,14.790975199991491,32.33423435963449,-9.947377389530928,1,15,0.0007994999177753925,13,0.0006603330839425325,11,0.011673209024593234,True,18,0.008613041136413813,True,11,0
erdos_renyi,200,5,2831,0.1422613065326633,28.31,43,16,5.244416078077711,0.14320515203951378,3,1.8739195979899497,14.582213197458325,46.608243801928865,14.582213197458325,29.28127476383053,-10.055776573986291,1,14,0.0007486669346690178,12,0.0006142919883131981,10,0.01160654192790389,True,18,0.006981333019211888,True,10,0
erdos_renyi,200,6,3034,0.15246231155778894,30.34,45,17,5.341760009584856,0.1526381919787899,3,1.8550251256281407,15.709566561757946,48.852264844399905,15.709566561757946,31.272596300763624,-10.430140409378076,1,13,0.0007609578315168619,13,0.0006513330154120922,11,0.011749250115826726,True,18,0.00748783303424716,True,11,0
erdos_renyi,200,7,2944,0.1479396984924623,29.44,46,15,5.270332057849865,0.15158062492118082,3,1.8639195979899497,13.902037920538492,48.90448750053507,13.902037920538492,30.385272009009007,-10.130386799814598,1,14,0.0007241661660373211,12,0.0006147092208266258,11,0.011561457999050617,True,18,0.007116124965250492,True,11,0
erdos_renyi,200,8,2997,0.15060301507537688,29.97,47,17,5.3450070158981084,0.15395594059451118,3,1.8580904522613064,15.808862412257199,49.78851465359065,15.808862412257199,30.92963801207295,-10.079576309264345,1,13,0.0007872499991208315,14,0.0006287088617682457,12,0.01176633290015161,True,18,0.007493208860978484,True,12,0
erdos_renyi,200,9,2971,0.1492964824120603,29.71,43,16,5.30621333909597,0.15483430929933278,3,1.8625125628140704,14.488530332032791,47.16826728392242,14.488530332032791,30.661647886648474,-10.540989164036887,1,14,0.0007316251285374165,13,0.0006273749750107527,11,0.01162433298304677,True,18,0.007114124950021505,True,11,0
erdos_renyi,200,10,2912,0.14633165829145728,29.12,46,16,4.84413046892835,0.14656846154402609,3,1.8650753768844222,14.815508230391366,48.47766250257327,14.815508230391366,29.930611186097458,-9.822309376755745,1,13,0.000738582806661725,12,0.0006184577941894531,11,0.011562916915863752,True,18,0.006980041041970253,True,11,0
erdos_renyi,200,11,3042,0.1528643216080402,30.42,47,16,5.309764589885319,0.15617891622643318,3,1.8560301507537689,14.784229664775104,49.750818202193926,14.784229664775104,31.370870123555775,-10.334700685584176,1,14,0.0007727500051259995,13,0.0006409999914467335,11,0.011789791053161025,True,18,0.007480583852156997,True,11,0
erdos_renyi,200,12,3006,0.15105527638190955,30.06,46,18,4.9067708322276475,0.15111488009659876,3,1.8587939698492462,16.22919366602425,49.06892661386581,16.22919366602425,30.882408352431888,-10.474765005038918,1,13,0.0007558339275419712,13,0.0006392910145223141,11,0.01174674998037517,True,18,0.007216874975711107,True,11,0
erdos_renyi,200,13,2916,0.1465326633165829,29.16,47,17,5.225361231532228,0.1482049096576956,3,1.8660301507537689,15.661146704348424,49.53516410067841,15.661146704348424,30.111660192754833,-10.135977502293738,1,14,0.0007348752114921808,13,0.0006263749673962593,11,0.011574208037927747,True,18,0.007086416007950902,True,11,0
erdos_renyi,200,14,2949,0.14819095477386934,29.49,41,18,5.002989106524218,0.14953711802176853,3,1.8619095477386935,16.24538567706592,45.2796192424428,16.24538567706592,30.346948490358244,-9.988545548119394,1,13,0.0007467500399798155,12,0.0006215001922100782,10,0.011668208055198193,True,18,0.00713741616345942,True,10,0
erdos_renyi,200,15,2914,0.1464321608040201,29.14,43,17,5.223064234718926,0.14758035344620357,3,1.8658793969849246,14.7951430193134,46.29855533642559,14.7951430193134,30.078537999858533,-9.75506292237498,1,13,0.0007952500600367785,12,0.00061579211615026,11,0.011618749937042594,True,18,0.007009667111560702,True,11,0
erdos_renyi,200,16,3034,0.15246231155778894,30.34,46,19,5.452008804101475,0.15616555741523747,3,1.8548241206030152,17.38488949529891,48.95633277911406,17.38488949529891,31.319613659119657,-9.898342601129507,1,15,0.000725707970559597,13,0.0006494580302387476,11,0.011592207942157984,True,18,0.007244165986776352,True,11,0
erdos_renyi,200,17,3007,0.15110552763819096,30.07,43,19,4.9401518195294365,0.15185540343661375,3,1.8578391959798994,16.896336886128278,46.12919975515558,16.896336886128278,30.895881204118254,-9.90447318980167,1,15,0.0007372910622507334,13,0.0006257921922951937,12,0.011730832979083061,True,18,0.007283541839569807,True,12,0
erdos_renyi,200,18,3026,0.1520603015075377,30.26,45,19,4.803373814310104,0.15086853309767942,3,1.855175879396985,17.01449527514106,47.83581239175396,17.01449527514106,31.05475693451119,-9.900161012628859,1,15,0.0007458329200744629,13,0.0006592909339815378,11,0.01172258285805583,True,18,0.007495332974940538,True,11,0
erdos_renyi,200,19,3072,0.15437185929648242,30.72,44,17,4.82095426238416,0.15452411694218687,3,1.8516582914572863,15.929176984237964,47.93935842261901,15.929176984237964,31.464375408615922,-9.905910279534194,1,15,0.0007635417860001326,14,0.0006375000812113285,12,0.011669249972328544,True,18,0.007887708023190498,True,12,0
erdos_renyi,200,20,3133,0.15743718592964825,31.33,46,12,5.117724103544465,0.15661716789507735,3,1.8492964824120603,11.450416503397442,48.73127838066864,11.450416503397442,32.17359426801858,-10.369022008448098,1,14,0.0007947920821607113,13,0.0006545421201735735,11,0.011692958883941174,True,18,0.007461083820089698,True,11,0
erdos_renyi,200,21,2997,0.15060301507537688,29.97,42,16,5.040743992705839,0.15076258039582607,3,1.8593467336683418,14.844516910429835,46.199004952573866,14.844516910429835,30.823345466096974,-10.238188073957287,1,14,0.0007843337953090668,13,0.0006280001252889633,11,0.011634333990514278,True,18,0.007743041962385178,True,11,0
erdos_renyi,200,22,2954,0.14844221105527639,29.54,43,19,5.194073545878996,0.15177928500240667,3,1.8614070351758794,17.12759874204003,46.74696098772075,17.12759874204003,30.46488564520726,-9.66958148296646,1,14,0.0007593331392854452,12,0.0006312921177595854,11,0.011709249811246991,True,18,0.007115249987691641,True,11,0
erdos_renyi,200,23,2842,0.1428140703517588,28.42,49,15,5.138443344048857,0.1438585443383647,3,1.870753768844221,13.723691136222032,51.14598647882263,13.723691136222032,29.369803846551747,-10.158411930211138,1,15,0.0007200001273304224,12,0.0006179581396281719,11,0.011605999898165464,True,18,0.007501333951950073,True,11,0
erdos_renyi,200,24,2937,0.14758793969849246,29.37,43,15,5.22140785612463,0.1475408489408706,3,1.8636683417085427,13.958243736947392,46.26488922965703,13.958243736947392,30.30268938885201,-9.828077423448143,1,14,0.0007214159704744816,12,0.0006079170852899551,11,0.01158658298663795,True,18,0.00706166704185307,True,11,0
erdos_renyi,200,25,2999,0.1507035175879397,29.99,43,16,4.95781201741252,0.14997927128133332,3,1.857788944723618,14.987767025922055,46.38283938112526,14.987767025922055,30.827511816667304,-9.92334747553099,1,13,0.00075683300383389,13,0.0006278329528868198,11,0.011639375006780028,True,18,0.007830958114936948,True,11,0
erdos_renyi,200,26,3047,0.15311557788944724,30.47,49,18,5.237279828307821,0.1539982020523658,3,1.8547738693467337,16.089784109266546,51.31727740335937,16.089784109266546,31.405274863072094,-9.94434663028926,1,15,0.0007752079982310534,13,0.0006287079304456711,11,0.011666791047900915,True,18,0.007484458154067397,True,11,0
erdos_renyi,200,27,3031,0.15231155778894473,30.31,48,17,4.928884255082482,0.15523518707997078,3,1.8549246231155778,15.67400553649095,50.54026502044094,15.67400553649095,31.128076858567407,-9.813427795470215,1,14,0.0007952910382300615,13,0.0006465420592576265,11,0.011614457936957479,True,18,0.00738041615113616,True,11,0
erdos_renyi,200,28,2948,0.14814070351758793,29.48,42,16,4.86719631821031,0.14782296484588942,3,1.862110552763819,14.853594446108984,46.107434912078126,14.853594446108984,30.296855274115998,-9.903169373845902,1,14,0.0007225829176604748,13,0.0006191669963300228,11,0.011599875055253506,True,18,0.007100916933268309,True,11,0
erdos_renyi,200,29,2953,0.14839195979899497,29.53,40,18,4.753851070448042,0.15001030309179972,3,1.8618090452261307,16.474875164885326,44.64195606492614,16.474875164885326,30.304812306064257,-10.199638019026187,1,13,0.0007662500720471144,12,0.0006272080354392529,11,0.011574374977499247,True,18,0.1961597080808133,True,11,0
planted_partition,20,0,39,0.20526315789473684,3.9,7,2,1.3379088160259651,0.32,6,2.5894736842105264,0.24879626326730506,8.517150486151962,0.24879626326730506,4.719562801880688,-2.9409104599549107,1,4,0.0002402078825980425,4,2.4374807253479958e-05,4,0.00011962512508034706,True,20,0.0011388338170945644,True,4,0
planted_partition,20,1,33,0.1736842105263158,3.3,5,1,1.1445523142259597,0.24499999999999997,6,2.863157894736842,0.20814208102413392,7.031955783127748,0.20814208102413392,3.7697937686074994,-2.7076645475908863,1,5,0.00018674996681511402,4,2.2459076717495918e-05,3,0.00010950001887977123,True,20,0.0010261659044772387,True,3,0
planted_partition,20,2,31,0.1631578947368421,3.1,5,1,1.2206555615733703,0.35833333333333334,6,2.8105263157894735,0.24807172288330323,6.749790556180055,0.24807172288330323,3.634861448354114,-2.6718623664460774,1,4,0.00018783309496939182,4,2.2416934370994568e-05,4,0.00011033285409212112,True,20,0.0010204589925706387,True,4,0
planted_partition,20,3,37,0.19473684210526315,3.7,7,1,1.4866068747318506,0.26,5,2.4947368421052634,0.32780609153604745,8.39058892290235,0.32780609153604745,4.5283305873278215,-2.790303133255372,1,4,0.00017808307893574238,4,2.3041851818561554e-05,4,0.00011283298954367638,True,20,0.0010554580949246883,True,4,0
planted_partition,20,4,35,0.18421052631578946,3.5,6,1,1.4317821063276353,0.2033333333333333,6,3.0210526315789474,0.11448895409138483,8.079531347222044,0.11448895409138483,4.555867451089302,-3.100628390158209,1,4,0.00017645885236561298,4,2.2416003048419952e-05,4,0.0001102921087294817,True,20,0.000998042058199644,True,4,0
planted_partition,20,5,34,0.17894736842105263,3.4,5,1,1.1575836902790226,0.25,5,2.6578947368421053,0.33998500410566307,7.221127782962142,0.33998500410566307,3.863641138418026,-2.867547576881236,1,4,0.00017458293586969376,4,2.2416934370994568e-05,4,0.00011133309453725815,True,20,0.0010165830608457327,True,4,0
planted_partition,20,6,46,0.24210526315789474,4.6,8,1,1.6852299546352718,0.37214285714285716,5,2.2473684210526317,0.47891244800642585,9.426688428517085,0.47891244800642585,5.502551128380848,-3.132483238444839,1,5,0.0001812500413507223,4,2.38749198615551e-05,4,0.0001133340410888195,True,20,0.0010233749635517597,True,4,0
planted_partition,20,7,35,0.18421052631578946,3.5,6,1,1.161895003862225,0.4533333333333333,6,2.805263157894737,0.2223130515367598,7.670255858300801,0.2223130515367598,3.8515136614912975,-2.983758264248929,1,4,0.00017574988305568695,4,2.2042077034711838e-05,4,0.00011179107241332531,True,20,0.0009596669115126133,True,4,0
planted_partition,20,8,36,0.18947368421052632,3.6,6,2,1.1575836902790226,0.4,6,3.1157894736842104,0.11217118013718477,7.504646757385787,0.11217118013718477,4.252826850623366,-2.9069882519267907,1,4,0.00017966702580451965,4,2.2500054910779e-05,4,0.00010829116217792034,True,20,0.001020957948639989,True,4,0
planted_partition,20,9,36,0.18947368421052632,3.6,6,1,1.3928388277184118,0.42833333333333334,5,2.5631578947368423,0.3184977637507488,7.801453906362662,0.3184977637507488,4.2037704497475765,-2.9358630299663835,1,5,0.0001879578921943903,4,2.2042077034711838e-05,3,0.00011554104276001453,True,20,0.001041000010445714,True,3,0
planted_partition,20,10,38,0.2,3.8,8,2,1.4696938456699067,0.5266666666666666,5,2.6789473684210527,0.2023445577936516,9.251220775373772,0.2023445577936516,4.704371139374618,-2.6465476595517283,1,5,0.00018474995158612728,4,2.2541964426636696e-05,4,0.00010950001887977123,True,20,0.0010343340691179037,True,4,0
planted_partition,20,11,37,0.19473684210526315,3.7,7,1,1.7349351572897473,0.3142857142857143,4,2.3473684210526318,0.40120800444543825,8.747337046365663,0.40120800444543825,4.5950634806680135,-2.9074264293316916,1,5,0.0001723750028759241,4,2.1958956494927406e-05,4,0.00011320807971060276,True,20,0.0009990409016609192,True,4,0
planted_partition,20,12,34,0.17894736842105263,3.4,7,1,1.42828568570857,0.34285714285714286,9,3.778947368421053,0.07047234391834906,8.036305063462898,0.07047234391834906,4.690562530208954,-2.9302103851519954,1,4,0.00017125019803643227,4,2.1042069420218468e-05,4,0.0001091670710593462,True,20,0.000983166042715311,True,4,0
planted_partition,20,13,28,0.14736842105263157,2.8,5,1,1.2083045973594573,0.2816666666666666,6,2.8684210526315788,0.24813038609598237,7.191799595396058,0.24813038609598237,3.3307404814387542,-2.889508696950224,1,3,0.00017475010827183723,3,1.995917409658432e-05,3,0.00010775006376206875,True,20,0.0009954588022083044,True,3,0
planted_partition,20,14,44,0.23157894736842105,4.4,7,1,1.4628738838327795,0.41238095238095235,4,2.2,0.5184681644151022,8.884388860508247,0.5184681644151022,5.027181745459052,-3.064398953527023,1,5,0.00017274986021220684,4,2.3208092898130417e-05,4,0.00011116592213511467,True,20,0.0010518329218029976,True,4,0
planted_partition,20,15,41,0.21578947368421053,4.1,8,1,1.9467922333931784,0.42404761904761906,4,2.1736842105263157,0.7698027295685359,9.943607094696171,0.7698027295685359,4.942210753918969,-3.0999144437499777,1,5,0.0001737908460199833,4,2.191588282585144e-05,4,0.00011350004933774471,True,20,0.0010201248805969954,True,4,0
planted_partition,20,16,42,0.22105263157894736,4.2,6,1,1.4352700094407322,0.4616666666666666,5,2.389473684210526,0.44522663251170064,8.38146318083647,0.44522663251170064,4.88456310914988,-2.9973267857436867,1,5,0.0001780421007424593,4,2.2458145394921303e-05,4,0.00011408282443881035,True,20,0.0010280418209731579,True,4,0
planted_partition,20,17,36,0.18947368421052632,3.6,6,1,1.392838827718412,0.20666666666666664,5,2.4157894736842107,0.42596245367739854,7.965422305534794,0.42596245367739854,4.255555171804075,-3.006195253783733,1,4,0.00017366604879498482,4,2.2249994799494743e-05,3,0.00011083320714533329,True,20,0.001000541029497981,True,3,0
planted_partition,20,18,38,0.2,3.8,6,1,1.469693845669907,0.3783333333333333,5,2.357894736842105,0.4666033909369249,8.215288727209469,0.4666033909369249,4.375050157821757,-2.9769638018462006,1,4,0.00017645908519625664,4,2.2124964743852615e-05,3,0.00011158292181789875,True,20,0.001036166911944747,True,3,0
planted_partition,20,19,40,0.21052631578947367,4.0,8,2,1.70293863659264,0.385,5,2.3526315789473684,0.43851124721317,9.434122225162957,0.43851124721317,4.715147313904801,-2.920775712028602,1,5,0.0001771249808371067,4,2.2583873942494392e-05,4,0.00011270795948803425,True,20,0.00102937500923872,True,4,0
planted_partition,20,20,36,0.18947368421052632,3.6,6,1,1.4628738838327793,0.4033333333333333,5,2.6789473684210527,0.268338468440165,7.739049628372998,0.268338468440165,4.276534110247731,-2.961693630432774,1,4,0.00017587491311132908,5,2.1666986867785454e-05,4,0.00010854215361177921,True,20,0.0010147499851882458,True,4,0
planted_partition,20,21,34,0.17894736842105263,3.4,5,1,1.1135528725660044,0.315,5,2.5157894736842104,0.4437827318257015,7.1201326742155535,0.4437827318257015,3.8025070827176606,-2.769717467609445,1,4,0.00017633289098739624,3,2.1167099475860596e-05,4,0.00011024996638298035,True,20,0.00100566609762609,True,3,0
planted_partition,20,22,31,0.1631578947368421,3.1,7,1,1.3,0.35547619047619045,7,2.957894736842105,0.2061792902305584,8.356922314705498,0.2061792902305584,3.734459813583203,-2.827643782457722,1,4,0.000171625055372715,3,2.1415995433926582e-05,3,0.00010987487621605396,True,20,0.0009800840634852648,True,3,0
planted_partition,20,23,36,0.18947368421052632,3.6,6,1,1.2409673645990857,0.25666666666666665,5,2.526315789473684,0.37682266519235513,7.996131614908808,0.37682266519235513,4.090382052917263,-3.0933689908125164,1,4,0.00017137499526143074,4,2.133287489414215e-05,3,0.00011062505654990673,True,20,0.0010369999799877405,True,3,0
planted_partition,20,24,41,0.21578947368421053,4.1,8,2,1.5132745950421556,0.6913095238095238,7,2.9526315789473685,0.13627079961149008,9.192733097389649,0.13627079961149008,5.048771115258145,-2.6644475651270096,1,5,0.00017737504094839096,5,2.283393405377865e-05,5,0.00011116708628833294,True,20,0.0010377089492976665,True,5,0
planted_partition,20,25,28,0.14736842105263157,2.8,5,1,1.1224972160321824,0.23166666666666663,7,3.2526315789473683,0.1496868095975708,6.488347043616939,0.1496868095975708,3.3027548385546917,-2.7775787355988584,1,4,0.00017029186710715294,3,2.0209001377224922e-05,3,0.000106374965980649,True,17,0.0009706250857561827,True,3,0
planted_partition,20,26,36,0.18947368421052632,3.6,6,1,1.2806248474865698,0.29333333333333333,5,2.4,0.5308270863818848,7.803772540043134,0.5308270863818848,4.126346035456054,-3.062944535685712,1,4,0.0001707079354673624,4,2.1999934688210487e-05,4,0.00011262507177889347,True,20,0.0009919588919728994,True,4,0
planted_partition,20,27,34,0.17894736842105263,3.4,7,1,1.42828568570857,0.3861904761904762,7,3.0631578947368423,0.12135893613727315,8.422912819914995,0.12135893613727315,4.045393050265837,-2.908938395090355,1,4,0.00017533404752612114,4,2.100015990436077e-05,3,0.00010887486860156059,True,20,0.000971833011135459,True,3,0
planted_partition,20,28,37,0.19473684210526315,3.7,6,1,1.0535653752852738,0.2033333333333333,4,2.4842105263157896,0.45349954266421066,7.73223483525749,0.45349954266421066,4.259621324926749,-3.110458517122525,1,4,0.00017212494276463985,4,2.2124964743852615e-05,3,0.00011116708628833294,True,20,0.0010013750288635492,True,3,0
planted_partition,20,29,34,0.17894736842105263,3.4,6,1,1.5620499351813308,0.315,5,2.6894736842105265,0.3174961880412175,8.103523117473852,0.3174961880412175,4.432011869579949,-2.73986174724889,1,4,0.00018266704864799976,4,2.237502485513687e-05,4,0.00010837498120963573,True,20,0.0009803748689591885,True,4,0
planted_partition,50,0,229,0.18693877551020407,9.16,14,3,2.1574058496258877,0.3645217005217005,4,2.1608163265306124,1.2063577765849645,16.589954493456904,1.2063577765849645,9.74850322724894,-4.533698624909596,1,7,0.00026245787739753723,7,8.224998600780964e-05,5,0.0007865000516176224,True,7,0.0017429590225219727,True,5,0
planted_partition,50,1,246,0.20081632653061224,9.84,14,5,2.3525305524052182,0.3432044622044622,4,2.026938775510204,2.0778950724955845,16.65857852681894,2.0778950724955845,10.579792423125115,-4.588698617720214,1,8,0.00026670796796679497,6,8.625001646578312e-05,6,0.000798374880105257,True,7,0.0017441660165786743,True,6,0
planted_partition,50,2,245,0.2,9.8,16,3,2.4,0.36356970806970806,4,2.045714285714286,1.7498848366949487,18.44788337185257,1.7498848366949487,10.401919812582465,-4.669366727147198,1,8,0.0002739999908953905,7,8.60830768942833e-05,6,0.0007922081276774406,True,8,0.0017568750772625208,True,6,0
planted_partition,50,3,232,0.1893877551020408,9.28,15,5,2.1821090715177367,0.37232889332889335,4,2.122448979591837,1.6017649387802295,16.786292168991828,1.6017649387802295,9.815091803505739,-4.476405721736329,1,7,0.0002673340495675802,7,8.408399298787117e-05,6,0.0007794168777763844,True,8,0.001729415962472558,True,6,0
planted_partition,50,4,249,0.20326530612244897,9.96,16,4,2.1905250512148906,0.3854323454323454,4,2.08,1.587328339508363,17.729698901784573,1.587328339508363,10.744603598959356,-5.001448773954605,1,9,0.0002692500129342079,7,8.674990385770798e-05,7,0.0007965830154716969,True,19,0.001764541957527399,True,7,0
planted_partition,50,5,241,0.19673469387755102,9.64,16,5,2.3559286916203552,0.3770182595182595,4,2.088979591836735,1.6519896965876393,17.740694883273207,1.6519896965876393,10.26622645291181,-4.750168103121636,1,7,0.0002617079298943281,7,8.53340607136488e-05,6,0.0007825000211596489,True,7,0.0017367079854011536,True,6,0
planted_partition,50,6,245,0.2,9.8,14,5,2.08806130178211,0.36394605394605395,4,2.0742857142857143,1.7057754847400357,16.655073095445886,1.7057754847400357,10.27149572751332,-5.283475587384162,1,8,0.00026712496764957905,7,8.474988862872124e-05,6,0.0007874169386923313,True,7,0.0017158340197056532,True,6,0
planted_partition,50,7,242,0.19755102040816327,9.68,14,4,2.318965286501719,0.3700927960927961,4,2.1020408163265305,1.209820503259963,16.76332512994001,1.209820503259963,10.279188263753857,-4.896943171568177,1,8,0.00030170800164341927,6,8.587515912950039e-05,5,0.0007882500067353249,True,7,0.0017275831196457148,True,5,0
planted_partition,50,8,238,0.19428571428571428,9.52,14,5,2.193080025899648,0.3785914085914086,4,2.1175510204081633,1.3173977740895797,17.000994406345896,1.3173977740895797,10.045314053936146,-4.957158320403733,1,7,0.00026370794512331486,6,8.350005373358727e-05,6,0.0007889159023761749,True,7,0.00174325006082654,True,6,0
planted_partition,50,9,245,0.2,9.8,16,5,2.6381811916545836,0.3690627150627151,4,2.0506122448979593,1.7749719144621332,17.98396045205745,1.7749719144621332,11.032594526499935,-4.715589558348073,1,8,0.00026404205709695816,7,8.600018918514252e-05,6,0.0008001250680536032,True,19,0.0017507909797132015,True,6,0
planted_partition,50,10,229,0.18693877551020407,9.16,14,3,2.4113066996962456,0.3416974136974137,4,2.1330612244897957,1.4663937626342638,16.579845679670175,1.4663937626342638,9.984837827662941,-4.917754710971311,1,6,0.00026141596026718616,6,8.320808410644531e-05,6,0.00078037497587502,True,7,0.0016877499874681234,True,6,0
planted_partition,50,11,234,0.1910204081632653,9.36,16,5,2.2606193841511666,0.3936359751359751,4,2.1314285714285712,1.4339257545074708,17.664061311277763,1.4339257545074708,10.00293075113099,-4.661848173139849,1,7,0.0002636669669300318,6,8.383416570723057e-05,6,0.0007988328579813242,True,7,0.0018961671739816666,True,6,0
planted_partition,50,12,219,0.17877551020408164,8.76,14,4,2.168501786948768,0.38153091353091356,4,2.246530612244898,0.7847919921515736,15.970907558723969,0.7847919921515736,9.308298530695353,-4.588155510983314,1,7,0.0002645410131663084,6,8.387491106987e-05,6,0.0007780829910188913,True,7,0.0016884577926248312,True,6,0
planted_partition,50,13,230,0.18775510204081633,9.2,15,5,2.3065125189341593,0.3381867021867022,4,2.1175510204081633,1.534353885250765,17.112946218644428,1.534353885250765,9.850725846501065,-4.864190074154286,1,7,0.00026170886121690273,7,8.387491106987e-05,6,0.0007912090513855219,True,7,0.0017307500820606947,True,6,0
planted_partition,50,14,247,0.2016326530612245,9.88,14,6,2.2058105086339577,0.370038406038406,4,2.0514285714285716,1.7503938803859014,16.75467806411321,1.7503938803859014,10.380598291611332,-4.847779528027038,1,7,0.00026737479493021965,7,8.495897054672241e-05,7,0.0007885831873863935,True,7,0.0017497921362519264,True,7,0
planted_partition,50,15,241,0.19673469387755102,9.64,15,4,2.7695486996982015,0.375014763014763,4,2.0995918367346937,1.6139417755051602,17.258373040722898,1.6139417755051602,10.686142930518875,-4.648723866443229,1,9,0.00026658293791115284,7,8.679088205099106e-05,6,0.0007894171867519617,True,19,0.0017211660742759705,True,6,0
planted_partition,50,16,229,0.18693877551020407,9.16,13,4,2.185040045399626,0.35025263625263625,4,2.1248979591836736,1.6674149930579298,15.697001633648858,1.6674149930579298,9.743514875938681,-4.798998163914543,1,7,0.00026408303529024124,6,8.258293382823467e-05,6,0.0007765828631818295,True,8,0.001931999810039997,True,6,0
planted_partition,50,17,233,0.19020408163265307,9.32,14,4,2.1488601629701267,0.3283513153513154,4,2.103673469387755,1.8624180182718846,15.877992410932322,1.8624180182718846,10.181900800676269,-4.800552851003421,1,7,0.00026945886202156544,6,8.499994874000549e-05,6,0.0007873331196606159,True,8,0.0017214170657098293,True,6,0
planted_partition,50,18,248,0.20244897959183675,9.92,17,6,2.4886944368483648,0.40610421604539254,4,2.116734693877551,1.3184798153257304,18.416496722058213,1.3184798153257304,11.302145924796715,-4.513011233340375,1,8,0.0002609998919069767,8,8.595804683864117e-05,8,0.0007920840289443731,True,19,0.0017324578948318958,True,8,0
planted_partition,50,19,231,0.18857142857142858,9.24,13,5,1.985547783358537,0.3241335331335331,4,2.0514285714285716,1.968820997376278,15.361466333191807,1.968820997376278,9.628525136110039,-4.873934785269996,1,8,0.00026762508787214756,7,8.300016634166241e-05,6,0.0007868749089539051,True,6,0.0017075419891625643,True,6,0
planted_partition,50,20,261,0.21306122448979592,10.44,14,5,2.0411761315476915,0.35613186813186815,3,1.9730612244897958,2.590902403184584,16.705976484337434,2.590902403184584,10.84587549553017,-4.867165724294119,1,7,0.00026841694489121437,7,8.77920538187027e-05,8,0.0007954169996082783,True,19,0.0017134579829871655,True,7,0
planted_partition,50,21,245,0.2,9.8,17,5,2.537715508089904,0.3665524442877384,4,2.045714285714286,1.8015652772459205,18.725314945027414,1.8015652772459205,10.679280852435529,-4.735367579178075,1,8,0.00026849983260035515,7,8.491589687764645e-05,6,0.000795082887634635,True,19,0.0017352909781038761,True,6,0
planted_partition,50,22,219,0.17877551020408164,8.76,16,4,2.4458945193936716,0.3772272727272727,4,2.1951020408163266,1.169660774811374,17.753489920149057,1.169660774811374,9.480626884257909,-4.517512774430072,1,7,0.00026045809499919415,6,8.066697046160698e-05,6,0.0007823749911040068,True,7,0.0016472919378429651,True,6,0
planted_partition,50,23,239,0.19510204081632654,9.56,14,6,2.0313542280951395,0.32026506826506823,4,2.057959183673469,1.9708971861748181,16.83865785203345,1.9708971861748181,10.050049388263592,-5.278326680965829,1,7,0.00026345811784267426,7,8.599995635449886e-05,5,0.0007929590065032244,True,7,0.001711459131911397,True,5,0
planted_partition,50,24,249,0.20326530612244897,9.96,15,5,2.52950588060198,0.35566355866355864,4,2.0375510204081633,1.7908569032151438,17.334693814023204,1.7908569032151438,10.845504348961521,-4.714946847560005,1,8,0.0002613749820739031,6,8.591706864535809e-05,6,0.0008100001141428947,True,19,0.0017065000720322132,True,6,0
planted_partition,50,25,233,0.19020408163265307,9.32,15,5,2.436719105682885,0.33243811743811746,4,2.0979591836734692,1.8450145273587828,17.127972478999816,1.8450145273587828,10.090298392855704,-4.802831941594038,1,8,0.00026716687716543674,6,8.349982090294361e-05,6,0.000783874886110425,True,8,0.0017223749309778214,True,6,0
planted_partition,50,26,241,0.19673469387755102,9.64,16,6,2.1611108254784157,0.32658114108114106,3,2.045714285714286,2.050908800765394,17.728579098223758,2.050908800765394,10.27479622118222,-4.912453667365133,1,7,0.00026170886121690273,7,9.245797991752625e-05,6,0.0007947499398142099,True,7,0.0019676669035106897,True,6,0
planted_partition,50,27,230,0.18775510204081633,9.2,14,5,2.2,0.3749005439005439,4,2.1314285714285712,1.6568296665203712,15.90613807186872,1.6568296665203712,9.924020648471448,-4.58113989978452,1,7,0.0002607500646263361,6,8.216709829866886e-05,6,0.0007818751037120819,True,7,0.0017147909384220839,True,6,0
planted_partition,50,28,242,0.19755102040816327,9.68,16,5,2.2842066456430774,0.3555429015429016,4,2.057142857142857,1.9557705539244465,17.721572686157966,1.9557705539244465,10.253338807792789,-4.946046094468419,1,7,0.00025995797477662563,7,8.720788173377514e-05,6,0.0007927920669317245,True,6,0.0017256250139325857,True,6,0
planted_partition,50,29,237,0.19346938775510203,9.48,17,3,2.692508124407427,0.39369572584278467,4,2.1314285714285712,1.3416549600623329,18.69615392068463,1.3416549600623329,10.824160081541873,-4.668624593866537,1,8,0.0002625000197440386,6,8.425000123679638e-05,6,0.0007899580523371696,True,19,0.0017223339527845383,True,6,0
planted_partition,100,0,942,0.1903030303030303,18.84,30,10,3.2364177727852135,0.3500032206599178,3,1.9365656565656566,3.941461124323121,32.05786189754823,3.941461124323121,19.395414444500084,-6.96513574822484,1,11,0.00038708304055035114,9,0.00023891706950962543,9,0.003080040914937854,True,18,0.003172332886606455,True,9,0
planted_partition,100,1,1025,0.20707070707070707,20.5,35,11,3.840572873934304,0.3824711252034983,3,1.8828282828282827,4.541470858008587,36.76531594665853,4.541470858008587,21.408683272208343,-6.9075232760431735,1,12,0.00039749988354742527,11,0.00025479216128587723,9,0.003029166953638196,True,18,0.0032068328000605106,True,9,0
planted_partition,100,2,942,0.1903030303030303,18.84,26,11,3.164553681010957,0.3495725384903606,3,1.9395959595959595,3.7872682860420053,28.814716138557102,3.7872682860420053,19.44897438341362,-6.801164204141443,1,10,0.0003841659054160118,10,0.00023495801724493504,9,0.0029961669351905584,True,18,0.0030362498946487904,True,9,0
planted_partition,100,3,988,0.1995959595959596,19.76,26,12,3.215960198758685,0.3568359304244013,3,1.8933333333333333,4.520002146983596,29.677259838459616,4.520002146983596,20.369854390850396,-6.797015109426721,1,11,0.00039762514643371105,11,0.00023974990472197533,10,0.0030189580284059048,True,18,0.0031187499407678843,True,10,0
planted_partition,100,4,996,0.2012121212121212,19.92,29,13,3.497656358191868,0.36932070362788544,3,1.8911111111111112,4.63534935997288,31.460346213036797,4.63534935997288,20.643963547270406,-6.706420023548543,1,11,0.00039841700345277786,10,0.00024862494319677353,9,0.0030320000369101763,True,18,0.0032045000698417425,True,9,0
planted_partition,100,5,977,0.19737373737373737,19.54,29,11,3.424675167077894,0.35864688716626625,3,1.9052525252525252,4.637276360324428,31.26094459394551,4.637276360324428,20.194081871366627,-6.713988462764559,1,12,0.0004057500045746565,10,0.00024266703985631466,10,0.003031749976798892,True,18,0.0031221669632941484,True,10,0
planted_partition,100,6,998,0.2016161616161616,19.96,30,12,3.5522387307161662,0.37242967671244764,3,1.8965656565656566,4.128492657136273,32.25944731273914,4.128492657136273,20.736892381229254,-6.8238298074806965,1,11,0.0004008328542113304,10,0.00024866615422070026,10,0.00300987483933568,True,18,0.003180790925398469,True,10,0
planted_partition,100,7,976,0.19717171717171716,19.52,28,10,3.17011040817193,0.3484916527149533,3,1.9008080808080807,4.643917694515132,30.262769153288836,4.643917694515132,20.024113133119815,-6.980922035970041,1,11,0.0003897920250892639,10,0.0002371668815612793,9,0.0030762089882045984,True,18,0.0030851250048726797,True,9,0
planted_partition,100,8,970,0.19595959595959597,19.4,27,11,3.234192325759246,0.3622266107974077,3,1.9131313131313132,4.253260764987136,29.75591438398937,4.253260764987136,20.020272543261598,-6.996754188278707,1,12,0.0003945839125663042,11,0.00023858295753598213,9,0.003020042087882757,True,18,0.00309916608966887,True,9,0
planted_partition,100,9,964,0.19474747474747475,19.28,26,11,3.1243559336285616,0.36767360443433267,3,1.928080808080808,4.068691664317432,29.049739873422396,4.068691664317432,19.814977995687496,-6.750807048709903,1,10,0.00038816710002720356,10,0.0002382500097155571,10,0.0031702499836683273,True,18,0.0031449159141629934,True,10,0
planted_partition,100,10,969,0.19575757575757577,19.38,28,14,2.982549245192777,0.3534482910365735,3,1.914949494949495,4.329397566039124,30.39253957662953,4.329397566039124,19.845449294490898,-6.903769586548243,1,11,0.00039008399471640587,10,0.00023649982176721096,9,0.0030980410519987345,True,18,0.0030899590346962214,True,9,0
planted_partition,100,11,993,0.2006060606060606,19.86,28,11,3.085514543799786,0.368937324955995,3,1.899191919191919,4.4699923522152805,30.040992629716406,4.4699923522152805,20.331548067196962,-6.920278056913485,1,11,0.00039954204112291336,10,0.00023983302526175976,9,0.003061041934415698,True,18,0.00314129120670259,True,9,0
planted_partition,100,12,980,0.19797979797979798,19.6,26,12,3.003331483536241,0.39035470510629344,3,1.9323232323232322,3.957992206430819,29.2706430114087,3.957992206430819,20.071104537862634,-6.635654435346049,1,11,0.000392792047932744,11,0.0002513329964131117,10,0.0030448748730123043,True,18,0.003138958942145109,True,10,0
planted_partition,100,13,969,0.19575757575757577,19.38,28,9,3.2581589893680754,0.37080831051436114,3,1.931111111111111,3.7344974744687374,30.41458960979761,3.7344974744687374,20.006505258234068,-6.614573402147788,1,11,0.0003921249881386757,11,0.00024150009267032146,10,0.0030298749916255474,True,18,0.0030757500790059566,True,10,0
planted_partition,100,14,951,0.1921212121212121,19.02,29,9,3.5971655508191445,0.36644547961198737,3,1.9387878787878787,3.7788525557111887,31.201143787352688,3.7788525557111887,19.791301518965405,-6.791516378314613,1,11,0.00040208292193710804,10,0.00023754104040563107,9,0.0030263750813901424,True,18,0.003102084156125784,True,9,0
planted_partition,100,15,972,0.19636363636363635,19.44,27,12,3.281219285570533,0.36746013649731507,3,1.9359595959595959,3.9363246577122206,30.137804946309892,3.9363246577122206,20.06290472626453,-7.506647466259543,1,12,0.0003915419802069664,11,0.00023795804008841515,9,0.003020457923412323,True,18,0.003091000020503998,True,9,0
planted_partition,100,16,934,0.18868686868686868,18.68,26,10,3.692912130013386,0.3563853902666933,3,1.9446464646464647,4.032020407295966,28.906523420266847,4.032020407295966,19.400496919505386,-6.830181063302968,1,11,0.0003818341065198183,10,0.00024170894175767899,9,0.003014791989699006,True,18,0.003069833852350712,True,9,0
planted_partition,100,17,1006,0.20323232323232324,20.12,29,13,3.2039975031201258,0.3945394688119891,3,1.9072727272727272,3.890409086282114,31.160083082182872,3.890409086282114,20.702523178970413,-6.54541741550879,1,11,0.0004414580762386322,11,0.0002495830412954092,10,0.0030699160415679216,True,18,0.003316666930913925,True,10,0
planted_partition,100,18,1007,0.20343434343434344,20.14,31,11,3.5525202321732103,0.38137134435311987,3,1.8993939393939394,4.242877248900775,33.50263217711088,4.242877248900775,21.040315003223697,-6.746853233700699,1,12,0.0004143328405916691,12,0.0002445417921990156,10,0.003066916950047016,True,18,0.003218207973986864,True,10,0
planted_partition,100,19,966,0.19515151515151516,19.32,29,10,3.9009742372899616,0.3689062154458769,3,1.917171717171717,3.991028215202281,31.551221842551136,3.991028215202281,20.172925963900628,-6.731540535678023,1,11,0.0003885000478476286,10,0.0002460838295519352,9,0.0030616249423474073,True,18,0.0030917080584913492,True,9,0
planted_partition,100,20,1009,0.20383838383838385,20.18,28,13,3.491074333210337,0.384424054043801,3,1.9044444444444444,4.331286251631119,31.086343775273754,4.331286251631119,20.766138047576547,-6.795000488992503,1,11,0.0004045839887112379,10,0.0002454579807817936,10,0.003082707989960909,True,18,0.0031729170586913824,True,10,0
planted_partition,100,21,940,0.1898989898989899,18.8,27,12,3.249615361854384,0.346466571300304,3,1.9343434343434343,3.8188199651160293,29.62214613823559,3.8188199651160293,19.37675967492436,-7.137607653374884,1,10,0.00039350008592009544,10,0.00023499992676079273,9,0.003039875067770481,True,18,0.00309395813383162,True,9,0
planted_partition,100,22,988,0.1995959595959596,19.76,26,13,3.2128492028104896,0.37883982604494115,3,1.9115151515151516,3.725189293106733,29.934765823246263,3.725189293106733,20.48461337147328,-7.047051368145741,1,12,0.0004167079459875822,11,0.0002424169797450304,9,0.0030819170642644167,True,18,0.0031330841593444347,True,9,0
planted_partition,100,23,950,0.1919191919191919,19.0,26,8,3.2649655434629015,0.35797764598064774,3,1.9456565656565656,3.712565709259998,29.090560823195588,3.712565709259998,19.63788251320335,-6.674725415798822,1,11,0.00041833403520286083,11,0.00024304096587002277,10,0.0030018340330570936,True,18,0.0031294170767068863,True,10,0
planted_partition,100,24,968,0.19555555555555557,19.36,29,11,3.3867978977199096,0.36832480796442646,3,1.9292929292929293,4.00319034736285,31.419129379127817,4.00319034736285,20.010237607247007,-7.02227855229954,1,11,0.0004081670194864273,10,0.00024662516079843044,9,0.0030337078496813774,True,18,0.0030840830877423286,True,9,0
planted_partition,100,25,962,0.19434343434343435,19.24,29,10,3.2407406560846552,0.3520668115524647,3,1.9177777777777778,4.346976929205443,31.1868792304735,4.346976929205443,19.778604356913817,-7.144643683190791,1,10,0.0004012498538941145,10,0.00023550004698336124,9,0.003066707868129015,True,18,0.0030963749159127474,True,9,0
planted_partition,100,26,934,0.18868686868686868,18.68,26,10,3.563369192211214,0.35807134938766383,3,1.9448484848484848,3.7816104726058892,29.279670936910666,3.7816104726058892,19.392821919165442,-7.097563306661241,1,11,0.00039187492802739143,11,0.00023979181423783302,9,0.0030123749747872353,True,18,0.0030409160535782576,True,9,0
planted_partition,100,27,992,0.20040404040404042,19.84,30,13,3.1167932238119356,0.40827101071452193,3,1.9319191919191918,3.5745728764042086,31.855457948913106,3.5745728764042086,20.35154578414813,-6.725908649080816,1,12,0.0004049160052090883,11,0.00024408288300037384,10,0.002986624836921692,True,18,0.0031190000008791685,True,10,0
planted_partition,100,28,961,0.19414141414141414,19.22,27,10,3.57653463564943,0.34782884983529755,3,1.9004040404040403,4.271470105547313,29.563762345920946,4.271470105547313,19.878811901410092,-6.7009266770860725,1,12,0.0003874169196933508,11,0.00023758411407470703,9,0.0030137919820845127,True,18,0.0030810420867055655,True,9,0
planted_partition,100,29,991,0.20020202020202021,19.82,29,11,3.359702367770098,0.37534389700644105,3,1.9008080808080807,4.265576220830649,31.36991495809848,4.265576220830649,20.417375256517744,-6.531975043719928,1,11,0.00040200003422796726,10,0.00024466682225465775,9,0.003006207989528775,True,18,0.0031478330492973328,True,9,0
planted_partition,200,0,3918,0.19688442211055276,39.18,50,27,4.595388993327986,0.36466162370853894,3,1.8203015075376885,9.146094438082354,53.646122895576916,9.146094438082354,39.79070289964578,-9.756059796017924,1,18,0.0008489592000842094,17,0.0007615829817950726,15,0.011775375111028552,True,18,0.009148790966719389,True,15,0
planted_partition,200,1,4002,0.20110552763819095,40.02,58,25,4.767557026402516,0.3668750079406451,3,1.815427135678392,9.465577403039791,60.206297545887736,9.465577403039791,40.63356363210388,-9.899479973300851,1,18,0.0008977919351309538,17,0.000767792109400034,15,0.01193145802244544,True,19,0.009686750127002597,True,15,0
planted_partition,200,2,3946,0.19829145728643216,39.46,55,29,4.571476785460033,0.36142533056303316,3,1.8228643216080402,9.316636313716788,57.42217574790188,9.316636313716788,40.01586015833025,-9.908169462493024,1,19,0.0008669160306453705,17,0.0007690000347793102,15,0.011842707870528102,True,18,0.008964208187535405,True,15,0
planted_partition,200,3,3966,0.1992964824120603,39.66,50,29,4.310962769498247,0.367313302216024,3,1.8190954773869348,9.127405495020419,53.7030165147698,9.127405495020419,40.134726546748595,-9.606800196501442,1,18,0.0009159580804407597,17,0.0007647078018635511,15,0.011908125132322311,True,18,0.009513041004538536,True,15,0
planted_partition,200,4,3930,0.19748743718592965,39.3,49,29,4.064480286580316,0.36837499587970507,3,1.8216582914572865,8.572614939367538,53.18739734277433,8.572614939367538,39.7349882906742,-9.868152536174982,1,19,0.0008718329481780529,19,0.0007445421069860458,16,0.011958166025578976,True,18,0.008751166984438896,True,16,0
planted_partition,200,5,3899,0.19592964824120604,38.99,54,27,5.108806122764887,0.35909901863909055,3,1.8230150753768843,9.406689473709562,56.48249959909614,9.406689473709562,39.65681080762353,-9.726578037016642,1,19,0.0009151669219136238,16,0.0007563340477645397,15,0.011805834015831351,True,18,0.009040665812790394,True,15,0
planted_partition,200,6,3955,0.19874371859296483,39.55,55,29,4.461782155148322,0.3685469560442858,3,1.82,9.282751587299346,57.3743305376589,9.282751587299346,40.06297068687538,-9.88806918793443,1,18,0.0008932910859584808,17,0.0007481661159545183,15,0.011775166960433125,True,19,0.009657541057094932,True,15,0
planted_partition,200,7,3970,0.19949748743718593,39.7,50,26,4.836320915737499,0.3634778164255338,3,1.8173869346733669,9.599566168204472,53.8704135847558,9.599566168204472,40.308915015428575,-10.093999426542517,1,19,0.0009220419451594353,17,0.0007616248913109303,16,0.011884333100169897,True,19,0.00902374996803701,True,16,0
planted_partition,200,8,4006,0.20130653266331658,40.06,54,27,4.949383800030061,0.371019933642831,3,1.8173869346733669,9.485141912671002,56.90535912237596,9.485141912671002,40.6919994182436,-9.445328915385648,1,19,0.0009119999594986439,17,0.0007771248929202557,15,0.012004666961729527,True,19,0.008915458805859089,True,15,0
planted_partition,200,9,3932,0.19758793969849245,39.32,51,28,4.602999022376608,0.37306142804939346,3,1.8239195979899498,8.56298813250395,54.36463078749243,8.56298813250395,39.90063152897078,-9.545124490153059,1,17,0.0008793340530246496,16,0.0007402079645544291,15,0.011861625127494335,True,19,0.009028875036165118,True,15,0
planted_partition,200,10,3907,0.1963316582914573,39.07,53,27,5.143452148119977,0.373730461782499,3,1.8292964824120603,8.55265325852064,55.569653853203334,8.55265325852064,39.78214098175807,-9.65704595457677,1,18,0.0008955411612987518,17,0.0007545840926468372,16,0.01195120788179338,True,20,0.008941208012402058,True,16,0
planted_partition,200,11,4020,0.2020100502512563,40.2,52,29,4.82078831727758,0.3742717619637461,3,1.813819095477387,9.30989347961613,55.08216358162224,9.30989347961613,40.79429006894293,-9.510078602126773,1,18,0.0009067500941455364,17,0.00078420783393085,16,0.011823999928310513,True,18,0.009321958059445024,True,16,0
planted_partition,200,12,3944,0.19819095477386936,39.44,51,27,4.898612048325526,0.37207179289944114,3,1.8250251256281407,8.661056904436547,54.379886586948984,8.661056904436547,40.137111768710305,-9.546834768196913,1,19,0.0008650419767946005,18,0.0007485419046133757,15,0.011892957845702767,True,19,0.009044042089954019,True,15,0
planted_partition,200,13,3973,0.19964824120603014,39.73,54,26,4.659087893568869,0.3641477083701033,3,1.8148241206030151,9.39990876470397,56.417842610084016,9.39990876470397,40.273050037140266,-9.56532669239175,1,18,0.0008982920553535223,17,0.0007502080406993628,16,0.011874916963279247,True,18,0.008826333098113537,True,16,0
planted_partition,200,14,3968,0.19939698492462313,39.68,57,29,4.870071868052873,0.365314587258759,3,1.8175879396984924,9.177465443164847,59.35373112022406,9.177465443164847,40.331481690988824,-10.026005970169383,1,19,0.0008862500544637442,17,0.0007684170268476009,14,0.011964125093072653,True,18,0.0090379579924047,True,14,0
planted_partition,200,15,3887,0.19532663316582916,38.87,52,29,4.44444597222196,0.3640457450399359,3,1.8291959798994974,8.888018587599756,54.48801410401862,8.888018587599756,39.3954988081571,-9.564280900474971,1,18,0.0008752918802201748,17,0.0007516669575124979,15,0.011822707951068878,True,18,0.00907954084686935,True,15,0
planted_partition,200,16,3869,0.19442211055276382,38.69,52,28,4.894272162436412,0.3603351628967369,3,1.825678391959799,8.85455811468456,55.30882256309967,8.85455811468456,39.39646972900687,-9.88044074483422,1,17,0.0008785000536590815,16,0.0007420000620186329,15,0.011966667138040066,True,18,0.008783624973148108,True,15,0
planted_partition,200,17,4008,0.2014070351758794,40.08,56,30,4.685466892423849,0.36918584828427986,3,1.8137688442211055,9.347881714867341,58.24641209135346,9.347881714867341,40.661458794801135,-9.738320411577273,1,18,0.0008807498961687088,16,0.0007608339656144381,16,0.011843417072668672,True,19,0.009068250190466642,True,16,0
planted_partition,200,18,3961,0.19904522613065326,39.61,52,28,4.460706222113265,0.37206349904630637,3,1.8212060301507538,9.083474586824227,55.059869875588646,9.083474586824227,40.14477548581165,-10.00648506743008,1,18,0.0008898749947547913,17,0.0007634998764842749,15,0.011809041956439614,True,19,0.008804042125120759,True,15,0
planted_partition,200,19,3969,0.1994472361809045,39.69,53,28,4.825339366303679,0.3578228122671825,3,1.8158793969849247,9.80107183310245,56.149937189738566,9.80107183310245,40.28799461999647,-9.804646598862597,1,18,0.0008727910462766886,17,0.0007507079280912876,15,0.011858667014166713,True,18,0.008861874928697944,True,15,0
planted_partition,200,20,3919,0.19693467336683418,39.19,52,26,4.508203633377712,0.3674721385650552,3,1.8232663316582916,8.905705064918322,54.94868150161328,8.905705064918322,39.763377206194235,-9.747310895006,1,18,0.0009140409529209137,18,0.0007645420264452696,15,0.012004999909549952,True,18,0.00913304090499878,True,15,0
planted_partition,200,21,3898,0.19587939698492463,38.98,50,27,4.453043902770329,0.3647245412966839,3,1.824321608040201,8.766440763719766,53.47225321594599,8.766440763719766,39.54157036521856,-9.552957519786384,1,18,0.0008614999242126942,17,0.0007432501297444105,15,0.011808916926383972,True,18,0.008787042228505015,True,15,0
planted_partition,200,22,3914,0.19668341708542714,39.14,53,28,4.5376645975655805,0.3658246246206947,3,1.8210552763819094,9.009664135903929,55.78825473499169,9.009664135903929,39.68869081769551,-10.000198002353022,1,18,0.0009086660575121641,16,0.0007505828980356455,15,0.01199795794673264,True,18,0.008995624957606196,True,15,0
planted_partition,200,23,3967,0.1993467336683417,39.67,53,25,4.978061871853343,0.36773572717766123,3,1.820753768844221,9.373779416302943,56.12960128140417,9.373779416302943,40.325864274734855,-9.839342038647985,1,19,0.0009140418842434883,17,0.0007585829589515924,15,0.011975874891504645,True,18,0.009237749967724085,True,15,0
planted_partition,200,24,3891,0.19552763819095478,38.91,50,30,4.312992000920011,0.3673731263214943,3,1.8284924623115577,8.635414953913642,53.44347110984379,8.635414953913642,39.38523867569427,-9.94756968775324,1,17,0.0008802919182926416,17,0.0007454578299075365,15,0.011740083107724786,True,18,0.009005500003695488,True,15,0
planted_partition,200,25,3976,0.19979899497487438,39.76,56,24,4.714064064053437,0.3731511741994947,3,1.8184924623115577,8.866266084610526,58.23349066819716,8.866266084610526,40.395020379409864,-9.734908008488269,1,19,0.0008887080475687981,17,0.0007540001533925533,16,0.011963458033278584,True,18,0.008922624867409468,True,16,0
planted_partition,200,26,4008,0.2014070351758794,40.08,53,27,5.1704545254745256,0.36824261411411585,3,1.8142713567839197,9.41289784630747,56.431546618916336,9.41289784630747,40.85060670183003,-9.718958579457821,1,17,0.0009033340029418468,17,0.0007572080940008163,16,0.01192187494598329,True,20,0.008975875098258257,True,16,0
planted_partition,200,27,3942,0.19809045226130653,39.42,52,24,5.073815132619635,0.37585741700261893,3,1.8264824120603016,8.823419257414296,54.93362202577214,8.823419257414296,40.1955235193297,-9.565658406606588,1,18,0.0008801668882369995,17,0.0007585838902741671,16,0.011814584024250507,True,18,0.008818750036880374,True,16,0
planted_partition,200,28,3858,0.19386934673366835,38.58,52,25,4.536915251577883,0.3471713344853262,3,1.8230150753768843,9.565016459069597,54.95127227568822,9.565016459069597,39.110961770935575,-9.886094803391646,1,18,0.0008596251718699932,16,0.0007486250251531601,14,0.011888666776940227,True,18,0.009059416828677058,True,14,0
planted_partition,200,29,3930,0.19748743718592965,39.3,53,27,4.948737212663449,0.36729330552078016,3,1.8226130653266333,9.063995079922396,56.063768032265884,9.063995079922396,39.95057747813996,-9.586160605516453,1,20,0.0008757500909268856,16,0.0007592500187456608,15,0.01189908292144537,True,18,0.008827209006994963,True,15,0
random_regular,20,0,30,0.15789473684210525,3.0,3,3,0.0,0.1,5,2.8842105263157896,0.2857946596731963,5.585082674611591,0.2857946596731963,3.0,-2.5850826746115887,1,3,0.0002085000742226839,3,2.1083978936076164e-05,3,0.00011016707867383957,True,10,0.0010722081642597914,True,3,0
random_regular,20,1,30,0.15789473684210525,3.0,3,3,0.0,0.05,6,2.7578947368421054,0.33484036832059344,5.704024641034801,0.33484036832059344,3.000000000000001,-2.7040246410348017,1,4,0.00018516695126891136,4,2.0124949514865875e-05,3,0.00011345813982188702,True,10,0.0009902080055326223,True,3,0
random_regular,20,2,30,0.15789473684210525,3.0,3,3,0.0,0.1,5,2.857894736842105,0.3247232415541719,5.755380835342998,0.3247232415541719,3.000000000000001,-2.755380835342999,1,4,0.00017625000327825546,4,2.0541949197649956e-05,3,0.00011008302681148052,True,10,0.0009867080952972174,True,3,0
random_regular,20,3,30,0.15789473684210525,3.0,3,3,0.0,0.15,5,2.8684210526315788,0.351962375447775,5.630424619019494,0.351962375447775,3.0000000000000004,-2.6304246190194944,1,4,0.00017212494276463985,3,1.979200169444084e-05,3,0.0001082499511539936,True,10,0.0009550829418003559,True,3,0
random_regular,20,4,30,0.15789473684210525,3.0,3,3,0.0,0.1,6,2.9263157894736844,0.27033952261830124,5.844621050455733,0.27033952261830124,3.0000000000000013,-2.8446210504557334,1,4,0.0001729999203234911,3,1.950003206729889e-05,3,0.00010879198089241982,True,10,0.0009812910575419664,True,3,0
random_regular,20,5,30,0.15789473684210525,3.0,3,3,0.0,0.05,5,2.694736842105263,0.4832037841134265,5.716500568300161,0.4832037841134265,2.9999999999999996,-2.716500568300161,1,3,0.0001746250782161951,4,1.9665807485580444e-05,3,0.00011016707867383957,True,10,0.0009496249258518219,True,3,0
random_regular,20,6,30,0.15789473684210525,3.0,3,3,0.0,0.15,6,2.968421052631579,0.20912329159368953,5.4065045853091025,0.20912329159368953,3.000000000000001,-2.406504585309104,1,3,0.00017112493515014648,3,1.9416911527514458e-05,3,0.00011174986138939857,True,10,0.0010002919007092714,True,3,0
random_regular,20,7,30,0.15789473684210525,3.0,3,3,0.0,0.1,5,2.705263157894737,0.4212685377474127,5.7830915883795795,0.4212685377474127,3.0000000000000004,-2.7830915883795786,1,3,0.000183542026206851,4,2.0999927073717117e-05,3,0.00011012493632733822,True,10,0.001017542090266943,True,3,0
random_regular,20,8,30,0.15789473684210525,3.0,3,3,0.0,0.15,5,2.7842105263157895,0.44837128633161016,5.7585505182978896,0.44837128633161016,3.0000000000000004,-2.758550518297891,1,3,0.0001810831017792225,4,2.02918890863657e-05,3,0.0001110411249101162,True,10,0.0009975000284612179,True,3,0
random_regular,20,9,30,0.15789473684210525,3.0,3,3,0.0,0.1,5,2.6315789473684212,0.5155773860285272,5.517134862873205,0.5155773860285272,3.0000000000000013,-2.5171348628732066,1,3,0.00017512519843876362,4,1.9625062122941017e-05,3,0.00010920804925262928,True,10,0.000984374899417162,True,3,0
random_regular,20,10,30,0.15789473684210525,3.0,3,3,0.0,0.1,5,2.636842105263158,0.45377730542003963,5.552647463096829,0.45377730542003963,3.0000000000000027,-2.5526474630968288,1,4,0.00017670798115432262,3,2.050003968179226e-05,3,0.00010900013148784637,True,10,0.0010030001867562532,True,3,0
random_regular,20,11,30,0.15789473684210525,3.0,3,3,0.0,0.15,7,3.1,0.18266364023999695,5.774375654086854,0.18266364023999695,3.0000000000000018,-2.7743756540868523,1,4,0.0001749168150126934,4,1.9666971638798714e-05,3,0.00011075008660554886,True,10,0.0009602499194443226,True,3,0
random_regular,20,12,30,0.15789473684210525,3.0,3,3,0.0,0.15,5,2.7842105263157895,0.3177902348612496,5.5797626901348405,0.3177902348612496,3.0,-2.57976269013484,1,4,0.00017554103396832943,3,1.9665807485580444e-05,3,0.00010750000365078449,True,10,0.0010253749787807465,True,3,0
random_regular,20,13,30,0.15789473684210525,3.0,3,3,0.0,0.0,5,2.5789473684210527,0.5920640786449834,5.6096376704178645,0.5920640786449834,3.000000000000001,-2.6096376704178654,1,3,0.00017179199494421482,3,1.974985934793949e-05,3,0.00010991678573191166,True,10,0.0009614999871701002,True,3,0
random_regular,20,14,30,0.15789473684210525,3.0,3,3,0.0,0.15,6,2.9526315789473685,0.26626788710629457,5.547011820297234,0.26626788710629457,3.0,-2.5470118202972314,1,3,0.00017375010065734386,3,1.9875122234225273e-05,3,0.00010825018398463726,True,10,0.0009747499134391546,True,3,0
random_regular,20,15,30,0.15789473684210525,3.0,3,3,0.0,0.05,5,2.6473684210526316,0.4863788264658434,5.639631757516452,0.4863788264658434,3.000000000000001,-2.6396317575164545,1,3,0.00017316685989499092,3,1.9208062440156937e-05,3,0.00011120806448161602,True,10,0.0009553749114274979,True,3,0
random_regular,20,16,30,0.15789473684210525,3.0,3,3,0.0,0.05,5,2.6052631578947367,0.5692203099853452,5.657983267025179,0.5692203099853452,3.000000000000001,-2.657983267025181,1,3,0.00017212494276463985,4,1.9541941583156586e-05,3,0.00010970816947519779,True,10,0.0009673750028014183,True,3,0
random_regular,20,17,30,0.15789473684210525,3.0,3,3,0.0,0.0,5,2.6157894736842104,0.57619082492384,5.791849286679144,0.57619082492384,3.0000000000000004,-2.7918492866791476,1,3,0.00017150002531707287,4,1.974985934793949e-05,3,0.00010779104195535183,True,10,0.000979541102424264,True,3,0
random_regular,20,18,30,0.15789473684210525,3.0,3,3,0.0,0.15,6,2.8157894736842106,0.2805018190764346,5.477367320111331,0.2805018190764346,3.0000000000000004,-2.4773673201113335,1,3,0.00017954199574887753,4,1.9458122551441193e-05,3,0.00010837498120963573,True,10,0.0009614590089768171,True,3,0
random_regular,20,19,30,0.15789473684210525,3.0,3,3,0.0,0.2,5,2.7526315789473683,0.38868458757760627,5.41628935847128,0.38868458757760627,2.9999999999999982,-2.41628935847128,1,3,0.0001705838367342949,4,1.933285966515541e-05,3,0.00010862504132091999,True,10,0.0009476249106228352,True,3,0
random_regular,20,20,30,0.15789473684210525,3.0,3,3,0.0,0.05,5,2.8263157894736843,0.29571409944904503,5.72983650846517,0.29571409944904503,3.0,-2.7298365084651715,1,3,0.00017129210755228996,3,1.9916100427508354e-05,3,0.00010766717605292797,True,10,0.0009574999567121267,True,3,0
random_regular,20,21,30,0.15789473684210525,3.0,3,3,0.0,0.1,5,2.7263157894736842,0.4151145492095531,5.576471993382484,0.4151145492095531,3.0000000000000004,-2.576471993382485,1,3,0.00017208303324878216,3,1.987488940358162e-05,3,0.0001093749888241291,True,10,0.0009549998212605715,True,3,0
random_regular,20,22,30,0.15789473684210525,3.0,3,3,0.0,0.1,6,2.9842105263157896,0.2920773090672918,5.666819475412835,0.2920773090672918,2.999999999999999,-2.6668194754128356,1,4,0.00018062512390315533,4,1.9541941583156586e-05,3,0.00010933307930827141,True,10,0.0009622080251574516,True,3,0
random_regular,20,23,30,0.15789473684210525,3.0,3,3,0.0,0.05,5,2.6578947368421053,0.4686363694488107,5.646038582563336,0.4686363694488107,3.0,-2.646038582563335,1,3,0.00017520785331726074,3,2.0458828657865524e-05,3,0.00010970793664455414,True,10,0.0009965829085558653,True,3,0
random_regular,20,24,30,0.15789473684210525,3.0,3,3,0.0,0.15,5,2.636842105263158,0.5857864376269062,5.555643584137959,0.5857864376269062,2.9999999999999996,-2.5556435841379606,1,4,0.00017470796592533588,4,1.9834144040942192e-05,4,0.00010883412323892117,True,10,0.0009538750164210796,True,4,0
random_regular,20,25,30,0.15789473684210525,3.0,3,3,0.0,0.0,5,2.7263157894736842,0.4209826850973114,5.854802304625235,0.4209826850973114,3.0000000000000018,-2.854802304625234,1,4,0.0001801659818738699,3,1.991703175008297e-05,3,0.00011304090730845928,True,10,0.0009702090173959732,True,3,0
random_regular,20,26,30,0.15789473684210525,3.0,3,3,0.0,0.05,5,2.6526315789473682,0.5162609988800477,5.747459085407541,0.5162609988800477,2.9999999999999996,-2.7474590854075407,1,3,0.00017204112373292446,3,2.0458130165934563e-05,3,0.00011008302681148052,True,10,0.0009645831305533648,True,3,0
random_regular,20,27,30,0.15789473684210525,3.0,3,3,0.0,0.1,5,2.905263157894737,0.3569857483948038,5.866699915064983,0.3569857483948038,3.0000000000000004,-2.8666999150649843,1,4,0.00017358292825520039,3,1.991703175008297e-05,3,0.00010887486860156059,True,10,0.0009920420125126839,True,3,0
random_regular,20,28,30,0.15789473684210525,3.0,3,3,0.0,0.05,5,2.5894736842105264,0.5126411328228837,5.637985276133515,0.5126411328228837,2.999999999999999,-2.637985276133516,1,3,0.00017191702499985695,4,2.0124949514865875e-05,3,0.00010587484575808048,True,10,0.0009550410322844982,True,3,0
random_regular,20,29,30,0.15789473684210525,3.0,3,3,0.0,0.05,5,2.6,0.5575466040958651,5.655638774020888,0.5575466040958651,2.9999999999999996,-2.655638774020883,1,4,0.00017450004816055298,3,2.687494270503521e-05,3,0.00010750000365078449,True,10,0.0009873330127447844,True,3,0
random_regular,50,0,75,0.061224489795918366,3.0,3,3,0.0,0.06,7,3.9706122448979593,0.23471502644574244,5.7405527042688,0.23471502644574244,3.0,-2.7405527042688,1,4,0.00023891590535640717,4,5.629193037748337e-05,3,0.0007465418893843889,True,10,0.0012260421644896269,True,3,0
random_regular,50,1,75,0.061224489795918366,3.0,3,3,0.0,0.06,8,4.031020408163266,0.18014251230424255,5.737193093987202,0.18014251230424255,2.9999999999999996,-2.7371930939872025,1,4,0.0002546671312302351,4,5.6625111028552055e-05,3,0.000740166986361146,True,10,0.0012332501355558634,True,3,0
random_regular,50,2,75,0.061224489795918366,3.0,3,3,0.0,0.04,8,4.033469387755102,0.1899765879984646,5.900459123282286,0.1899765879984646,3.0000000000000004,-2.9004591232822876,1,4,0.0002363331150263548,4,5.595805123448372e-05,3,0.0007412079721689224,True,10,0.001238125143572688,True,3,0
random_regular,50,3,75,0.061224489795918366,3.0,3,3,0.0,0.06,7,3.8448979591836734,0.27691927514437087,5.70526917229885,0.27691927514437087,2.999999999999999,-2.705269172298851,1,4,0.000239082844927907,4,5.625002086162567e-05,3,0.0007399588357657194,True,10,0.00120449997484684,True,3,0
random_regular,50,4,75,0.061224489795918366,3.0,3,3,0.0,0.02,7,3.7681632653061223,0.346767211539928,5.745196844279829,0.346767211539928,2.999999999999999,-2.745196844279828,1,3,0.00023595918901264668,4,5.675014108419418e-05,3,0.0007412920240312815,True,10,0.0012197080068290234,True,3,0
random_regular,50,5,75,0.061224489795918366,3.0,3,3,0.0,0.0,6,3.755918367346939,0.3157010469748078,5.7546514559231925,0.3157010469748078,3.0,-2.754651455923194,1,4,0.00023787491954863071,3,5.629216320812702e-05,3,0.0007402910850942135,True,10,0.001361333066597581,True,3,0
random_regular,50,6,75,0.061224489795918366,3.0,3,3,0.0,0.06,7,4.040816326530612,0.20226469216143722,5.721899494436351,0.20226469216143722,3.0000000000000004,-2.7218994944363524,1,3,0.0002772079315036535,4,5.6916847825050354e-05,3,0.0007439171895384789,True,10,0.001255583018064499,True,3,0
random_regular,50,7,75,0.061224489795918366,3.0,3,3,0.0,0.02,7,3.862857142857143,0.27943637996147175,5.760697040290974,0.27943637996147175,3.0000000000000004,-2.760697040290977,1,4,0.00024079112336039543,4,5.6584132835268974e-05,3,0.0007389578968286514,True,10,0.0011953338980674744,True,3,0
random_regular,50,8,75,0.061224489795918366,3.0,3,3,0.0,0.08,8,4.063673469387755,0.18690563615097383,5.735516292273088,0.18690563615097383,2.999999999999999,-2.7355162922730876,1,4,0.00023912498727440834,4,5.6666089221835136e-05,3,0.0007429169490933418,True,10,0.001258375123143196,True,3,0
random_regular,50,9,75,0.061224489795918366,3.0,3,3,0.0,0.0,7,3.829387755102041,0.31609338269424997,5.8463786142818375,0.31609338269424997,2.999999999999999,-2.8463786142818375,1,4,0.0002387920394539833,4,6.216601468622684e-05,3,0.0007387921214103699,True,10,0.001256916904821992,True,3,0
random_regular,50,10,75,0.061224489795918366,3.0,3,3,0.0,0.04,7,3.9926530612244897,0.24648509632375395,5.815908733922951,0.24648509632375395,2.9999999999999996,-2.8159087339229525,1,3,0.00024195807054638863,3,5.645817145705223e-05,3,0.0007497498299926519,True,10,0.0012634159065783024,True,3,0
random_regular,50,11,75,0.061224489795918366,3.0,3,3,0.0,0.12,8,4.266938775510204,0.188733882547806,5.693706778505859,0.188733882547806,3.0000000000000004,-2.6937067785058604,1,4,0.00023904209956526756,3,5.625002086162567e-05,4,0.0007404580246657133,True,10,0.0012304580304771662,True,3,0
random_regular,50,12,75,0.061224489795918366,3.0,3,3,0.0,0.04,7,3.84,0.28011722497752645,5.750395150964652,0.28011722497752645,2.9999999999999996,-2.7503951509646503,1,3,0.00023916596546769142,3,5.66248781979084e-05,3,0.0007407499942928553,True,10,0.0012864170130342245,True,3,0
random_regular,50,13,75,0.061224489795918366,3.0,3,3,0.0,0.02,8,3.8016326530612243,0.28210095361565585,5.810975787279265,0.28210095361565585,3.000000000000001,-2.810975787279267,1,4,0.0002475408837199211,4,5.608284845948219e-05,3,0.0007398328743875027,True,10,0.001190416980534792,True,3,0
random_regular,50,14,75,0.061224489795918366,3.0,3,3,0.0,0.04,7,3.8857142857142857,0.2998652743893898,5.731454058987798,0.2998652743893898,3.000000000000001,-2.731454058987799,1,3,0.0002337908372282982,4,5.674990825355053e-05,3,0.0007440419867634773,True,10,0.0012235839385539293,True,3,0
random_regular,50,15,75,0.061224489795918366,3.0,3,3,0.0,0.0,7,3.750204081632653,0.30567180725375814,5.788270203994291,0.30567180725375814,2.999999999999999,-2.788270203994297,1,4,0.00023783394135534763,4,5.6416960433125496e-05,3,0.0007428328972309828,True,10,0.0012212498113512993,True,3,0
random_regular,50,16,75,0.061224489795918366,3.0,3,3,0.0,0.04,9,4.055510204081632,0.1599168568868853,5.698348309011123,0.1599168568868853,3.0000000000000004,-2.698348309011123,1,3,0.0002401249948889017,3,5.625002086162567e-05,3,0.0007502499502152205,True,10,0.0012507499195635319,True,3,0
random_regular,50,17,75,0.061224489795918366,3.0,3,3,0.0,0.08,8,3.987755102040816,0.2360653479055957,5.713899478795973,0.2360653479055957,3.000000000000001,-2.7138994787959736,1,4,0.0002376250922679901,4,5.6625111028552055e-05,3,0.0007531659211963415,True,10,0.0012131251860409975,True,3,0
random_regular,50,18,75,0.061224489795918366,3.0,3,3,0.0,0.06,8,3.8971428571428572,0.2287602381405602,5.744335889494459,0.2287602381405602,2.999999999999999,-2.7443358894944656,1,3,0.00023904209956526756,4,5.629193037748337e-05,3,0.0007372500840574503,True,10,0.0012473328970372677,True,3,0
random_regular,50,19,75,0.061224489795918366,3.0,3,3,0.0,0.04,8,3.8955102040816327,0.2252433924122297,5.662854149015769,0.2252433924122297,2.9999999999999987,-2.662854149015769,1,4,0.00023641716688871384,4,5.625002086162567e-05,3,0.0007398338057100773,True,10,0.0011922919657081366,True,3,0
random_regular,50,20,75,0.061224489795918366,3.0,3,3,0.0,0.02,7,3.740408163265306,0.32135130372709814,5.7841976502607775,0.32135130372709814,3.0,-2.784197650260775,1,3,0.0002377079799771309,4,5.625002086162567e-05,3,0.0007405830547213554,True,10,0.0011868751607835293,True,3,0
random_regular,50,21,75,0.061224489795918366,3.0,3,3,0.0,0.02,8,4.0351020408163265,0.24198277598812012,5.810172839906107,0.24198277598812012,3.0000000000000004,-2.810172839906102,1,4,0.00023741601034998894,4,5.616690032184124e-05,3,0.0007410829421132803,True,10,0.0012906251940876245,True,3,0
random_regular,50,22,75,0.061224489795918366,3.0,3,3,0.0,0.02,8,4.021224489795919,0.16172905558177225,5.796839378328662,0.16172905558177225,2.9999999999999996,-2.7968393783286576,1,3,0.00023670820519328117,4,5.566701292991638e-05,3,0.0007389581296592951,True,10,0.0012209999840706587,True,3,0
random_regular,50,23,75,0.061224489795918366,3.0,3,3,0.0,0.02,7,4.006530612244898,0.21915370858328098,5.729332475965785,0.21915370858328098,3.0,-2.729332475965787,1,4,0.00023995805531740189,4,5.654105916619301e-05,4,0.0007407080847769976,True,10,0.00122170802205801,True,4,0
random_regular,50,24,75,0.061224489795918366,3.0,3,3,0.0,0.02,7,3.806530612244898,0.3482788566013526,5.739514488656146,0.3482788566013526,3.0000000000000004,-2.7395144886561447,1,4,0.0002393750473856926,3,5.629099905490875e-05,3,0.0007380410097539425,True,10,0.001208083936944604,True,3,0
random_regular,50,25,75,0.061224489795918366,3.0,3,3,0.0,0.02,7,3.8546938775510204,0.2531911202338872,5.7883599982374685,0.2531911202338872,3.000000000000002,-2.7883599982374685,1,4,0.00023779203183948994,4,5.5999960750341415e-05,4,0.0007414170540869236,True,10,0.0012233748566359282,True,4,0
random_regular,50,26,75,0.061224489795918366,3.0,3,3,0.0,0.02,8,3.947755102040816,0.248457520254881,5.770490069780901,0.248457520254881,2.9999999999999996,-2.77049006978091,1,4,0.00019254209473729134,4,4.3833162635564804e-05,3,0.000554999802261591,True,10,0.0011599999852478504,True,3,0
random_regular,50,27,75,0.061224489795918366,3.0,3,3,0.0,0.02,7,3.8179591836734694,0.3327791098662953,5.81984874765113,0.3327791098662953,2.9999999999999982,-2.819848747651128,1,4,0.00023274985142052174,3,5.633290857076645e-05,3,0.0007454580627381802,True,10,0.0012352501507848501,True,3,0
random_regular,50,28,75,0.061224489795918366,3.0,3,3,0.0,0.02,7,3.8179591836734694,0.33606187801960175,5.753869331686766,0.33606187801960175,2.999999999999999,-2.75386933168677,1,4,0.0002380420919507742,4,5.6499848142266273e-05,3,0.0007424161303788424,True,10,0.0012088329531252384,True,3,0
random_regular,50,29,75,0.061224489795918366,3.0,3,3,0.0,0.02,7,3.9657142857142857,0.207886950437215,5.8143683247894575,0.207886950437215,3.0000000000000004,-2.814368324789459,1,4,0.00024041603319346905,4,5.587516352534294e-05,3,0.0007401250768452883,True,10,0.0011811251752078533,True,3,0
random_regular,100,0,150,0.030303030303030304,3.0,3,3,0.0,0.03,8,4.824242424242424,0.20386455302139694,5.752403130796396,0.20386455302139694,3.0000000000000018,-2.7524031307963996,1,4,0.00026650005020201206,4,0.00010850001126527786,4,0.0027753340546041727,True,10,0.0017356669995933771,True,4,0
random_regular,100,1,150,0.030303030303030304,3.0,3,3,0.0,0.0,9,4.848888888888889,0.18445858516868657,5.851169423781858,0.18445858516868657,3.0,-2.8511694237818626,1,4,0.0002965000458061695,4,0.00010933307930827141,3,0.0028392919339239597,True,10,0.0017993329092860222,True,3,0
random_regular,100,2,150,0.030303030303030304,3.0,3,3,0.0,0.02,9,4.737575757575757,0.2405323543304359,5.769639214474545,0.2405323543304359,3.0000000000000013,-2.7696392144745436,1,4,0.00028433301486074924,4,0.00010970886796712875,3,0.0027836658991873264,True,10,0.0017160410061478615,True,3,0
random_regular,100,3,150,0.030303030303030304,3.0,3,3,0.0,0.05,10,5.141212121212122,0.14714099395071528,5.7988132745842815,0.14714099395071528,3.0,-2.798813274584284,1,4,0.0002634588163346052,4,0.00011191610246896744,3,0.0027822910342365503,True,10,0.0016906249802559614,True,3,0
random_regular,100,4,150,0.030303030303030304,3.0,3,3,0.0,0.02,9,4.890909090909091,0.22535461272941235,5.7497816545337415,0.22535461272941235,3.0,-2.749781654533744,1,4,0.00029037497006356716,4,0.00010933284647762775,3,0.0028063750360161066,True,10,0.0017074588686227798,True,3,0
random_regular,100,5,150,0.030303030303030304,3.0,3,3,0.0,0.0,8,4.757575757575758,0.24270847185609018,5.781099646108926,0.24270847185609018,3.0,-2.7810996461089266,1,4,0.0002668339293450117,4,0.0001088329590857029,3,0.002782833995297551,True,10,0.0016961670480668545,True,3,0
random_regular,100,6,150,0.030303030303030304,3.0,3,3,0.0,0.01,9,4.834343434343435,0.20675612008909738,5.78124889773348,0.20675612008909738,3.000000000000001,-2.781248897733485,1,4,0.0002684157807379961,3,0.00010966695845127106,3,0.0027727498672902584,True,10,0.0017029589507728815,True,3,0
random_regular,100,7,150,0.030303030303030304,3.0,3,3,0.0,0.02,9,4.85979797979798,0.21677830181374025,5.8272084068712715,0.21677830181374025,3.000000000000001,-2.827208406871268,1,4,0.000269915908575058,4,0.00010983296670019627,3,0.002777540823444724,True,10,0.0017183749005198479,True,3,0
random_regular,100,8,150,0.030303030303030304,3.0,3,3,0.0,0.02,9,4.908888888888889,0.18943851888884403,5.785138373060928,0.18943851888884403,3.0000000000000018,-2.785138373060928,1,4,0.00026599992997944355,4,0.00010908301919698715,3,0.0027704578824341297,True,10,0.00172149995341897,True,3,0
random_regular,100,9,150,0.030303030303030304,3.0,3,3,0.0,0.03,9,4.776969696969697,0.21196551300150124,5.751557641607513,0.21196551300150124,3.000000000000001,-2.751557641607509,1,4,0.0002762910444289446,4,0.00010854192078113556,3,0.0027877502143383026,True,10,0.0017060411628335714,True,3,0
random_regular,100,10,150,0.030303030303030304,3.0,3,3,0.0,0.02,9,4.8816161616161615,0.2147406828114205,5.769354645254922,0.2147406828114205,2.999999999999999,-2.7693546452549187,1,4,0.0002717080060392618,4,0.00010862504132091999,3,0.002770500024780631,True,10,0.0017398749478161335,True,3,0
random_regular,100,11,150,0.030303030303030304,3.0,3,3,0.0,0.03,9,4.855353535353536,0.21112317455540897,5.799491095864305,0.21112317455540897,2.9999999999999996,-2.7994910958643078,1,4,0.000268709147349,3,0.00010887510143220425,3,0.0027729158755391836,True,10,0.0016897078603506088,True,3,0
random_regular,100,12,150,0.030303030303030304,3.0,3,3,0.0,0.02,10,5.014141414141414,0.15661983499980908,5.805064611789887,0.15661983499980908,3.0000000000000004,-2.805064611789886,1,4,0.00027224980294704437,4,0.0001088329590857029,3,0.002781416056677699,True,10,0.0016849171370267868,True,3,0
random_regular,100,13,150,0.030303030303030304,3.0,3,3,0.0,0.03,9,4.778585858585859,0.25737404446081785,5.734569976129683,0.25737404446081785,3.0000000000000013,-2.7345699761296816,1,4,0.0002715000882744789,4,0.00010891701094806194,3,0.0027782090473920107,True,10,0.0017092919442802668,True,3,0
random_regular,100,14,150,0.030303030303030304,3.0,3,3,0.0,0.01,9,4.691919191919192,0.2541489927891749,5.8064394798335615,0.2541489927891749,2.9999999999999996,-2.8064394798335583,1,4,0.00027466705068945885,4,0.00010908418335020542,3,0.002792291110381484,True,10,0.0019915830343961716,True,3,0
random_regular,100,15,150,0.030303030303030304,3.0,3,3,0.0,0.05,10,4.968080808080808,0.17668704265894797,5.783363476005343,0.17668704265894797,3.0000000000000004,-2.7833634760053436,1,4,0.000279582804068923,4,0.00010870886035263538,3,0.0027864589355885983,True,10,0.0016999170184135437,True,3,0
random_regular,100,16,150,0.030303030303030304,3.0,3,3,0.0,0.02,8,4.8791919191919195,0.21699385758182424,5.7672534529452895,0.21699385758182424,2.9999999999999996,-2.7672534529452912,1,4,0.0002727080136537552,4,0.00010949978604912758,3,0.0027903751470148563,True,10,0.0017092081252485514,True,3,0
random_regular,100,17,150,0.030303030303030304,3.0,3,3,0.0,0.02,9,4.99030303030303,0.1413117592694681,5.851831046305145,0.1413117592694681,2.9999999999999996,-2.851831046305145,1,4,0.00026666605845093727,4,0.00010887510143220425,3,0.002779874950647354,True,10,0.0016737079713493586,True,3,0
random_regular,100,18,150,0.030303030303030304,3.0,3,3,0.0,0.02,8,4.747474747474747,0.23822562597009062,5.776381107761959,0.23822562597009062,2.999999999999999,-2.7763811077619622,1,4,0.00027312501333653927,4,0.00010887510143220425,3,0.0027771249879151583,True,10,0.001749957911670208,True,3,0
random_regular,100,19,150,0.030303030303030304,3.0,3,3,0.0,0.03,8,4.782828282828283,0.2787050685466665,5.750461290464456,0.2787050685466665,3.0,-2.750461290464459,1,4,0.00026633404195308685,3,0.00011112494394183159,3,0.0027855411171913147,True,10,0.001974124927073717,True,3,0
random_regular,100,20,150,0.030303030303030304,3.0,3,3,0.0,0.01,8,4.7715151515151515,0.22326918087361305,5.747258468761315,0.22326918087361305,3.0000000000000004,-2.747258468761311,1,4,0.00026841694489121437,4,0.00010858383029699326,3,0.002787458011880517,True,10,0.001690541859716177,True,3,0
random_regular,100,21,150,0.030303030303030304,3.0,3,3,0.0,0.02,9,4.905858585858586,0.18761680789920643,5.812970370106315,0.18761680789920643,3.0,-2.8129703701063202,1,4,0.00026754080317914486,4,0.00010933307930827141,3,0.0027825830038636923,True,10,0.0016955421306192875,True,3,0
random_regular,100,22,150,0.030303030303030304,3.0,3,3,0.0,0.01,9,4.748282828282829,0.2661316883561301,5.759395484625091,0.2661316883561301,3.0,-2.759395484625091,1,4,0.00026708305813372135,4,0.00010900013148784637,3,0.002782916883006692,True,10,0.0016901670023798943,True,3,0
random_regular,100,23,150,0.030303030303030304,3.0,3,3,0.0,0.02,8,4.734949494949495,0.261572610562546,5.771115344600089,0.261572610562546,3.0000000000000004,-2.771115344600099,1,4,0.0002985422033816576,4,0.00010929210111498833,3,0.0027882088907063007,True,10,0.0017208331264555454,True,3,0
random_regular,100,24,150,0.030303030303030304,3.0,3,3,0.0,0.0,9,4.744040404040404,0.2579528945250493,5.803833789032675,0.2579528945250493,3.0,-2.8038337890326717,1,4,0.0002696251031011343,4,0.00010899989865720272,3,0.002773999935016036,True,10,0.0018969159573316574,True,3,0
random_regular,100,25,150,0.030303030303030304,3.0,3,3,0.0,0.02,9,4.85979797979798,0.18270655057016771,5.7765869358533255,0.18270655057016771,2.999999999999998,-2.7765869358533424,1,4,0.0002727080136537552,4,0.00010850001126527786,3,0.0027817920781672,True,10,0.001710791140794754,True,3,0
random_regular,100,26,150,0.030303030303030304,3.0,3,3,0.0,0.04,10,5.122424242424242,0.16045924896010322,5.79179843537296,0.16045924896010322,3.0000000000000004,-2.7917984353729577,1,4,0.00027029099874198437,4,0.00010899989865720272,3,0.0028073750436306,True,10,0.0016978750936686993,True,3,0
random_regular,100,27,150,0.030303030303030304,3.0,3,3,0.0,0.03,9,4.861818181818182,0.18090127642420017,5.77616630769117,0.18090127642420017,3.0,-2.776166307691167,1,4,0.00027125002816319466,4,0.00010916683822870255,3,0.0027782919351011515,True,10,0.0017313328571617603,True,3,0
random_regular,100,28,150,0.030303030303030304,3.0,3,3,0.0,0.0,8,4.796363636363636,0.2084294266561102,5.786102590305053,0.2084294266561102,3.0,-2.7861025903050542,1,4,0.0002681668847799301,4,0.00010866695083677769,3,0.0027756248600780964,True,10,0.0017001661472022533,True,3,0
random_regular,100,29,150,0.030303030303030304,3.0,3,3,0.0,0.0,8,4.754141414141414,0.25329998887769173,5.807038043734818,0.25329998887769173,3.0,-2.8070380437348184,1,3,0.000267416937276721,4,0.00010941713117063046,3,0.0027785419952124357,True,10,0.001925707794725895,True,3,0
random_regular,200,0,300,0.01507537688442211,3.0,3,3,0.0,0.01,10,5.793417085427135,0.20407084401945605,5.783457255032548,0.20407084401945605,2.999999999999999,-2.7834572550325407,1,4,0.0003616251051425934,4,0.00021245796233415604,3,0.010793583001941442,True,10,0.0022620409727096558,True,3,0
random_regular,200,1,300,0.01507537688442211,3.0,3,3,0.0,0.005,10,5.775829145728643,0.18699828243183156,5.795841791922241,0.18699828243183156,2.9999999999999982,-2.7958417919222396,1,4,0.00032924977131187916,4,0.00021316600032150745,3,0.010752208065241575,True,10,0.002443042118102312,True,3,0
random_regular,200,2,300,0.01507537688442211,3.0,3,3,0.0,0.005,11,5.938291457286432,0.1543146372953162,5.816079317913378,0.1543146372953162,2.9999999999999996,-2.8160793179133754,1,4,0.00035262503661215305,4,0.00022316677495837212,3,0.01077470788732171,True,10,0.002275124890729785,True,3,0
random_regular,200,3,300,0.01507537688442211,3.0,3,3,0.0,0.0,10,5.797135678391959,0.19048338497911682,5.8123225623632235,0.19048338497911682,3.0,-2.812322562363226,1,4,0.0003527081571519375,4,0.0002141671720892191,3,0.010767416097223759,True,10,0.0022987909615039825,True,3,0
random_regular,200,4,300,0.01507537688442211,3.0,3,3,0.0,0.01,10,5.796231155778894,0.2002731345989054,5.820003159451139,0.2002731345989054,3.0000000000000018,-2.82000315945113,1,4,0.0003574579022824764,4,0.00021366705186665058,3,0.010809000115841627,True,10,0.002302125096321106,True,3,0
random_regular,200,5,300,0.01507537688442211,3.0,3,3,0.0,0.005,10,5.780904522613065,0.1953884388017928,5.839961140482824,0.1953884388017928,3.0,-2.839961140482816,1,3,0.00032500014640390873,4,0.0002137920819222927,3,0.0107889159116894,True,10,0.002259500091895461,True,3,0
random_regular,200,6,300,0.01507537688442211,3.0,3,3,0.0,0.01,11,5.8166331658291455,0.17678531962549826,5.796051464491306,0.17678531962549826,2.999999999999999,-2.7960514644913137,1,4,0.00034624990075826645,4,0.00021483306773006916,3,0.010808459017425776,True,10,0.002565333852544427,True,3,0
random_regular,200,7,300,0.01507537688442211,3.0,3,3,0.0,0.01,10,5.806633165829146,0.1872487467450426,5.794990859221715,0.1872487467450426,3.0000000000000018,-2.7949908592217168,1,4,0.0003464999608695507,4,0.00021445797756314278,3,0.010763542028144002,True,10,0.002259250031784177,True,3,0
random_regular,200,8,300,0.01507537688442211,3.0,3,3,0.0,0.01,10,5.783819095477387,0.21027252528591248,5.784424046671781,0.21027252528591248,2.9999999999999996,-2.784424046671786,1,4,0.00035770819522440434,4,0.00021704193204641342,3,0.010770500171929598,True,10,0.002626792062073946,True,3,0
random_regular,200,9,300,0.01507537688442211,3.0,3,3,0.0,0.0,10,5.832010050251256,0.19609741920872203,5.82845680772124,0.19609741920872203,3.0,-2.8284568077212278,1,4,0.00034200004301965237,4,0.00021700002253055573,3,0.010771290864795446,True,10,0.002321291947737336,True,3,0
random_regular,200,10,300,0.01507537688442211,3.0,3,3,0.0,0.02,10,5.789195979899498,0.19863024956866604,5.801509650599408,0.19863024956866604,3.0000000000000027,-2.801509650599409,1,4,0.00034600007347762585,4,0.00021374993957579136,3,0.010804041987285018,True,10,0.002319666091352701,True,3,0
random_regular,200,11,300,0.01507537688442211,3.0,3,3,0.0,0.01,10,5.822311557788945,0.19109112070562437,5.805634345945065,0.19109112070562437,2.9999999999999964,-2.8056343459450614,1,4,0.0003438340499997139,4,0.0002132500521838665,3,0.010764000006020069,True,10,0.002558042062446475,True,3,0
random_regular,200,12,300,0.01507537688442211,3.0,3,3,0.0,0.0,9,5.683718592964824,0.20792261733080378,5.806570438878158,0.20792261733080378,3.0000000000000018,-2.8065704388781536,1,4,0.0003296250943094492,4,0.00021320907399058342,3,0.01075333310291171,True,10,0.0028708341997116804,True,3,0
random_regular,200,13,300,0.01507537688442211,3.0,3,3,0.0,0.005,10,5.8235175879396985,0.1791284402890934,5.803519778412894,0.1791284402890934,2.999999999999999,-2.8035197784128925,1,4,0.0003888749051839113,4,0.0002206659410148859,3,0.010798624949529767,True,10,0.002473750151693821,True,3,0
random_regular,200,14,300,0.01507537688442211,3.0,3,3,0.0,0.005,10,5.831708542713568,0.1913296363616763,5.779776966808015,0.1913296363616763,3.0,-2.7797769668080172,1,4,0.00035787513479590416,4,0.00021754205226898193,3,0.01075887493789196,True,10,0.0023837918415665627,True,3,0
random_regular,200,15,300,0.01507537688442211,3.0,3,3,0.0,0.005,10,5.765979899497488,0.18715609916962245,5.829541346676101,0.18715609916962245,2.9999999999999956,-2.8295413466760997,1,4,0.0003315829671919346,4,0.00021354202181100845,3,0.010842042043805122,True,10,0.0022905829828232527,True,3,0
random_regular,200,16,300,0.01507537688442211,3.0,3,3,0.0,0.02,10,5.815477386934673,0.20093458145311685,5.789599409501505,0.20093458145311685,2.9999999999999987,-2.789599409501512,1,4,0.000338749960064888,4,0.00021474994719028473,3,0.010738125070929527,True,10,0.002405458828434348,True,3,0
random_regular,200,17,300,0.01507537688442211,3.0,3,3,0.0,0.005,10,5.787085427135678,0.19362117459267783,5.791450276641415,0.19362117459267783,3.0000000000000018,-2.791450276641417,1,4,0.0003312921617180109,4,0.0002132919616997242,4,0.010764583013951778,True,10,0.002261167159304023,True,4,0
random_regular,200,18,300,0.01507537688442211,3.0,3,3,0.0,0.0,10,5.758994974874372,0.2024509532949565,5.821558930167057,0.2024509532949565,2.999999999999999,-2.8215589301670687,1,4,0.00033237505704164505,4,0.00021475018002092838,3,0.01077462499961257,True,10,0.002272500190883875,True,3,0
random_regular,200,19,300,0.01507537688442211,3.0,3,3,0.0,0.005,10,5.7853266331658295,0.18557785868763726,5.804475041824999,0.18557785868763726,2.9999999999999987,-2.804475041825001,1,4,0.0003318751696497202,4,0.00021770806051790714,3,0.01080400007776916,True,10,0.0022449169773608446,True,3,0
random_regular,200,20,300,0.01507537688442211,3.0,3,3,0.0,0.01,10,5.857839195979899,0.17727208120088947,5.791236634471766,0.17727208120088947,3.0000000000000027,-2.7912366344717707,1,4,0.00036229100078344345,4,0.0002168749924749136,3,0.010789041873067617,True,10,0.0023797079920768738,True,3,0
random_regular,200,21,300,0.01507537688442211,3.0,3,3,0.0,0.005,10,5.74643216080402,0.21800330174015803,5.790979344796019,0.21800330174015803,2.9999999999999996,-2.790979344796023,1,4,0.00033774995245039463,4,0.00022066710516810417,3,0.010788208106532693,True,10,0.002506084041669965,True,3,0
random_regular,200,22,300,0.01507537688442211,3.0,3,3,0.0,0.005,10,5.781105527638191,0.21481227525106986,5.785408629783201,0.21481227525106986,2.999999999999998,-2.785408629783196,1,4,0.0003307920414954424,4,0.0002151250373572111,3,0.010772415902465582,True,10,0.0022683751303702593,True,3,0
random_regular,200,23,300,0.01507537688442211,3.0,3,3,0.0,0.005,10,5.774371859296482,0.21821652627637864,5.811399750926852,0.21821652627637864,3.000000000000001,-2.811399750926855,1,4,0.0003413332160562277,4,0.00021350011229515076,3,0.010778625030070543,True,10,0.0023891248274594545,True,3,0
random_regular,200,24,300,0.01507537688442211,3.0,3,3,0.0,0.015,10,5.914321608040201,0.1765987256991444,5.815078167951486,0.1765987256991444,2.9999999999999973,-2.8150781679514885,1,4,0.00034541706554591656,4,0.00021395785734057426,3,0.010767624946311116,True,10,0.002338708844035864,True,3,0
random_regular,200,25,300,0.01507537688442211,3.0,3,3,0.0,0.01,10,5.878391959798995,0.16577567501790952,5.8244537488904715,0.16577567501790952,3.0000000000000027,-2.8244537488904737,1,4,0.0003311671316623688,4,0.00021725008264183998,3,0.01078816712833941,True,10,0.002260749926790595,True,3,0
random_regular,200,26,300,0.01507537688442211,3.0,3,3,0.0,0.005,10,5.782562814070352,0.19356439965255054,5.817490251510692,0.19356439965255054,2.9999999999999982,-2.8174902515106894,1,4,0.00033895811066031456,4,0.00021541700698435307,3,0.010794875212013721,True,10,0.0025002078618854284,True,3,0
random_regular,200,27,300,0.01507537688442211,3.0,3,3,0.0,0.005,10,5.789195979899498,0.19244844810098266,5.820222099541209,0.19244844810098266,2.999999999999997,-2.8202220995412066,1,4,0.00032950006425380707,4,0.00021299999207258224,3,0.01074620895087719,True,10,0.0022202918771654367,True,3,0
random_regular,200,28,300,0.01507537688442211,3.0,3,3,0.0,0.01,11,5.8594472361809045,0.16232873848601737,5.81044263650715,0.16232873848601737,2.9999999999999987,-2.8104426365071524,1,4,0.0003552918788045645,4,0.00021600001491606236,3,0.010772750014439225,True,10,0.0024076669942587614,True,3,0
random_regular,200,29,300,0.01507537688442211,3.0,3,3,0.0,0.01,11,5.824321608040201,0.19521599135405748,5.803661467894421,0.19521599135405748,2.9999999999999982,-2.8036614678944276,1,4,0.00032841693609952927,4,0.000214375089854002,3,0.01075733290053904,True,10,0.002239291090518236,True,3,0
barabasi_albert,20,0,51,0.26842105263157895,5.1,12,3,2.7184554438136375,0.3358838383838384,3,1.831578947368421,1.8996564447608428,13.294547239616252,1.8996564447608428,6.213223914843908,-3.500905239797,1,4,0.00018241582438349724,4,2.4250010028481483e-05,4,0.00011508422903716564,True,20,0.0010678749531507492,True,4,0
barabasi_albert,20,1,51,0.26842105263157895,5.1,14,1,3.0643106892089125,0.44357781107781113,3,1.8368421052631578,0.9652628869243808,15.101146337558625,0.9652628869243808,6.523079337213659,-3.5132847400551834,1,6,0.00018329196609556675,4,2.4042092263698578e-05,4,0.00011083297431468964,True,20,0.0010499591007828712,True,4,0
barabasi_albert,20,2,51,0.26842105263157895,5.1,11,3,2.188606862823929,0.30752886002886004,3,1.8789473684210527,1.62644971765532,12.3435437693711,1.62644971765532,5.930998777262692,-3.7335085556330134,1,4,0.00018129195086658,4,2.4209031835198402e-05,4,0.00011487514711916447,True,20,0.0010747909545898438,True,4,0
barabasi_albert,20,3,51,0.26842105263157895,5.1,9,3,1.972308292331602,0.21523809523809523,4,1.9052631578947368,1.6239496271632856,11.148218035606579,1.6239496271632856,5.879151189767328,-3.826070940468976,1,5,0.0001765829510986805,4,2.38749198615551e-05,4,0.00011520902626216412,True,20,0.001045416807755828,True,4,0
barabasi_albert,20,4,51,0.26842105263157895,5.1,13,2,2.879236009777594,0.4378418803418803,3,1.8578947368421053,1.5684941491977642,14.273510415981317,1.5684941491977642,6.295728965446085,-3.7768338867642934,1,5,0.0001780001912266016,4,2.3417174816131592e-05,4,0.00011499994434416294,True,20,0.0010398749727755785,True,4,0
barabasi_albert,20,5,51,0.26842105263157895,5.1,13,3,2.643860813280457,0.40411921411921414,3,1.8894736842105264,1.6024819025874202,14.142810274290678,1.6024819025874202,6.267479521272136,-3.604048788092054,1,5,0.0001782919280230999,4,2.3333122953772545e-05,4,0.00011350004933774471,True,20,0.0010864580981433392,True,4,0
barabasi_albert,20,6,51,0.26842105263157895,5.1,11,3,2.3,0.37947691197691197,3,1.9,1.6072428499471378,12.442871395422651,1.6072428499471378,6.044648154227941,-3.6706066334423983,1,5,0.0001771249808371067,4,2.3333122953772545e-05,4,0.0001137908548116684,True,20,0.001058459049090743,True,4,0
barabasi_albert,20,7,51,0.26842105263157895,5.1,12,3,2.5079872407968904,0.31854256854256857,3,1.8789473684210527,1.6777833362218033,13.270261096170952,1.6777833362218033,6.099568367292022,-3.94241643797107,1,4,0.00017920811660587788,4,2.3416941985487938e-05,4,0.00011449982412159443,True,16,0.001048667123541236,True,4,0
barabasi_albert,20,8,51,0.26842105263157895,5.1,12,3,2.5079872407968904,0.4126370851370851,3,1.868421052631579,1.6979538679594313,13.235006590896932,1.6979538679594313,6.125817400173233,-3.4549013381455698,1,5,0.00018470804207026958,4,2.312520518898964e-05,4,0.00011562486179172993,True,20,0.0010339999571442604,True,4,0
barabasi_albert,20,9,51,0.26842105263157895,5.1,11,1,2.467792535850613,0.40431096681096684,4,1.9052631578947368,0.9182972598962599,12.48176421898704,0.9182972598962599,6.128663355218379,-3.5702912236582853,1,5,0.0001810840331017971,4,2.3165950551629066e-05,4,0.00011520879343152046,True,20,0.0010505830869078636,True,4,0
barabasi_albert,20,10,51,0.26842105263157895,5.1,10,3,2.5670995305986875,0.2938492063492063,3,1.8421052631578947,1.7673146054510391,12.198057380213815,1.7673146054510391,6.108616225900402,-3.9643174406299546,1,5,0.0001737498678267002,4,2.2999942302703857e-05,4,0.00011529098264873028,True,20,0.0010287079494446516,True,4,0
barabasi_albert,20,11,51,0.26842105263157895,5.1,13,3,2.4269322199023193,0.4027564102564102,3,1.8736842105263158,1.6133516864085848,14.217699426284714,1.6133516864085848,6.06675860599098,-3.578403590641426,1,5,0.00017954199574887753,4,2.3250002413988113e-05,4,0.00011441693641245365,True,20,0.0010290839709341526,True,4,0
barabasi_albert,20,12,51,0.26842105263157895,5.1,12,2,2.4269322199023193,0.3183838383838384,3,1.8736842105263158,1.4010080167044592,13.268883360799204,1.4010080167044592,6.09198760021878,-3.362091546044681,1,5,0.00017479201778769493,4,2.3750122636556625e-05,4,0.00011233310215175152,True,20,0.0010626669973134995,True,4,0
barabasi_albert,20,13,51,0.26842105263157895,5.1,13,2,2.913760456866693,0.5210622710622711,3,1.8578947368421053,1.446618989706994,14.151768424148274,1.446618989706994,6.427853546545303,-3.1842189054780405,1,5,0.00018049986101686954,4,2.2707972675561905e-05,4,0.00011441600508987904,True,20,0.001058374997228384,True,4,0
barabasi_albert,20,14,51,0.26842105263157895,5.1,14,3,3.1128764832546763,0.5217632367632368,3,1.8526315789473684,1.462741216810794,15.12016950089695,1.462741216810794,6.534725340654863,-3.2481498851239525,1,5,0.00017799995839595795,4,2.2417167201638222e-05,4,0.00011262507177889347,True,20,0.0010131248272955418,True,4,0
barabasi_albert,20,15,51,0.26842105263157895,5.1,12,3,2.5865034312755126,0.3789502164502164,3,1.8894736842105264,1.4621431260436317,13.230804680003388,1.4621431260436317,6.2044439763477754,-3.5959271655600342,1,6,0.00017966702580451965,4,2.3083994165062904e-05,4,0.0001163750421255827,True,20,0.001047999830916524,True,4,0
barabasi_albert,20,16,51,0.26842105263157895,5.1,10,3,2.5079872407968904,0.3142460317460317,3,1.8368421052631578,1.8099525084816621,12.131585940629241,1.8099525084816621,6.049399519065281,-3.755002890297252,1,5,0.00018408405594527721,4,2.3999949917197227e-05,4,0.0001177079975605011,True,20,0.0010464161168783903,True,4,0
barabasi_albert,20,17,51,0.26842105263157895,5.1,14,1,2.947880594596735,0.38206043956043956,3,1.831578947368421,0.9704645156436682,15.135739714851205,0.9704645156436682,6.374887284077474,-3.4582806676050404,1,6,0.00018170778639614582,4,2.333289012312889e-05,4,0.00011533289216458797,True,20,0.001041040988638997,True,4,0
barabasi_albert,20,18,51,0.26842105263157895,5.1,11,3,2.2338307903688674,0.3263888888888889,3,1.8421052631578947,1.7472765479036076,12.423071850486835,1.7472765479036076,5.95193914142668,-3.6402970223945053,1,4,0.00017645792104303837,4,2.3250002413988113e-05,4,0.00011345883831381798,True,20,0.0010700840502977371,True,4,0
barabasi_albert,20,19,51,0.26842105263157895,5.1,9,3,1.9974984355438177,0.33055555555555555,4,1.9263157894736842,1.4700995114022444,10.715701517969814,1.4700995114022444,5.804686965262569,-3.8371969317226133,1,5,0.00018095807172358036,4,2.2416934370994568e-05,4,0.00011154101230204105,True,20,0.0010180838871747255,True,4,0
barabasi_albert,20,20,51,0.26842105263157895,5.1,14,1,3.047950130825634,0.3851914751914752,3,1.8368421052631578,0.952825115363325,15.138085560697984,0.952825115363325,6.471568561377907,-3.352178003755674,1,6,0.00017758295871317387,4,2.3083994165062904e-05,4,0.00011291704140603542,True,20,0.0010232499334961176,True,4,0
barabasi_albert,20,21,51,0.26842105263157895,5.1,12,3,2.364318083507378,0.3029004329004329,3,1.8631578947368421,1.3169883939589957,13.26845222797128,1.3169883939589957,6.059441383322263,-3.725606645086694,1,4,0.00017833407036960125,4,2.3333122953772545e-05,4,0.00011441693641245365,True,20,0.0010444170329719782,True,4,0
barabasi_albert,20,22,51,0.26842105263157895,5.1,12,3,2.3853720883753127,0.2902164502164502,3,1.8789473684210527,1.74342793975821,13.266361894643632,1.74342793975821,6.102587357346611,-3.586954631289221,1,5,0.0001888340339064598,4,2.2999942302703857e-05,4,0.00011470797471702099,True,20,0.0010257919784635305,True,4,0
barabasi_albert,20,23,51,0.26842105263157895,5.1,15,3,2.99833287011299,0.471017316017316,3,1.8210526315789475,1.6626753802326766,16.10833163570365,1.6626753802326766,6.359281647807436,-3.7236985541057988,1,5,0.0001760418526828289,4,2.2999942302703857e-05,4,0.0001144171692430973,True,20,0.0010808331426233053,True,4,0
barabasi_albert,20,24,51,0.26842105263157895,5.1,12,3,2.861817604250837,0.4258585858585858,3,1.8368421052631578,1.7764014702781934,13.54157226914193,1.7764014702781934,6.239883123269654,-3.7626034432888167,1,5,0.00017612497322261333,4,2.2624852135777473e-05,4,0.00011516688391566277,True,16,0.001028207829222083,True,4,0
barabasi_albert,20,25,51,0.26842105263157895,5.1,11,2,2.5475478405713994,0.3865800865800866,3,1.8894736842105264,1.4331446289684961,12.365844143671618,1.4331446289684961,6.151217157045702,-3.5676506932625545,1,5,0.00019070785492658615,4,2.2916821762919426e-05,4,0.00011075008660554886,True,20,0.0010221668053418398,True,4,0
barabasi_albert,20,26,51,0.26842105263157895,5.1,11,2,2.3853720883753127,0.39468253968253963,3,1.868421052631579,1.638376485740307,12.320066320875924,1.638376485740307,6.004837717714941,-3.501289737272346,1,5,0.00017916620709002018,4,2.3416010662913322e-05,4,0.00011454080231487751,True,20,0.0010255419183522463,True,4,0
barabasi_albert,20,27,51,0.26842105263157895,5.1,13,3,2.7730849247724096,0.4713461538461538,3,1.8578947368421053,1.71256754545343,14.201788865485332,1.71256754545343,6.231265585631224,-3.46103657918523,1,4,0.00017970893532037735,4,2.2416003048419952e-05,4,0.00011179200373589993,True,20,0.0010400000028312206,True,4,0
barabasi_albert,20,28,51,0.26842105263157895,5.1,10,1,2.6438608132804573,0.28238095238095234,3,1.9,0.9244624811969657,12.009113235985891,0.9244624811969657,6.272166161531487,-3.800660937848681,1,5,0.0001763750333338976,4,2.3042084649205208e-05,4,0.00011270795948803425,True,19,0.0010310830548405647,True,4,0
barabasi_albert,20,29,51,0.26842105263157895,5.1,12,1,2.879236009777594,0.42938311688311687,3,1.8894736842105264,0.9533476822007506,13.27322252340349,0.9533476822007506,6.4526013241954026,-3.531085078593486,1,5,0.00017925002612173557,4,2.258317545056343e-05,4,0.00011166604235768318,True,20,0.001043291063979268,True,4,0
barabasi_albert,50,0,141,0.11510204081632654,5.64,19,3,4.184542985799046,0.28329557628474034,4,2.2685714285714287,1.4570336585592638,20.481591595999966,1.4570336585592638,8.086165076038938,-4.810343179636238,1,6,0.00027920911088585854,4,7.383385673165321e-05,4,0.0007619170937687159,True,20,0.0015625839587301016,True,4,0
barabasi_albert,50,1,141,0.11510204081632654,5.64,25,1,4.444142211945968,0.2733958263958264,4,2.275918367346939,0.9661714461122316,26.174629084919438,0.9661714461122316,8.507212970222984,-4.843142345556414,1,5,0.0002479159738868475,5,6.691692396998405e-05,4,0.0007554579060524702,True,19,0.0014767090324312449,True,4,0
barabasi_albert,50,2,141,0.11510204081632654,5.64,19,3,3.502913073429028,0.1459358974358974,4,2.299591836734694,1.5942823535651713,20.376777248606928,1.5942823535651713,7.597066595773741,-5.000983906711316,1,6,0.00024925009347498417,4,6.77499920129776e-05,4,0.0007539170328527689,True,20,0.0014869160950183868,True,4,0
barabasi_albert,50,3,141,0.11510204081632654,5.64,19,3,3.8249705881222145,0.1558988912704083,4,2.269387755102041,1.5364774854260321,20.517267128218403,1.5364774854260321,7.786737794405287,-5.029212775690379,1,5,0.0002490838523954153,4,7.295794785022736e-05,4,0.0007567920256406069,True,20,0.0014780000783503056,True,4,0
barabasi_albert,50,4,141,0.11510204081632654,5.64,25,2,4.74872614497825,0.36347192982456134,5,2.2253061224489796,1.2952207554265773,26.21423015789226,1.2952207554265773,8.503097317007285,-5.109698987274459,1,6,0.0002512501087039709,4,7.283291779458523e-05,4,0.0007582500111311674,True,18,0.0014959161635488272,True,4,0
barabasi_albert,50,5,141,0.11510204081632654,5.64,18,3,3.637361681218957,0.22008683473389354,4,2.333877551020408,1.433174305958703,19.60723641531386,1.433174305958703,7.90631194544474,-4.524127512139407,1,7,0.00025170808658003807,4,6.775022484362125e-05,4,0.0007529999129474163,True,20,0.001473583048209548,True,4,0
barabasi_albert,50,6,141,0.11510204081632654,5.64,18,3,3.5707702250354894,0.21247720906544437,4,2.3134693877551022,1.4550232260852038,19.456020738166735,1.4550232260852038,7.778161596837851,-4.536634776382332,1,6,0.00025391695089638233,4,6.983289495110512e-05,4,0.0007564581464976072,True,20,0.0015264591202139854,True,4,0
barabasi_albert,50,7,141,0.11510204081632654,5.64,16,3,3.2909573075322625,0.16466028416028414,4,2.3387755102040817,1.2886801049548402,17.624004592527196,1.2886801049548402,7.5151923036232215,-4.509808521865323,1,6,0.00024908408522605896,4,6.954208947718143e-05,4,0.0007656251545995474,True,19,0.001472958130761981,True,4,0
barabasi_albert,50,8,141,0.11510204081632654,5.64,20,3,3.8872097962420296,0.21351561166731442,4,2.28,1.5257339824513845,21.330185363218455,1.5257339824513845,7.908177697617951,-5.049651405742381,1,6,0.0002444998826831579,5,6.783404387533665e-05,4,0.0007555419579148293,True,20,0.0014676658902317286,True,4,0
barabasi_albert,50,9,141,0.11510204081632654,5.64,17,3,3.5931045072471797,0.22263987319869671,4,2.320816326530612,1.3177200433437801,18.5112716246622,1.3177200433437801,7.758713143499168,-4.533566175427549,1,5,0.00024800002574920654,4,6.708293221890926e-05,4,0.0007585841231048107,True,20,0.0014717078302055597,True,4,0
barabasi_albert,50,10,141,0.11510204081632654,5.64,19,3,3.9281547831010935,0.26210816084500294,4,2.290612244897959,1.3538236124730239,20.7827068967723,1.3538236124730239,7.893543206901164,-5.054334020775558,1,6,0.00024879095144569874,4,6.766687147319317e-05,4,0.0007582090329378843,True,20,0.0014715420547872782,True,4,0
barabasi_albert,50,11,141,0.11510204081632654,5.64,23,3,4.107359248957899,0.2489294087554957,4,2.2612244897959184,1.5792253833828462,24.221602815849728,1.5792253833828462,7.990281529198294,-4.772131898118537,1,6,0.00025566713884472847,4,6.77499920129776e-05,4,0.0007579158991575241,True,20,0.0014916248619556427,True,4,0
barabasi_albert,50,12,141,0.11510204081632654,5.64,17,3,3.7723202409127463,0.2478492847022259,4,2.3077551020408165,1.4659123905666696,18.975369304678207,1.4659123905666696,7.845600617967035,-4.951833901332169,1,6,0.00024895789101719856,4,6.791693158447742e-05,4,0.0007536250632256269,True,20,0.0014630411751568317,True,4,0
barabasi_albert,50,13,141,0.11510204081632654,5.64,24,3,4.302371439101929,0.32251318653378147,4,2.2375510204081634,1.5818782258235753,25.17000191156632,1.5818782258235753,8.187364315525723,-4.560549791578664,1,6,0.0002469159662723541,5,6.791716441512108e-05,4,0.0007535410113632679,True,19,0.0014600418508052826,True,4,0
barabasi_albert,50,14,141,0.11510204081632654,5.64,19,3,3.6318590281011733,0.20116607369238948,4,2.3387755102040817,1.4635554514018123,20.2724047308961,1.4635554514018123,7.9193620438447,-4.371961821638115,1,6,0.0002552501391619444,4,6.787478923797607e-05,4,0.0007579999510198832,True,20,0.0014964588917791843,True,4,0
barabasi_albert,50,15,141,0.11510204081632654,5.64,18,3,3.713542782842282,0.23889012947836477,4,2.306938775510204,1.492380125206696,19.409232996213163,1.492380125206696,7.833164029888473,-4.660687460601522,1,6,0.0002503329887986183,4,6.720796227455139e-05,4,0.0007561668753623962,True,19,0.0014897079672664404,True,4,0
barabasi_albert,50,16,141,0.11510204081632654,5.64,24,3,3.8974863694437727,0.2254809007417703,4,2.299591836734694,1.4190083886713314,25.140438973321558,1.4190083886713314,7.93916045568794,-4.746350471014095,1,5,0.00025645806454122066,4,6.895815022289753e-05,4,0.0007624160498380661,True,20,0.0014715411234647036,True,4,0
barabasi_albert,50,17,141,0.11510204081632654,5.64,24,1,4.01875602643405,0.24415552080769473,4,2.289795918367347,0.9650887600667442,25.152213889406035,0.9650887600667442,8.068976848155172,-4.636793844187972,1,6,0.00025270809419453144,4,6.791693158447742e-05,4,0.0007643750868737698,True,20,0.0017379580531269312,True,4,0
barabasi_albert,50,18,141,0.11510204081632654,5.64,18,3,3.497198879103103,0.1918543515308221,4,2.2979591836734694,1.506806719616202,19.492611338229114,1.506806719616202,7.589070006359323,-4.7827742408208405,1,6,0.0002484999131411314,4,6.866711191833019e-05,4,0.0007642500568181276,True,20,0.001468665897846222,True,4,0
barabasi_albert,50,19,141,0.11510204081632654,5.64,17,3,3.9987998199459796,0.23740528752293458,4,2.2579591836734694,1.614918852881948,18.647541802624133,1.614918852881948,7.775986501262787,-4.767538926082127,1,6,0.0002493751235306263,4,6.804196164011955e-05,4,0.0007553750183433294,True,20,0.0014481251128017902,True,4,0
barabasi_albert,50,20,141,0.11510204081632654,5.64,24,1,4.376117000264047,0.26824711748968044,4,2.257142857142857,0.9515110783177977,25.1958973672906,0.9515110783177977,8.343139526554845,-4.854126464411723,1,6,0.00024820794351398945,4,6.729201413691044e-05,4,0.0007574169430881739,True,19,0.0014925410505384207,True,4,0
barabasi_albert,50,21,141,0.11510204081632654,5.64,23,3,3.9937951875377884,0.24077357907792687,4,2.266122448979592,1.3966099797022025,24.189392428274523,1.3966099797022025,7.894736502084607,-5.207093942805489,1,7,0.00024983310140669346,4,6.841705180704594e-05,4,0.0007573750335723162,True,19,0.001493833027780056,True,4,0
barabasi_albert,50,22,141,0.11510204081632654,5.64,19,3,3.6428560224087914,0.1941948168790274,4,2.317551020408163,1.5042527261361478,20.329939610616627,1.5042527261361478,7.7431153843286555,-4.7129638799323414,1,7,0.0002631670795381069,4,6.787502206861973e-05,4,0.0007559170480817556,True,20,0.0014647920615971088,True,4,0
barabasi_albert,50,23,141,0.11510204081632654,5.64,22,3,3.5143135887396277,0.22329082029082026,4,2.3420408163265307,1.3557180205019166,23.160627620872738,1.3557180205019166,7.72369433350576,-4.50343632839064,1,5,0.0002480829134583473,5,6.766594015061855e-05,4,0.000767541816458106,True,20,0.001444291090592742,True,4,0
barabasi_albert,50,24,141,0.11510204081632654,5.64,23,3,4.073131473448899,0.2574917235738342,4,2.28,1.419555298382944,24.19227604397677,1.419555298382944,8.024893275209296,-4.899910909207817,1,5,0.0002441250253468752,4,6.741611286997795e-05,4,0.0007545421831309795,True,20,0.0014525840524584055,True,4,0
barabasi_albert,50,25,141,0.11510204081632654,5.64,16,3,3.735023426968029,0.21433150183150182,4,2.324081632653061,1.3977966478082728,18.08327805815365,1.3977966478082728,7.83194067337168,-4.588586144476543,1,6,0.00024395901709794998,4,6.783287972211838e-05,4,0.0007542078383266926,True,20,0.0014520830009132624,True,4,0
barabasi_albert,50,26,141,0.11510204081632654,5.64,23,2,4.542070012670433,0.35443750935055285,4,2.2155102040816326,1.4998051466354152,24.192642913001855,1.4998051466354152,8.218120874532097,-4.690313679616356,1,5,0.00024587521329522133,4,6.766687147319317e-05,4,0.0007569580338895321,True,18,0.001442834036424756,True,4,0
barabasi_albert,50,27,141,0.11510204081632654,5.64,20,3,3.74571755475503,0.19195344868409883,4,2.3044897959183674,1.3728193288959127,21.388765770293148,1.3728193288959127,7.7484361827046175,-4.9736757562641225,1,6,0.0002524999435991049,4,6.945920176804066e-05,4,0.0007577911019325256,True,20,0.0014852089807391167,True,4,0
barabasi_albert,50,28,141,0.11510204081632654,5.64,22,1,3.8769059828682977,0.25513741813741814,4,2.302857142857143,0.9264652195583589,23.179425243008403,0.9264652195583589,7.965704538600658,-4.76940719863166,1,6,0.00024424982257187366,4,6.758398376405239e-05,4,0.0007544578984379768,True,20,0.0014603331219404936,True,4,0
barabasi_albert,50,29,141,0.11510204081632654,5.64,23,1,4.008790341237615,0.2127071286201721,4,2.2848979591836733,0.9639853054530445,24.20781513497772,0.9639853054530445,8.037959469609586,-4.956903983112794,1,6,0.0002477089874446392,5,6.787502206861973e-05,4,0.0007547079585492611,True,19,0.0014375830069184303,True,4,0
barabasi_albert,100,0,291,0.058787878787878785,5.82,30,3,5.505233873324548,0.18702417254401,4,2.515151515151515,1.412116031601713,31.421057123685124,1.412116031601713,9.749751046020908,-6.0290277492674775,1,6,0.0002911670599132776,5,0.00014658388681709766,4,0.0028264590073376894,True,19,0.0036148750223219395,True,4,0
barabasi_albert,100,1,291,0.058787878787878785,5.82,39,1,5.28844022373327,0.18128448341334003,5,2.563030303030303,0.9753132229022526,40.12222287969335,0.9753132229022526,9.923000428097929,-5.974192129758637,1,6,0.0002977079711854458,5,0.0001421249471604824,4,0.0028308748733252287,True,19,0.0019519589841365814,True,4,0
barabasi_albert,100,2,291,0.058787878787878785,5.82,30,3,4.602999022376608,0.10459857706318687,4,2.578989898989899,1.513779654241849,31.23250462408309,1.513779654241849,8.955587838001616,-5.816637742457647,1,6,0.0002905831206589937,4,0.00013704202137887478,4,0.0028389589861035347,True,19,0.001955915940925479,True,4,0
barabasi_albert,100,3,291,0.058787878787878785,5.82,31,3,4.840206607160485,0.1334743692986839,5,2.5804040404040403,1.299529432674299,32.38098799238482,1.299529432674299,9.19802870955801,-5.897053815464694,1,6,0.00030912505462765694,4,0.00014808401465415955,4,0.002815208164975047,True,19,0.002098333090543747,True,4,0
barabasi_albert,100,4,291,0.058787878787878785,5.82,33,3,5.1776056242243875,0.18977595879066467,5,2.573737373737374,1.3578725133069591,34.24515751965386,1.3578725133069591,9.688010160558541,-5.954892544302417,1,6,0.00028829206712543964,5,0.00013412488624453545,4,0.002821083879098296,True,18,0.0019447500817477703,True,4,0
barabasi_albert,100,5,291,0.058787878787878785,5.82,30,3,4.285743809422117,0.12929770416989306,5,2.6422222222222222,1.3186553462848243,31.199411124515386,1.3186553462848243,9.042417740852546,-5.680154601914392,1,6,0.0002894580829888582,5,0.00013637496158480644,4,0.0027959169819951057,True,19,0.0019302081782370806,True,4,0
barabasi_albert,100,6,291,0.058787878787878785,5.82,27,3,4.883400454601282,0.1487778549573946,4,2.568080808080808,1.4151093535864814,28.468766154771295,1.4151093535864814,9.28159740893032,-5.757784927288032,1,6,0.0002930830232799053,5,0.00013391696847975254,4,0.0028358749113976955,True,19,0.002100124955177307,True,4,0
barabasi_albert,100,7,291,0.058787878787878785,5.82,28,3,4.472985580124308,0.14316749366406115,4,2.5965656565656565,1.4311084614897194,29.271027190264327,1.4311084614897194,8.953865870094123,-5.6665014769317485,1,7,0.0002919579856097698,4,0.00013429089449346066,4,0.002803458133712411,True,20,0.00191416684538126,True,4,0
barabasi_albert,100,8,291,0.058787878787878785,5.82,31,3,4.676280573276159,0.13131283027499252,4,2.5935353535353536,1.4279558291895298,32.21895738039247,1.4279558291895298,9.141549048969145,-5.9778096823137075,1,6,0.0002893749624490738,5,0.00013395817950367928,4,0.002808624878525734,True,19,0.0019236670341342688,True,4,0
barabasi_albert,100,9,291,0.058787878787878785,5.82,28,3,4.618181460271999,0.14076022126022125,4,2.584848484848485,1.4275327906236626,29.39453732035995,1.4275327906236626,9.106125352352958,-5.508767522579019,1,7,0.0002882080152630806,5,0.00013391696847975254,4,0.002801500027999282,True,19,0.002070707967504859,True,4,0
barabasi_albert,100,10,291,0.058787878787878785,5.82,28,3,4.674141632428356,0.16238723172252584,4,2.5854545454545454,1.4000202282600482,29.379076165403227,1.4000202282600482,9.074457903474725,-5.8317849972950135,1,7,0.0002974998205900192,5,0.0001336249988526106,4,0.002834665821865201,True,18,0.001947083044797182,True,4,0
barabasi_albert,100,11,291,0.058787878787878785,5.82,33,3,4.93432872840876,0.15018207506288,4,2.5668686868686867,1.469049118052242,34.20996384812109,1.469049118052242,9.264794672636674,-5.86580022704388,1,5,0.0002933330833911896,5,0.00013529090210795403,4,0.0028119580820202827,True,19,0.0019690829794853926,True,4,0
barabasi_albert,100,12,291,0.058787878787878785,5.82,25,3,4.513047750689106,0.15399209320091672,4,2.6107070707070705,1.402199863503689,26.505197107261218,1.402199863503689,9.018272382228373,-5.5937622269047225,1,6,0.0002967498730868101,5,0.00013562501408159733,4,0.0028032080736011267,True,19,0.0021059999708086252,True,4,0
barabasi_albert,100,13,291,0.058787878787878785,5.82,35,3,5.101725198401028,0.20280889664763904,4,2.56,1.4512876176121576,36.156543469250465,1.4512876176121576,9.568564456880416,-5.638795007441147,1,6,0.0002872501499950886,5,0.00013554212637245655,4,0.0028318329714238644,True,19,0.0019342501182109118,True,4,0
barabasi_albert,100,14,291,0.058787878787878785,5.82,24,3,4.227008398382951,0.12744628816092,5,2.6634343434343433,1.3642426819780247,25.42744839016266,1.3642426819780247,9.009405761041092,-5.247059642817617,1,6,0.0002908329479396343,4,0.00013420800678431988,4,0.0028212498873472214,True,20,0.0019243748392909765,True,4,0
barabasi_albert,100,15,291,0.058787878787878785,5.82,27,3,4.689093729069618,0.12549449867746407,4,2.5927272727272728,1.3936370988347695,28.420041519906476,1.3936370988347695,9.164010005973735,-5.7313333647361615,1,7,0.00029004085808992386,4,0.00013345805928111076,4,0.0028132079169154167,True,19,0.002149374922737479,True,4,0
barabasi_albert,100,16,291,0.058787878787878785,5.82,33,3,4.508613977709779,0.09327518276357286,5,2.6121212121212123,1.3514785616706089,34.15291735094149,1.3514785616706089,9.074106371852931,-5.724446797549209,1,7,0.00029279221780598164,4,0.0001354580745100975,4,0.0028060420881956816,True,19,0.001968541881069541,True,4,0
barabasi_albert,100,17,291,0.058787878787878785,5.82,40,2,4.996758949559204,0.14830445577814,4,2.5583838383838384,1.2521409836699493,41.10605729094222,1.2521409836699493,9.375263898414188,-6.196553638796059,1,7,0.0002923330757766962,5,0.00013287481851875782,4,0.0028084160294383764,True,19,0.0019652091432362795,True,4,0
barabasi_albert,100,18,291,0.058787878787878785,5.82,25,3,4.416740879879642,0.12555569251496024,5,2.5947474747474746,1.40017367035657,26.599301985645905,1.40017367035657,8.827859219908134,-5.615638909204735,1,8,0.00029024994000792503,5,0.00013974984176456928,4,0.0028193749021738768,True,19,0.0021603750064969063,True,4,0
barabasi_albert,100,19,291,0.058787878787878785,5.82,23,3,4.708248081824068,0.1486604741110731,4,2.5802020202020204,1.470575973724919,24.757127296200974,1.470575973724919,8.98322548540467,-5.747496804156159,1,6,0.00029337499290704727,4,0.00013425014913082123,4,0.0028361668810248375,True,19,0.001964916940778494,True,4,0
barabasi_albert,100,20,291,0.058787878787878785,5.82,35,1,5.0505049252525245,0.15196391310787594,5,2.5866666666666664,0.9562990556040473,36.18769267120891,0.9562990556040473,9.641138904155191,-6.029424171247134,1,8,0.00029037497006356716,4,0.00013487506657838821,4,0.002810959005728364,True,19,0.001941000111401081,True,4,0
barabasi_albert,100,21,291,0.058787878787878785,5.82,34,3,4.641939249925618,0.13366241502175005,5,2.6014141414141414,1.3882688860917884,35.157851722877155,1.3882688860917884,9.078627347974875,-6.2777003908129965,1,7,0.0002919998951256275,5,0.00014195800758898258,4,0.0028231251053512096,True,20,0.0021502089221030474,True,4,0
barabasi_albert,100,22,291,0.058787878787878785,5.82,29,3,4.439324272904605,0.12152533989415548,5,2.6298989898989897,1.2674872392151053,30.26500939543471,1.2674872392151053,8.966427637957516,-5.5274176142319815,1,7,0.0002889998722821474,4,0.0001343749463558197,4,0.0028521670028567314,True,19,0.001969875069335103,True,4,0
barabasi_albert,100,23,291,0.058787878787878785,5.82,33,3,4.501955130829271,0.1546045478037166,4,2.6195959595959595,1.3775143822486986,34.160022604528635,1.3775143822486986,9.082113578409768,-5.545692336167808,1,6,0.00029474985785782337,5,0.00014229188673198223,4,0.0028089170809835196,True,19,0.0019545829854905605,True,4,0
barabasi_albert,100,24,291,0.058787878787878785,5.82,36,3,5.299773580069248,0.1968239898989899,4,2.54989898989899,1.3103512404443132,37.265723657478944,1.3103512404443132,9.700320031471524,-6.121999854993014,1,6,0.0002925409935414791,5,0.00013337517157196999,4,0.0028210000600665808,True,19,0.0021488750353455544,True,4,0
barabasi_albert,100,25,291,0.058787878787878785,5.82,30,3,4.893628510624811,0.12355219753201498,4,2.567070707070707,1.4577332863582957,31.28829553563132,1.4577332863582957,9.2644127460888,-5.611789255776301,1,7,0.0002953330986201763,5,0.00013883388601243496,4,0.002810833975672722,True,20,0.001969708129763603,True,4,0
barabasi_albert,100,26,291,0.058787878787878785,5.82,39,3,5.662826149547591,0.18533558449347923,4,2.486060606060606,1.4110954399579065,40.13843236845163,1.4110954399579065,9.794121874579997,-6.227038524267653,1,5,0.00028741685673594475,4,0.00013404199853539467,4,0.0028183339163661003,True,19,0.0019265420269221067,True,4,0
barabasi_albert,100,27,291,0.058787878787878785,5.82,31,3,4.8195020489673,0.1426137938373532,4,2.583030303030303,1.4046276081311002,32.276062182018144,1.4046276081311002,9.144703640519007,-6.062370857761566,1,7,0.00028995913453400135,4,0.00013533397577703,4,0.0028288329485803843,True,19,0.002107165986672044,True,4,0
barabasi_albert,100,28,291,0.058787878787878785,5.82,32,1,4.88749424552091,0.15855364210398165,4,2.5802020202020204,0.9441550318237335,33.227242616617744,0.9441550318237335,9.378860548833439,-5.910500184161322,1,6,0.0002861670218408108,5,0.0001344168558716774,4,0.0028112910222262144,True,19,0.00193641590885818,True,4,0
barabasi_albert,100,29,291,0.058787878787878785,5.82,36,3,4.800791601392421,0.13083258932330138,5,2.601212121212121,1.2415604132610645,37.140928287762065,1.2415604132610645,9.34384360494781,-6.078065576669554,1,7,0.00029433402232825756,4,0.00014145788736641407,4,0.0028318341355770826,True,19,0.002059916965663433,True,4,0
barabasi_albert,200,0,591,0.029698492462311557,5.91,41,3,5.990150248533003,0.10231983683596096,5,2.8346231155778896,1.2787617049747406,42.36612508665348,1.2787617049747406,10.994683883996924,-7.17497355773693,1,7,0.00037424988113343716,5,0.00026754196733236313,4,0.010937375016510487,True,18,0.0027457079850137234,True,4,0
barabasi_albert,200,1,591,0.029698492462311557,5.91,56,1,6.049950413019928,0.11453884423084416,5,2.8349748743718592,0.979535433378313,57.11798114786774,0.979535433378313,11.36902877166802,-7.232509917620705,1,7,0.00037416606210172176,5,0.000266792019829154,4,0.01092700008302927,True,18,0.0027728339191526175,True,4,0
barabasi_albert,200,2,591,0.029698492462311557,5.91,47,3,5.489253136811966,0.0888680311718085,5,2.8608040201005025,1.3673546992286694,48.15994861269937,1.3673546992286694,10.383488788684925,-6.912940390578781,1,6,0.00037724990397691727,4,0.0002683328930288553,4,0.01085133315064013,True,19,0.004007541807368398,True,4,0
barabasi_albert,200,3,591,0.029698492462311557,5.91,43,3,5.882337970569186,0.12030067253636562,5,2.8313065326633167,1.302875931149122,44.3447682498903,1.302875931149122,10.737217403647549,-6.74296472151247,1,7,0.0004229999613016844,5,0.00027016690000891685,4,0.010855916189029813,True,19,0.003018750110641122,True,4,0
barabasi_albert,200,4,591,0.029698492462311557,5.91,50,3,6.0176324247996416,0.1024587520089541,5,2.8376884422110553,1.3513306746468872,51.201741462327654,1.3513306746468872,11.147553387523946,-7.199284389390769,1,7,0.00037441705353558064,4,0.0002709170803427696,4,0.010937333106994629,True,18,0.0027972091920673847,True,4,0
barabasi_albert,200,5,591,0.029698492462311557,5.91,43,3,5.178986387315572,0.08646958633901891,5,2.9302010050251255,1.3335582827812147,44.18882292833699,1.3335582827812147,10.475469944174527,-6.999889277386773,1,6,0.0003833749797195196,4,0.0002681668847799301,4,0.009240292012691498,True,19,0.002646333072334528,True,4,0
barabasi_albert,200,6,591,0.029698492462311557,5.91,39,3,6.014307940237181,0.09333258491065638,5,2.807185929648241,1.3878641289050966,40.928489325868334,1.3878641289050966,10.871961958303082,-7.119906614894221,1,6,0.00041070906445384026,5,0.0002813751343637705,4,0.010950915981084108,True,18,0.0031931251287460327,True,4,0
barabasi_albert,200,7,591,0.029698492462311557,5.91,37,3,5.242318189503572,0.08486538089355404,5,2.8949748743718593,1.2029429734429915,38.318611413677075,1.2029429734429915,10.153974026425534,-6.678977108349889,1,6,0.0003890001680701971,5,0.00027558300644159317,4,0.010932750068604946,True,19,0.0028655000496655703,True,4,0
barabasi_albert,200,8,591,0.029698492462311557,5.91,46,3,5.417739380959553,0.10113289215489829,5,2.8823618090452263,1.2751734111271882,47.17720011995435,1.2751734111271882,10.504708601657441,-6.91313956620607,1,7,0.0003792080096900463,5,0.00028308317996561527,4,0.010837875073775649,True,18,0.0027840828988701105,True,4,0
barabasi_albert,200,9,591,0.029698492462311557,5.91,40,3,5.3676717485330645,0.10045194936129867,5,2.885628140703518,1.329355907438679,41.332317578353035,1.329355907438679,10.432125974254745,-6.4326421735325985,1,6,0.00037404103204607964,4,0.00026750005781650543,4,0.01084387511946261,True,18,0.003817250020802021,True,4,0
barabasi_albert,200,10,591,0.029698492462311557,5.91,38,3,5.3133699287740175,0.09728504041142172,5,2.8906532663316584,1.3293271150151968,39.578561985167966,1.3293271150151968,10.298827611957726,-6.772578807920073,1,7,0.00043729180470108986,4,0.0002694581635296345,4,0.010858375113457441,True,19,0.00293654203414917,True,4,0
barabasi_albert,200,11,591,0.029698492462311557,5.91,39,3,5.2385016941869935,0.08649720122117925,5,2.909849246231156,1.3170384672325666,40.278435593675994,1.3170384672325666,10.281945970184093,-6.588986229712252,1,6,0.000389833003282547,5,0.0002715419977903366,4,0.01083412510342896,True,18,0.002772875130176544,True,4,0
barabasi_albert,200,12,591,0.029698492462311557,5.91,34,3,5.105085699574494,0.09449676276667456,5,2.9203015075376886,1.3135617557201953,35.552976025599875,1.3135617557201953,10.235369028824646,-6.439349062994138,1,7,0.00037724990397691727,5,0.0002697499003261328,4,0.010969749884679914,True,19,0.0027704588137567043,True,4,0
barabasi_albert,200,13,591,0.029698492462311557,5.91,52,3,5.839683210585999,0.12105658287654436,5,2.8608040201005025,1.2856155162583447,53.141945101768364,1.2856155162583447,11.028694949076797,-7.004128312006593,1,7,0.00038045807741582394,5,0.0002669580280780792,4,0.010827624937519431,True,19,0.002758749993517995,True,4,0
barabasi_albert,200,14,591,0.029698492462311557,5.91,30,3,4.6831506488687715,0.08873363230278523,5,2.972462311557789,1.304701563608281,31.561418272609718,1.304701563608281,9.988862760025778,-6.128169536711147,1,6,0.0003725830465555191,5,0.0002676248550415039,4,0.010809500003233552,True,19,0.004527125041931868,True,4,0
barabasi_albert,200,15,591,0.029698492462311557,5.91,42,3,5.448109763945657,0.07794988630949386,5,2.8787437185929647,1.2529991202345439,43.24601369628675,1.2529991202345439,10.511977725200616,-6.8082306461024915,1,7,0.0003875410184264183,4,0.0002668329980224371,4,0.010931124910712242,True,19,0.0028410411905497313,True,4,0
barabasi_albert,200,16,591,0.029698492462311557,5.91,45,3,5.3546148320864315,0.07625925739852789,5,2.885678391959799,1.3138179633421687,46.16407574039448,1.3138179633421687,10.37189500580789,-6.827421157482789,1,6,0.0003707499708980322,5,0.0002690830733627081,4,0.01082512503489852,True,19,0.002776915905997157,True,4,0
barabasi_albert,200,17,591,0.029698492462311557,5.91,55,3,5.5974905091478275,0.10396277529087125,5,2.864321608040201,1.313687857894019,56.105936129656385,1.313687857894019,10.624734836312715,-7.310218322524874,1,7,0.00037258281372487545,5,0.00026841601356863976,4,0.010825792094692588,True,19,0.002747500082477927,True,4,0
barabasi_albert,200,18,591,0.029698492462311557,5.91,35,3,5.0251268640702,0.07651555489287687,5,2.924572864321608,1.296725699852143,36.59712355983195,1.296725699852143,10.03544587371292,-6.509257534879672,1,7,0.0003949170932173729,5,0.0002677501179277897,4,0.010956041049212217,True,19,0.0027784158010035753,True,4,0
barabasi_albert,200,19,591,0.029698492462311557,5.91,36,3,5.577804227471596,0.10042673911267533,5,2.851105527638191,1.2959598739979736,37.38751683046838,1.2959598739979736,10.332610252138593,-6.832686770777561,1,6,0.00037575000897049904,5,0.00026908284053206444,4,0.010932459030300379,True,19,0.0027599160093814135,True,4,0
barabasi_albert,200,20,591,0.029698492462311557,5.91,47,1,5.60195501588508,0.10456956093768012,5,2.884572864321608,0.9622330277373605,48.196456089637636,0.9622330277373605,10.88286032234668,-6.904188556713105,1,7,0.0003739169333130121,5,0.0002687079831957817,4,0.010923082940280437,True,18,0.0027836670633405447,True,4,0
barabasi_albert,200,21,591,0.029698492462311557,5.91,49,3,5.6693826824443585,0.10030256261983758,5,2.8558793969849248,1.36121119064761,50.14330364963506,1.36121119064761,10.60264975177149,-7.288150517298915,1,7,0.00036891689524054527,4,0.0002698330208659172,4,0.010833165841177106,True,19,0.002781375078484416,True,4,0
barabasi_albert,200,22,591,0.029698492462311557,5.91,44,3,5.593916338308968,0.09639941421627468,5,2.8647738693467337,1.2516031907962215,45.22290142695692,1.2516031907962215,10.605271819224132,-6.598646380001885,1,7,0.00042304210364818573,5,0.0002847909927368164,4,0.010902082780376077,True,18,0.002944208914414048,True,4,0
barabasi_albert,200,23,591,0.029698492462311557,5.91,45,3,5.2260788359916654,0.07709159522716193,5,2.9045226130653266,1.3199940417957519,46.1968584284627,1.3199940417957519,10.365906699450917,-6.648766989518847,1,6,0.0003760000690817833,5,0.00027920794673264027,4,0.010831041960045695,True,18,0.00278666615486145,True,4,0
barabasi_albert,200,24,591,0.029698492462311557,5.91,56,3,6.202572047143024,0.12189103953516217,5,2.8119095477386935,1.3907102508903748,57.20539889292819,1.3907102508903748,11.16703775010421,-7.642471728983336,1,7,0.0003733749035745859,5,0.0002707908861339092,4,0.010831916937604547,True,16,0.0027778330259025097,True,4,0
barabasi_albert,200,25,591,0.029698492462311557,5.91,45,3,5.69841205951272,0.10481098571070956,5,2.8577386934673368,1.3376244383234024,46.18420997562466,1.3376244383234024,10.644404016858228,-6.674545542958779,1,6,0.00042600021697580814,5,0.00027674995362758636,4,0.010873749852180481,True,19,0.002924832981079817,True,4,0
barabasi_albert,200,26,591,0.029698492462311557,5.91,46,3,6.041680229869834,0.12233789560784664,5,2.8416582914572865,1.2400242760056126,47.26840386512741,1.2400242760056126,11.020707595219413,-6.903204350108334,1,7,0.0003826669417321682,5,0.0002815830521285534,4,0.01082454202696681,True,18,0.004618792096152902,True,4,0
barabasi_albert,200,27,591,0.029698492462311557,5.91,47,3,5.56973069366913,0.09596699567807475,5,2.8603015075376885,1.3337475144084827,48.162893343385576,1.3337475144084827,10.469324570974578,-7.088132259371764,1,8,0.0003768748138099909,5,0.0002686248626559973,4,0.010950790951028466,True,19,0.0027857499662786722,True,4,0
barabasi_albert,200,28,591,0.029698492462311557,5.91,48,1,5.532802183342542,0.0879284385950259,5,2.8665829145728643,0.9558879954416304,49.15352088286275,0.9558879954416304,10.670227621104896,-6.976582748416872,1,7,0.000380166107788682,5,0.0002750419080257416,4,0.010967958020046353,True,18,0.002804541029036045,True,4,0
barabasi_albert,200,29,591,0.029698492462311557,5.91,56,3,5.803610944920413,0.09901491274177034,5,2.8528140703517586,1.3046347154953077,57.109035203141886,1.3046347154953077,10.885279042339114,-7.466193477912998,1,7,0.00037462497130036354,5,0.00027254200540483,4,0.010845417156815529,True,19,0.0027626249939203262,True,4,0
watts_strogatz,20,0,60,0.3157894736842105,6.0,7,5,0.7071067811865476,0.45666666666666667,3,1.9052631578947368,1.647466413829482,9.551278832861211,1.647466413829482,6.097338873642758,-3.235976786039309,1,5,0.00018874998204410076,5,2.574990503489971e-05,5,0.00011595897376537323,True,14,0.0010998749639838934,True,5,0
watts_strogatz,20,1,60,0.3157894736842105,6.0,7,5,0.4472135954999579,0.569047619047619,4,2.0105263157894737,1.309610688587074,9.049297251705683,1.309610688587074,6.052794068354721,-2.666326994710653,1,6,0.00018137507140636444,6,2.600019797682762e-05,6,0.0001254999078810215,True,13,0.0011126669123768806,True,6,0
watts_strogatz,20,2,60,0.3157894736842105,6.0,7,5,0.4472135954999579,0.5599999999999999,4,2.0,1.3531826633994033,8.938252646302011,1.3531826633994033,6.055016726476343,-2.71974140192965,1,6,0.00018154107965528965,6,2.545793540775776e-05,4,0.00011491705663502216,True,13,0.0010748328641057014,True,4,0
watts_strogatz,20,3,60,0.3157894736842105,6.0,7,5,0.4472135954999579,0.5428571428571429,4,1.9842105263157894,1.3296779253354876,9.249167904402618,1.3296779253354876,6.043451910744472,-3.031669187900429,1,5,0.0001848330721259117,6,2.629193477332592e-05,4,0.00011554197408258915,True,13,0.0010854580905288458,True,4,0
watts_strogatz,20,4,60,0.3157894736842105,6.0,7,5,0.5477225575051661,0.46309523809523806,3,1.894736842105263,1.5688612512887212,9.459489757565917,1.5688612512887212,6.058772069718678,-3.1300161428681004,1,6,0.00017754104919731617,5,2.5209039449691772e-05,5,0.00011504092253744602,True,14,0.0010589580051600933,True,5,0
watts_strogatz,20,5,60,0.3157894736842105,6.0,7,5,0.5477225575051661,0.5657142857142856,4,2.031578947368421,1.1051881032556654,9.423644724206405,1.1051881032556654,6.076861004284546,-2.94336299888407,1,6,0.00017829216085374355,6,2.5208108127117157e-05,5,0.00011583301238715649,True,13,0.0010895829182118177,True,5,0
watts_strogatz,20,6,60,0.3157894736842105,6.0,10,4,1.2649110640673518,0.5057936507936508,4,1.8842105263157896,1.5610554689475906,11.42855274813627,1.5610554689475906,6.310648186943729,-3.0880059828651034,1,6,0.00017758412286639214,5,2.500019036233425e-05,5,0.0001139170490205288,True,14,0.0010620830580592155,True,5,0
watts_strogatz,20,7,60,0.3157894736842105,6.0,8,4,0.9486832980505138,0.49869047619047613,4,1.9473684210526316,1.2093836800203859,10.01626115692702,1.2093836800203859,6.20657623963131,-3.359689833706568,1,6,0.00018229195848107338,5,2.5499844923615456e-05,5,0.00011587515473365784,True,14,0.0010956248734146357,True,5,0
watts_strogatz,20,8,60,0.3157894736842105,6.0,7,5,0.7071067811865476,0.4238095238095238,3,1.831578947368421,1.6697677402979,9.366794256056071,1.6697677402979,6.090803720238369,-3.1663118723854087,1,6,0.00018233293667435646,5,2.541579306125641e-05,4,0.00011541717685759068,True,13,0.0010850830003619194,True,4,0
watts_strogatz,20,9,60,0.3157894736842105,6.0,8,4,0.8944271909999159,0.5088095238095238,4,1.9210526315789473,1.3441515014511238,9.879857059639527,1.3441515014511238,6.150961136271779,-2.9932803053987076,1,6,0.00018029194325208664,5,2.5875167921185493e-05,5,0.00011854199692606926,True,14,0.0010541249066591263,True,5,0
watts_strogatz,20,10,60,0.3157894736842105,6.0,7,5,0.5477225575051661,0.48857142857142855,4,1.9421052631578948,1.5759238564167197,9.552948978389127,1.5759238564167197,6.0710828158788015,-3.2875385650205007,1,5,0.00017495802603662014,5,2.445792779326439e-05,4,0.00011550006456673145,True,13,0.0011373329907655716,True,4,0
watts_strogatz,20,11,60,0.3157894736842105,6.0,7,5,0.5477225575051661,0.535952380952381,4,1.9842105263157894,1.3289639678574754,9.465220333822971,1.3289639678574754,6.048435929559895,-3.1793098456684885,1,6,0.00017870799638330936,6,2.5124987587332726e-05,5,0.0001165410503745079,True,13,0.0010746659245342016,True,5,0
watts_strogatz,20,12,60,0.3157894736842105,6.0,7,5,0.7071067811865476,0.4564285714285714,3,1.8736842105263158,1.5510750198050869,9.618660275056717,1.5510750198050869,6.112173419854731,-3.070674495541163,1,5,0.00018516601994633675,6,2.53340695053339e-05,5,0.00011775013990700245,True,14,0.0010713748633861542,True,5,0
watts_strogatz,20,13,60,0.3157894736842105,6.0,7,5,0.7071067811865476,0.5159523809523809,4,1.936842105263158,1.3904993027443733,9.2512289634604,1.3904993027443733,6.115163651443828,-2.9635215464368647,1,6,0.00017666700296103954,6,2.5250017642974854e-05,5,0.00011920812539756298,True,14,0.0010770841035991907,True,5,0
watts_strogatz,20,14,60,0.3157894736842105,6.0,9,4,1.224744871391589,0.47873015873015873,3,1.8736842105263158,1.3355587516042682,10.519483662225749,1.3355587516042682,6.217066611092256,-3.2295719073696865,1,6,0.0002090840134769678,5,2.5416957214474678e-05,5,0.00011775013990700245,True,20,0.001108833122998476,True,5,0
watts_strogatz,20,15,60,0.3157894736842105,6.0,8,4,0.7745966692414834,0.4901190476190476,4,1.9157894736842105,1.449501418538216,9.986907190852078,1.449501418538216,6.100223712180114,-3.191242888469337,1,6,0.0001835001166909933,5,2.5124987587332726e-05,5,0.00011583301238715649,True,14,0.0010494999587535858,True,5,0
watts_strogatz,20,16,60,0.3157894736842105,6.0,7,4,0.9486832980505138,0.45785714285714285,3,1.868421052631579,1.4294760577085628,9.504137103604778,1.4294760577085628,6.160097618407571,-3.176884910582115,1,6,0.00018120906315743923,5,2.450007013976574e-05,4,0.00011804187670350075,True,14,0.0010955838952213526,True,4,0
watts_strogatz,20,17,60,0.3157894736842105,6.0,8,4,0.7745966692414834,0.4913095238095238,4,1.9157894736842105,1.4387279194876668,9.986653622640338,1.4387279194876668,6.099437138458607,-3.290397214656729,1,6,0.00018304097466170788,5,2.5750137865543365e-05,5,0.00011704186908900738,True,14,0.0010987501591444016,True,5,0
watts_strogatz,20,18,60,0.3157894736842105,6.0,7,5,0.5477225575051661,0.5173809523809524,3,1.9105263157894736,1.5536615749586105,9.151396700102174,1.5536615749586105,6.067794235084787,-3.031769745191903,1,5,0.00018308288417756557,5,2.537504769861698e-05,6,0.00011608400382101536,True,13,0.0010823749471455812,True,5,0
watts_strogatz,20,19,60,0.3157894736842105,6.0,8,4,0.9486832980505138,0.5208333333333333,4,1.9263157894736842,1.324510870078611,9.792740938935756,1.324510870078611,6.196233140772596,-2.886478514251504,1,6,0.0001805420033633709,5,2.583279274404049e-05,5,0.0001152919139713049,True,20,0.0011139591224491596,True,5,0
watts_strogatz,20,20,60,0.3157894736842105,6.0,8,5,0.7071067811865476,0.516904761904762,4,1.9578947368421054,1.2191852363405415,9.95949445634076,1.2191852363405415,6.1072823761298105,-3.180168106790268,1,6,0.00017795804888010025,5,2.458319067955017e-05,5,0.00011649983935058117,True,14,0.0010644171852618456,True,5,0
watts_strogatz,20,21,60,0.3157894736842105,6.0,7,5,0.7071067811865476,0.47071428571428575,4,1.8894736842105264,1.5930701564558036,9.568427391078979,1.5930701564558036,6.0790349999729,-3.2522330597873825,1,6,0.00017775013111531734,6,2.5416025891900063e-05,4,0.00011604209430515766,True,14,0.0010609999299049377,True,4,0
watts_strogatz,20,22,60,0.3157894736842105,6.0,7,5,0.5477225575051661,0.4883333333333333,3,1.9157894736842105,1.5554790460503503,9.248836803980558,1.5554790460503503,6.064538842926284,-2.8598580906485487,1,6,0.0001835830044001341,5,2.629193477332592e-05,5,0.00011920812539756298,True,13,0.0010762079618871212,True,5,0
watts_strogatz,20,23,60,0.3157894736842105,6.0,8,5,0.6324555320336759,0.5002380952380953,4,1.9473684210526316,1.4476555275231566,9.711671226705718,1.4476555275231566,6.070591633325935,-2.8677290402464277,1,5,0.00018216599710285664,5,2.4875160306692123e-05,5,0.00011633406393229961,True,13,0.0010800829622894526,True,5,0
watts_strogatz,20,24,60,0.3157894736842105,6.0,9,4,1.0,0.4851190476190476,4,1.9157894736842105,1.2508712795427197,10.375885466504345,1.2508712795427197,6.206857825919513,-3.1596708428420897,1,6,0.00017670798115432262,5,2.6041874662041664e-05,5,0.00011675013229250908,True,14,0.0010927501134574413,True,5,0
watts_strogatz,20,25,60,0.3157894736842105,6.0,7,4,0.7745966692414834,0.46119047619047615,3,1.8894736842105264,1.5031022964720786,9.825566228255816,1.5031022964720786,6.109759788545114,-3.327554676680997,1,5,0.00018112501129508018,5,2.5250017642974854e-05,4,0.00011766701936721802,True,14,0.0010782089084386826,True,4,0
watts_strogatz,20,26,60,0.3157894736842105,6.0,7,5,0.5477225575051661,0.5085714285714286,3,1.936842105263158,1.524430279982182,9.329232724268053,1.524430279982182,6.056013787507544,-3.154361867650303,1,6,0.00018400000408291817,5,2.5333138182759285e-05,5,0.0001152500044554472,True,13,0.0010792501270771027,True,5,0
watts_strogatz,20,27,60,0.3157894736842105,6.0,8,4,1.0,0.49309523809523814,3,1.9157894736842105,1.600466728972755,9.77562411521795,1.600466728972755,6.191686148550826,-3.0191766032927596,1,5,0.00018754182383418083,5,2.5166897103190422e-05,5,0.00011649983935058117,True,14,0.0010920839849859476,True,5,0
watts_strogatz,20,28,60,0.3157894736842105,6.0,7,5,0.5477225575051661,0.5492857142857143,3,1.9684210526315788,1.3894542099554716,9.399868773605709,1.3894542099554716,6.051032250799739,-3.0240074851917966,1,5,0.0001750420778989792,5,2.4624867364764214e-05,5,0.00011733314022421837,True,13,0.0010772079695016146,True,5,0
watts_strogatz,20,29,60,0.3157894736842105,6.0,7,5,0.31622776601683794,0.5895238095238095,4,2.0736842105263156,1.250010298357375,8.844773182968142,1.250010298357375,6.024074195357937,-2.672904257866084,1,5,0.00018058298155665398,6,2.4584122002124786e-05,4,0.00011783395893871784,True,13,0.0010625000577419996,True,4,0
watts_strogatz,50,0,150,0.12244897959183673,6.0,8,4,0.8,0.4578095238095238,6,2.9746938775510205,0.40958933180594886,10.17026597160469,0.40958933180594886,6.124641117564083,-3.5255561637887456,1,6,0.0002483751159161329,6,7.199984975159168e-05,5,0.0007698340341448784,True,14,0.0015486248303204775,True,5,0
watts_strogatz,50,1,150,0.12244897959183673,6.0,8,5,0.565685424949238,0.5128571428571429,7,3.2775510204081635,0.3266073095201803,9.979955887753126,0.3266073095201803,6.075772890980846,-3.4359786930921943,1,6,0.00024795811623334885,5,6.975000724196434e-05,5,0.0007499998901039362,True,14,0.0014885831624269485,True,5,0
watts_strogatz,50,2,150,0.12244897959183673,6.0,7,5,0.4472135954999579,0.5301904761904762,6,3.284081632653061,0.3182351556205649,9.499449640774234,0.3182351556205649,6.069752207073299,-3.1904312695654666,1,6,0.0002495420631021261,6,6.874999962747097e-05,4,0.0007484171073883772,True,13,0.001518332865089178,True,4,0
watts_strogatz,50,3,150,0.12244897959183673,6.0,8,5,0.6633249580710799,0.5156190476190476,6,3.023673469387755,0.3921395747908216,10.176853642664664,0.3921395747908216,6.116244937912111,-3.314521028250032,1,6,0.0002532908692955971,6,6.995792500674725e-05,5,0.0007557920180261135,True,14,0.001511292066425085,True,5,0
watts_strogatz,50,4,150,0.12244897959183673,6.0,8,4,0.8246211251235321,0.46352380952380956,5,2.786122448979592,0.496438522680967,10.231052813979014,0.496438522680967,6.142868884411621,-3.459088390473578,1,5,0.0002585418988019228,6,7.175002247095108e-05,5,0.0007537498604506254,True,14,0.0014961250126361847,True,5,0
watts_strogatz,50,5,150,0.12244897959183673,6.0,8,3,0.8,0.48452380952380947,6,2.975510204081633,0.4684349906575399,9.953976925157725,0.4684349906575399,6.134223770124899,-3.2020504567806514,1,6,0.0002488330937922001,5,7.179216481745243e-05,5,0.0007477500475943089,True,14,0.001511584036052227,True,5,0
watts_strogatz,50,6,150,0.12244897959183673,6.0,10,4,1.0583005244258363,0.4306507936507936,5,2.6783673469387757,0.7139412945883881,11.722566175102799,0.7139412945883881,6.237292514077541,-3.613243885650426,1,6,0.00025462498888373375,5,7.116585038602352e-05,5,0.000755583168938756,True,14,0.0015586251392960548,True,5,0
watts_strogatz,50,7,150,0.12244897959183673,6.0,8,5,0.6928203230275509,0.44085714285714284,5,2.8146938775510204,0.6503643429392028,10.071730552122455,0.6503643429392028,6.081688156433715,-3.598590519787989,1,6,0.0002573749516159296,5,7.166620343923569e-05,4,0.0007523749954998493,True,14,0.0015343748964369297,True,4,0
watts_strogatz,50,8,150,0.12244897959183673,6.0,8,4,0.7483314773547883,0.4234761904761905,5,2.9355102040816328,0.5476105795759681,10.166427549617064,0.5476105795759681,6.169758116827999,-3.6765986732437064,1,6,0.0002482500858604908,5,7.029203698039055e-05,4,0.0007481249049305916,True,14,0.0017705420032143593,True,4,0
watts_strogatz,50,9,150,0.12244897959183673,6.0,7,5,0.4898979485566356,0.5134285714285715,6,3.0587755102040814,0.43524705368897965,9.489908801567656,0.43524705368897965,6.059154132810114,-3.1093982527101467,1,6,0.00025170808658003807,5,6.920797750353813e-05,5,0.0007494580931961536,True,13,0.0015183330979198217,True,5,0
watts_strogatz,50,10,150,0.12244897959183673,6.0,8,5,0.7483314773547883,0.4343333333333333,6,2.776326530612245,0.6261511849486681,10.120720522355038,0.6261511849486681,6.141048608878655,-3.4111668538183744,1,6,0.00025012483820319176,5,6.991601549088955e-05,5,0.000750750070437789,True,14,0.0014981247950345278,True,5,0
watts_strogatz,50,11,150,0.12244897959183673,6.0,8,4,0.6928203230275509,0.5079047619047619,6,2.951020408163265,0.501167457459134,10.023693945200593,0.501167457459134,6.100791408749623,-3.1199906807025557,1,6,0.00025291601195931435,5,7.066689431667328e-05,5,0.000755916815251112,True,14,0.0014959590043872595,True,5,0
watts_strogatz,50,12,150,0.12244897959183673,6.0,8,4,0.7745966692414834,0.47276190476190477,5,2.8816326530612244,0.46513948847825803,9.924445471494922,0.46513948847825803,6.129805127794769,-3.314840725138582,1,6,0.0002514591906219721,5,6.966711953282356e-05,5,0.0007511249277740717,True,14,0.0014870839659124613,True,5,0
watts_strogatz,50,13,150,0.12244897959183673,6.0,8,4,0.8246211251235321,0.4695238095238095,6,2.9183673469387754,0.5136375334936751,10.219632667022115,0.5136375334936751,6.138657415321779,-3.3735647804881945,1,5,0.00024745799601078033,5,7.033301517367363e-05,5,0.0007525419350713491,True,14,0.0015290419105440378,True,5,0
watts_strogatz,50,14,150,0.12244897959183673,6.0,8,5,0.8944271909999159,0.38995238095238094,5,2.6579591836734693,0.7248314602668152,10.547527378260549,0.7248314602668152,6.215219995704963,-3.534976793293956,1,6,0.00025408295914530754,6,7.016700692474842e-05,5,0.0007567920256406069,True,14,0.0014862499665468931,True,5,0
watts_strogatz,50,15,150,0.12244897959183673,6.0,8,4,0.6928203230275509,0.5177142857142857,6,3.0873469387755104,0.3802729615735256,9.90114260702205,0.3802729615735256,6.116603483648627,-3.2228073627069267,1,5,0.00024758419021964073,5,7.075001485645771e-05,6,0.0007552080787718296,True,14,0.001774500124156475,True,5,0
watts_strogatz,50,16,150,0.12244897959183673,6.0,7,4,0.7483314773547883,0.4633333333333334,6,2.902857142857143,0.45983294144798226,9.962471585799538,0.45983294144798226,6.115229466832027,-3.5380169292886463,1,6,0.00025504198856651783,7,7.333303801715374e-05,4,0.0007495828904211521,True,14,0.0014892499893903732,True,4,0
watts_strogatz,50,17,150,0.12244897959183673,6.0,7,5,0.6324555320336759,0.5082857142857143,6,3.1477551020408163,0.38089744116442104,9.984801387079255,0.38089744116442104,6.0938700267714,-3.427802022464107,1,6,0.000250041950494051,5,7.02079851180315e-05,5,0.000748499995097518,True,14,0.0014887501019984484,True,5,0
watts_strogatz,50,18,150,0.12244897959183673,6.0,8,5,0.6928203230275509,0.4908095238095238,7,2.984489795918367,0.37812946790962687,10.066125747980609,0.37812946790962687,6.113464078727905,-3.360232750950862,1,6,0.0002488750033080578,5,7.016700692474842e-05,5,0.0007494580931961536,True,14,0.0015324580017477274,True,5,0
watts_strogatz,50,19,150,0.12244897959183673,6.0,8,5,0.7211102550927979,0.45919047619047615,6,3.015510204081633,0.40606301648802323,10.044676324386172,0.40606301648802323,6.094951165532293,-3.4981962739432686,1,6,0.00025033392012119293,5,7.045804522931576e-05,5,0.0007598330266773701,True,14,0.0014992498327046633,True,5,0
watts_strogatz,50,20,150,0.12244897959183673,6.0,8,5,0.6928203230275509,0.46214285714285713,6,2.953469387755102,0.4885504020249082,10.088028188924397,0.4885504020249082,6.144932297164747,-3.4323110577033287,1,6,0.00020341714844107628,5,5.8459118008613586e-05,4,0.000551166944205761,True,14,0.0014419169165194035,True,4,0
watts_strogatz,50,21,150,0.12244897959183673,6.0,8,5,0.6633249580710799,0.4766666666666666,6,2.9820408163265304,0.4501224299327232,10.138678998181911,0.4501224299327232,6.099668160081643,-3.455103867377609,1,6,0.00025129178538918495,5,6.858306005597115e-05,5,0.0007700829301029444,True,14,0.0015072501264512539,True,5,0
watts_strogatz,50,22,150,0.12244897959183673,6.0,8,4,0.8717797887081347,0.43990476190476185,5,2.8889795918367347,0.5909148533482697,10.077359405579497,0.5909148533482697,6.166228849183635,-3.2914092626123574,1,6,0.00024679116904735565,6,7.091602310538292e-05,5,0.0007493749726563692,True,14,0.0019019159954041243,True,5,0
watts_strogatz,50,23,150,0.12244897959183673,6.0,7,5,0.6,0.5136190476190476,7,3.1787755102040816,0.36849602012701776,9.623683441473748,0.36849602012701776,6.099906893490912,-3.4338641834907753,1,6,0.000253249891102314,5,7.04578123986721e-05,4,0.0007480410858988762,True,13,0.0015499170403927565,True,4,0
watts_strogatz,50,24,150,0.12244897959183673,6.0,7,4,0.8,0.4492380952380952,6,2.9069387755102043,0.43076718328713093,9.854915350742836,0.43076718328713093,6.129052637570092,-3.3892547540236557,1,6,0.00025429180823266506,5,7.054186426103115e-05,5,0.0007525410037487745,True,14,0.0015094580594450235,True,5,0
watts_strogatz,50,25,150,0.12244897959183673,6.0,7,4,0.6324555320336759,0.4483809523809523,6,2.8881632653061224,0.48564996516304637,10.015873860956676,0.48564996516304637,6.090022404513806,-3.740524500550573,1,6,0.000249417033046484,5,6.975000724196434e-05,5,0.0007557091303169727,True,14,0.0014791658613830805,True,5,0
watts_strogatz,50,26,150,0.12244897959183673,6.0,7,5,0.565685424949238,0.502095238095238,6,2.9551020408163264,0.49336824088110975,9.398442869305542,0.49336824088110975,6.071919242323899,-3.295325028346853,1,7,0.0002573330421000719,6,6.94170594215393e-05,6,0.000752083957195282,True,14,0.0015104170888662338,True,6,0
watts_strogatz,50,27,150,0.12244897959183673,6.0,8,5,0.6928203230275509,0.4638095238095238,6,2.994285714285714,0.4839323488098872,9.94158549218904,0.4839323488098872,6.113221949847928,-3.325943697830298,1,6,0.0002509579062461853,5,6.987503729760647e-05,5,0.0007529580034315586,True,14,0.0015026661567389965,True,5,0
watts_strogatz,50,28,150,0.12244897959183673,6.0,8,4,0.7483314773547883,0.4681428571428572,6,2.8212244897959184,0.5807683587194292,10.300595513306195,0.5807683587194292,6.161438261452634,-3.4614497950831855,1,6,0.000251667108386755,5,6.991694681346416e-05,6,0.000752708874642849,True,14,0.0015092501416802406,True,5,0
watts_strogatz,50,29,150,0.12244897959183673,6.0,7,5,0.5291502622129182,0.5371428571428571,6,3.183673469387755,0.4083592551494889,9.579035244709447,0.4083592551494889,6.072394930961394,-3.1840661146823055,1,6,0.00025008292868733406,6,6.841588765382767e-05,5,0.000747583108022809,True,13,0.0017812091391533613,True,5,0
watts_strogatz,100,0,300,0.06060606060606061,6.0,8,4,0.6633249580710799,0.4430238095238095,7,3.6175757575757577,0.3638397845246928,10.326187030378886,0.3638397845246928,6.107493695097851,-3.5038327324139575,1,6,0.00028716702945530415,6,0.0001377500593662262,5,0.002778958063572645,True,14,0.0020141249988228083,True,5,0
watts_strogatz,100,1,300,0.06060606060606061,6.0,8,5,0.5830951894845301,0.47883333333333333,8,3.8682828282828283,0.23696390559298153,9.935976288609256,0.23696390559298153,6.079482367019997,-3.385668710326587,1,6,0.00029395800083875656,5,0.0001360420137643814,5,0.0027730411384254694,True,14,0.001965791918337345,True,5,0
watts_strogatz,100,2,300,0.06060606060606061,6.0,8,4,0.6164414002968976,0.5013095238095238,8,4.027676767676768,0.1821562203759916,10.079470310560161,0.1821562203759916,6.108713586941536,-3.3666405334129808,1,6,0.00029845908284187317,6,0.0001379998866468668,5,0.002812833059579134,True,14,0.002156292088329792,True,5,0
watts_strogatz,100,3,300,0.06060606060606061,6.0,8,4,0.7615773105863908,0.48180952380952374,7,3.7670707070707072,0.29089099750741254,10.11605645177436,0.29089099750741254,6.14523688929904,-3.3010216708270597,1,6,0.00029508303850889206,6,0.00014949985779821873,5,0.0027849171310663223,True,14,0.001959374872967601,True,5,0
watts_strogatz,100,4,300,0.06060606060606061,6.0,8,5,0.6782329983125268,0.4544047619047619,8,3.7896969696969696,0.26517305285269904,10.385150033675611,0.26517305285269904,6.103438300269657,-3.6106258285869672,1,6,0.0002906250301748514,5,0.00013933400623500347,6,0.0028180000372231007,True,14,0.0019583338871598244,True,5,0
watts_strogatz,100,5,300,0.06060606060606061,6.0,8,4,0.7211102550927979,0.48202380952380947,7,3.7418181818181817,0.2914744838680353,10.744320054654885,0.2914744838680353,6.142946175874729,-3.665381069866676,1,6,0.0002929170150309801,5,0.0001383339986205101,5,0.0027913751546293497,True,14,0.0021627089008688927,True,5,0
watts_strogatz,100,6,300,0.06060606060606061,6.0,9,4,0.8366600265340756,0.40423809523809523,6,3.4535353535353535,0.4017596390180393,10.885307892607814,0.4017596390180393,6.179827736406114,-3.8511320510162506,1,6,0.0002961249556392431,5,0.00015012500807642937,5,0.0028176670894026756,True,14,0.001979874912649393,True,5,0
watts_strogatz,100,7,300,0.06060606060606061,6.0,8,5,0.7483314773547883,0.4130952380952381,7,3.5347474747474745,0.39480690528993506,10.229790711468429,0.39480690528993506,6.1247406408101766,-3.6624074595276856,1,6,0.00029133399948477745,5,0.00013845902867615223,5,0.0027868328616023064,True,14,0.0019785419572144747,True,5,0
watts_strogatz,100,8,300,0.06060606060606061,6.0,8,4,0.7874007874011811,0.46245238095238095,7,3.7476767676767677,0.28778856964271143,10.635699957260526,0.28778856964271143,6.154868430635925,-3.48399432222358,1,6,0.0002957500983029604,5,0.00013862503692507744,5,0.0027868750039488077,True,14,0.0031856668647378683,True,5,0
watts_strogatz,100,9,300,0.06060606060606061,6.0,8,4,0.6164414002968976,0.48757142857142854,8,3.958181818181818,0.19629160264234846,10.102658825213863,0.19629160264234846,6.177091724472268,-3.350361554797372,1,6,0.0002978330012410879,6,0.00013762502931058407,5,0.0028157501947134733,True,14,0.001976749859750271,True,5,0
watts_strogatz,100,10,300,0.06060606060606061,6.0,8,4,0.7348469228349535,0.4545952380952381,7,3.6846464646464647,0.3228996714271575,10.49368471992094,0.3228996714271575,6.111627997899365,-3.4494755810652347,1,6,0.00029304204508662224,6,0.00013941689394414425,5,0.0027881250716745853,True,14,0.0019560838118195534,True,5,0
watts_strogatz,100,11,300,0.06060606060606061,6.0,8,4,0.6164414002968976,0.4690714285714286,6,3.7395959595959596,0.3496355870305903,10.064915252412368,0.3496355870305903,6.133723171658952,-3.4092991682110285,1,6,0.00029374985024333,5,0.00013766693882644176,5,0.002805874915793538,True,14,0.00215162499807775,True,5,0
watts_strogatz,100,12,300,0.06060606060606061,6.0,8,4,0.7348469228349535,0.47338095238095235,8,3.7896969696969696,0.296798872445583,10.629439582291528,0.296798872445583,6.103078553198333,-3.5403197595851643,1,7,0.0002907079178839922,6,0.00013987510465085506,5,0.0028119590133428574,True,14,0.001969291130080819,True,5,0
watts_strogatz,100,13,300,0.06060606060606061,6.0,8,4,0.8,0.4496428571428572,7,3.601818181818182,0.28054601000080914,10.236520223877418,0.28054601000080914,6.130641311939054,-3.445009228755472,1,6,0.00029495800845324993,6,0.00013916706666350365,5,0.0028405829798430204,True,14,0.0019787498749792576,True,5,0
watts_strogatz,100,14,300,0.06060606060606061,6.0,9,4,0.7483314773547883,0.4415952380952381,7,3.6436363636363636,0.3789221327895861,10.818976026857571,0.3789221327895861,6.127291315104324,-3.6210005884208174,1,6,0.000290874857455492,6,0.00013941689394414425,5,0.002815208164975047,True,14,0.002168542006984353,True,5,0
watts_strogatz,100,15,300,0.06060606060606061,6.0,8,4,0.7348469228349535,0.45507142857142857,6,3.5327272727272727,0.38830096089360694,10.36849761993546,0.38830096089360694,6.151608970059009,-3.5696152480140477,1,6,0.00029266695491969585,6,0.00013941596262156963,5,0.002810125006362796,True,14,0.0019687090534716845,True,5,0
watts_strogatz,100,16,300,0.06060606060606061,6.0,9,4,0.848528137423857,0.4504920634920635,7,3.5894949494949495,0.3477510654598558,10.977922451566469,0.3477510654598558,6.186823990148629,-3.5776187418265617,1,6,0.0002935829106718302,6,0.00014166696928441525,5,0.002810457954183221,True,14,0.002077708952128887,True,5,0
watts_strogatz,100,17,300,0.06060606060606061,6.0,8,4,0.7348469228349535,0.5001428571428571,8,3.8656565656565656,0.23612535929556233,10.023688939772477,0.23612535929556233,6.145502392516189,-3.3205002732863993,1,6,0.0003299168311059475,6,0.00014312495477497578,6,0.002784457989037037,True,14,0.002182791940867901,True,6,0
watts_strogatz,100,18,300,0.06060606060606061,6.0,8,4,0.6324555320336759,0.48911904761904756,7,3.7195959595959596,0.2881635223211891,10.25973397333415,0.2881635223211891,6.10965174291998,-3.575641449230502,1,6,0.0002930841874331236,6,0.00014495919458568096,6,0.0027797920629382133,True,14,0.001955542014911771,True,6,0
watts_strogatz,100,19,300,0.06060606060606061,6.0,8,4,0.8,0.44942857142857146,7,3.6951515151515153,0.28131824566339203,10.0695407361094,0.28131824566339203,6.14282561140111,-3.509075755830501,1,6,0.000294666038826108,6,0.00014029094018042088,5,0.0028357089031487703,True,14,0.0019694578368216753,True,5,0
watts_strogatz,100,20,300,0.06060606060606061,6.0,8,3,0.7745966692414834,0.4867142857142857,8,3.797979797979798,0.2693503922026732,10.245054580690956,0.2693503922026732,6.125401503133976,-3.4532758931772687,1,6,0.00029304088093340397,6,0.00013754190877079964,5,0.002788166981190443,True,20,0.002178917173296213,True,5,0
watts_strogatz,100,21,300,0.06060606060606061,6.0,8,4,0.7874007874011811,0.45476190476190476,7,3.753939393939394,0.2582656163848046,10.51889224208052,0.2582656163848046,6.130937421051819,-3.4516990709253688,1,6,0.00029574986547231674,5,0.0001389589160680771,5,0.0027743750251829624,True,14,0.0019667078740894794,True,5,0
watts_strogatz,100,22,300,0.06060606060606061,6.0,8,4,0.7745966692414834,0.4212619047619047,7,3.5313131313131314,0.3297268944974431,10.317738235712056,0.3297268944974431,6.1672447073588925,-3.7326992827796572,1,7,0.0002933340147137642,6,0.00014629215002059937,5,0.0027858340181410313,True,14,0.0019678750541061163,True,5,0
watts_strogatz,100,23,300,0.06060606060606061,6.0,9,4,0.7745966692414834,0.46509523809523806,7,3.639393939393939,0.3344856362170896,10.853016642688184,0.3344856362170896,6.150221651870225,-3.443368065250859,1,6,0.00029133306816220284,5,0.0001382920891046524,5,0.002788000041618943,True,14,0.0021655000746250153,True,5,0
watts_strogatz,100,24,300,0.06060606060606061,6.0,7,4,0.648074069840786,0.431952380952381,7,3.7066666666666666,0.2832038782314287,10.127579163636165,0.2832038782314287,6.15149264122208,-3.7192974136170656,1,6,0.00029645790345966816,6,0.00013820803724229336,5,0.0027920419815927744,True,14,0.0019775000400841236,True,5,0
watts_strogatz,100,25,300,0.06060606060606061,6.0,8,4,0.7071067811865476,0.47419047619047616,7,3.694141414141414,0.3385757300440352,10.493921560684392,0.3385757300440352,6.135704376040493,-3.4857458892629114,1,6,0.0002972499933093786,6,0.00013904203660786152,5,0.002785957884043455,True,14,0.0019701248966157436,True,5,0
watts_strogatz,100,26,300,0.06060606060606061,6.0,8,4,0.6928203230275509,0.49409523809523814,8,3.932121212121212,0.2503077082186621,10.047823106651979,0.2503077082186621,6.127223924350912,-3.379740280042022,1,6,0.00032479199580848217,6,0.00014237500727176666,5,0.0027968750800937414,True,14,0.00229816697537899,True,5,0
watts_strogatz,100,27,300,0.06060606060606061,6.0,8,3,0.8602325267042626,0.4691428571428571,7,3.7151515151515153,0.26267321495796314,10.473850651735416,0.26267321495796314,6.238197407034267,-3.366219419459349,1,6,0.0002997908741235733,5,0.00014208396896719933,5,0.002791499951854348,True,14,0.00196033320389688,True,5,0
watts_strogatz,100,28,300,0.06060606060606061,6.0,8,4,0.7071067811865476,0.4786190476190476,8,3.8646464646464644,0.2632243711196127,10.178430402170463,0.2632243711196127,6.128542864784333,-3.31483433871953,1,7,0.0002910830080509186,6,0.00013924995437264442,5,0.0027850421611219645,True,14,0.001948332879692316,True,5,0
watts_strogatz,100,29,300,0.06060606060606061,6.0,8,4,0.7071067811865476,0.48516666666666663,7,3.697171717171717,0.3123356946313782,10.05770644830659,0.3123356946313782,6.115232042644798,-3.3778915717260993,1,6,0.00029066717252135277,5,0.00013729091733694077,5,0.0027840828988701105,True,14,0.002159917028620839,True,5,0
watts_strogatz,200,0,600,0.03015075376884422,6.0,8,4,0.7549834435270749,0.4379166666666666,8,4.415427135678392,0.25613145340735466,10.258003066760653,0.25613145340735466,6.154445647908161,-3.530445828169296,1,6,0.0003752082120627165,6,0.0002721250057220459,5,0.010724290972575545,True,14,0.0028305419255048037,True,5,0
watts_strogatz,200,1,600,0.03015075376884422,6.0,8,4,0.6855654600401044,0.46713095238095237,9,4.591407035175879,0.21451491449720655,10.26232803216175,0.21451491449720655,6.119484117980503,-3.581141407168895,1,7,0.0003782908897846937,6,0.00027024978771805763,5,0.010694291908293962,True,14,0.00283416616730392,True,5,0
watts_strogatz,200,2,600,0.03015075376884422,6.0,8,3,0.7211102550927979,0.4807857142857143,9,4.631005025125628,0.21454885973631105,10.40503007510086,0.21454885973631105,6.171812378353571,-3.3960913373035084,1,6,0.00037429179064929485,6,0.00027483305893838406,6,0.010709249880164862,True,14,0.0027772500179708004,True,6,0
watts_strogatz,200,3,600,0.03015075376884422,6.0,8,4,0.7071067811865476,0.4537023809523809,10,4.532361809045226,0.21007028631972374,10.776139588404519,0.21007028631972374,6.129702649501583,-3.6719586986225163,1,6,0.000379249919205904,6,0.00027425005100667477,5,0.010779499774798751,True,14,0.0027935830876231194,True,5,0
watts_strogatz,200,4,600,0.03015075376884422,6.0,8,4,0.7071067811865476,0.45846428571428566,9,4.543165829145729,0.2011839919186135,10.684470160053207,0.2011839919186135,6.157828186474404,-3.630433505097683,1,6,0.0004027499817311764,6,0.00028441683389246464,5,0.010828583035618067,True,14,0.0045552500523626804,True,5,0
watts_strogatz,200,5,600,0.03015075376884422,6.0,9,4,0.7,0.46417063492063493,8,4.426281407035176,0.2653625275924949,10.75590988381066,0.2653625275924949,6.1209680081935005,-3.514212903800798,1,6,0.00040200003422796726,6,0.00027608289383351803,5,0.010695625096559525,True,14,0.0028790421783924103,True,5,0
watts_strogatz,200,6,600,0.03015075376884422,6.0,9,4,0.7681145747868608,0.43322222222222223,8,4.325477386934673,0.26744851855635987,11.037230579615743,0.26744851855635987,6.1268785923197955,-3.710400652056513,1,6,0.00037700007669627666,6,0.0002758330665528774,5,0.010825665900483727,True,20,0.0028038749005645514,True,5,0
watts_strogatz,200,7,600,0.03015075376884422,6.0,8,4,0.7615773105863908,0.4453928571428571,8,4.360452261306532,0.2725274265395848,10.64620136654336,0.2725274265395848,6.137754057258166,-3.7158690225833233,1,6,0.0003928330261260271,6,0.0002746249083429575,5,0.010682249907404184,True,14,0.0028343331068754196,True,5,0
watts_strogatz,200,8,600,0.03015075376884422,6.0,8,5,0.6244997998398398,0.4699047619047619,8,4.707939698492463,0.19032538314882858,10.240569899853313,0.19032538314882858,6.1225635783894266,-3.4556568688730755,1,6,0.00037683406844735146,6,0.0002767089754343033,6,0.010833082953467965,True,14,0.0028228750452399254,True,6,0
watts_strogatz,200,9,600,0.03015075376884422,6.0,9,4,0.6782329983125268,0.4650714285714285,9,4.582060301507537,0.1787013854075455,10.825725946352323,0.1787013854075455,6.134977431650075,-3.6196117464927964,1,6,0.00039050006307661533,6,0.0002722078934311867,5,0.010694249998778105,True,14,0.0027832919731736183,True,5,0
watts_strogatz,200,10,600,0.03015075376884422,6.0,8,4,0.7874007874011811,0.44694047619047617,9,4.48497487437186,0.2383530397982324,10.640355526871783,0.2383530397982324,6.1465677638517935,-3.636910969382807,1,6,0.00038441596552729607,5,0.0002842908725142479,5,0.010804667137563229,True,14,0.002824584022164345,True,5,0
watts_strogatz,200,11,600,0.03015075376884422,6.0,8,4,0.7071067811865476,0.47270238095238093,9,4.58859296482412,0.18748504071329497,10.335553370013253,0.18748504071329497,6.1591828774365025,-3.420996813726239,1,6,0.000375417061150074,6,0.0002725000958889723,5,0.010725917061790824,True,14,0.0027979169972240925,True,5,0
watts_strogatz,200,12,600,0.03015075376884422,6.0,9,4,0.7348469228349535,0.4665833333333333,9,4.625427135678392,0.18553831107863764,10.74014011277966,0.18553831107863764,6.18980029294651,-3.594726549585728,1,6,0.00038191606290638447,6,0.00027320790104568005,5,0.01070141582749784,True,14,0.0027981249149888754,True,5,0
watts_strogatz,200,13,600,0.03015075376884422,6.0,9,4,0.812403840463596,0.43698809523809523,8,4.311206030150754,0.26460890768402845,11.04465161088595,0.26460890768402845,6.163356924243635,-3.7703746867172976,1,6,0.0004157500807195902,5,0.00027729105204343796,5,0.010700708022341132,True,20,0.0030472499784082174,True,5,0
watts_strogatz,200,14,600,0.03015075376884422,6.0,9,4,0.806225774829855,0.46098015873015874,8,4.512412060301507,0.2594803784088647,10.80238558496076,0.2594803784088647,6.163490935973065,-3.587567663064717,1,6,0.0003862499725073576,6,0.0002804999239742756,5,0.01071495795622468,True,14,0.0028018748853355646,True,5,0
watts_strogatz,200,15,600,0.03015075376884422,6.0,8,4,0.7416198487095663,0.44152380952380954,8,4.37321608040201,0.29131260843842693,10.485227131512364,0.29131260843842693,6.121647006517656,-3.756928755652434,1,6,0.0003886669874191284,6,0.0002730421256273985,5,0.010802125092595816,True,14,0.002824417082592845,True,5,0
watts_strogatz,200,16,600,0.03015075376884422,6.0,8,5,0.648074069840786,0.45407142857142857,9,4.589296482412061,0.24025487352592656,10.318001601995686,0.24025487352592656,6.143624775458706,-3.5540112022659183,1,6,0.0004138329531997442,6,0.00027204188518226147,5,0.010726290987804532,True,14,0.004863958107307553,True,5,0
watts_strogatz,200,17,600,0.03015075376884422,6.0,9,4,0.7211102550927979,0.4734285714285714,10,4.716532663316583,0.14540960950383464,10.656186547304111,0.14540960950383464,6.170925424168168,-3.57690078729713,1,6,0.00039291707798838615,6,0.0002775830216705799,5,0.010740999830886722,True,14,0.0028153329622000456,True,5,0
watts_strogatz,200,18,600,0.03015075376884422,6.0,9,4,0.7937253933193772,0.45324999999999993,9,4.336733668341709,0.24758445138474805,10.80356874954543,0.24758445138474805,6.142844085923169,-3.5738969792161734,1,6,0.00038416613824665546,6,0.0002764998935163021,6,0.010787916835397482,True,14,0.002794124884530902,True,6,0
watts_strogatz,200,19,600,0.03015075376884422,6.0,9,4,0.7483314773547883,0.450031746031746,9,4.434472361809045,0.26658751860156327,11.0776810325079,0.26658751860156327,6.147634331118168,-3.719921552703239,1,6,0.0003746671136468649,5,0.0002740828786045313,5,0.009583916049450636,True,14,0.00287754088640213,True,5,0
watts_strogatz,200,20,600,0.03015075376884422,6.0,9,4,0.8366600265340756,0.4570515873015873,8,4.426281407035176,0.23681922202030373,10.779532446813555,0.23681922202030373,6.1531635344997015,-3.5270205077143904,1,6,0.0004462089855223894,6,0.0002855409402400255,5,0.010730500100180507,True,14,0.0031922089401632547,True,5,0
watts_strogatz,200,21,600,0.03015075376884422,6.0,9,4,0.7348469228349535,0.4459325396825397,8,4.3952763819095475,0.2761580936445683,10.93992424820618,0.2761580936445683,6.16696708039478,-3.549579173058723,1,7,0.00039404118433594704,5,0.00027358299121260643,5,0.010838833171874285,True,14,0.002958000171929598,True,5,0
watts_strogatz,200,22,600,0.03015075376884422,6.0,9,4,0.8888194417315589,0.4210079365079365,8,4.239698492462312,0.3110560412231644,11.089846949458263,0.3110560412231644,6.20118035296142,-3.7256632756675665,1,6,0.0003805840387940407,6,0.0002756661269813776,5,0.010799000039696693,True,14,0.0028263330459594727,True,5,0
watts_strogatz,200,23,600,0.03015075376884422,6.0,9,4,0.7745966692414834,0.45528571428571424,8,4.505628140703518,0.2415668328237917,10.712909663066341,0.2415668328237917,6.164381739037951,-3.6876526423951335,1,6,0.0003772501368075609,6,0.00027545797638595104,5,0.010746750049293041,True,14,0.0029070409946143627,True,5,0
watts_strogatz,200,24,600,0.03015075376884422,6.0,8,4,0.7280109889280518,0.4501309523809524,8,4.401959798994975,0.2739584178900623,10.297991040455457,0.2739584178900623,6.1329619293087845,-3.521791436937781,1,6,0.00037729181349277496,5,0.0002739580813795328,5,0.010717167053371668,True,14,0.0028864999767392874,True,5,0
watts_strogatz,200,25,600,0.03015075376884422,6.0,8,3,0.7280109889280518,0.46689285714285716,8,4.502814070351759,0.2244811755095077,10.398272183358607,0.2244811755095077,6.1426098364401716,-3.6222097815937175,1,6,0.0003824590239673853,6,0.00027745915576815605,5,0.010813792003318667,True,14,0.0028289591427892447,True,5,0
watts_strogatz,200,26,600,0.03015075376884422,6.0,8,4,0.7416198487095663,0.46026190476190476,8,4.500703517587939,0.21706087261740778,10.42562569744013,0.21706087261740778,6.140869630796731,-3.413208618367893,1,6,0.00037866714410483837,5,0.00028262496925890446,5,0.010795332957059145,True,14,0.0028182081878185272,True,5,0
watts_strogatz,200,27,600,0.03015075376884422,6.0,8,4,0.714142842854285,0.46945238095238095,8,4.576834170854271,0.2120840085190301,10.473149230017304,0.2120840085190301,6.122618569215333,-3.563778625296822,1,7,0.000376666896045208,6,0.00027158320881426334,5,0.010688959155231714,True,14,0.00286566698923707,True,5,0
watts_strogatz,200,28,600,0.03015075376884422,6.0,8,4,0.7615773105863908,0.4425595238095238,8,4.347487437185929,0.2732570125435073,10.65221846966113,0.2732570125435073,6.140237040326249,-3.723589171364473,1,6,0.00038537499494850636,6,0.0002760840579867363,5,0.010710374917834997,True,14,0.004748790990561247,True,5,0
watts_strogatz,200,29,600,0.03015075376884422,6.0,8,4,0.6633249580710799,0.47102380952380957,9,4.690100502512562,0.19443590751863285,10.210927243889664,0.19443590751863285,6.111918012823355,-3.435543619691194,1,7,0.0003855831455439329,6,0.00027645891532301903,5,0.010810166131705046,True,14,0.0028065419755876064,True,5,0
