family,n,instance,m,prop_n,prop_m,prop_density,prop_avg_degree,prop_max_degree,prop_min_degree,prop_degree_std,prop_clustering_coeff,prop_diameter,prop_avg_path_length,prop_spectral_gap,prop_lambda_max_laplacian,prop_algebraic_connectivity,prop_spectral_radius,prop_lambda_min_adj,prop_n_components,random_cut,random_time,greedy_cut,greedy_time,spectral_cut,spectral_time,gw_cut,gw_time,gw_fallback,gnn_cut,gnn_time,best_classical_cut,gnn_wins,gnn_ties
erdos_renyi,20,0,32,20,32,0.16842105263157894,3.2,7,1,1.469693845669907,0.045714285714285714,5,2.4526315789473685,0.33989945301743735,8.596297879004133,0.33989945301743735,3.912773393401629,-3.164619013341015,1,15.0,0.0005645409692078829,28.0,0.0007056249305605888,27.0,0.001286582904867828,28.0,0.06636520801112056,False,28.0,0.08619633293710649,28.0,0,1
erdos_renyi,20,1,26,20,26,0.1368421052631579,2.6,4,1,1.1135528725660044,0.041666666666666664,6,2.8842105263157896,0.2972624174755862,6.413954222066517,0.2972624174755862,3.1555053871870693,-2.8018220932065323,1,12.0,0.0004687500186264515,21.0,0.0005317910108715296,23.0,0.001287874998524785,24.0,0.03362562507390976,False,23.0,0.12837162509094924,24.0,0,0
erdos_renyi,20,2,23,20,23,0.12105263157894737,2.3,5,1,1.1445523142259597,0.0,7,3.1894736842105265,0.19901982447429273,6.764184650807494,0.19901982447429273,2.9964450238552187,-2.8117137655631708,1,13.0,0.00044429104309529066,18.0,0.0005016250070184469,21.0,0.0025948750553652644,21.0,0.031543917022645473,False,21.0,0.07189879205543548,21.0,0,1
erdos_renyi,20,3,25,20,25,0.13157894736842105,2.5,5,1,1.118033988749895,0.09666666666666666,8,3.2736842105263158,0.1178254393630613,6.56040446373521,0.1178254393630613,3.1487597687876985,-2.7225007764801656,1,10.0,0.0019022910855710506,16.0,0.000741582945920527,23.0,0.0013078750343993306,23.0,0.046409000060521066,False,23.0,0.08393645903561264,23.0,0,1
erdos_renyi,20,4,39,20,39,0.20526315789473684,3.9,8,1,1.8681541692269403,0.15571428571428572,4,2.231578947368421,0.5365609013826239,9.579073609232326,0.5365609013826239,4.909201801455719,-3.102263338913311,1,18.0,0.0005720839835703373,29.0,0.0008412079187110066,31.0,0.002445499994792044,32.0,0.032613332965411246,False,30.0,0.0915323750814423,32.0,0,0
erdos_renyi,20,5,31,20,31,0.1631578947368421,3.1,7,1,1.5132745950421556,0.0680952380952381,5,2.542105263157895,0.4261394309223508,8.373261108886924,0.4261394309223508,3.885838894455283,-3.004933441235395,1,18.0,0.00044374994467943907,24.0,0.0005343749653548002,25.0,0.0013027499662712216,27.0,0.02917241700924933,False,26.0,0.08907245798036456,27.0,0,0
erdos_renyi,20,6,31,20,31,0.1631578947368421,3.1,6,1,1.1789826122551597,0.17166666666666666,5,2.5157894736842104,0.5517444714846861,7.825764393543361,0.5517444714846861,3.552140615865183,-3.04986041074384,1,15.0,0.0005293749272823334,25.0,0.0011057499796152115,25.0,0.001517374999821186,27.0,0.027373290969990194,False,27.0,0.07919383293483406,27.0,0,1
erdos_renyi,20,7,29,20,29,0.15263157894736842,2.9,5,1,1.3,0.10833333333333332,6,2.7263157894736842,0.35601998638139715,7.2676353984930016,0.35601998638139715,3.631673450897035,-3.0647681923231125,1,15.0,0.0004656669916585088,25.0,0.0008888329612091184,25.0,0.0013252079952508211,25.0,0.04249050002545118,False,25.0,0.08812974998727441,25.0,0,1
erdos_renyi,20,8,35,20,35,0.18421052631578946,3.5,5,2,0.9219544457292888,0.08666666666666667,4,2.3,0.8309409439374136,7.3852859694493445,0.8309409439374136,3.771270936262649,-3.0864155667667026,1,15.0,0.0021389169851318,30.0,0.0007746249902993441,29.0,0.0014048749580979347,30.0,0.03459404199384153,False,29.0,0.07636275002732873,30.0,0,0
erdos_renyi,20,9,27,20,27,0.14210526315789473,2.7,5,1,1.452583904633395,0.12,7,2.8947368421052633,0.20446868813391653,7.0350130514836975,0.20446868813391653,3.4870310452137745,-2.8145869159147723,1,6.0,0.0004895000020042062,23.0,0.0005424170522019267,23.0,0.0012884580064564943,23.0,0.05303499998990446,False,23.0,0.16733766696415842,23.0,0,1
erdos_renyi,20,10,27,20,27,0.14210526315789473,2.7,5,1,1.2288205727444508,0.08833333333333333,7,2.931578947368421,0.1428556902292024,7.052723812376622,0.1428556902292024,3.3456635409301434,-2.8015706486106158,1,14.0,0.0004736249102279544,21.0,0.0007548750145360827,24.0,0.0032123749842867255,24.0,0.05827941698953509,False,24.0,0.11569262493867427,24.0,0,1
erdos_renyi,20,11,35,20,35,0.18421052631578946,3.5,7,1,1.5,0.14119047619047617,5,2.357894736842105,0.5163675969462631,8.417345741246962,0.5163675969462631,4.180621194595384,-3.3087727608853643,1,18.0,0.0008423749823123217,26.0,0.0018876249669119716,27.0,0.0024607080267742276,31.0,0.06530916690826416,False,31.0,0.13292516698129475,31.0,0,1
erdos_renyi,20,12,28,20,28,0.14736842105263157,2.8,5,1,1.2489995996796797,0.10500000000000001,7,2.9263157894736844,0.23639625294581995,6.890246137735354,0.23639625294581995,3.6132347443529502,-2.8942147215717116,1,17.0,0.0007141669047996402,21.0,0.0008577499538660049,24.0,0.0036056250100955367,24.0,0.043349041021429,False,24.0,0.10554191702976823,24.0,0,1
erdos_renyi,20,13,27,20,27,0.14210526315789473,2.7,5,1,1.2288205727444508,0.06833333333333333,6,2.857894736842105,0.26250763268692234,7.007371879039653,0.26250763268692234,3.3301227119877117,-2.7045005920580523,1,12.0,0.0005879580276086926,22.0,0.0006423339946195483,23.0,0.0014017920475453138,24.0,0.029342707945033908,False,22.0,0.0809919589664787,24.0,0,0
erdos_renyi,20,14,27,20,27,0.14210526315789473,2.7,6,1,1.2688577540449522,0.2,6,2.889473684210526,0.23544584127312704,7.372071565719052,0.23544584127312704,3.360703933675821,-2.6480285879658694,1,16.0,0.0006083330372348428,20.0,0.0007272920338436961,24.0,0.0014387499541044235,24.0,0.042559958063066006,False,24.0,0.09745733300223947,24.0,0,1
erdos_renyi,20,15,24,20,24,0.12631578947368421,2.4,5,1,1.2000000000000002,0.06333333333333332,7,3.094736842105263,0.20691986276376467,6.603826102313814,0.20691986276376467,3.002210041937304,-2.6225652664925865,1,12.0,0.0004760419251397252,19.0,0.0005124580347910523,22.0,0.001140124979428947,22.0,0.031902333023026586,False,20.0,0.08183229190763086,22.0,0,0
erdos_renyi,20,16,21,20,21,0.11052631578947368,2.1,5,1,1.1357816691600546,0.0,9,3.7736842105263158,0.0857976162139189,6.554351058347386,0.0857976162139189,2.7626128378509693,-2.710186837744141,1,13.0,0.0004849160322919488,20.0,0.0004843749338760972,20.0,0.0016564999241381884,20.0,0.04032204195391387,False,20.0,0.0770867500687018,20.0,0,1
erdos_renyi,20,17,27,20,27,0.14210526315789473,2.7,7,1,1.676305461424021,0.028095238095238097,7,2.9210526315789473,0.180144855667849,8.504931409441337,0.180144855667849,3.8146669143051906,-3.315438707485302,1,16.0,0.0004302909364923835,22.0,0.00046083296183496714,26.0,0.0011926249135285616,26.0,0.03362183296121657,False,24.0,0.10871120798401535,26.0,0,0
erdos_renyi,20,18,33,20,33,0.1736842105263158,3.3,6,1,1.3076696830622019,0.24499999999999997,5,2.531578947368421,0.4123803182997448,7.577781442039255,0.4123803182997448,3.7582113393191725,-2.9142744938569454,1,14.0,0.0011020420351997018,24.0,0.0009768749587237835,26.0,0.005123374983668327,27.0,0.036470666993409395,False,26.0,0.08913475007284433,27.0,0,0
erdos_renyi,20,19,28,20,28,0.14736842105263157,2.8,7,1,1.5684387141358123,0.08404761904761905,6,2.778947368421053,0.27531179156102686,8.622886302254894,0.27531179156102686,3.7127399644523225,-3.18170543476181,1,16.0,0.0004396250005811453,21.0,0.0007056249305605888,24.0,0.001885749981738627,24.0,0.04926362505648285,False,24.0,0.08187258301768452,24.0,0,1
erdos_renyi,20,20,33,20,33,0.1736842105263158,3.3,7,1,1.584297951775486,0.24357142857142855,5,2.4894736842105263,0.45117494267642627,8.288771035551157,0.45117494267642627,4.163509123717764,-2.803475708262235,1,20.0,0.0010307920165359974,26.0,0.0011739169713109732,26.0,0.002114624949172139,27.0,0.06299058301374316,False,26.0,0.15953199996147305,27.0,0,0
erdos_renyi,20,21,36,20,36,0.18947368421052632,3.6,6,1,1.4628738838327793,0.1983333333333333,4,2.263157894736842,0.7015520322876406,7.991806927902866,0.7015520322876406,4.188290321361666,-3.1336477466537254,1,14.0,0.00040600006468594074,27.0,0.000536791980266571,30.0,0.0009722909890115261,30.0,0.03361895901616663,False,30.0,0.1697535829152912,30.0,0,1
erdos_renyi,20,22,39,20,39,0.20526315789473684,3.9,7,1,1.8411952639521971,0.18785714285714286,5,2.2421052631578946,0.7002079837956116,8.89924639349639,0.7002079837956116,4.6837188030952,-3.4279687125701837,1,19.0,0.0005080420523881912,27.0,0.0007038749754428864,32.0,0.0013771250378340483,32.0,0.03527875000145286,False,32.0,0.12324250000528991,32.0,0,1
erdos_renyi,20,23,30,20,30,0.15789473684210525,3.0,5,1,1.0488088481701516,0.09666666666666666,6,2.731578947368421,0.2496275399120398,7.122597641066506,0.2496275399120398,3.4302680279036792,-3.0125020717646747,1,13.0,0.0009194579906761646,24.0,0.001317166956141591,25.0,0.0026307919761165977,26.0,0.07969379099085927,False,26.0,0.10766058298759162,26.0,0,1
erdos_renyi,20,24,31,20,31,0.1631578947368421,3.1,9,1,1.786057109949175,0.15583333333333332,5,2.442105263157895,0.4754454284410821,10.276572218490879,0.4754454284410821,4.010959605108202,-3.366133977296914,1,15.0,0.0014202079037204385,24.0,0.00205204205121845,27.0,0.0023007089039310813,27.0,0.07402562501374632,False,27.0,0.0938929159892723,27.0,0,1
erdos_renyi,20,25,21,20,21,0.11052631578947368,2.1,4,1,0.9433981132056604,0.075,10,4.1421052631578945,0.0682146031549687,5.502246340248195,0.0682146031549687,2.6124407799363034,-2.4185230956078065,1,11.0,0.0012456669937819242,18.0,0.0005589589709416032,20.0,0.0029142500134184957,20.0,0.04795258305966854,False,20.0,0.08149875001981854,20.0,0,1
erdos_renyi,20,26,31,20,31,0.1631578947368421,3.1,6,1,1.445683229480096,0.13833333333333334,6,2.6894736842105265,0.2629104499095502,7.4315966903230155,0.2629104499095502,4.04255530687532,-2.6959599788072435,1,16.0,0.000629125046543777,23.0,0.0011507499730214477,26.0,0.0012589589459821582,26.0,0.0401222090004012,False,25.0,0.089092459063977,26.0,0,0
erdos_renyi,20,27,32,20,32,0.16842105263157894,3.2,6,1,1.5999999999999999,0.06999999999999999,5,2.463157894736842,0.4450425800903451,7.699846341744394,0.4450425800903451,4.012491123776112,-2.9262309318199677,1,14.0,0.0004028750117868185,24.0,0.0008653749246150255,26.0,0.0009322080295532942,27.0,0.05087549996096641,False,25.0,0.09364804206416011,27.0,0,0
erdos_renyi,20,28,24,20,24,0.12631578947368421,2.4,6,1,1.3928388277184118,0.07166666666666667,8,3.3210526315789473,0.09175976705998358,7.293468810439275,0.09175976705998358,3.1969466690394257,-2.7845782862892445,1,8.0,0.0005229159723967314,21.0,0.0006008329801261425,22.0,0.0015374579234048724,22.0,0.04539933300111443,False,22.0,0.11162370897363871,22.0,0,1
erdos_renyi,20,29,25,20,25,0.13157894736842105,2.5,5,1,1.4317821063276353,0.06333333333333332,6,2.8947368421052633,0.22607788019878716,7.0631046192954585,0.22607788019878716,3.2377847900902266,-3.0228358541173925,1,14.0,0.00040537503082305193,20.0,0.001878499984741211,24.0,0.0011164580937474966,24.0,0.044697207980789244,False,24.0,0.09680445794947445,24.0,0,1
erdos_renyi,50,0,180,50,180,0.1469387755102041,7.2,12,3,2.172556098240043,0.13907215007215007,4,2.130612244897959,2.2384267554571937,14.316043027127897,2.2384267554571937,7.836142102473763,-4.611639047116229,1,79.0,0.0010597910732030869,124.0,0.0044108330039307475,126.0,0.005451250006444752,133.0,0.1942728750873357,False,132.0,0.14416445803362876,133.0,0,0
erdos_renyi,50,1,173,50,173,0.14122448979591837,6.92,13,3,2.3395726105423615,0.14467321567321567,4,2.1853061224489796,1.835567052059906,15.17230441935595,1.835567052059906,7.7241697056081,-4.708171312316859,1,83.0,0.0009289589943364263,122.0,0.002579334075562656,126.0,0.004878541920334101,127.0,0.21110366703942418,False,127.0,0.2721016249852255,127.0,0,1
erdos_renyi,50,2,182,50,182,0.14857142857142858,7.28,17,2,2.623280389131135,0.1660356538885951,4,2.1355102040816325,1.7571080159042634,18.514508083837327,1.7571080159042634,8.25336094029813,-4.9069836150555215,1,97.0,0.0007607919396832585,129.0,0.0019044580403715372,136.0,0.007212541997432709,136.0,0.23078637500293553,False,136.0,0.13690179190598428,136.0,0,1
erdos_renyi,50,3,159,50,159,0.12979591836734694,6.36,12,2,2.1331666601557413,0.10653679653679653,4,2.275918367346939,1.4255966731212835,13.745257926706765,1.4255966731212835,7.171800649734616,-4.45794410954476,1,91.0,0.0006291669560596347,118.0,0.001814916031435132,122.0,0.0027327078860253096,121.0,0.1371293340343982,False,120.0,0.18994900002144277,122.0,0,0
erdos_renyi,50,4,186,50,186,0.15183673469387754,7.44,15,1,2.85769137591868,0.14874114774114774,4,2.146122448979592,0.6786548557821568,16.908496439944457,0.6786548557821568,8.599134364659836,-4.6918545676964,1,96.0,0.0007957499474287033,127.0,0.011505417060106993,129.0,0.007109749945811927,135.0,0.16383179207332432,False,133.0,0.12104191607795656,135.0,0,0
erdos_renyi,50,5,186,50,186,0.15183673469387754,7.44,13,3,2.255304857441672,0.14442612942612942,4,2.1379591836734693,2.041203196448333,15.71956774035068,2.041203196448333,8.195892786727876,-4.96063206302402,1,97.0,0.0011984159937128425,131.0,0.0030665419762954116,134.0,0.005432375008240342,141.0,0.11207800009287894,False,134.0,0.13860262499656528,141.0,0,0
erdos_renyi,50,6,182,50,182,0.14857142857142858,7.28,12,3,2.4003333101883997,0.14226118326118325,4,2.1616326530612247,2.08314959782416,14.719918599517719,2.08314959782416,8.17064201985952,-4.971583787082688,1,87.0,0.0009087499929592013,130.0,0.0022275419905781746,133.0,0.013334166957065463,136.0,0.16295229201205075,False,130.0,0.19888008409179747,136.0,0,0
erdos_renyi,50,7,176,50,176,0.1436734693877551,7.04,12,2,2.349127497604164,0.12561760461760463,4,2.1730612244897958,1.4571181837238112,14.501716838040316,1.4571181837238112,7.865851771153725,-4.804936939487598,1,98.0,0.0009542499901726842,133.0,0.004026334034278989,128.0,0.02308120799716562,133.0,0.2037022920558229,False,128.0,0.15677091700490564,133.0,0,0
erdos_renyi,50,8,175,50,175,0.14285714285714285,7.0,13,2,2.6,0.12484748584748584,4,2.1918367346938776,1.5599406236849371,15.547689380016116,1.5599406236849371,8.114915034618154,-4.75396969945357,1,83.0,0.0009107079822570086,121.0,0.004392541013658047,129.0,0.00816166598815471,135.0,0.17397637502290308,False,125.0,0.5103039999958128,135.0,0,0
erdos_renyi,50,9,175,50,175,0.14285714285714285,7.0,15,2,2.592296279363144,0.15274358974358973,4,2.1951020408163266,1.594541829932708,16.71370762196692,1.594541829932708,8.060777796299266,-4.927669548727407,1,84.0,0.0005907498998567462,116.0,0.0038352080155164003,123.0,0.00168058299459517,130.0,0.09695504209958017,False,128.0,0.09444429096765816,130.0,0,0
erdos_renyi,50,10,182,50,182,0.14857142857142858,7.28,13,2,2.607987730032486,0.1616252636252636,4,2.1412244897959183,1.755863821917791,15.079431830535443,1.755863821917791,8.170617208041094,-4.811349568598725,1,89.0,0.00022095802705734968,130.0,0.0008267920929938555,129.0,0.0014673329424113035,136.0,0.05303058307617903,False,135.0,0.0585906250635162,136.0,0,0
erdos_renyi,50,11,171,50,171,0.13959183673469389,6.84,11,2,2.2481992794234236,0.10088744588744589,4,2.203265306122449,1.419979250160425,13.685475861207244,1.419979250160425,7.602535757768841,-4.604327797759811,1,78.0,0.0002306249225512147,125.0,0.0006097500445321202,120.0,0.000881417072378099,127.0,0.061686874949373305,False,124.0,0.03189079207368195,127.0,0,0
erdos_renyi,50,12,182,50,182,0.14857142857142858,7.28,13,2,2.6686326086593484,0.17817415917415919,4,2.1322448979591835,1.5586374748919885,15.695947024462612,1.5586374748919885,8.30360769790586,-4.613939386549694,1,101.0,0.00030970899388194084,129.0,0.00058637501206249,127.0,0.0009548340458422899,132.0,0.046799167059361935,False,130.0,0.058467374998144805,132.0,0,0
erdos_renyi,50,13,206,50,206,0.16816326530612244,8.24,15,4,2.4703036250631216,0.17362193362193362,3,2.0310204081632652,2.8295936296773334,16.919238572310878,2.8295936296773334,8.984936371037792,-5.176301894217609,1,113.0,0.0005795829929411411,141.0,0.0009990830440074205,149.0,0.0013405419886112213,149.0,0.08421162492595613,False,140.0,0.03865704103372991,149.0,0,0
erdos_renyi,50,14,178,50,178,0.14530612244897959,7.12,13,2,2.5817823300967877,0.13697191697191696,4,2.186938775510204,1.47846929869616,15.092732319327107,1.47846929869616,8.152340345443232,-4.65152411653135,1,93.0,0.0002013749908655882,121.0,0.0005949169863015413,130.0,0.00079774996265769,135.0,0.04533220792654902,False,128.0,0.036856250022538006,135.0,0,0
erdos_renyi,50,15,185,50,185,0.1510204081632653,7.4,14,2,2.4413111231467406,0.12487312687312688,4,2.123265306122449,1.8004232471855977,15.728967934661371,1.8004232471855977,8.287881728596226,-4.696676117834335,1,88.0,0.00022679194808006287,131.0,0.0005410000449046493,132.0,0.0008910829201340675,138.0,0.04486295802053064,False,137.0,0.04156808299012482,138.0,0,0
erdos_renyi,50,16,150,50,150,0.12244897959183673,6.0,11,1,1.8973665961010275,0.10875324675324675,5,2.3518367346938778,0.7277719621269378,13.06742104172863,0.7277719621269378,6.703448181293596,-4.353796918773478,1,76.0,0.000760124996304512,106.0,0.0006954580312594771,110.0,0.0054322920041158795,115.0,0.10204037500079721,False,115.0,0.05012975004501641,115.0,0,1
erdos_renyi,50,17,145,50,145,0.11836734693877551,5.8,11,2,2.1354156504062622,0.09236219336219337,4,2.342857142857143,1.4694425115394536,12.9007056122987,1.4694425115394536,6.5740505723095,-4.592259239489179,1,64.0,0.00027654203586280346,110.0,0.0006317090010270476,105.0,0.0011080829426646233,113.0,0.07191012497060001,False,113.0,0.05076524999458343,113.0,0,1
erdos_renyi,50,18,204,50,204,0.16653061224489796,8.16,15,4,2.436062396573618,0.1708818958818959,4,2.0342857142857143,2.788860138845246,17.100747367401652,2.788860138845246,8.916040729414132,-4.887926298196102,1,107.0,0.00028483301866799593,138.0,0.0006047920323908329,142.0,0.0010800829622894526,147.0,0.06006141705438495,False,145.0,0.045586083084344864,147.0,0,0
erdos_renyi,50,19,182,50,182,0.14857142857142858,7.28,12,2,2.4822570374560327,0.17251948051948052,4,2.1355102040816325,1.5297169863516666,14.683148610781469,1.5297169863516666,8.0804121223907,-4.905490841055345,1,92.0,0.00021708302665501833,124.0,0.0005101660499349236,133.0,0.0009120421018451452,133.0,0.04223795793950558,False,134.0,0.05272162507753819,133.0,1,0
erdos_renyi,50,20,169,50,169,0.13795918367346938,6.76,15,2,2.470303625063122,0.16694949494949493,4,2.2285714285714286,1.5735904502741624,16.676303050750562,1.5735904502741624,7.784626880050611,-4.76986910983433,1,82.0,0.00023745803628116846,128.0,0.0006518750451505184,129.0,0.0011947500752285123,129.0,0.04886029090266675,False,129.0,0.06903545802924782,129.0,0,1
erdos_renyi,50,21,185,50,185,0.1510204081632653,7.4,14,1,2.778488797889961,0.1923911643911644,4,2.1412244897959183,0.9344317450952181,16.0689204076914,0.9344317450952181,8.474089262570471,-4.742431698383451,1,94.0,0.0002533330116420984,130.0,0.0005192499374970794,127.0,0.0010345829650759697,137.0,0.05624737509060651,False,135.0,0.05871000001206994,137.0,0,0
erdos_renyi,50,22,182,50,182,0.14857142857142858,7.28,14,1,2.4416387939250965,0.14112598512598512,4,2.149387755102041,0.8883184651640487,15.741310252419533,0.8883184651640487,8.104059802648504,-4.828410593491766,1,91.0,0.0002893339842557907,133.0,0.0006898329593241215,129.0,0.0012689579743891954,137.0,0.048964375047944486,False,134.0,0.06519150000531226,137.0,0,0
erdos_renyi,50,23,176,50,176,0.1436734693877551,7.04,11,2,1.9179155351578965,0.15428715728715728,4,2.1812244897959183,1.5727657383577476,13.614925483748234,1.5727657383577476,7.580074025561629,-4.63054720602058,1,89.0,0.00023404101375490427,117.0,0.000489666941575706,127.0,0.002858207910321653,131.0,0.05298920802306384,False,130.0,0.049026292050257325,131.0,0,0
erdos_renyi,50,24,187,50,187,0.1526530612244898,7.48,13,3,2.1376622745419818,0.13864635364635366,3,2.1012244897959182,2.2423448800968546,15.07155970660807,2.2423448800968546,8.099438215847039,-4.756322719887093,1,80.0,0.0003689579898491502,128.0,0.001536124967969954,128.0,0.0009691669838503003,137.0,0.053299374994821846,False,135.0,0.054514250019565225,137.0,0,0
erdos_renyi,50,25,175,50,175,0.14285714285714285,7.0,13,3,2.227105745132009,0.1373038073038073,4,2.183673469387755,1.9589606529909251,14.971961085793083,1.9589606529909251,7.75746876303506,-4.6568065657340885,1,76.0,0.0015740420203655958,126.0,0.0018497910350561142,129.0,0.0014106669696047902,129.0,0.05188754096161574,False,128.0,0.0472084580687806,129.0,0,0
erdos_renyi,50,26,188,50,188,0.15346938775510205,7.52,13,2,2.4838679514016038,0.1626988566988567,4,2.1208163265306124,1.6480699449857181,15.426876720705325,1.6480699449857181,8.358802723054655,-4.898501226708344,1,103.0,0.00026345893274992704,128.0,0.00044758408330380917,140.0,0.0009660000214353204,140.0,0.05383316695224494,False,136.0,0.042577333049848676,140.0,0,0
erdos_renyi,50,27,174,50,174,0.14204081632653062,6.96,13,3,2.181375712709757,0.14993550893550892,4,2.190204081632653,1.7585276216919334,14.726105686959368,1.7585276216919334,7.732431765100111,-4.5871787220705915,1,78.0,0.00023416697513312101,125.0,0.0014266250655055046,125.0,0.0015249999705702066,130.0,0.05003808392211795,False,131.0,0.03840225003659725,130.0,1,0
erdos_renyi,50,28,169,50,169,0.13795918367346938,6.76,12,3,2.1218859535799752,0.12917460317460316,4,2.2,2.0660662081768555,14.511729232544882,2.0660662081768555,7.430004876821073,-4.874912653479662,1,87.0,0.0003834998933598399,118.0,0.0006360419793054461,126.0,0.0010732910595834255,129.0,0.04522220802027732,False,129.0,0.055847082985565066,129.0,0,1
erdos_renyi,50,29,188,50,188,0.15346938775510205,7.52,12,2,2.467711490429949,0.1795815295815296,4,2.1085714285714285,1.7054462360415483,14.806467002518255,1.7054462360415483,8.303186566496572,-4.810171923723213,1,110.0,0.0002180000301450491,137.0,0.0006421670550480485,136.0,0.0010888330871239305,139.0,0.051297583035193384,False,136.0,0.054962375084869564,139.0,0,0
erdos_renyi,100,0,731,100,731,0.14767676767676768,14.62,22,7,3.081493144564823,0.15222860773557367,3,1.9395959595959595,6.00564325028726,24.89003908927794,6.00564325028726,15.250827672078092,-6.644757710003868,1,373.0,0.0004254999803379178,470.0,0.003182249958626926,461.0,0.00613175006583333,484.0,0.22547241707798094,False,484.0,0.08212666597682983,484.0,0,1
erdos_renyi,100,1,754,100,754,0.15232323232323233,15.08,26,7,3.892762515232595,0.15036377458634154,3,1.9333333333333333,6.08726540353515,28.445707687333574,6.08726540353515,16.12917437018188,-7.151337994822647,1,373.0,0.0004772079410031438,488.0,0.0056146669667214155,488.0,0.010668208007700741,508.0,0.2628025410231203,False,509.0,0.14771325001493096,508.0,1,0
erdos_renyi,100,2,772,100,772,0.15595959595959596,15.44,27,6,3.7717900259691017,0.1610216050833698,3,1.930909090909091,5.194246675504523,29.169745107812453,5.194246675504523,16.452298272553726,-7.050725149509715,1,395.0,0.0005239159800112247,495.0,0.0040359171107411385,502.0,0.003972916980274022,517.0,0.28200200002174824,False,513.0,0.0666489580180496,517.0,0,0
erdos_renyi,100,3,713,100,713,0.14404040404040405,14.26,22,7,3.129281067593641,0.13293946249828603,3,1.9616161616161616,5.963370040616457,25.138906479562493,5.963370040616457,14.993429962592458,-7.2512458745847805,1,371.0,0.0004124579718336463,461.0,0.0016754580428823829,488.0,0.0035727079957723618,487.0,0.1932292920537293,False,485.0,0.05842820892576128,488.0,0,0
erdos_renyi,100,4,771,100,771,0.15575757575757576,15.42,26,8,3.079545420999664,0.15591198900858344,3,1.910909090909091,7.186554479079284,28.01705214458211,7.186554479079284,16.029485718105434,-6.927160246692126,1,383.0,0.0003915829584002495,487.0,0.002272833022288978,507.0,0.005802458035759628,507.0,0.18876041693147272,False,501.0,0.06368970801122487,507.0,0,0
erdos_renyi,100,5,801,100,801,0.1618181818181818,16.02,26,8,3.9267798512267023,0.16331324819868365,3,1.903030303030303,6.834404249037066,28.670808244884107,6.834404249037066,17.017325918480125,-7.028044332041823,1,397.0,0.00042354105971753597,511.0,0.002400083001703024,525.0,0.003974832943640649,529.0,0.21842749998904765,False,525.0,0.06803279207088053,529.0,0,0
erdos_renyi,100,6,731,100,731,0.14767676767676768,14.62,25,8,3.5150533424117474,0.14951124989710937,3,1.943838383838384,6.333623700612224,27.37719554955862,6.333623700612224,15.503874290596933,-7.10761527854291,1,360.0,0.0004379579331725836,466.0,0.002841582987457514,487.0,0.005485667032189667,491.0,0.24038075003772974,False,491.0,0.11544562503695488,491.0,0,1
erdos_renyi,100,7,772,100,772,0.15595959595959596,15.44,26,9,3.533610052057244,0.1590708121121636,3,1.912929292929293,6.974159102439958,28.19290491469573,6.974159102439958,16.239909686847458,-6.921394589320485,1,381.0,0.0009158749599009752,496.0,0.005036083981394768,515.0,0.006777875008992851,516.0,0.2740305840270594,False,510.0,0.06090637494344264,516.0,0,0
erdos_renyi,100,8,731,100,731,0.14767676767676768,14.62,24,7,3.662731221370195,0.15493912835866663,3,1.9505050505050505,6.095173346431352,26.329773068224245,6.095173346431352,15.550298737250142,-6.5022812522202065,1,392.0,0.0004337918944656849,460.0,0.001845874940045178,466.0,0.0037611660081893206,481.0,0.20148762490134686,False,485.0,0.05766695796046406,481.0,1,0
erdos_renyi,100,9,719,100,719,0.14525252525252524,14.38,25,8,3.337004644887388,0.13816251428310253,3,1.953131313131313,6.055919478619356,27.135405732535432,6.055919478619356,15.11880206385353,-7.137463121802439,1,367.0,0.0006107499357312918,472.0,0.00464050006121397,478.0,0.004714957904070616,485.0,0.1977372500114143,False,477.0,0.05424691701773554,485.0,0,0
erdos_renyi,100,10,789,100,789,0.1593939393939394,15.78,24,7,3.5569087702666757,0.15646432544736488,3,1.9103030303030304,6.144153143649584,26.867979794653,6.144153143649584,16.610974052388105,-7.407476342449405,1,400.0,0.00047458300832659006,514.0,0.006004750030115247,523.0,0.004152124980464578,530.0,0.255578332929872,False,524.0,0.15917712496593595,530.0,0,0
erdos_renyi,100,11,740,100,740,0.1494949494949495,14.8,22,6,3.3376638536557266,0.15563137352843234,3,1.9402020202020203,5.552841072135139,25.31152790613867,5.552841072135139,15.515478774009829,-7.127309635799695,1,358.0,0.0023212500382214785,492.0,0.0077063749777153134,483.0,0.013705624965950847,492.0,0.4875892089912668,False,496.0,0.13276041694916785,492.0,1,0
erdos_renyi,100,12,748,100,748,0.1511111111111111,14.96,26,7,4.218814999499267,0.16193303708301687,3,1.9472727272727273,5.784431502609041,28.2577009063048,5.784431502609041,16.16066407444957,-7.178991767615512,1,369.0,0.0009727500146254897,492.0,0.021793458960019052,491.0,0.011185791925527155,507.0,0.4688940841006115,False,493.0,0.1769687500782311,507.0,0,0
erdos_renyi,100,13,756,100,756,0.15272727272727274,15.12,25,7,3.522158429145401,0.1447575379078677,3,1.9236363636363636,5.987746437234647,27.1757172366194,5.987746437234647,15.958902968878956,-7.40115272000694,1,355.0,0.002786249970085919,495.0,0.017851750017143786,501.0,0.02514225000049919,517.0,0.6420872920425609,False,503.0,0.15059004200156778,517.0,0,0
erdos_renyi,100,14,767,100,767,0.15494949494949495,15.34,27,8,3.8398437468209563,0.15475773327692832,3,1.9282828282828284,6.35382453674715,29.186363096829226,6.35382453674715,16.34933608301757,-7.16305217764549,1,396.0,0.0027806670404970646,508.0,0.009616542025469244,503.0,0.01633299991954118,514.0,0.6471471670083702,False,507.0,0.32185608393047005,514.0,0,0
erdos_renyi,100,15,752,100,752,0.15191919191919193,15.04,25,8,3.671294049786805,0.14955811337598254,3,1.9333333333333333,6.491020164021891,27.430196628437074,6.491020164021891,15.901824772455857,-7.078630560138528,1,368.0,0.005869166925549507,492.0,0.016653917031362653,498.0,0.06540008296724409,499.0,0.880251833004877,False,499.0,0.292225708020851,499.0,0,1
erdos_renyi,100,16,679,100,679,0.13717171717171717,13.58,23,8,3.4905013966477654,0.13865600864264885,3,1.9947474747474747,5.945507127732203,25.581263748586057,5.945507127732203,14.485459574766093,-6.60380543772294,1,351.0,0.002513042069040239,448.0,0.012282292009331286,449.0,0.01401825004722923,450.0,0.5829534999793395,False,450.0,0.17875029100105166,450.0,0,1
erdos_renyi,100,17,690,100,690,0.1393939393939394,13.8,23,6,3.3793490497431606,0.13311377970827426,3,1.982020202020202,5.188652711279498,25.58839885420907,5.188652711279498,14.629704929264271,-6.949981593230103,1,323.0,0.0010336249833926558,444.0,0.014513041940517724,446.0,0.02023612498305738,469.0,0.7465047920122743,False,468.0,0.1621457498986274,469.0,0,0
erdos_renyi,100,18,785,100,785,0.15858585858585858,15.7,26,7,3.753664875824692,0.1580115990992152,3,1.9064646464646464,6.261142577870705,28.426691648506118,6.261142577870705,16.618700395881287,-6.942751738583229,1,398.0,0.0017429160652682185,504.0,0.011798082967288792,504.0,0.016635125037282705,519.0,0.4691306250169873,False,518.0,0.16542304202448577,519.0,0,0
erdos_renyi,100,19,738,100,738,0.14909090909090908,14.76,26,3,4.049987654302171,0.15590191279607754,3,1.9541414141414142,2.792047261534445,28.583020513720818,2.792047261534445,15.924684785768875,-7.119690924878695,1,363.0,0.0023510000901296735,483.0,0.007240000064484775,487.0,0.015502750058658421,495.0,0.5259067079750821,False,496.0,0.15130033309105784,495.0,1,0
erdos_renyi,100,20,727,100,727,0.14686868686868687,14.54,24,7,3.6480679818227078,0.14240189083213042,3,1.947878787878788,5.980457703165258,26.625269782239876,5.980457703165258,15.47382412673522,-6.987625828734168,1,367.0,0.0009453329257667065,482.0,0.006368041038513184,477.0,0.011270332965068519,484.0,0.5669331250246614,False,478.0,0.3816568750189617,484.0,0,0
erdos_renyi,100,21,775,100,775,0.15656565656565657,15.5,28,8,3.8249182997810554,0.17072422355865619,3,1.9175757575757575,6.792049204748575,29.852367432095214,6.792049204748575,16.44177094382631,-6.834149420821317,1,387.0,0.001158958999440074,502.0,0.01423558290116489,487.0,0.014729583985172212,513.0,0.4707857499597594,False,503.0,0.1638048340100795,513.0,0,0
erdos_renyi,100,22,778,100,778,0.15717171717171718,15.56,24,8,3.3475961524652282,0.1609015124657876,3,1.9159595959595959,6.722288233563059,26.83177064832443,6.722288233563059,16.330215247906608,-7.018187352552748,1,398.0,0.0022924590157344937,500.0,0.010386624955572188,502.0,0.01738874998409301,513.0,0.5960698749404401,False,506.0,0.17368304205592722,513.0,0,0
erdos_renyi,100,23,724,100,724,0.14626262626262626,14.48,22,7,3.1542986542177647,0.13703201124640751,3,1.9537373737373738,5.881493391094443,25.019185333868105,5.881493391094443,15.197477696011699,-6.99638574426949,1,364.0,0.000963917002081871,469.0,0.012696666992269456,479.0,0.021005124901421368,480.0,0.4875167499994859,False,485.0,0.17869174992665648,480.0,1,0
erdos_renyi,100,24,728,100,728,0.14707070707070707,14.56,22,8,3.299454500368205,0.1469875845688539,3,1.9585858585858587,6.122392815525385,25.01584870215184,6.122392815525385,15.358617915899718,-6.619263094182515,1,348.0,0.0010697910329326987,467.0,0.007280583027750254,484.0,0.010107290931046009,484.0,0.7769022909924388,False,486.0,0.1503051669569686,484.0,1,0
erdos_renyi,100,25,781,100,781,0.15777777777777777,15.62,25,7,3.574297133703352,0.15490635903035957,3,1.912929292929293,5.983598619279174,27.626416645590588,5.983598619279174,16.44144058452433,-7.361132041144149,1,389.0,0.0010877499589696527,496.0,0.008992417016997933,518.0,0.011371833039447665,525.0,0.4831200409680605,False,530.0,0.18141300010029227,525.0,1,0
erdos_renyi,100,26,740,100,740,0.1494949494949495,14.8,26,6,3.6000000000000005,0.150334673964853,3,1.9406060606060607,5.304835164977394,28.45407812715036,5.304835164977394,15.738280246243896,-7.124534934436142,1,350.0,0.0028738330584019423,484.0,0.0135679169325158,480.0,0.015836582984775305,491.0,0.7899199170060456,False,493.0,0.3690904160030186,491.0,1,0
erdos_renyi,100,27,765,100,765,0.15454545454545454,15.3,23,7,3.144837038703278,0.14930859495494708,3,1.915151515151515,6.199995602005368,26.27828188015518,6.199995602005368,15.948365420591006,-7.311716534283233,1,363.0,0.00156729097943753,496.0,0.012003540992736816,515.0,0.033080499968491495,519.0,1.123534542042762,False,519.0,0.42911250004544854,519.0,0,1
erdos_renyi,100,28,702,100,702,0.14181818181818182,14.04,26,7,3.4348799105645598,0.14734169549061188,3,1.974949494949495,5.852896587953119,27.83463105476566,5.852896587953119,14.894432638190626,-6.623893585781823,1,360.0,0.0009732500184327364,456.0,0.011281667044386268,457.0,0.016062250011600554,475.0,0.6919337080325931,False,464.0,0.1636730000609532,475.0,0,0
erdos_renyi,100,29,726,100,726,0.14666666666666667,14.52,21,7,2.7981422408448076,0.13194993216278048,3,1.9466666666666668,5.920512225097378,24.63858489454417,5.920512225097378,15.107167923326948,-6.9149703577230115,1,367.0,0.002584915957413614,476.0,0.024127749959006906,469.0,0.014011249993927777,489.0,0.5346360829425976,False,482.0,0.14555074996314943,489.0,0,0
erdos_renyi,200,0,2953,200,2953,0.14839195979899497,29.53,44,20,4.567176370581718,0.146978969081272,3,1.8616080402010051,17.301724275541645,46.882253210155426,17.301724275541645,30.255647920198896,-10.195104449093897,1,1506.0,0.007280583027750254,1811.0,0.07795362500473857,1824.0,0.09208054200280458,1837.0,4.622544625075534,False,1828.0,0.4729617079719901,1837.0,0,0
erdos_renyi,200,1,3068,200,3068,0.1541708542713568,30.68,48,17,5.163099844085915,0.155553958412011,3,1.8524120603015075,15.802273470138031,50.46931109251471,15.802273470138031,31.552651710956596,-9.98092026795587,1,1570.0,0.0028982909861952066,1886.0,0.11055037507321686,1852.0,0.10294545802753419,1884.0,2.750346041051671,False,1903.0,0.45601824996992946,1886.0,1,0
erdos_renyi,200,2,2957,200,2957,0.1485929648241206,29.57,44,17,5.092651568682076,0.1480667240841947,3,1.8608040201005025,15.655090242604272,47.25121258341303,15.655090242604272,30.46696146544977,-9.95637416137155,1,1495.0,0.003038792056031525,1795.0,0.04979658406227827,1802.0,0.07775116700213403,1811.0,3.008934708079323,False,1829.0,0.5427684580208734,1811.0,1,0
erdos_renyi,200,3,2975,200,2975,0.14949748743718594,29.75,40,18,4.459540335056967,0.1481067356169249,3,1.8587437185929647,16.109206661382306,44.346236016428776,16.109206661382306,30.42466868410883,-9.860862622209897,1,1459.0,0.005748874973505735,1795.0,0.07715241692494601,1815.0,0.08981466689147055,1842.0,3.6060965419746935,False,1818.0,0.47369012504350394,1842.0,0,0
erdos_renyi,200,4,2942,200,2942,0.1478391959798995,29.42,46,14,5.277650992629202,0.14666370086363795,3,1.8621608040201005,13.078667444501498,48.98184165654564,13.078667444501498,30.386326472062393,-9.806533984133003,1,1492.0,0.0077933750580996275,1820.0,0.12128916697110981,1795.0,0.08021558308973908,1805.0,4.021702416008338,False,1789.0,0.4977052500471473,1820.0,0,0
erdos_renyi,200,5,2972,200,2972,0.1493467336683417,29.72,45,20,5.362051846075343,0.14777019963227295,3,1.8614070351758794,16.69881537664299,47.884938345157984,16.69881537664299,30.69565784052159,-10.349211457236962,1,1491.0,0.004763207980431616,1817.0,0.04670516704209149,1858.0,0.07726283394731581,1846.0,3.1454008331056684,False,1838.0,0.34103487501852214,1858.0,0,0
erdos_renyi,200,6,3016,200,3016,0.15155778894472363,30.16,45,15,5.1569758580005,0.15089202657687173,3,1.8575879396984925,14.094414468248779,48.07713056892963,14.094414468248779,31.046566117560495,-10.397723357182926,1,1462.0,0.003524916945025325,1859.0,0.09591466700658202,1850.0,0.05418058403301984,1851.0,5.3049714169465005,False,1855.0,0.3699797090375796,1859.0,0,0
erdos_renyi,200,7,2970,200,2970,0.1492462311557789,29.7,42,19,5.083306010855534,0.14513739679662718,3,1.8605527638190955,16.673939128755947,45.70898264382477,16.673939128755947,30.58581996847434,-10.087908843791368,1,1501.0,0.0024224590742960572,1848.0,0.07618033397011459,1795.0,0.059242542018182576,1827.0,3.2497592500876635,False,1832.0,0.38412287493702024,1848.0,0,0
erdos_renyi,200,8,2989,200,2989,0.15020100502512562,29.89,41,17,4.885478482195986,0.14857683643144498,3,1.858894472361809,15.794318403621475,45.653562734926,15.794318403621475,30.70864719130033,-9.797390721106783,1,1504.0,0.0027474580565467477,1812.0,0.04458362504374236,1832.0,0.05868304206524044,1842.0,3.2014975000638515,False,1831.0,0.39435616694390774,1842.0,0,0
erdos_renyi,200,9,2921,200,2921,0.14678391959798995,29.21,41,14,5.040426569249869,0.1442408918093466,3,1.865427135678392,13.034761154313202,45.099600060218776,13.034761154313202,30.102192794897064,-9.958454462951595,1,1457.0,0.003416875028051436,1767.0,0.06127404095605016,1799.0,0.053147666971199214,1808.0,2.744195125065744,False,1803.0,0.3461022909032181,1808.0,0,0
erdos_renyi,200,10,3069,200,3069,0.15422110552763818,30.69,46,17,5.022340092028815,0.15145655501074032,3,1.8515577889447237,15.61843400773665,48.95688365244692,15.61843400773665,31.535327156269695,-10.40403495947367,1,1516.0,0.004296666011214256,1872.0,0.05676429101731628,1851.0,0.1322253750404343,1887.0,3.301109915948473,False,1880.0,0.41668533300980926,1887.0,0,0
erdos_renyi,200,11,2906,200,2906,0.14603015075376885,29.06,42,16,4.958467505187464,0.14513009196888255,3,1.8662311557788944,14.749497959178335,44.95296012343036,14.749497959178335,29.91889976515014,-9.636144120143133,1,1486.0,0.003188582952134311,1766.0,0.0358974999981001,1785.0,0.08566816698294133,1787.0,2.815331249963492,False,1796.0,0.4848694580141455,1787.0,1,0
erdos_renyi,200,12,2955,200,2955,0.1484924623115578,29.55,41,15,5.3401778996584,0.14956948936901493,3,1.8630150753768844,13.94157426495083,45.37681834217537,13.94157426495083,30.527354559016253,-9.956446358583044,1,1457.0,0.002335999975912273,1800.0,0.048480500001460314,1816.0,0.05497333302628249,1831.0,2.770401458023116,False,1842.0,0.46411091706249863,1831.0,1,0
erdos_renyi,200,13,3033,200,3033,0.15241206030150753,30.33,44,16,5.4379315920669695,0.1582183468414946,3,1.8577386934673368,14.656560094980533,47.296634219958904,14.656560094980533,31.31160281566162,-9.737741468252016,1,1559.0,0.00378341693431139,1860.0,0.057736749993637204,1845.0,0.061153999995440245,1860.0,3.3874912499450147,False,1843.0,0.41845741600263864,1860.0,0,0
erdos_renyi,200,14,3036,200,3036,0.15256281407035177,30.36,49,19,5.1942660694269405,0.15159628308433118,3,1.8557286432160804,16.954567937075463,51.33500478760894,16.954567937075463,31.26138788187864,-9.82721671991718,1,1554.0,0.0025012079859152436,1825.0,0.03652049996890128,1864.0,0.08172745793126523,1868.0,2.6285139159299433,False,1862.0,0.3405328330118209,1868.0,0,0
erdos_renyi,200,15,2994,200,2994,0.15045226130653266,29.94,42,16,4.854523663553407,0.14860613517814342,3,1.8574874371859296,14.961251864632194,45.59514511400685,14.961251864632194,30.726410990083245,-10.20076684495953,1,1529.0,0.0034440000308677554,1816.0,0.0518606670666486,1851.0,0.07628608401864767,1838.0,3.557683042017743,False,1842.0,0.4087327499873936,1851.0,0,0
erdos_renyi,200,16,2947,200,2947,0.14809045226130654,29.47,46,17,4.878432125181204,0.14743243709638543,3,1.8633165829145728,15.382183939839791,48.43812433793373,15.382183939839791,30.292380885159346,-9.921062262942966,1,1398.0,0.007233459036797285,1783.0,0.052826042054221034,1780.0,0.0710762090748176,1819.0,3.699793624924496,False,1822.0,1.3090680839959532,1819.0,1,0
erdos_renyi,200,17,2930,200,2930,0.14723618090452262,29.3,43,17,5.104899607240087,0.14583234048441085,3,1.8643718592964824,15.349869607722955,46.6015544836934,15.349869607722955,30.237421792283627,-9.896479354928914,1,1459.0,0.003525833017192781,1790.0,0.08726083301007748,1782.0,0.03928720799740404,1804.0,1.2844573750626296,False,1817.0,0.23023208405356854,1804.0,1,0
erdos_renyi,200,18,2915,200,2915,0.14648241206030152,29.15,47,16,5.148543483355268,0.15088560650338062,3,1.8663316582914573,14.722651020254602,49.44062280395693,14.722651020254602,30.050954444781297,-9.745830410478407,1,1493.0,0.0029407909605652094,1775.0,0.028942417004145682,1791.0,0.04316541599109769,1795.0,1.5526152080856264,False,1794.0,0.21854658296797425,1795.0,0,0
erdos_renyi,200,19,2967,200,2967,0.14909547738693468,29.67,45,20,4.636927862281232,0.14584063167928707,3,1.8584924623115577,17.400119810683744,47.745710088185334,17.400119810683744,30.401582313920365,-10.00626216088226,1,1462.0,0.0015426670433953404,1794.0,0.013768458040431142,1812.0,0.03204583399929106,1835.0,2.2721271250629798,False,1829.0,0.5245965839130804,1835.0,0,0
erdos_renyi,200,20,2984,200,2984,0.14994974874371858,29.84,43,18,5.007434472861328,0.15266636496560115,3,1.8604522613065326,16.29014584482813,46.16746186395492,16.29014584482813,30.70308727202916,-9.887581449223736,1,1494.0,0.007341166026890278,1814.0,0.10089558304753155,1838.0,0.10861095797736198,1833.0,4.677232457906939,False,1839.0,0.4989227500045672,1838.0,1,0
erdos_renyi,200,21,2989,200,2989,0.15020100502512562,29.89,42,14,5.422905125483941,0.15115349524974814,3,1.8592964824120604,13.049950066275544,46.52810486747777,13.049950066275544,30.889361130780465,-10.264122504893685,1,1544.0,0.003959542023949325,1846.0,0.08927700005006045,1819.0,0.09121154202148318,1850.0,4.29694762500003,False,1849.0,0.7423214999726042,1850.0,0,0
erdos_renyi,200,22,3019,200,3019,0.15170854271356785,30.19,45,16,5.026320721959553,0.1536119745754168,3,1.8560804020100503,14.896991367631426,47.86053818146384,14.896991367631426,31.034305617130528,-9.702477398131398,1,1509.0,0.006476833019405603,1814.0,0.05491750000510365,1841.0,0.062083167023956776,1849.0,3.169507416081615,False,1867.0,0.5318078330019489,1849.0,1,0
erdos_renyi,200,23,2931,200,2931,0.14728643216080403,29.31,42,14,4.811849956097967,0.14715740516273804,3,1.8628643216080403,13.196622118425696,44.922411729743224,13.196622118425696,30.120001412078814,-9.71664226952867,1,1462.0,0.003603916964493692,1805.0,0.056648500030860305,1804.0,0.08596479205880314,1803.0,3.0250249170931056,False,1800.0,0.38709225005004555,1805.0,0,0
erdos_renyi,200,24,2991,200,2991,0.15030150753768845,29.91,45,19,4.693815079442308,0.14897973844228526,3,1.8588442211055276,17.462581134033563,47.86886686358124,17.462581134033563,30.670786596942843,-10.185642605617675,1,1497.0,0.003748832968994975,1818.0,0.06683941592928022,1839.0,0.06549941701814532,1838.0,3.8150843330658972,False,1844.0,0.40674829203635454,1839.0,1,0
erdos_renyi,200,25,2973,200,2973,0.1493969849246231,29.73,45,17,5.01069855409403,0.14943606513536056,3,1.861105527638191,15.74723295115287,47.62012138751456,15.74723295115287,30.575524837412452,-10.720508747241475,1,1448.0,0.003726416965946555,1839.0,0.09907920903060585,1812.0,0.06147583294659853,1852.0,3.293900541961193,False,1845.0,0.3446839159587398,1852.0,0,0
erdos_renyi,200,26,3021,200,3021,0.15180904522613065,30.21,43,19,4.979548172274268,0.1522014546054726,3,1.8558793969849245,16.644130727129955,46.63948687832705,16.644130727129955,31.067795943500563,-10.466565862735841,1,1506.0,0.003947374993003905,1801.0,0.0628446249756962,1863.0,0.06311220896895975,1859.0,2.645555292023346,False,1865.0,0.3369531249627471,1863.0,1,0
erdos_renyi,200,27,2980,200,2980,0.14974874371859295,29.8,44,15,5.029910535983717,0.15238705529329993,3,1.8599497487437187,14.114937762887056,47.22370779419144,14.114937762887056,30.649551642450085,-9.948371179966964,1,1489.0,0.002551416982896626,1830.0,0.06159312499221414,1838.0,0.06131595792248845,1828.0,3.6420711670070887,False,1836.0,0.3948639170266688,1838.0,0,0
erdos_renyi,200,28,2966,200,2966,0.14904522613065327,29.66,42,16,5.071922712344895,0.14896200087826064,3,1.8612562814070353,14.868089033184475,45.491191425012204,14.868089033184475,30.527462335896686,-9.974012920453681,1,1443.0,0.0032554169883951545,1799.0,0.05055541708134115,1821.0,0.06522091594524682,1826.0,2.6874881249386817,False,1836.0,0.3875198329333216,1826.0,1,0
erdos_renyi,200,29,2991,200,2991,0.15030150753768845,29.91,42,16,4.885887841528907,0.15018455020724664,3,1.8591959798994975,14.958269290294647,46.01520626866448,14.958269290294647,30.71400052245898,-10.12186446808094,1,1460.0,0.005793416989035904,1818.0,0.03932616696693003,1831.0,0.13000429095700383,1852.0,2.9327470830176026,False,1833.0,0.33100825001019984,1852.0,0,0
planted_partition,20,0,42,20,42,0.22105263157894736,4.2,8,2,1.5033296378372907,0.22726190476190475,4,2.163157894736842,0.6918927165541232,9.744446289844852,0.6918927165541232,4.798490923995073,-3.405490171930395,1,22.0,0.0004889999981969595,31.0,0.0016969590215012431,32.0,0.002311042044311762,34.0,0.03739995905198157,False,33.0,0.07839966600295156,34.0,0,0
planted_partition,20,1,41,20,41,0.21578947368421053,4.1,6,3,0.8888194417315588,0.3583333333333333,5,2.3157894736842106,0.5122331680192651,7.71393385133643,0.5122331680192651,4.322755096936467,-2.897989227816113,1,22.0,0.0006289579905569553,29.0,0.0005998329725116491,31.0,0.0013237500097602606,31.0,0.03499508404638618,False,31.0,0.10277600004337728,31.0,0,1
planted_partition,20,2,40,20,40,0.21052631578947367,4.0,6,2,1.224744871391589,0.3433333333333333,5,2.4210526315789473,0.397949154572309,8.334764899647658,0.397949154572309,4.676150644947863,-3.168893502073381,1,22.0,0.0007079580100253224,29.0,0.0011796250473707914,31.0,0.0023369999835267663,31.0,0.0510107500012964,False,31.0,0.07843683403916657,31.0,0,1
planted_partition,20,3,33,20,33,0.1736842105263158,3.3,6,2,1.1445523142259597,0.2733333333333333,5,2.6157894736842104,0.4104346162151166,7.8265170236781145,0.4104346162151166,3.7805900867144,-2.8080754438863296,1,17.0,0.0008548339828848839,24.0,0.0011020840611308813,27.0,0.001345040975138545,27.0,0.039143458008766174,False,26.0,0.07970045797992498,27.0,0,0
planted_partition,20,4,40,20,40,0.21052631578947367,4.0,6,2,1.140175425099138,0.525,6,2.8105263157894735,0.21218699786012254,8.002034156365161,0.21218699786012254,4.340184351937524,-3.2446844222725857,1,21.0,0.0008494999492540956,30.0,0.0010158750228583813,31.0,0.0026395830791443586,32.0,0.17606379091739655,False,32.0,0.07669912511482835,32.0,0,1
planted_partition,20,5,38,20,38,0.2,3.8,7,1,1.4352700094407325,0.4738095238095238,5,2.805263157894737,0.20524603902947924,8.110968937795159,0.20524603902947924,4.899214147932383,-2.3872819240932786,1,20.0,0.00040604197420179844,27.0,0.0005917090456932783,27.0,0.001437709084711969,30.0,0.02925837505608797,False,28.0,0.08170795801561326,30.0,0,0
planted_partition,20,6,30,20,30,0.15789473684210525,3.0,5,1,1.224744871391589,0.45499999999999996,7,3.3473684210526318,0.1342321048745611,6.856341227697456,0.1342321048745611,3.7503329952338817,-2.620131132982934,1,15.0,0.0004865420050919056,21.0,0.00248133298009634,24.0,0.005508000031113625,24.0,0.039779750048182905,False,24.0,0.08306554204318672,24.0,0,1
planted_partition,20,7,33,20,33,0.1736842105263158,3.3,8,1,1.705872210923198,0.2525,7,2.931578947368421,0.13574584150768798,9.31798447647948,0.13574584150768798,4.5150466416669754,-3.024690072344764,1,15.0,0.0008744579972699285,25.0,0.0012197500327602029,26.0,0.0031785829924046993,27.0,0.04280291695613414,False,26.0,0.1063837920082733,27.0,0,0
planted_partition,20,8,29,20,29,0.15263157894736842,2.9,6,1,1.445683229480096,0.2683333333333333,8,3.5157894736842104,0.07718124620027973,7.495259289512216,0.07718124620027973,3.856572737980566,-2.7159524414064764,1,12.0,0.0005292920395731926,25.0,0.0006029999349266291,25.0,0.0013859589817002416,25.0,0.0390168750891462,False,23.0,0.07949720893520862,25.0,0,0
planted_partition,20,9,34,20,34,0.17894736842105263,3.4,7,1,1.3928388277184118,0.37785714285714284,6,2.705263157894737,0.26948333015255943,8.372629070213522,0.26948333015255943,3.9109338030715395,-2.713895956973972,1,10.0,0.0004992500180378556,26.0,0.000587083981372416,27.0,0.0014219579752534628,27.0,0.7642267500050366,False,26.0,0.07802154100500047,27.0,0,0
planted_partition,20,10,43,20,43,0.22631578947368422,4.3,7,1,1.3820274961085255,0.30952380952380953,5,2.3789473684210525,0.3799525629600983,8.999280516212039,0.3799525629600983,5.001193739323919,-3.3781306450764754,1,18.0,0.00046845898032188416,27.0,0.0008079169783741236,32.0,0.0011791669530794024,34.0,0.027949459035880864,False,34.0,0.06695350003428757,34.0,0,1
planted_partition,20,11,41,20,41,0.21578947368421053,4.1,8,1,1.7578395831246945,0.44785714285714284,5,2.463157894736842,0.3629105686950206,9.363384374557306,0.3629105686950206,5.2634391967997445,-3.2013170064188103,1,20.0,0.0005280839977785945,29.0,0.0009722920367494226,32.0,0.001787249930202961,32.0,0.051798040978610516,False,32.0,0.08596058294642717,32.0,0,1
planted_partition,20,12,35,20,35,0.18421052631578946,3.5,7,1,1.5329709716755893,0.22523809523809524,6,2.6157894736842104,0.18978419792039683,8.613142108527205,0.18978419792039683,4.308295888779488,-3.139193326641779,1,17.0,0.0004777919966727495,28.0,0.0007897500181570649,28.0,0.0016230830224230886,28.0,0.035392124904319644,False,28.0,0.0687904580263421,28.0,0,1
planted_partition,20,13,44,20,44,0.23157894736842105,4.4,9,1,1.8814887722226779,0.4411507936507936,5,2.294736842105263,0.4790331031861236,10.224315691638262,0.4790331031861236,5.414091630163664,-3.076244911452594,1,16.0,0.000478917034342885,27.0,0.0005338330520316958,32.0,0.001019874936901033,33.0,0.030224709073081613,False,32.0,0.07117312506306916,33.0,0,0
planted_partition,20,14,38,20,38,0.2,3.8,7,2,1.4696938456699071,0.3692857142857143,5,2.4,0.4515605722011965,8.375128794424178,0.4515605722011965,4.515977501320539,-2.967135170227737,1,24.0,0.00040591706056147814,28.0,0.0004729579668492079,27.0,0.0010943330125883222,30.0,0.03125908295623958,False,27.0,0.0706116670044139,30.0,0,0
planted_partition,20,15,51,20,51,0.26842105263157895,5.1,8,2,1.5132745950421556,0.4776190476190476,4,2.1157894736842104,0.6473656336789714,9.984025934336879,0.6473656336789714,5.8351217787224945,-3.1948738948042634,1,23.0,0.0005153750535100698,34.0,0.0014029170852154493,37.0,0.0012058329302817583,37.0,0.04774708300828934,False,37.0,0.11483229196164757,37.0,0,1
planted_partition,20,16,41,20,41,0.21578947368421053,4.1,6,2,1.2206555615733703,0.26,4,2.2736842105263158,0.6667899815613741,8.418105830781759,0.6667899815613741,4.428063612893233,-3.4366760002173913,1,21.0,0.0006838750559836626,32.0,0.0005876660579815507,34.0,0.001082083908841014,34.0,0.06627708405721933,False,34.0,0.07681379199493676,34.0,0,1
planted_partition,20,17,40,20,40,0.21052631578947367,4.0,8,2,1.3038404810405297,0.2673809523809524,4,2.168421052631579,0.8912954796415123,9.355492618530292,0.8912954796415123,4.511032778068331,-2.915713341545166,1,21.0,0.0009935840498656034,30.0,0.001404042006470263,30.0,0.0029929170850664377,32.0,0.06913266598712653,False,31.0,0.13945454207714647,32.0,0,0
planted_partition,20,18,39,20,39,0.20526315789473684,3.9,7,1,1.7578395831246945,0.33595238095238095,5,2.4157894736842107,0.4289680315095816,8.730164739452409,0.4289680315095816,4.878977352583842,-2.7555642339524833,1,20.0,0.0014728340320289135,29.0,0.0010218750685453415,28.0,0.010201791999861598,29.0,0.04718974989373237,False,29.0,0.20635308395139873,29.0,0,1
planted_partition,20,19,38,20,38,0.2,3.8,5,2,1.0295630140987,0.5116666666666666,7,2.9842105263157896,0.13914008602625225,7.133339461934228,0.13914008602625225,4.092641354831877,-2.4915240011760598,1,19.0,0.00040366698522120714,26.0,0.0004640829283744097,28.0,0.0010089999996125698,29.0,0.03790116705931723,False,29.0,0.07823483401443809,29.0,0,1
planted_partition,20,20,36,20,36,0.18947368421052632,3.6,6,1,1.5297058540778357,0.37,6,3.031578947368421,0.11724885458986868,7.9627642208468,0.11724885458986868,4.552284808482229,-2.812064782055285,1,17.0,0.000891875009983778,27.0,0.0013700829586014152,28.0,0.002418084070086479,29.0,0.03508216596674174,False,29.0,0.06116712500806898,29.0,0,1
planted_partition,20,21,37,20,37,0.19473684210526315,3.7,6,2,1.307669683062202,0.49000000000000005,5,2.736842105263158,0.25116351598216075,7.861510123889035,0.25116351598216075,4.454588034846492,-2.7978891767156244,1,11.0,0.0008159589488059282,27.0,0.0012569160899147391,29.0,0.0018377499654889107,29.0,0.045151792000979185,False,27.0,0.0852370000211522,29.0,0,0
planted_partition,20,22,34,20,34,0.17894736842105263,3.4,6,1,1.2806248474865698,0.33666666666666667,7,2.789473684210526,0.2339957898269057,7.630690975143537,0.2339957898269057,4.009223807937892,-2.7440270115115863,1,19.0,0.0006426660111173987,26.0,0.0008306250674650073,27.0,0.001420333981513977,27.0,0.03005845902953297,False,27.0,0.06752716703340411,27.0,0,1
planted_partition,20,23,33,20,33,0.1736842105263158,3.3,6,1,1.452583904633395,0.26666666666666666,6,2.6052631578947367,0.3232504698666976,7.8883389002647055,0.3232504698666976,3.9520849924777237,-3.149657756765016,1,14.0,0.00041550002060830593,23.0,0.0005945829907432199,29.0,0.0010901660425588489,29.0,0.03332991595380008,False,29.0,0.09014833404216915,29.0,0,1
planted_partition,20,24,29,20,29,0.15263157894736842,2.9,7,1,1.5132745950421556,0.22714285714285715,8,3.3473684210526318,0.0832104868256844,8.217917399554313,0.0832104868256844,3.775314238635097,-2.7756835248027243,1,11.0,0.0005166659830138087,23.0,0.0006682919338345528,24.0,0.0014144579181447625,24.0,0.03479466598946601,False,24.0,0.09495220892131329,24.0,0,1
planted_partition,20,25,37,20,37,0.19473684210526315,3.7,6,2,1.2688577540449522,0.37333333333333335,6,2.668421052631579,0.27885714520136656,7.77272376923403,0.27885714520136656,4.30204088787292,-2.8170125221165607,1,20.0,0.0006194169400259852,27.0,0.002222832990810275,28.0,0.0024369170423597097,29.0,0.06009854201693088,False,29.0,0.08458945900201797,29.0,0,1
planted_partition,20,26,46,20,46,0.24210526315789474,4.6,8,1,2.0591260281974,0.4367857142857143,5,2.294736842105263,0.4333678552613614,9.632950544406675,0.4333678552613614,5.680637642913752,-3.0167036259065996,1,23.0,0.00043695897329598665,34.0,0.0005016250070184469,33.0,0.0012832919601351023,34.0,0.03590216697193682,False,34.0,0.07245024992153049,34.0,0,1
planted_partition,20,27,40,20,40,0.21052631578947367,4.0,6,1,1.0954451150103321,0.32999999999999996,5,2.336842105263158,0.48150731747800096,7.619564252983366,0.48150731747800096,4.335966955495723,-2.8502323558291884,1,24.0,0.0005652080290019512,26.0,0.0005217090947553515,30.0,0.0020366249373182654,31.0,0.026437666965648532,False,31.0,0.05955658294260502,31.0,0,1
planted_partition,20,28,37,20,37,0.19473684210526315,3.7,6,2,1.2288205727444508,0.23333333333333334,4,2.3526315789473684,0.5653544984248908,7.678450042759838,0.5653544984248908,4.16773497856128,-2.8839320764071767,1,16.0,0.000451417057774961,29.0,0.0005705419462174177,30.0,0.0021404579747468233,30.0,0.04606170894112438,False,30.0,0.07550904096569866,30.0,0,1
planted_partition,20,29,40,20,40,0.21052631578947367,4.0,6,1,1.140175425099138,0.26166666666666666,5,2.305263157894737,0.6149917548769235,7.656705045682498,0.6149917548769235,4.3675776471265095,-2.9424210219106737,1,15.0,0.000960625009611249,31.0,0.0028379999566823244,31.0,0.0024282500380650163,32.0,0.03367799997795373,False,32.0,0.10605591593775898,32.0,0,1
planted_partition,50,0,227,50,227,0.1853061224489796,9.08,14,4,2.35660773146487,0.34522488622488623,4,2.103673469387755,1.7148128852354056,15.700204917468966,1.7148128852354056,9.719223157370596,-4.381559961657995,1,108.0,0.0005960830021649599,153.0,0.0032150419428944588,154.0,0.007780791027471423,155.0,0.14953649998642504,False,150.0,0.13720145798288286,155.0,0,0
planted_partition,50,1,254,50,254,0.2073469387755102,10.16,16,5,2.318275220934736,0.405949716949717,4,2.0440816326530613,1.9796441065403743,17.649144734774524,1.9796441065403743,10.696284883324969,-4.543666833089872,1,132.0,0.0036576250568032265,165.0,0.007113415980711579,164.0,0.005291292094625533,171.0,0.16556704102549702,False,166.0,0.1217259590048343,171.0,0,0
planted_partition,50,2,251,50,251,0.20489795918367346,10.04,16,5,2.6150334605889842,0.3477177267177267,3,2.030204081632653,1.9404526532681672,18.80256395526555,1.9404526532681672,10.98655270555081,-5.371758491861661,1,127.0,0.0014906669966876507,161.0,0.002913875039666891,174.0,0.007616708986461163,174.0,0.14722454198636115,False,174.0,0.1326168329687789,174.0,0,1
planted_partition,50,3,228,50,228,0.18612244897959185,9.12,13,3,2.2946895214821548,0.3661323121323121,4,2.1297959183673467,1.6272574290027186,15.482777311143945,1.6272574290027186,9.716940337977611,-4.523044009375211,1,122.0,0.0012358330423012376,146.0,0.002285958034917712,154.0,0.007690083002671599,157.0,0.15731612499803305,False,155.0,0.1209998750127852,157.0,0,0
planted_partition,50,4,257,50,257,0.20979591836734693,10.28,16,6,2.6536013264995173,0.3642115662115662,3,2.020408163265306,1.8690204951406213,18.153731988523646,1.8690204951406213,11.075728882844377,-5.004278952531112,1,139.0,0.001071042031981051,166.0,0.0021009170450270176,168.0,0.004185167024843395,177.0,0.13966616697143763,False,170.0,0.11980033305007964,177.0,0,0
planted_partition,50,5,257,50,257,0.20979591836734693,10.28,20,6,2.474186735070738,0.3724061523272049,3,1.9975510204081632,2.1583399609224365,21.63692448087398,2.1583399609224365,10.935127771237035,-5.221121560970263,1,132.0,0.001215833006426692,170.0,0.003960625035688281,167.0,0.004892208031378686,175.0,0.18339037499390543,False,170.0,0.11484512500464916,175.0,0,0
planted_partition,50,6,234,50,234,0.1910204081632653,9.36,16,5,2.321723497749032,0.3492404262404262,4,2.0710204081632653,1.695570064745839,17.650413312029933,1.695570064745839,10.062993916969123,-4.696802248629272,1,108.0,0.0016224998980760574,154.0,0.0022336660185828805,156.0,0.003528167027980089,161.0,0.1238275000359863,False,152.0,0.18868929194286466,161.0,0,0
planted_partition,50,7,227,50,227,0.1853061224489796,9.08,14,4,2.1150886506243656,0.33960461760461763,4,2.1355102040816325,1.4913138121188714,16.11914677592725,1.4913138121188714,9.757990168867956,-4.724618166697793,1,116.0,0.0013600829988718033,147.0,0.0018522919854149222,158.0,0.0031230830354616046,157.0,0.1606780419824645,False,153.0,0.17300974996760488,158.0,0,0
planted_partition,50,8,257,50,257,0.20979591836734693,10.28,15,5,2.209434316742636,0.3763054723054723,3,2.0040816326530613,2.054319456073027,17.22023915836978,2.054319456073027,10.872740984295454,-4.88355088273099,1,127.0,0.0007295840186998248,173.0,0.00302845798432827,168.0,0.005639249924570322,176.0,0.14081625000108033,False,172.0,0.12823220901191235,176.0,0,0
planted_partition,50,9,234,50,234,0.1910204081632653,9.36,13,5,2.007585614612737,0.3903559773559773,4,2.1420408163265305,1.2884437022391904,15.818796822158175,1.2884437022391904,9.87383582909856,-4.5363553891804935,1,99.0,0.0006332920165732503,159.0,0.0032267910428345203,157.0,0.004120249999687076,160.0,0.13969116599764675,False,158.0,0.11103483301121742,160.0,0,0
planted_partition,50,10,245,50,245,0.2,9.8,17,4,2.4657656011875906,0.3791175164704576,4,2.0955102040816325,1.3927837685001443,18.864878272446486,1.3927837685001443,10.513638221325364,-4.598251169617638,1,136.0,0.0011748329270631075,159.0,0.00668120791669935,158.0,0.005480375024490058,166.0,0.19423191610258073,False,163.0,0.12239174998831004,166.0,0,0
planted_partition,50,11,241,50,241,0.19673469387755102,9.64,16,4,2.3728463919942224,0.3772233322233322,4,2.070204081632653,1.6670952536193981,17.780751948309128,1.6670952536193981,10.247229488304637,-4.769643497258029,1,123.0,0.0013038329780101776,159.0,0.0018512910464778543,163.0,0.003169541945680976,164.0,0.16987099999096245,False,164.0,0.094367416924797,164.0,0,1
planted_partition,50,12,225,50,225,0.1836734693877551,9.0,16,3,2.6608269391300143,0.38518215118215116,4,2.1616326530612247,1.2377244697793988,17.547841531444814,1.2377244697793988,10.00076802702435,-4.5027741147021825,1,124.0,0.0006947909714654088,147.0,0.002554125036112964,147.0,0.004679374978877604,160.0,0.1744262910215184,False,153.0,0.13937654194887727,160.0,0,0
planted_partition,50,13,252,50,252,0.2057142857142857,10.08,16,6,2.2346364357541475,0.405030414030414,4,2.079183673469388,1.6785987455608884,18.025559296777455,1.6785987455608884,10.794007740604842,-4.948493458013758,1,124.0,0.0008377910126000643,164.0,0.0030726250261068344,168.0,0.006955042015761137,170.0,0.15728225000202656,False,170.0,0.09714525006711483,170.0,0,1
planted_partition,50,14,247,50,247,0.2016326530612245,9.88,17,5,2.285957129956728,0.35632647091470626,3,2.042448979591837,1.9573759686113443,18.806529058219688,1.9573759686113443,10.400799937451021,-5.120464639446855,1,119.0,0.0006907499628141522,161.0,0.002167791943065822,166.0,0.006267666001804173,171.0,0.17010483297053725,False,169.0,0.08389108290430158,171.0,0,0
planted_partition,50,15,247,50,247,0.2016326530612245,9.88,16,6,2.4219000805152966,0.348012987012987,4,2.0195918367346937,2.18457148460665,17.86879384867587,2.18457148460665,10.48109223783589,-4.862029775524818,1,112.0,0.0017255420098081231,164.0,0.005930834100581706,160.0,0.004125999985262752,167.0,0.17329395900014788,False,166.0,0.09316158306319267,167.0,0,0
planted_partition,50,16,224,50,224,0.18285714285714286,8.96,13,4,2.3660938273872403,0.3362727272727273,4,2.1061224489795918,1.6366768373069358,15.76669686092763,1.6366768373069358,9.671566841674768,-4.910694626033479,1,119.0,0.000677958014421165,142.0,0.0021346668945625424,154.0,0.00345258298330009,155.0,0.15354937501251698,False,155.0,0.18366099998820573,155.0,0,1
planted_partition,50,17,230,50,230,0.18775510204081633,9.2,14,4,2.1354156504062622,0.3163946053946054,4,2.052244897959184,2.1987753714659837,15.656384516574493,2.1987753714659837,9.707436350408463,-4.649270692976115,1,107.0,0.0011889169691130519,155.0,0.00357354199513793,155.0,0.006458292016759515,159.0,0.1719663329422474,False,157.0,0.09136870806105435,159.0,0,0
planted_partition,50,18,253,50,253,0.20653061224489797,10.12,15,4,2.169239498073,0.4141702741702742,4,2.0661224489795917,1.4028536375817664,16.758340333171414,1.4028536375817664,10.56469274751815,-4.759525532791187,1,120.0,0.0012562089832499623,167.0,0.004401874961331487,170.0,0.005475417012348771,174.0,0.14343462500255555,False,167.0,0.0911055828910321,174.0,0,0
planted_partition,50,19,235,50,235,0.19183673469387755,9.4,16,4,2.884441020371191,0.3871697746697747,4,2.0963265306122447,1.6456615974627318,18.337925794316725,1.6456615974627318,10.41688287746204,-4.923615163773655,1,117.0,0.002246833057142794,151.0,0.006743584061041474,158.0,0.004198750015348196,162.0,0.29176741698756814,False,161.0,0.1110958750359714,162.0,0,0
planted_partition,50,20,231,50,231,0.18857142857142858,9.24,14,4,2.2764885240211514,0.37603996003996004,4,2.1314285714285712,1.624505179298719,16.29410044517956,1.624505179298719,9.908325770272924,-4.450740601397603,1,122.0,0.0006162920035421848,155.0,0.0015948750078678131,151.0,0.002714291913434863,157.0,0.17496316705364734,False,154.0,0.11537537502590567,157.0,0,0
planted_partition,50,21,250,50,250,0.20408163265306123,10.0,18,4,3.1559467676119,0.4546502255914021,4,2.1110204081632653,1.5128041607143035,19.627684740124817,1.5128041607143035,11.888240280556023,-4.4457612911294895,1,132.0,0.00112679204903543,156.0,0.0017984160222113132,161.0,0.003998124971985817,166.0,0.1688468330539763,False,164.0,0.08420820895116776,166.0,0,0
planted_partition,50,22,235,50,235,0.19183673469387755,9.4,14,5,2.1166010488516727,0.35214418914418916,4,2.092244897959184,1.5170595915604836,16.60683274578184,1.5170595915604836,9.887570315579014,-4.684883813699221,1,120.0,0.001410915981978178,153.0,0.01122829201631248,160.0,0.0034461249597370625,161.0,0.19173745799344033,False,158.0,0.0878680000314489,161.0,0,0
planted_partition,50,23,234,50,234,0.1910204081632653,9.36,14,5,2.2517548712060114,0.376013986013986,4,2.146122448979592,1.4070893810567766,16.37620756399872,1.4070893810567766,10.298866223592684,-4.784606837189757,1,131.0,0.0007182499393820763,156.0,0.0026743339840322733,161.0,0.004049333045259118,162.0,0.15616366709582508,False,160.0,0.0998102918965742,162.0,0,0
planted_partition,50,24,235,50,235,0.19183673469387755,9.4,15,5,2.3237900077244498,0.3742292152292152,4,2.1044897959183673,1.6867522102538937,16.73047795445531,1.6867522102538937,10.100347045890038,-4.715064557246628,1,115.0,0.0014448750298470259,155.0,0.002308541093952954,161.0,0.004495500004850328,162.0,0.131056374986656,False,162.0,0.1160663750488311,162.0,0,1
planted_partition,50,25,249,50,249,0.20326530612244897,9.96,15,6,2.0195048898182937,0.34791031191031185,3,2.0171428571428573,2.1633792790127617,17.259418059557696,2.1633792790127617,10.416189189888614,-4.91288957722528,1,122.0,0.0014080830151215196,164.0,0.00323366594966501,162.0,0.0036115830298513174,169.0,0.16672304191160947,False,168.0,0.10548683302477002,169.0,0,0
planted_partition,50,26,260,50,260,0.21224489795918366,10.4,16,4,2.5059928172283334,0.40049439449439445,4,2.016326530612245,1.8076892771934765,18.470766370426176,1.8076892771934765,11.044556717537024,-4.9322655530467125,1,135.0,0.0010481249773874879,173.0,0.003680999972857535,169.0,0.006348958006128669,175.0,0.14828841597773135,False,171.0,0.1524366670055315,175.0,0,0
planted_partition,50,27,247,50,247,0.2016326530612245,9.88,16,5,2.620228997625971,0.36575152625152624,4,2.0448979591836736,1.800681790361291,18.27413480734601,1.800681790361291,10.870040491166417,-4.833468161617439,1,122.0,0.0030774159822613,162.0,0.002276624902151525,165.0,0.005424999981187284,170.0,0.1529090410331264,False,167.0,0.11647845793049783,170.0,0,0
planted_partition,50,28,244,50,244,0.19918367346938776,9.76,14,4,2.1592591322025245,0.34094671994672,4,2.027755102040816,2.028978742742903,16.659900480406154,2.028978742742903,10.253497554686033,-5.105900986351261,1,119.0,0.001143416971899569,161.0,0.003509916947223246,165.0,0.0035893749445676804,172.0,0.14345037494786084,False,166.0,0.10620591696351767,172.0,0,0
planted_partition,50,29,224,50,224,0.18285714285714286,8.96,13,4,2.0876781361119825,0.32222877122877125,4,2.126530612244898,1.7184449477632588,15.499697899774686,1.7184449477632588,9.621132189712524,-4.662000196970965,1,107.0,0.0009914999827742577,146.0,0.006291833007708192,150.0,0.0035547500010579824,156.0,0.1379766659811139,False,153.0,0.12495779199525714,156.0,0,0
planted_partition,100,0,939,100,939,0.1896969696969697,18.78,28,10,3.500228563965502,0.3735706344793638,3,1.9391919191919191,3.9839451382877016,30.77639452940818,3.9839451382877016,19.432178529053676,-6.231904028632061,1,463.0,0.003153083031065762,570.0,0.009133208077400923,589.0,0.05234683305025101,590.0,0.9199374580057338,False,582.0,0.13847079209517688,590.0,0,0
planted_partition,100,1,968,100,968,0.19555555555555557,19.36,25,7,3.2265151479576226,0.3625184213970322,3,1.9165656565656566,3.98346977651234,29.026309451056655,3.98346977651234,19.95644806078827,-6.98089824579936,1,473.0,0.0036448329919949174,604.0,0.016277999966405332,605.0,0.020535999909043312,610.0,0.6048069579992443,False,595.0,0.18399883399251848,610.0,0,0
planted_partition,100,2,964,100,964,0.19474747474747475,19.28,31,11,3.704267808892872,0.3590833296065956,3,1.9212121212121211,3.863282271065918,32.81800068881305,3.863282271065918,20.217263512770092,-6.839712129764066,1,515.0,0.0018609589897096157,592.0,0.00937379093375057,605.0,0.026331125060096383,605.0,0.6068135829409584,False,592.0,0.17364924994762987,605.0,0,0
planted_partition,100,3,973,100,973,0.19656565656565655,19.46,28,12,3.634336253017874,0.35727703736714367,3,1.9036363636363636,4.412259676547209,30.6713604614163,4.412259676547209,20.21863861612159,-6.722995688978817,1,506.0,0.002379624987952411,597.0,0.010811708052642643,606.0,0.01976520800963044,613.0,0.5939453330356628,False,604.0,0.2490528329508379,613.0,0,0
planted_partition,100,4,991,100,991,0.20020202020202021,19.82,31,12,3.450739051275827,0.3839066599697321,3,1.9216161616161616,3.7290168108162236,32.97970471775321,3.7290168108162236,20.528285305357027,-6.714006854542815,1,481.0,0.004249125020578504,608.0,0.025619791937060654,605.0,0.023403041996061802,618.0,0.5642831249861047,False,603.0,0.17742879199795425,618.0,0,0
planted_partition,100,5,991,100,991,0.20020202020202021,19.82,32,12,3.406992808915217,0.38026194975794875,3,1.9133333333333333,3.9080619789054385,33.71781696037157,3.9080619789054385,20.470537578981467,-6.995420998337032,1,492.0,0.002066875109449029,603.0,0.008172041969373822,607.0,0.013277499936521053,624.0,0.6410767920315266,False,608.0,0.21295541699510068,624.0,0,0
planted_partition,100,6,985,100,985,0.198989898989899,19.7,29,12,3.3241540277189325,0.35798625470279405,3,1.8995959595959595,4.636630518952408,31.193767452544375,4.636630518952408,20.26333667360978,-6.640341235404377,1,484.0,0.002118290984071791,589.0,0.008534332970157266,603.0,0.02745320799294859,610.0,5.186009124969132,False,600.0,0.3065522500546649,610.0,0,0
planted_partition,100,7,939,100,939,0.1896969696969697,18.78,27,11,3.401705454621255,0.3550144903348497,3,1.9450505050505051,4.114625673767992,30.120631243282528,4.114625673767992,19.465467384241045,-6.990720044501279,1,485.0,0.0025192919420078397,576.0,0.01966579200234264,586.0,0.018801750033162534,599.0,0.8542505409568548,False,582.0,0.29179945902433246,599.0,0,0
planted_partition,100,8,1024,100,1024,0.20686868686868687,20.48,29,10,3.260306734035925,0.37480997746339645,3,1.8767676767676769,4.600322137792558,31.38475231379772,4.600322137792558,21.016432682823755,-6.788532200827138,1,526.0,0.0013485000235959888,629.0,0.022764457971788943,635.0,0.017691458924673498,639.0,0.7102448749355972,False,626.0,0.27181670791469514,639.0,0,0
planted_partition,100,9,978,100,978,0.19757575757575757,19.56,27,11,3.30853441874193,0.35949468511825494,3,1.9066666666666667,4.131940818721533,30.34657429691474,4.131940818721533,20.145925306184132,-7.3397284628362485,1,471.0,0.0025447079678997397,610.0,0.020090000005438924,617.0,0.029592957929708064,628.0,0.7955766250379384,False,627.0,0.257478249957785,628.0,0,0
planted_partition,100,10,987,100,987,0.1993939393939394,19.74,28,10,3.236108774438832,0.36005886720554237,3,1.9096969696969697,4.198645092149651,30.3105093431417,4.198645092149651,20.268979179436446,-6.6882082248853765,1,495.0,0.0034321669954806566,611.0,0.015040041995234787,605.0,0.01722720800898969,616.0,0.5030685000820085,False,603.0,0.16139749996364117,616.0,0,0
planted_partition,100,11,1010,100,1010,0.20404040404040405,20.2,28,12,3.178049716414141,0.3554069143429421,3,1.8767676767676769,4.785461848427885,30.550540782853375,4.785461848427885,20.701830230454572,-7.00857098686199,1,533.0,0.0014697500737383962,626.0,0.011802208027802408,631.0,0.014282957999967039,633.0,0.5065938750049099,False,617.0,0.217494250042364,633.0,0,0
planted_partition,100,12,965,100,965,0.19494949494949496,19.3,27,12,3.1,0.35520735109677765,3,1.9143434343434342,4.073940951079945,29.327437306114494,4.073940951079945,19.927041988133194,-7.244792751230596,1,490.0,0.0019087090622633696,589.0,0.01181679090950638,597.0,0.013061875011771917,603.0,0.592035667039454,False,600.0,0.16454070806503296,603.0,0,0
planted_partition,100,13,990,100,990,0.2,19.8,31,12,3.1304951684997055,0.3787707745134078,3,1.9111111111111112,4.10347589015944,32.8738592076335,4.10347589015944,20.298723675937634,-6.71371167712971,1,510.0,0.008366749971173704,615.0,0.01516783400438726,611.0,0.027198833995498717,616.0,0.6983403750928119,False,615.0,0.23248945898376405,616.0,0,0
planted_partition,100,14,986,100,986,0.1991919191919192,19.72,29,11,3.5187497779751262,0.38187811414618217,3,1.9191919191919191,4.2539684615367035,30.8903256453942,4.2539684615367035,20.35153772146593,-6.669917635476984,1,518.0,0.0011285829823464155,585.0,0.010206749895587564,609.0,0.014287499943748116,615.0,0.6392672910587862,False,601.0,0.17681770806666464,615.0,0,0
planted_partition,100,15,957,100,957,0.19333333333333333,19.14,28,11,2.9867038688159226,0.37377251066960987,3,1.9414141414141415,3.2542619108462434,29.96539646097288,3.2542619108462434,19.667971442282177,-6.988700139873452,1,457.0,0.002645542030222714,603.0,0.013905957923270762,598.0,0.02494762500282377,599.0,0.7892904579639435,False,596.0,0.5227605419931933,603.0,0,0
planted_partition,100,16,971,100,971,0.19616161616161615,19.42,30,12,3.7206988590854806,0.3602554798650013,3,1.9076767676767676,4.419061565906935,32.62186754975016,4.419061565906935,20.230776973909233,-6.946479393229014,1,520.0,0.0038189999759197235,602.0,0.008206041995435953,602.0,0.03177820809651166,612.0,1.5909779589856043,False,594.0,0.21899750002194196,612.0,0,0
planted_partition,100,17,941,100,941,0.1901010101010101,18.82,29,9,3.427477206342881,0.34483736738063236,3,1.926060606060606,4.342883239587758,31.30389952187154,4.342883239587758,19.443074096272845,-6.62135656143576,1,471.0,0.003391625010408461,584.0,0.019144417019560933,570.0,0.018182833096943796,591.0,0.7352502919966355,False,583.0,0.19017812504898757,591.0,0,0
planted_partition,100,18,979,100,979,0.19777777777777777,19.58,26,13,3.1880401503117866,0.38581323825065916,3,1.9282828282828284,3.864883576354182,29.398527033787232,3.864883576354182,20.12538714351224,-6.746363215422839,1,500.0,0.0020511249313130975,592.0,0.023069042013958097,600.0,0.013932834030129015,616.0,0.8489488330669701,False,604.0,0.16606812505051494,616.0,0,0
planted_partition,100,19,975,100,975,0.19696969696969696,19.5,28,9,3.3301651610693423,0.36206072615334295,3,1.9181818181818182,4.353375209152877,30.470345165521636,4.353375209152877,20.097609078196932,-6.905025204671481,1,490.0,0.004074707976542413,598.0,0.02529162506107241,602.0,0.014370415941812098,611.0,0.8512802919140086,False,594.0,0.24651066702790558,611.0,0,0
planted_partition,100,20,966,100,966,0.19515151515151516,19.32,26,10,3.042630440917858,0.363402329611281,3,1.9262626262626263,3.851345896326979,29.271079160187483,3.851345896326979,19.835233349619056,-6.636553236955413,1,492.0,0.0013968750135973096,590.0,0.01397395902313292,596.0,0.017336250049993396,608.0,0.6204559580655769,False,602.0,0.2810619999654591,608.0,0,0
planted_partition,100,21,995,100,995,0.201010101010101,19.9,29,10,3.618010503025108,0.3699104700094275,3,1.8975757575757575,4.583416671501442,31.201320445178332,4.583416671501442,20.574526773760258,-6.645193602963841,1,483.0,0.0013406251091510057,610.0,0.017168167047202587,622.0,0.022860208060592413,621.0,0.8085880000144243,False,596.0,0.15772999997716397,622.0,0,0
planted_partition,100,22,983,100,983,0.1985858585858586,19.66,27,11,3.0503114595070455,0.3783982796140758,3,1.9224242424242424,3.7675289417970195,30.16628390794,3.7675289417970195,20.16166564655724,-6.80545638726386,1,481.0,0.0018627499230206013,603.0,0.012206666055135429,611.0,0.015894124982878566,622.0,0.6446381250862032,False,613.0,0.3229701250093058,622.0,0,0
planted_partition,100,23,987,100,987,0.1993939393939394,19.74,28,13,3.306418001402727,0.36459711178602683,3,1.903030303030303,4.024357127494244,31.171829679074033,4.024357127494244,20.307568527434693,-6.966970622126039,1,495.0,0.001742832944728434,592.0,0.0196397079853341,621.0,0.021185957943089306,620.0,0.8212420409545302,False,621.0,0.3670436670072377,621.0,0,1
planted_partition,100,24,948,100,948,0.19151515151515153,18.96,27,10,3.417367407815554,0.37025400298663863,3,1.9535353535353535,3.6638217211827273,29.393743427545267,3.6638217211827273,19.602692163151215,-6.679048478881975,1,474.0,0.001380625064484775,572.0,0.014110207906924188,591.0,0.013780749985016882,599.0,1.0278970829676837,False,587.0,0.29266591696068645,599.0,0,0
planted_partition,100,25,1006,100,1006,0.20323232323232324,20.12,30,12,3.642197139090634,0.370115162478972,3,1.8925252525252525,4.764117752531535,32.40267832615392,4.764117752531535,21.13765704998724,-7.010017420747449,1,471.0,0.0013130420120432973,613.0,0.011463417089544237,630.0,0.02061120793223381,628.0,0.6471186249982566,False,616.0,0.1734175420133397,630.0,0,0
planted_partition,100,26,980,100,980,0.19797979797979798,19.6,27,9,2.9664793948382653,0.3714341182109993,3,1.9135353535353536,4.1453545291060845,29.75494283533505,4.1453545291060845,20.055037751301494,-6.6972739313377545,1,494.0,0.0015612499555572867,590.0,0.00963291700463742,609.0,0.013951833010651171,609.0,0.7262506660772488,False,597.0,0.27470158296637237,609.0,0,0
planted_partition,100,27,988,100,988,0.1995959595959596,19.76,28,14,3.234563339927045,0.3622943163714734,3,1.899191919191919,4.440788429981725,30.742853710680357,4.440788429981725,20.325369160657935,-6.727257188903106,1,452.0,0.002388125052675605,615.0,0.018822874990291893,592.0,0.014365166891366243,616.0,0.5990613339236006,False,608.0,0.33387774997390807,616.0,0,0
planted_partition,100,28,992,100,992,0.20040404040404042,19.84,30,13,3.384434960226005,0.3610428196366052,3,1.8935353535353536,4.783697391269198,32.01256332977056,4.783697391269198,20.428647993753714,-6.826132266132975,1,499.0,0.0015923749888315797,610.0,0.01698712504003197,610.0,0.03663741599302739,626.0,1.092783625004813,False,615.0,0.23250620800536126,626.0,0,0
planted_partition,100,29,983,100,983,0.1985858585858586,19.66,28,13,2.953709532096885,0.37391367013432564,3,1.9232323232323232,4.060318330799699,30.16553100969599,4.060318330799699,20.130434158412402,-6.677558383856251,1,460.0,0.004793166997842491,602.0,0.017520290915854275,612.0,0.021494291024282575,619.0,0.6978837079368532,False,593.0,0.26746112504042685,619.0,0,0
planted_partition,200,0,3886,200,3886,0.19527638190954774,38.86,50,26,4.795873226014216,0.36721953361648085,3,1.8278894472361809,8.592672064662759,53.660279566364665,8.592672064662759,39.4714971524348,-9.627360981282346,1,1967.0,0.005239250021986663,2239.0,0.07644495798740536,2270.0,0.07864325004629791,2287.0,2.9111244999803603,False,2265.0,0.31211549998261034,2287.0,0,0
planted_partition,200,1,3973,200,3973,0.19964824120603014,39.73,56,27,5.192985653744866,0.37744892838002797,3,1.8198994974874372,8.601196154410813,58.7084499640741,8.601196154410813,40.52422203428858,-9.721466131121701,1,1994.0,0.003260291996411979,2299.0,0.05151829100213945,2282.0,0.06491495796944946,2338.0,3.013564083026722,False,2329.0,0.19416037504561245,2338.0,0,0
planted_partition,200,2,3922,200,3922,0.1970854271356784,39.22,51,28,4.496843337275605,0.3765890434980255,3,1.8273366834170854,8.610409883733016,54.28787987038943,8.610409883733016,39.771889322237,-9.657549488041058,1,1973.0,0.0024162500631064177,2285.0,0.023716999916359782,2290.0,0.028988457983359694,2298.0,1.9545017090858892,False,2277.0,0.18425787496380508,2298.0,0,0
planted_partition,200,3,3977,200,3977,0.19984924623115577,39.77,50,27,4.568052101279056,0.36746667158779206,3,1.8192462311557789,8.90107795557949,53.93310217734938,8.90107795557949,40.33156320125295,-10.264352930473372,1,1978.0,0.0019478750182315707,2342.0,0.04625516594387591,2316.0,0.0373550410149619,2345.0,1.6444260419812053,False,2324.0,0.13600199995562434,2345.0,0,0
planted_partition,200,4,3943,200,3943,0.19814070351758795,39.43,52,29,4.278445979558466,0.38383610623459774,3,1.8262311557788944,8.043715495726541,54.78562878115572,8.043715495726541,39.94793585863256,-9.835214150386754,1,1994.0,0.002302583074197173,2261.0,0.020654791966080666,2308.0,0.039520125021226704,2314.0,1.5409793329890817,False,2303.0,0.12908154202159494,2314.0,0,0
planted_partition,200,5,4012,200,4012,0.20160804020100503,40.12,54,28,4.735567547823598,0.37719562016569624,3,1.8146733668341708,9.21929094822957,57.17005197017336,9.21929094822957,40.69942339226868,-9.624458854715567,1,2028.0,0.0015840829582884908,2324.0,0.01836454204749316,2338.0,0.023789791972376406,2337.0,1.3525726669467986,False,2346.0,0.13555933395400643,2338.0,1,0
planted_partition,200,6,3934,200,3934,0.19768844221105528,39.34,52,26,4.412980851986557,0.36740492413981046,3,1.8214572864321608,8.900597387921687,55.021649723456505,8.900597387921687,39.90879886927709,-9.60278549523229,1,1990.0,0.003229666966944933,2281.0,0.023172291927039623,2275.0,0.029975624987855554,2312.0,16.917329458054155,False,2286.0,0.12070666695944965,2312.0,0,0
planted_partition,200,7,3894,200,3894,0.195678391959799,38.94,52,25,4.632105352860619,0.364511735488216,3,1.8272361809045226,8.990860926040531,54.92535286005464,8.990860926040531,39.52257824643939,-9.537902681871296,1,1972.0,0.001768374931998551,2246.0,0.024410667014308274,2253.0,0.021428458974696696,2286.0,2.6063444999745116,False,2254.0,0.4679004169302061,2286.0,0,0
planted_partition,200,8,3922,200,3922,0.1970854271356784,39.22,49,23,4.4857106460403795,0.3720203388557263,3,1.8248743718592966,8.67925227840945,53.21984199954326,8.67925227840945,39.777735594583675,-9.66288934599779,1,1990.0,0.0016687909374013543,2275.0,0.019062791019678116,2303.0,0.032639708020724356,2300.0,1.2020029169507325,False,2273.0,0.11966824997216463,2303.0,0,0
planted_partition,200,9,3927,200,3927,0.19733668341708543,39.27,55,28,4.678365099049025,0.3626874735909225,3,1.820753768844221,9.165577644855095,57.59223610037214,9.165577644855095,39.86368206768573,-9.59174096661029,1,1944.0,0.0016828750958666205,2299.0,0.020030250074341893,2299.0,0.024761707987636328,2306.0,22.77634233306162,False,2282.0,0.1203054579673335,2306.0,0,0
planted_partition,200,10,3952,200,3952,0.19859296482412062,39.52,51,30,4.546383177867875,0.37161869402877784,3,1.8202010050251256,9.028515091773873,53.98731504707924,9.028515091773873,40.055477819208065,-9.72475306009332,1,1999.0,0.0015122080221772194,2285.0,0.017168582999147475,2300.0,0.019783124909736216,2327.0,1.3253683749353513,False,2289.0,0.11143862502649426,2327.0,0,0
planted_partition,200,11,3970,200,3970,0.19949748743718593,39.7,51,27,4.585847795119241,0.3767794862327228,3,1.8196984924623116,8.936351335536923,54.513944929307016,8.936351335536923,40.29389990706537,-9.764994455237936,1,2026.0,0.0015560840256512165,2281.0,0.013385166064836085,2328.0,0.025905458023771644,2333.0,1.3255081250099465,False,2310.0,0.11097158398479223,2333.0,0,0
planted_partition,200,12,3862,200,3862,0.19407035175879397,38.62,50,21,4.900571395255864,0.36967863880622853,3,1.8328140703517588,8.332971193979375,53.65393533359567,8.332971193979375,39.275957085133946,-9.615428524695183,1,1870.0,0.0017577499384060502,2244.0,0.022464875015430152,2244.0,0.025131499976851046,2272.0,1.2284110001055524,False,2259.0,0.11134354199748486,2272.0,0,0
planted_partition,200,13,3966,200,3966,0.1992964824120603,39.66,51,29,4.403907355973783,0.3693829555819766,3,1.8210050251256282,9.03090926131966,54.428258400244914,9.03090926131966,40.179076878289095,-10.012959692133737,1,1984.0,0.0015021659201011062,2309.0,0.019755083019845188,2316.0,0.022650292026810348,2328.0,1.5402670840267092,False,2298.0,0.1368660000152886,2328.0,0,0
planted_partition,200,14,3987,200,3987,0.20035175879396985,39.87,55,27,4.6864805558115785,0.3716549601759938,3,1.8173366834170854,9.315197598648226,57.65317687584216,9.315197598648226,40.429079779663745,-9.883843022855071,1,2007.0,0.001479625003412366,2340.0,0.023859082954004407,2321.0,0.02381245791912079,2343.0,1.3773855000035837,False,2298.0,0.11935495806392282,2343.0,0,0
planted_partition,200,15,3924,200,3924,0.1971859296482412,39.24,53,25,4.799208268037552,0.36545035897382483,3,1.8208040201005025,8.879404745391367,55.85196897015728,8.879404745391367,39.88709661935267,-9.6041237093668,1,1968.0,0.0016867079539224505,2288.0,0.031268624938093126,2298.0,0.03128787502646446,2300.0,1.859162832959555,False,2295.0,0.11898470798041672,2300.0,0,0
planted_partition,200,16,3889,200,3889,0.19542713567839196,38.89,53,26,4.647354085928895,0.3552818133736668,3,1.8231658291457287,9.172249770742404,55.77131001040111,9.172249770742404,39.474134475790876,-10.105543348579815,1,1875.0,0.0014843340031802654,2273.0,0.020737915998324752,2279.0,0.029458625009283423,2290.0,3.4322972919326276,False,2274.0,0.11404191690962762,2290.0,0,0
planted_partition,200,17,3907,200,3907,0.1963316582914573,39.07,54,27,4.94419862060577,0.34900960895562705,3,1.8199497487437186,9.76351142959367,56.57412468610876,9.76351142959367,39.792310218136315,-9.75384213411481,1,1974.0,0.001590042025782168,2283.0,0.02636129199527204,2267.0,0.03587183402851224,2295.0,1.3292433749884367,False,2287.0,0.17525954195298254,2295.0,0,0
planted_partition,200,18,3988,200,3988,0.20040201005025127,39.88,52,29,4.477231287302455,0.3701264441037946,3,1.8159798994974874,9.348462954371342,55.11476303584551,9.348462954371342,40.41688210807531,-9.82315866358532,1,2011.0,0.002126083942130208,2328.0,0.0439859579782933,2325.0,0.03385091701056808,2331.0,1.4347435829695314,False,2288.0,0.18951929092872888,2331.0,0,0
planted_partition,200,19,3884,200,3884,0.1951758793969849,38.84,50,28,4.637283687677518,0.3618764521572402,3,1.827286432160804,8.964125744445424,53.591688540837126,8.964125744445424,39.44054972362595,-9.829198101160387,1,1825.0,0.001481125014834106,2272.0,0.0383625419344753,2256.0,0.026657916023395956,2292.0,6.122349082957953,False,2270.0,0.12271408294327557,2292.0,0,0
planted_partition,200,20,3950,200,3950,0.1984924623115578,39.5,53,25,5.030904491242106,0.3653768073280404,3,1.8178391959798994,9.237334530911982,56.33112617866695,9.237334530911982,40.161647558182665,-9.594720066541214,1,1956.0,0.0014701250474900007,2277.0,0.014864124939776957,2296.0,0.021837708074599504,2322.0,1.4254662080202252,False,2302.0,0.10269491700455546,2322.0,0,0
planted_partition,200,21,4041,200,4041,0.20306532663316582,40.41,59,28,4.822022397293484,0.37167306236129866,3,1.8127638190954773,9.489711792825146,61.19534367040889,9.489711792825146,41.031068471446524,-9.825149587153241,1,2034.0,0.001647208002395928,2338.0,0.029353292076848447,2356.0,0.027476167073473334,2361.0,1.346397125045769,False,2323.0,0.10640225000679493,2361.0,0,0
planted_partition,200,22,4037,200,4037,0.2028643216080402,40.37,52,27,4.630669498031575,0.37483171422496075,3,1.8161809045226132,9.276476774649629,54.98025619332408,9.276476774649629,40.90632713745294,-9.998957698000178,1,2026.0,0.0014361250214278698,2365.0,0.037569915992207825,2359.0,0.025223791017197073,2381.0,1.3923266669735312,False,2367.0,0.10786895896308124,2381.0,0,0
planted_partition,200,23,3969,200,3969,0.1994472361809045,39.69,50,28,4.455771538128947,0.36576232285178,3,1.818743718592965,9.311671182453031,54.29174123901819,9.311671182453031,40.31479666517226,-9.792373462997658,1,1985.0,0.0015525000635534525,2330.0,0.025733666960150003,2307.0,0.03644541697576642,2324.0,1.219180708983913,False,2301.0,0.11035041697323322,2330.0,0,0
planted_partition,200,24,3865,200,3865,0.1942211055276382,38.65,51,26,4.364344166080397,0.35395449290118436,3,1.8278894472361809,9.150584052256537,53.5770787387774,9.150584052256537,39.164899998611304,-9.886619940981332,1,1947.0,0.0017291669500991702,2257.0,0.029567499994300306,2257.0,0.02162208396475762,2280.0,1.2772676669992507,False,2241.0,0.10317633289378136,2280.0,0,0
planted_partition,200,25,3900,200,3900,0.19597989949748743,39.0,49,26,4.136423575989287,0.3688994322621943,3,1.8262311557788944,8.540295703117263,52.520141160410844,8.540295703117263,39.43891116543766,-10.10245534580422,1,1933.0,0.0015581250190734863,2242.0,0.016854166984558105,2289.0,0.023571333033032715,2303.0,1.2940879580564797,False,2269.0,0.10221550008282065,2303.0,0,0
planted_partition,200,26,4030,200,4030,0.20251256281407035,40.3,57,23,4.611941023040083,0.3785476630207525,3,1.815678391959799,9.231621940987905,59.46411809692211,9.231621940987905,40.842122079969506,-9.967253248335794,1,2041.0,0.0014540000120177865,2341.0,0.016170000075362623,2331.0,0.02253812493290752,2355.0,1.1573309999657795,False,2347.0,0.3104370000073686,2355.0,0,0
planted_partition,200,27,3942,200,3942,0.19809045226130653,39.42,52,29,4.228900566341091,0.3612676058765477,3,1.8161809045226132,9.37756288914551,55.151347532852135,9.37756288914551,39.94147361762693,-10.01809383346735,1,1974.0,0.001443458953872323,2291.0,0.01419637503568083,2324.0,0.025826208060607314,2316.0,1.579405292053707,False,2314.0,0.09682870795950294,2324.0,0,0
planted_partition,200,28,3994,200,3994,0.2007035175879397,39.94,53,28,5.021593372625865,0.36983895766846514,3,1.8171356783919599,9.481530499385347,56.004441413277924,9.481530499385347,40.64675641720935,-9.695340206825263,1,2000.0,0.001412666984833777,2288.0,0.018078749999403954,2339.0,0.022145249997265637,2353.0,1.1274539169389755,False,2332.0,0.1318057079333812,2353.0,0,0
planted_partition,200,29,3963,200,3963,0.19914572864321609,39.63,57,27,5.039156675476563,0.37271506796752246,3,1.8212060301507538,8.998189712559345,59.03258071465703,8.998189712559345,40.308762410666375,-9.946233661965604,1,1938.0,0.0015004159649834037,2323.0,0.024235042044892907,2301.0,0.06919012498110533,2334.0,1.4289942500181496,False,2278.0,0.10827441699802876,2334.0,0,0
random_regular,20,0,30,20,30,0.15789473684210525,3.0,3,3,0.0,0.2,6,2.957894736842105,0.21310333267625498,5.502298993275647,0.21310333267625498,3.000000000000001,-2.502298993275648,1,12.0,0.00020579202100634575,24.0,0.0002507090102881193,25.0,0.0003971660044044256,25.0,0.012245165999047458,False,24.0,0.026500666048377752,25.0,0,0
random_regular,20,1,30,20,30,0.15789473684210525,3.0,3,3,0.0,0.15,5,2.8210526315789473,0.31249532035775157,5.62559339566868,0.31249532035775157,2.999999999999999,-2.625593395668679,1,17.0,0.00018937501590698957,23.0,0.00022866693325340748,26.0,0.00037245790008455515,26.0,0.010691124945878983,False,26.0,0.022045374964363873,26.0,0,1
random_regular,20,2,30,20,30,0.15789473684210525,3.0,3,3,0.0,0.1,5,2.778947368421053,0.42574082689709986,5.764521502114386,0.42574082689709986,2.9999999999999996,-2.7645215021143867,1,14.0,0.00018199998885393143,26.0,0.00024750002194195986,26.0,0.0003735839854925871,27.0,0.011416624998673797,False,26.0,0.022397250053472817,27.0,0,0
random_regular,20,3,30,20,30,0.15789473684210525,3.0,3,3,0.0,0.05,5,2.7,0.38600848455999626,5.616189599185153,0.38600848455999626,2.9999999999999996,-2.6161895991851583,1,16.0,0.00017354206647723913,24.0,0.0002057909732684493,26.0,0.00033108307980000973,26.0,0.009973000036552548,False,26.0,0.021466500009410083,26.0,0,1
random_regular,20,4,30,20,30,0.15789473684210525,3.0,3,3,0.0,0.05,4,2.5894736842105264,0.6497411869910964,5.705417189641692,0.6497411869910964,3.0000000000000004,-2.7054171896416936,1,14.0,0.0001971670426428318,23.0,0.00022779195569455624,27.0,0.0003825839376077056,27.0,0.010565874981693923,False,26.0,0.02083091693930328,27.0,0,0
random_regular,20,5,30,20,30,0.15789473684210525,3.0,3,3,0.0,0.1,4,2.6315789473684212,0.5857864376269031,5.7730551886097405,0.5857864376269031,3.0,-2.773055188609742,1,17.0,0.00019691605120897293,26.0,0.0002911660121753812,27.0,0.00040270795579999685,27.0,0.01023195800371468,False,27.0,0.02059220802038908,27.0,0,1
random_regular,20,6,30,20,30,0.15789473684210525,3.0,3,3,0.0,0.1,6,2.963157894736842,0.2512244387580666,5.681679597785666,0.2512244387580666,3.0000000000000004,-2.6816795977856667,1,8.0,0.00021049997303634882,24.0,0.0002513329964131117,26.0,0.00035708292853087187,26.0,0.011134541942737997,False,26.0,0.02039670804515481,26.0,0,1
random_regular,20,7,30,20,30,0.15789473684210525,3.0,3,3,0.0,0.1,5,2.663157894736842,0.46355292802470843,5.736587710008465,0.46355292802470843,3.0000000000000004,-2.7365877100084632,1,16.0,0.00017708295490592718,26.0,0.00024616706650704145,27.0,0.00042100006248801947,27.0,0.012330249999649823,False,27.0,0.023260916932485998,27.0,0,1
random_regular,20,8,30,20,30,0.15789473684210525,3.0,3,3,0.0,0.05,5,2.626315789473684,0.472470881081407,5.644781777101963,0.472470881081407,2.9999999999999982,-2.6447817771019633,1,15.0,0.00021616695448756218,25.0,0.00025462498888373375,26.0,0.0004100409569218755,26.0,0.01176787493750453,False,26.0,0.02135474991519004,26.0,0,1
random_regular,20,9,30,20,30,0.15789473684210525,3.0,3,3,0.0,0.05,5,2.5631578947368423,0.6582947025758048,5.705093234130206,0.6582947025758048,3.0,-2.705093234130208,1,9.0,0.00017083296552300453,24.0,0.00020925002172589302,27.0,0.00031875004060566425,27.0,0.010152542032301426,False,26.0,0.026659457944333553,27.0,0,0
random_regular,20,10,30,20,30,0.15789473684210525,3.0,3,3,0.0,0.0,5,2.721052631578947,0.38068582463904177,5.782128561962764,0.38068582463904177,2.999999999999999,-2.7821285619627614,1,15.0,0.00019754096865653992,28.0,0.0002637919969856739,28.0,0.00038237497210502625,28.0,0.009564084000885487,False,28.0,0.02023999998345971,28.0,0,1
random_regular,20,11,30,20,30,0.15789473684210525,3.0,3,3,0.0,0.1,5,2.7263157894736842,0.44829211564826876,5.659029084926041,0.44829211564826876,3.0000000000000013,-2.6590290849260416,1,17.0,0.0002090830821543932,24.0,0.0002193329855799675,26.0,0.00042749999556690454,26.0,0.01146149996202439,False,26.0,0.019159667077474296,26.0,0,1
random_regular,20,12,30,20,30,0.15789473684210525,3.0,3,3,0.0,0.1,5,2.636842105263158,0.4579027294651077,5.679139147414067,0.4579027294651077,3.000000000000001,-2.6791391474140664,1,14.0,0.0001724159810692072,25.0,0.0002393750473856926,26.0,0.000370583962649107,26.0,0.009849291993305087,False,26.0,0.01958108297549188,26.0,0,1
random_regular,20,13,30,20,30,0.15789473684210525,3.0,3,3,0.0,0.0,5,2.5631578947368423,0.6578423030915643,5.615506422296199,0.6578423030915643,2.9999999999999996,-2.6155064222962,1,15.0,0.00021179195027798414,26.0,0.00022008304949849844,26.0,0.0004397500306367874,26.0,0.010422750026918948,False,26.0,0.023246209020726383,26.0,0,1
random_regular,20,14,30,20,30,0.15789473684210525,3.0,3,3,0.0,0.05,6,2.889473684210526,0.297283595494524,5.903636145954763,0.297283595494524,3.0,-2.9036361459547617,1,14.0,0.00023812497965991497,24.0,0.00028795795515179634,28.0,0.0004212920321151614,28.0,0.010793374967761338,False,28.0,0.0218664170242846,28.0,0,1
random_regular,20,15,30,20,30,0.15789473684210525,3.0,3,3,0.0,0.1,5,2.721052631578947,0.46570656823585926,5.722602781460111,0.46570656823585926,2.9999999999999996,-2.7226027814601133,1,17.0,0.0002157499548047781,26.0,0.0002889579627662897,26.0,0.0007014999864622951,26.0,0.009772291989065707,False,26.0,0.01972808293066919,26.0,0,1
random_regular,20,16,31,20,31,0.1631578947368421,3.1,4,3,0.3,0.225,6,2.8157894736842106,0.18604679512207553,5.985810913474462,0.18604679512207553,3.196532554245265,-2.5570376240627137,1,11.0,0.0001754160039126873,25.0,0.0002745420206338167,25.0,0.00042225001379847527,25.0,0.009545916924253106,False,24.0,0.019444667035713792,25.0,0,0
random_regular,20,17,30,20,30,0.15789473684210525,3.0,3,3,0.0,0.2,5,2.8105263157894735,0.329684687671626,5.541134782174879,0.329684687671626,3.000000000000001,-2.5411347821748786,1,14.0,0.00017316697631031275,26.0,0.00023754197172820568,26.0,0.0003530830144882202,26.0,0.014424292021431029,False,26.0,0.021137624979019165,26.0,0,1
random_regular,20,18,30,20,30,0.15789473684210525,3.0,3,3,0.0,0.1,5,2.721052631578947,0.3429966827821861,5.5739598886312285,0.3429966827821861,3.000000000000001,-2.5739598886312285,1,14.0,0.00022249994799494743,25.0,0.0002514580264687538,26.0,0.000528082950040698,26.0,0.010532124899327755,False,25.0,0.020439374959096313,26.0,0,0
random_regular,20,19,30,20,30,0.15789473684210525,3.0,3,3,0.0,0.15,5,2.6789473684210527,0.45607124502973384,5.5409345547555,0.45607124502973384,2.9999999999999987,-2.540934554755502,1,13.0,0.00016533304005861282,26.0,0.0002668750239536166,26.0,0.00034449994564056396,26.0,0.009812292060814798,False,26.0,0.020037250011228025,26.0,0,1
random_regular,20,20,30,20,30,0.15789473684210525,3.0,3,3,0.0,0.0,5,2.610526315789474,0.5095159335630264,5.682257194244322,0.5095159335630264,3.0000000000000004,-2.6822571942443187,1,16.0,0.00017975002992898226,25.0,0.0002610409865155816,27.0,0.0004603340057656169,27.0,0.01018520793877542,False,26.0,0.022410708013921976,27.0,0,0
random_regular,20,21,30,20,30,0.15789473684210525,3.0,3,3,0.0,0.0,5,2.610526315789474,0.5671571890151973,5.728586116625326,0.5671571890151973,3.0000000000000004,-2.7285861166253285,1,16.0,0.00020720798056572676,25.0,0.000219999928958714,26.0,0.0005533749936148524,27.0,0.011089209001511335,False,27.0,0.024065540987066925,27.0,0,1
random_regular,20,22,30,20,30,0.15789473684210525,3.0,3,3,0.0,0.1,5,2.7263157894736842,0.5033831128197482,5.754423198596712,0.5033831128197482,3.0,-2.7544231985967107,1,16.0,0.00017495802603662014,27.0,0.0002471660263836384,27.0,0.00034679193049669266,27.0,0.011668665916658938,False,26.0,0.01948820799589157,27.0,0,0
random_regular,20,23,30,20,30,0.15789473684210525,3.0,3,3,0.0,0.2,5,2.736842105263158,0.4035980717873934,5.578015434003373,0.4035980717873934,2.9999999999999996,-2.578015434003373,1,17.0,0.00015654100570827723,24.0,0.00021608301904052496,26.0,0.0003111669793725014,26.0,0.009496583021245897,False,25.0,0.020315291942097247,26.0,0,0
random_regular,20,24,30,20,30,0.15789473684210525,3.0,3,3,0.0,0.05,5,2.568421052631579,0.5530668332414131,5.665982458711103,0.5530668332414131,3.0,-2.6659824587111025,1,14.0,0.00017362507060170174,26.0,0.00028837507124990225,26.0,0.000375417061150074,26.0,0.009517583064734936,False,26.0,0.02172016608528793,26.0,0,1
random_regular,20,25,30,20,30,0.15789473684210525,3.0,3,3,0.0,0.05,5,2.7157894736842105,0.4202662466645034,5.912200436580359,0.4202662466645034,3.000000000000001,-2.9122004365803593,1,15.0,0.0002375839976593852,28.0,0.00026554090436547995,28.0,0.0005307920509949327,28.0,0.012734166928566992,False,28.0,0.020129207987338305,28.0,0,1
random_regular,20,26,30,20,30,0.15789473684210525,3.0,3,3,0.0,0.2,5,2.794736842105263,0.3332743417004582,5.66156667704614,0.3332743417004582,2.999999999999999,-2.66156667704614,1,14.0,0.00018304202239960432,23.0,0.0002264579525217414,26.0,0.00034187501296401024,26.0,0.010574250016361475,False,26.0,0.020344332908280194,26.0,0,1
random_regular,20,27,30,20,30,0.15789473684210525,3.0,3,3,0.0,0.05,5,2.610526315789474,0.5656209534922705,5.805057136202649,0.5656209534922705,2.9999999999999982,-2.8050571362026515,1,10.0,0.00020737492013722658,26.0,0.0002419160446152091,28.0,0.00045854097697883844,28.0,0.011299166944809258,False,28.0,0.022160999942570925,28.0,0,1
random_regular,20,28,30,20,30,0.15789473684210525,3.0,3,3,0.0,0.0,5,2.6,0.5916131419992915,5.802816612125761,0.5916131419992915,2.999999999999999,-2.8028166121257585,1,9.0,0.00015604100190103054,26.0,0.0002117078984156251,28.0,0.00031174998730421066,28.0,0.009758249972946942,False,28.0,0.022631042054854333,28.0,0,1
random_regular,20,29,30,20,30,0.15789473684210525,3.0,3,3,0.0,0.05,5,2.705263157894737,0.3621929796462542,5.685459892622744,0.3621929796462542,3.000000000000003,-2.6854598926227435,1,10.0,0.00017354206647723913,26.0,0.00027004198636859655,27.0,0.00037883303593844175,27.0,0.011836416088044643,False,26.0,0.01988445792812854,27.0,0,0
random_regular,50,0,75,50,75,0.061224489795918366,3.0,3,3,0.0,0.06,8,4.031020408163266,0.18878535552939285,5.7695185840043,0.18878535552939285,3.0000000000000004,-2.7695185840042997,1,36.0,0.00019416690338402987,59.0,0.0003622090443968773,66.0,0.0007055419264361262,67.0,0.06810987496282905,False,67.0,0.0236154580488801,67.0,0,1
random_regular,50,1,75,50,75,0.061224489795918366,3.0,3,3,0.0,0.08,7,3.840816326530612,0.2903827204804256,5.801044104933223,0.2903827204804256,2.999999999999999,-2.8010441049332226,1,35.0,0.00022508297115564346,65.0,0.00038720795419067144,67.0,0.0007577909855172038,67.0,0.0615477500250563,False,67.0,0.02650479192379862,67.0,0,1
random_regular,50,2,75,50,75,0.061224489795918366,3.0,3,3,0.0,0.02,7,3.844081632653061,0.29843073299872497,5.760692664666978,0.29843073299872497,3.000000000000001,-2.760692664666975,1,38.0,0.00021887500770390034,61.0,0.0004390000831335783,66.0,0.0007856669835746288,67.0,0.06724233401473612,False,66.0,0.02557029202580452,67.0,0,0
random_regular,50,3,75,50,75,0.061224489795918366,3.0,3,3,0.0,0.02,8,4.076734693877551,0.21858242249419968,5.782761191216988,0.21858242249419968,3.0000000000000004,-2.7827611912169883,1,35.0,0.00029133306816220284,64.0,0.00048804201651364565,69.0,0.0009405829478055239,69.0,0.0696907079545781,False,68.0,0.02787737501785159,69.0,0,0
random_regular,50,4,75,50,75,0.061224489795918366,3.0,3,3,0.0,0.04,8,4.130612244897959,0.2120901134376078,5.819991631816408,0.2120901134376078,2.9999999999999996,-2.8199916318164098,1,41.0,0.00023637490812689066,65.0,0.00039241695776581764,67.0,0.0009591670241206884,68.0,0.07454050006344914,False,67.0,0.025613500038161874,68.0,0,0
random_regular,50,5,75,50,75,0.061224489795918366,3.0,3,3,0.0,0.04,7,3.911020408163265,0.2854806096350686,5.809936203890585,0.2854806096350686,2.9999999999999987,-2.8099362038905826,1,36.0,0.00019995809998363256,66.0,0.00047862506471574306,67.0,0.000712290988303721,68.0,0.06832999992184341,False,68.0,0.023914999910630286,68.0,0,1
random_regular,50,6,75,50,75,0.061224489795918366,3.0,3,3,0.0,0.04,7,3.8302040816326532,0.3127871126434179,5.784602664798844,0.3127871126434179,3.0000000000000004,-2.7846026647988427,1,42.0,0.00021529197692871094,63.0,0.0005065409932285547,68.0,0.0008698749588802457,68.0,0.07222083304077387,False,68.0,0.02351600001566112,68.0,0,1
random_regular,50,7,75,50,75,0.061224489795918366,3.0,3,3,0.0,0.06,7,3.853061224489796,0.2514282018993789,5.745346012157337,0.2514282018993789,3.0,-2.745346012157338,1,42.0,0.00024187506642192602,64.0,0.0004451659042388201,67.0,0.000864375033415854,67.0,0.06781066698022187,False,67.0,0.024524874985218048,67.0,0,1
random_regular,50,8,75,50,75,0.061224489795918366,3.0,3,3,0.0,0.04,8,3.929795918367347,0.25486014704695653,5.7834505648873344,0.25486014704695653,2.9999999999999982,-2.783450564887334,1,40.0,0.00022825004998594522,66.0,0.00038479198701679707,66.0,0.0007909169653430581,68.0,0.0715912920422852,False,68.0,0.02802537498064339,68.0,0,1
random_regular,50,9,75,50,75,0.061224489795918366,3.0,3,3,0.0,0.02,7,3.8310204081632655,0.31586611356073746,5.72804779246225,0.31586611356073746,3.000000000000001,-2.7280477924622475,1,38.0,0.00024983298499137163,64.0,0.0006031669909134507,67.0,0.0009032910456880927,66.0,0.09983854205347598,False,67.0,0.024769417010247707,67.0,0,1
random_regular,50,10,75,50,75,0.061224489795918366,3.0,3,3,0.0,0.04,7,3.8816326530612244,0.253319334810998,5.78426596417629,0.253319334810998,3.0000000000000004,-2.7842659641762917,1,35.0,0.00022554199676960707,64.0,0.00040737492963671684,67.0,0.0007871250854805112,68.0,0.06386341596953571,False,68.0,0.02396349993068725,68.0,0,1
random_regular,50,11,75,50,75,0.061224489795918366,3.0,3,3,0.0,0.02,6,3.7314285714285713,0.3642990921142587,5.771452429716731,0.3642990921142587,3.000000000000001,-2.7714524297167302,1,34.0,0.0002306249225512147,63.0,0.000432583037763834,66.0,0.0007248749025166035,68.0,0.06984379200730473,False,68.0,0.02255395904649049,68.0,0,1
random_regular,50,12,75,50,75,0.061224489795918366,3.0,3,3,0.0,0.02,7,3.76,0.35780402583399706,5.7511276508068265,0.35780402583399706,3.0,-2.751127650806826,1,43.0,0.00023699994198977947,66.0,0.00047199998516589403,68.0,0.0008333330042660236,68.0,0.06367824994958937,False,66.0,0.022862000041641295,68.0,0,0
random_regular,50,13,75,50,75,0.061224489795918366,3.0,3,3,0.0,0.04,7,3.8889795918367347,0.27383281599464626,5.810648478289386,0.27383281599464626,2.999999999999999,-2.8106484782893837,1,34.0,0.00027370802126824856,65.0,0.0005738330073654652,69.0,0.0011129999766126275,69.0,0.0719030830077827,False,68.0,0.02200870797969401,69.0,0,0
random_regular,50,14,75,50,75,0.061224489795918366,3.0,3,3,0.0,0.06,7,3.9257142857142857,0.2818503975039505,5.670701696996117,0.2818503975039505,3.0,-2.6707016969961175,1,34.0,0.00019562500528991222,65.0,0.0004283750895410776,64.0,0.0007677500834688544,65.0,0.0711325000738725,False,66.0,0.026595375034958124,65.0,1,0
random_regular,50,15,75,50,75,0.061224489795918366,3.0,3,3,0.0,0.0,7,3.947755102040816,0.23066873871044186,5.856039247908775,0.23066873871044186,2.9999999999999987,-2.856039247908777,1,35.0,0.00023745791986584663,65.0,0.0005064579891040921,70.0,0.0008753330912441015,70.0,0.07075820909813046,False,68.0,0.026116125052794814,70.0,0,0
random_regular,50,16,75,50,75,0.061224489795918366,3.0,3,3,0.0,0.0,7,3.7216326530612247,0.30618013115285514,5.710353322890023,0.30618013115285514,3.0000000000000018,-2.7103533228900165,1,44.0,0.00021674996241927147,59.0,0.00040616700425744057,67.0,0.0009368340251967311,67.0,0.06290966703090817,False,66.0,0.024080666014924645,67.0,0,0
random_regular,50,17,75,50,75,0.061224489795918366,3.0,3,3,0.0,0.06,7,3.92734693877551,0.24921339941705706,5.816736805524699,0.24921339941705706,3.000000000000001,-2.8167368055246995,1,37.0,0.00022870802786201239,62.0,0.00043287500739097595,68.0,0.0010436659213155508,68.0,0.07270187500398606,False,68.0,0.02543033310212195,68.0,0,1
random_regular,50,18,75,50,75,0.061224489795918366,3.0,3,3,0.0,0.02,7,3.8302040816326532,0.26275225730686314,5.836826527730253,0.26275225730686314,3.0000000000000004,-2.836826527730252,1,44.0,0.00029804196674376726,66.0,0.0004283749731257558,69.0,0.0011311250273138285,69.0,0.08057154202833772,False,67.0,0.02296029101125896,69.0,0,0
random_regular,50,19,75,50,75,0.061224489795918366,3.0,3,3,0.0,0.02,7,3.773877551020408,0.2803244528370685,5.7144943435940485,0.2803244528370685,3.000000000000001,-2.7144943435940543,1,34.0,0.0002292500576004386,63.0,0.00047291594091802835,67.0,0.0009227499831467867,67.0,0.21727925003506243,False,66.0,0.02389874996151775,67.0,0,0
random_regular,50,20,75,50,75,0.061224489795918366,3.0,3,3,0.0,0.04,7,3.7616326530612243,0.3458688717506457,5.755085412234459,0.3458688717506457,2.9999999999999982,-2.755085412234462,1,36.0,0.0002734999870881438,59.0,0.00048820802476257086,67.0,0.0009632090805098414,67.0,0.07788787502795458,False,66.0,0.025355417048558593,67.0,0,0
random_regular,50,21,75,50,75,0.061224489795918366,3.0,3,3,0.0,0.08,8,4.073469387755102,0.17326601457851765,5.767604869862322,0.17326601457851765,3.0000000000000004,-2.7676048698623212,1,33.0,0.0002339590573683381,65.0,0.00044133292976766825,68.0,0.0008211249951273203,68.0,0.11964987497776747,False,68.0,0.02659454196691513,68.0,0,1
random_regular,50,22,75,50,75,0.061224489795918366,3.0,3,3,0.0,0.06,7,3.817142857142857,0.3330375380783491,5.746884463881723,0.3330375380783491,3.000000000000002,-2.7468844638817216,1,38.0,0.000247957999818027,59.0,0.00040862499736249447,67.0,0.0009183340007439256,67.0,0.07123416697140783,False,67.0,0.028023957973346114,67.0,0,1
random_regular,50,23,75,50,75,0.061224489795918366,3.0,3,3,0.0,0.04,8,3.9657142857142857,0.2157007253824166,5.775604423506712,0.2157007253824166,2.999999999999999,-2.7756044235067083,1,29.0,0.00023604196030646563,66.0,0.00043941696640104055,66.0,0.0007549580186605453,68.0,0.06878762505948544,False,67.0,0.024912542081438005,68.0,0,0
random_regular,50,24,75,50,75,0.061224489795918366,3.0,3,3,0.0,0.02,7,3.8644897959183675,0.2560469903537178,5.753806278812509,0.2560469903537178,2.9999999999999996,-2.7538062788125153,1,30.0,0.00019774993415921926,65.0,0.00047979201190173626,67.0,0.0007177080260589719,67.0,0.06161883310414851,False,67.0,0.02443074993789196,67.0,0,1
random_regular,50,25,75,50,75,0.061224489795918366,3.0,3,3,0.0,0.04,7,3.9983673469387755,0.26057930117010747,5.703575760336284,0.26057930117010747,3.0000000000000004,-2.7035757603362836,1,45.0,0.0002466669538989663,65.0,0.0003810829948633909,67.0,0.0008827080018818378,67.0,0.06907045899424702,False,67.0,0.0229576249839738,67.0,0,1
random_regular,50,26,75,50,75,0.061224489795918366,3.0,3,3,0.0,0.0,8,3.9591836734693877,0.18636284883630663,5.872817435192115,0.18636284883630663,2.999999999999999,-2.87281743519211,1,40.0,0.00019762502051889896,65.0,0.0004184999270364642,71.0,0.0006439160788431764,71.0,0.07419841689988971,False,68.0,0.024809041060507298,71.0,0,0
random_regular,50,27,75,50,75,0.061224489795918366,3.0,3,3,0.0,0.04,7,3.9918367346938775,0.2568571115124539,5.7578827396810475,0.2568571115124539,2.999999999999999,-2.757882739681049,1,41.0,0.00020158302504569292,63.0,0.00042358296923339367,68.0,0.0006438330747187138,68.0,0.07688208401668817,False,68.0,0.02418383304029703,68.0,0,1
random_regular,50,28,75,50,75,0.061224489795918366,3.0,3,3,0.0,0.04,8,4.048979591836734,0.18954194806271868,5.81352493365239,0.18954194806271868,2.9999999999999996,-2.8135249336523898,1,35.0,0.00020533299539238214,66.0,0.0004924170207232237,69.0,0.0006652079755440354,69.0,0.11734525009524077,False,69.0,0.024473374942317605,69.0,0,1
random_regular,50,29,75,50,75,0.061224489795918366,3.0,3,3,0.0,0.0,7,3.7624489795918366,0.31939490175112717,5.770909087615188,0.31939490175112717,3.0000000000000018,-2.770909087615187,1,36.0,0.00020404101815074682,62.0,0.000412957975640893,67.0,0.0007908340776339173,68.0,0.1263789579970762,False,67.0,0.024390334030613303,68.0,0,0
random_regular,100,0,150,100,150,0.030303030303030304,3.0,3,3,0.0,0.01,9,4.836363636363636,0.21949551547905385,5.819399622445377,0.21949551547905385,3.0000000000000018,-2.8193996224453763,1,71.0,0.000246542040258646,128.0,0.0005995419342070818,134.0,0.0015996249858289957,136.0,0.4462428329279646,False,135.0,0.029469083063304424,136.0,0,0
random_regular,100,1,150,100,150,0.030303030303030304,3.0,3,3,0.0,0.01,8,4.766262626262626,0.23264004879468572,5.80013678242859,0.23264004879468572,2.999999999999999,-2.8001367824285897,1,76.0,0.00034208293072879314,126.0,0.0006297089857980609,134.0,0.002239333000034094,135.0,2.8724180000135675,False,135.0,0.027959583909250796,135.0,0,1
random_regular,100,2,150,100,150,0.030303030303030304,3.0,3,3,0.0,0.02,9,4.7844444444444445,0.21968911916253928,5.7789556332152365,0.21968911916253928,3.0,-2.7789556332152374,1,73.0,0.00025654106866568327,125.0,0.000661624944768846,134.0,0.0016265830490738153,134.0,2.369688207982108,False,134.0,0.028330791974440217,134.0,0,1
random_regular,100,3,150,100,150,0.030303030303030304,3.0,3,3,0.0,0.03,9,4.917171717171717,0.19535723057967558,5.749267380971168,0.19535723057967558,2.9999999999999996,-2.7492673809711596,1,74.0,0.00025416607968509197,129.0,0.0007218329701572657,135.0,0.0015932089881971478,134.0,2.8301281669409946,False,133.0,0.028690416016615927,135.0,0,0
random_regular,100,4,150,100,150,0.030303030303030304,3.0,3,3,0.0,0.01,8,4.78949494949495,0.24243054817333243,5.821045817050184,0.24243054817333243,2.999999999999999,-2.8210458170501833,1,80.0,0.00024399999529123306,127.0,0.0006005419418215752,135.0,0.0015747079160064459,136.0,2.8962716250680387,False,135.0,0.031067750067450106,136.0,0,0
random_regular,100,5,150,100,150,0.030303030303030304,3.0,3,3,0.0,0.01,9,4.781212121212121,0.18549193611248782,5.806063862972095,0.18549193611248782,3.000000000000002,-2.806063862972084,1,62.0,0.00023654208052903414,131.0,0.0008308750111609697,136.0,0.0015797920059412718,137.0,6.359017124981619,False,137.0,0.03061849996447563,137.0,0,1
random_regular,100,6,150,100,150,0.030303030303030304,3.0,3,3,0.0,0.01,10,4.836565656565656,0.19818303456335684,5.767759159791027,0.19818303456335684,3.0,-2.7677591597910216,1,77.0,0.00026395905297249556,128.0,0.0008223750628530979,134.0,0.0015923340106382966,133.0,3.770394791965373,False,133.0,0.03054683399386704,134.0,0,0
random_regular,100,7,150,100,150,0.030303030303030304,3.0,3,3,0.0,0.01,9,4.654545454545454,0.27040005511633186,5.822086435600825,0.27040005511633186,3.0000000000000018,-2.822086435600836,1,76.0,0.00023916701320558786,125.0,0.0007124579278752208,137.0,0.0015743329422548413,137.0,0.5225910410517827,False,138.0,0.028120042057707906,137.0,1,0
random_regular,100,8,150,100,150,0.030303030303030304,3.0,3,3,0.0,0.0,9,4.912929292929293,0.1777714153888832,5.767992842981759,0.1777714153888832,2.999999999999999,-2.7679928429817697,1,69.0,0.00024641596246510744,129.0,0.0007152089383453131,136.0,0.0015706249978393316,137.0,2.920333667076193,False,135.0,0.0286240839632228,137.0,0,0
random_regular,100,9,150,100,150,0.030303030303030304,3.0,3,3,0.0,0.02,9,4.9246464646464645,0.17812333700743627,5.792467090507123,0.17812333700743627,2.9999999999999982,-2.7924670905071207,1,80.0,0.00025758298579603434,123.0,0.0006038340507075191,135.0,0.0015800419496372342,135.0,3.9027334159472957,False,136.0,0.02935141697525978,135.0,1,0
random_regular,100,10,150,100,150,0.030303030303030304,3.0,3,3,0.0,0.01,8,4.704848484848485,0.29163954526995445,5.804666824994588,0.29163954526995445,3.0000000000000018,-2.8046668249945848,1,81.0,0.000249417033046484,132.0,0.0007150410674512386,137.0,0.0016407909570261836,138.0,4.55571724998299,False,138.0,0.030061041936278343,138.0,0,1
random_regular,100,11,150,100,150,0.030303030303030304,3.0,3,3,0.0,0.0,8,4.734949494949495,0.2666848285778139,5.7813780673213975,0.2666848285778139,2.999999999999999,-2.7813780673214037,1,74.0,0.0002487919991835952,134.0,0.0008251250255852938,134.0,0.0015929590445011854,135.0,6.436930124997161,False,135.0,0.030883625033311546,135.0,0,1
random_regular,100,12,150,100,150,0.030303030303030304,3.0,3,3,0.0,0.03,9,4.805050505050505,0.2191307324577873,5.763684460166878,0.2191307324577873,2.999999999999999,-2.7636844601668815,1,86.0,0.0002508750185370445,127.0,0.0007052919827401638,135.0,0.0015823330031707883,135.0,2.974438125034794,False,133.0,0.028052749927155674,135.0,0,0
random_regular,100,13,150,100,150,0.030303030303030304,3.0,3,3,0.0,0.03,9,4.792525252525253,0.24294619822625757,5.800288501861283,0.24294619822625757,3.0000000000000004,-2.8002885018612824,1,67.0,0.0002400829689577222,131.0,0.0007183339912444353,133.0,0.0015802920097485185,137.0,0.7678826659685001,False,137.0,0.02901837497483939,137.0,0,1
random_regular,100,14,150,100,150,0.030303030303030304,3.0,3,3,0.0,0.01,9,4.898181818181818,0.15820024026146928,5.809806184282778,0.15820024026146928,3.000000000000001,-2.8098061842827806,1,87.0,0.0002595830010250211,128.0,0.0007084159879013896,135.0,0.0015886669280007482,136.0,2.010288167046383,False,135.0,0.027821625000797212,136.0,0,0
random_regular,100,15,150,100,150,0.030303030303030304,3.0,3,3,0.0,0.01,9,4.905656565656566,0.20790230766045312,5.837224699930523,0.20790230766045312,3.0000000000000004,-2.8372246999305237,1,70.0,0.0002422920661047101,123.0,0.0005843749968335032,137.0,0.0015630829147994518,136.0,6.304592749918811,False,136.0,0.028945332975126803,137.0,0,0
random_regular,100,16,150,100,150,0.030303030303030304,3.0,3,3,0.0,0.03,9,4.961414141414141,0.16583952641849453,5.803081628136213,0.16583952641849453,2.9999999999999996,-2.8030816281362103,1,74.0,0.0002698749303817749,129.0,0.0007130829617381096,137.0,0.0015892080264165998,135.0,0.4694742909632623,False,135.0,0.030581291997805238,137.0,0,0
random_regular,100,17,150,100,150,0.030303030303030304,3.0,3,3,0.0,0.01,8,4.746262626262626,0.2567215844978696,5.816061378154732,0.2567215844978696,2.9999999999999982,-2.816061378154729,1,78.0,0.0002714169677346945,128.0,0.0007092079613357782,136.0,0.0015992500120773911,135.0,2.4472306249663234,False,136.0,0.027859666966833174,136.0,0,1
random_regular,100,18,150,100,150,0.030303030303030304,3.0,3,3,0.0,0.01,9,4.744848484848485,0.25073352104080654,5.7561275960906295,0.25073352104080654,3.0,-2.7561275960906335,1,72.0,0.0002632499672472477,126.0,0.0007255419623106718,135.0,0.001599416951648891,135.0,0.44886812497861683,False,134.0,0.02818904200103134,135.0,0,0
random_regular,100,19,150,100,150,0.030303030303030304,3.0,3,3,0.0,0.03,9,4.8987878787878785,0.17358020638052915,5.764723458439351,0.17358020638052915,3.000000000000001,-2.764723458439352,1,82.0,0.0002475420478731394,123.0,0.0005911670159548521,135.0,0.0015652920119464397,135.0,0.8818403329933062,False,133.0,0.0374788329936564,135.0,0,0
random_regular,100,20,150,100,150,0.030303030303030304,3.0,3,3,0.0,0.0,9,4.786262626262626,0.22083279847735227,5.839498641421875,0.22083279847735227,3.000000000000001,-2.839498641421875,1,85.0,0.00025937508326023817,130.0,0.0010634580394253135,138.0,0.0015585420187562704,137.0,0.37135999999009073,False,135.0,0.02837104198988527,138.0,0,0
random_regular,100,21,150,100,150,0.030303030303030304,3.0,3,3,0.0,0.01,8,4.733939393939394,0.25829468482544166,5.8218068163151155,0.25829468482544166,3.000000000000001,-2.821806816315115,1,70.0,0.00024154200218617916,132.0,0.0007094169268384576,138.0,0.0015668330015614629,138.0,6.263342207996175,False,136.0,0.029873959021642804,138.0,0,0
random_regular,100,22,150,100,150,0.030303030303030304,3.0,3,3,0.0,0.02,9,4.787474747474747,0.23060953276701449,5.7710463337624684,0.23060953276701449,2.9999999999999982,-2.77104633376247,1,76.0,0.0002263750648126006,125.0,0.0005432500038295984,135.0,0.001429333002306521,135.0,1.8741609998978674,False,135.0,0.029224083060398698,135.0,0,1
random_regular,100,23,150,100,150,0.030303030303030304,3.0,3,3,0.0,0.0,9,4.771717171717172,0.22649573626180639,5.775304994631449,0.22649573626180639,3.0,-2.775304994631449,1,74.0,0.00023916596546769142,127.0,0.0007116670021787286,135.0,0.0015714579494670033,135.0,0.6339854999678209,False,134.0,0.027722958009690046,135.0,0,0
random_regular,100,24,150,100,150,0.030303030303030304,3.0,3,3,0.0,0.03,9,4.7973737373737375,0.20801622759426444,5.777766264279454,0.20801622759426444,2.9999999999999982,-2.7777662642794554,1,68.0,0.00023804197553545237,123.0,0.0005959579721093178,135.0,0.0014857091009616852,136.0,6.472980834078044,False,135.0,0.029167084023356438,136.0,0,0
random_regular,100,25,150,100,150,0.030303030303030304,3.0,3,3,0.0,0.02,8,4.8133333333333335,0.22766170749851455,5.777812742769767,0.22766170749851455,3.000000000000001,-2.7778127427697723,1,73.0,0.00022208294831216335,126.0,0.0005529579939320683,135.0,0.0014173750532791018,135.0,2.7838415829464793,False,134.0,0.02796487498562783,135.0,0,0
random_regular,100,26,150,100,150,0.030303030303030304,3.0,3,3,0.0,0.02,9,4.886262626262626,0.1961076283061263,5.7918462759397995,0.1961076283061263,2.9999999999999996,-2.791846275939802,1,85.0,0.0002447089646011591,122.0,0.0006220000796020031,134.0,0.001568750012665987,135.0,0.7575802080100402,False,134.0,0.028189208009280264,135.0,0,0
random_regular,100,27,150,100,150,0.030303030303030304,3.0,3,3,0.0,0.01,8,4.717979797979798,0.2670988328474203,5.799588417534509,0.2670988328474203,3.0,-2.799588417534512,1,78.0,0.0002357920166105032,129.0,0.0005865000421181321,136.0,0.0015626250533387065,136.0,2.0791194590274245,False,134.0,0.028897666954435408,136.0,0,0
random_regular,100,28,150,100,150,0.030303030303030304,3.0,3,3,0.0,0.01,8,4.740808080808081,0.25068218043494217,5.770258426259473,0.25068218043494217,3.0000000000000027,-2.770258426259473,1,77.0,0.0002383330138400197,128.0,0.000584124936722219,135.0,0.001583124976605177,136.0,0.4143167498987168,False,135.0,0.028282332932576537,136.0,0,0
random_regular,100,29,150,100,150,0.030303030303030304,3.0,3,3,0.0,0.03,9,5.053131313131313,0.19476825080946775,5.812551815965235,0.19476825080946775,2.999999999999998,-2.812551815965234,1,77.0,0.0002489580074325204,128.0,0.0006945000495761633,135.0,0.0014798329211771488,134.0,3.0393557499628514,False,134.0,0.029831541934981942,135.0,0,0
random_regular,200,0,300,200,300,0.01507537688442211,3.0,3,3,0.0,0.01,10,5.779246231155779,0.2063602074495364,5.819872769404872,0.2063602074495364,2.999999999999998,-2.8198727694048698,1,161.0,0.0003558750031515956,247.0,0.0012776670046150684,274.0,0.004786083009094,270.0,21.68853166711051,False,272.0,0.040269042016007006,274.0,0,0
random_regular,200,1,300,200,300,0.01507537688442211,3.0,3,3,0.0,0.01,11,5.84,0.1846922921151438,5.797090631855319,0.1846922921151438,3.0,-2.797090631855315,1,146.0,0.00035416707396507263,264.0,0.0019959580386057496,270.0,0.005448292009532452,271.0,26.04861883400008,False,270.0,0.04107420798391104,271.0,0,0
random_regular,200,2,300,200,300,0.01507537688442211,3.0,3,3,0.0,0.005,10,5.921105527638191,0.18834063773192425,5.815533002456594,0.18834063773192425,2.9999999999999996,-2.8155330024565894,1,153.0,0.0003762079868465662,254.0,0.0014745830558240414,272.0,0.005412208032794297,273.0,28.235986040905118,False,275.0,0.04347745806444436,273.0,1,0
random_regular,200,3,300,200,300,0.01507537688442211,3.0,3,3,0.0,0.005,10,5.727788944723618,0.22479620897176644,5.8129179551949335,0.22479620897176644,2.999999999999999,-2.812917955194931,1,155.0,0.0006072500254958868,251.0,0.0029875829350203276,270.0,0.0075543749844655395,268.0,32.50723445904441,False,267.0,0.06587675004266202,270.0,0,0
random_regular,200,4,300,200,300,0.01507537688442211,3.0,3,3,0.0,0.015,11,5.903266331658291,0.15835129545295512,5.813413452903313,0.15835129545295512,2.999999999999999,-2.813413452903307,1,148.0,0.0004835419822484255,250.0,0.001948417047969997,275.0,0.006860084016807377,271.0,34.09857475000899,False,272.0,0.06481641600839794,275.0,0,0
random_regular,200,5,300,200,300,0.01507537688442211,3.0,3,3,0.0,0.01,11,5.852663316582914,0.1647050098868724,5.801632441648652,0.1647050098868724,2.999999999999999,-2.8016324416486524,1,147.0,0.0006953340489417315,254.0,0.002968166023492813,269.0,0.007869833032600582,270.0,32.80772495793644,False,269.0,0.05406770796980709,270.0,0,0
random_regular,200,6,300,200,300,0.01507537688442211,3.0,3,3,0.0,0.015,10,5.864120603015075,0.1768568946916133,5.812046567471612,0.1768568946916133,2.999999999999999,-2.8120465674716035,1,166.0,0.0004381659673526883,260.0,0.0018631248967722058,272.0,0.006449416978284717,272.0,32.039075208012946,False,263.0,0.05232641694601625,272.0,0,0
random_regular,200,7,300,200,300,0.01507537688442211,3.0,3,3,0.0,0.005,10,5.738944723618091,0.21775850176457742,5.800218881928281,0.21775850176457742,3.0000000000000004,-2.80021888192828,1,143.0,0.00044779200106859207,250.0,0.0016431660624220967,274.0,0.00622629199642688,275.0,33.455845374963246,False,270.0,0.05607708403840661,275.0,0,0
random_regular,200,8,300,200,300,0.01507537688442211,3.0,3,3,0.0,0.005,10,5.896984924623116,0.16672636686115241,5.8025623110851505,0.16672636686115241,3.000000000000001,-2.8025623110851394,1,152.0,0.0004689999623224139,254.0,0.0015888339839875698,274.0,0.006384082953445613,269.0,32.90428504208103,False,272.0,0.05310562497470528,274.0,0,0
random_regular,200,9,300,200,300,0.01507537688442211,3.0,3,3,0.0,0.015,10,5.769447236180905,0.19306884211437791,5.796234606249839,0.19306884211437791,2.9999999999999973,-2.7962346062498376,1,154.0,0.00047974998597055674,255.0,0.0015450830105692148,273.0,0.006118958932347596,269.0,33.160117457970046,False,270.0,0.05819733301177621,273.0,0,0
random_regular,200,10,300,200,300,0.01507537688442211,3.0,3,3,0.0,0.005,10,5.688994974874372,0.2272402067744122,5.81991544807215,0.2272402067744122,2.999999999999999,-2.819915448072151,1,143.0,0.0004711661022156477,262.0,0.0021582089830189943,274.0,0.006961582927033305,270.0,36.64487462490797,False,272.0,0.05858900002203882,274.0,0,0
random_regular,200,11,300,200,300,0.01507537688442211,3.0,3,3,0.0,0.02,10,5.79391959798995,0.21137533740848624,5.7946964326136,0.21137533740848624,3.0000000000000013,-2.794696432613599,1,163.0,0.0005137500120326877,250.0,0.001462375046685338,273.0,0.0061645000241696835,271.0,34.8818973749876,False,270.0,0.056394250015728176,273.0,0,0
random_regular,200,12,300,200,300,0.01507537688442211,3.0,3,3,0.0,0.005,10,5.755226130653266,0.21757018171168696,5.775441541232823,0.21757018171168696,2.9999999999999982,-2.775441541232825,1,158.0,0.000676542054861784,253.0,0.002266541006974876,270.0,0.007074875058606267,268.0,35.01255966699682,False,270.0,0.04856633301824331,270.0,0,1
random_regular,200,13,300,200,300,0.01507537688442211,3.0,3,3,0.0,0.0,11,5.801959798994975,0.16884195717175968,5.8053181760827846,0.16884195717175968,3.0,-2.8053181760827823,1,142.0,0.00043062493205070496,252.0,0.0018697499763220549,272.0,0.006808832986280322,271.0,28.921972707961686,False,269.0,0.04403429094236344,272.0,0,0
random_regular,200,14,300,200,300,0.01507537688442211,3.0,3,3,0.0,0.0,10,5.807035175879397,0.1948603796929282,5.828102458921,0.1948603796929282,3.0000000000000018,-2.828102458921,1,141.0,0.0004339999286457896,264.0,0.0019011249532923102,275.0,0.005958915920928121,274.0,31.507247834000736,False,273.0,0.04465729102957994,275.0,0,0
random_regular,200,15,300,200,300,0.01507537688442211,3.0,3,3,0.0,0.01,10,5.864623115577889,0.17675500477324851,5.784463489420175,0.17675500477324851,3.000000000000001,-2.78446348942018,1,146.0,0.0004374579293653369,242.0,0.001284166006371379,271.0,0.005971082951873541,267.0,30.311706625041552,False,268.0,0.04319124994799495,271.0,0,0
random_regular,200,16,300,200,300,0.01507537688442211,3.0,3,3,0.0,0.035,11,5.94748743718593,0.16517900902317867,5.780727624214931,0.16517900902317867,3.000000000000001,-2.780727624214933,1,154.0,0.0004392080008983612,248.0,0.001547291991300881,271.0,0.006017667008563876,267.0,20.422439208021387,False,271.0,0.06411170796491206,271.0,0,1
random_regular,200,17,300,200,300,0.01507537688442211,3.0,3,3,0.0,0.015,10,5.721005025125629,0.19260143114247838,5.775191496261356,0.19260143114247838,3.0,-2.7751914962613577,1,156.0,0.0004545000847429037,251.0,0.00222116697113961,271.0,0.00852933304850012,270.0,30.33061499998439,False,269.0,0.04147866589482874,271.0,0,0
random_regular,200,18,300,200,300,0.01507537688442211,3.0,3,3,0.0,0.015,10,5.774874371859297,0.19476816750939965,5.7976681289405,0.19476816750939965,2.999999999999998,-2.797668128940502,1,164.0,0.0003957919543609023,256.0,0.0013743749586865306,271.0,0.005409249919466674,269.0,29.267345541971736,False,265.0,0.04194533301051706,271.0,0,0
random_regular,200,19,300,200,300,0.01507537688442211,3.0,3,3,0.0,0.015,11,5.8245226130653265,0.20394365555856195,5.828532114433645,0.20394365555856195,2.9999999999999982,-2.8285321144336453,1,160.0,0.00038954196497797966,253.0,0.0013868329115211964,277.0,0.005396167049184442,275.0,28.499706791946664,False,273.0,0.04157558304723352,277.0,0,0
random_regular,200,20,300,200,300,0.01507537688442211,3.0,3,3,0.0,0.0,10,5.737738693467337,0.21710124779224121,5.809799659523081,0.21710124779224121,3.0000000000000013,-2.8097996595230845,1,133.0,0.0003718750085681677,257.0,0.0021836659871041775,274.0,0.005374000058509409,270.0,24.287615584093146,False,273.0,0.04537704191170633,274.0,0,0
random_regular,200,21,300,200,300,0.01507537688442211,3.0,3,3,0.0,0.005,10,5.7411557788944725,0.23002184079311397,5.808014479084333,0.23002184079311397,3.0000000000000027,-2.8080144790843415,1,155.0,0.00039329100400209427,254.0,0.0014749170513823628,274.0,0.005501875071786344,274.0,28.75604858295992,False,273.0,0.04362904105801135,274.0,0,0
random_regular,200,22,300,200,300,0.01507537688442211,3.0,3,3,0.0,0.0,10,5.813316582914573,0.20575629327586983,5.821399427595321,0.20575629327586983,3.0,-2.8213994275953116,1,139.0,0.00039666600059717894,259.0,0.0014410000294446945,277.0,0.005603207973763347,274.0,28.39786195801571,False,274.0,0.04435679200105369,277.0,0,0
random_regular,200,23,300,200,300,0.01507537688442211,3.0,3,3,0.0,0.01,10,5.835979899497487,0.19049690554700113,5.821942025822723,0.19049690554700113,2.999999999999998,-2.8219420258227186,1,158.0,0.00038600002881139517,251.0,0.001149957999587059,273.0,0.005345290992408991,271.0,27.99635620904155,False,272.0,0.04187804099638015,273.0,0,0
random_regular,200,24,300,200,300,0.01507537688442211,3.0,3,3,0.0,0.015,10,5.867738693467337,0.1899808422690902,5.796253641999591,0.1899808422690902,2.999999999999999,-2.7962536419995883,1,142.0,0.0003846249310299754,261.0,0.001931500039063394,271.0,0.00534891604911536,269.0,29.69914725003764,False,272.0,0.04528950003441423,271.0,1,0
random_regular,200,25,300,200,300,0.01507537688442211,3.0,3,3,0.0,0.01,10,5.725427135678392,0.22544924983931064,5.797170453312033,0.22544924983931064,2.9999999999999982,-2.797170453312035,1,140.0,0.00040908309165388346,255.0,0.001724833040498197,272.0,0.005497707985341549,268.0,30.162795208976604,False,272.0,0.04315287503413856,272.0,0,1
random_regular,200,26,300,200,300,0.01507537688442211,3.0,3,3,0.0,0.005,10,5.691909547738693,0.22596426679595064,5.829412452934858,0.22596426679595064,3.000000000000001,-2.8294124529348594,1,165.0,0.0004987920401617885,259.0,0.001866708043962717,276.0,0.006158499978482723,275.0,26.459249416948296,False,276.0,0.04355362500064075,276.0,0,1
random_regular,200,27,300,200,300,0.01507537688442211,3.0,3,3,0.0,0.005,10,5.766331658291457,0.20384436527557576,5.857584679664015,0.20384436527557576,3.000000000000001,-2.8575846796640154,1,144.0,0.0003991250414401293,258.0,0.0019203749252483249,278.0,0.0054439580999314785,278.0,29.337390500004403,False,271.0,0.04271158401388675,278.0,0,0
random_regular,200,28,300,200,300,0.01507537688442211,3.0,3,3,0.0,0.005,10,5.829346733668341,0.17232968083882147,5.788037520069273,0.17232968083882147,3.000000000000001,-2.788037520069268,1,137.0,0.0003804579610005021,257.0,0.0017125000013038516,272.0,0.005440666922368109,269.0,31.263319459045306,False,273.0,0.050697249942459166,272.0,1,0
random_regular,200,29,300,200,300,0.01507537688442211,3.0,3,3,0.0,0.015,10,5.823015075376884,0.17453592991613906,5.7982020056354315,0.17453592991613906,3.000000000000002,-2.7982020056354298,1,149.0,0.0005228749942034483,252.0,0.0017928750021383166,270.0,0.007249957998283207,267.0,30.145751749980263,False,271.0,0.040981125086545944,270.0,1,0
barabasi_albert,20,0,51,20,51,0.26842105263157895,5.1,13,2,2.930870177950569,0.388014763014763,3,1.805263157894737,1.8284277913345257,14.213613507496284,1.8284277913345257,6.242719762511006,-3.705352284541956,1,26.0,0.00019299995619803667,37.0,0.0002889579627662897,37.0,0.00043687503784894943,38.0,0.011597042088396847,False,38.0,0.021049334085546434,38.0,0,1
barabasi_albert,20,1,51,20,51,0.26842105263157895,5.1,10,3,2.211334438749598,0.29908730158730157,3,1.8842105263157896,1.635329433330552,11.376903815986726,1.635329433330552,6.039356211654956,-3.463209029872552,1,25.0,0.0001783330226317048,38.0,0.0003260830417275429,36.0,0.0004075829638168216,39.0,0.01087854104116559,False,39.0,0.021039374987594783,39.0,0,1
barabasi_albert,20,2,51,20,51,0.26842105263157895,5.1,13,2,3.2848135411313684,0.5902350427350427,3,1.8473684210526315,1.2735905330008244,14.178590030459626,1.2735905330008244,6.655013534714501,-3.384090835627177,1,26.0,0.00018020800780504942,36.0,0.00029508303850889206,36.0,0.0004385419888421893,37.0,0.01608720899093896,False,37.0,0.0210615829564631,37.0,0,1
barabasi_albert,20,3,51,20,51,0.26842105263157895,5.1,10,3,2.3853720883753127,0.2986904761904762,3,1.868421052631579,1.6618839841971282,12.096774004656936,1.6618839841971282,5.970499273221091,-4.128444525539116,1,28.0,0.00019441696349531412,34.0,0.0002629590453580022,40.0,0.00046975002624094486,41.0,0.010895833023823798,False,39.0,0.02083762502297759,41.0,0,0
barabasi_albert,20,4,51,20,51,0.26842105263157895,5.1,15,2,3.3600595232822887,0.609992784992785,3,1.8526315789473684,1.4496738966165759,16.071771825749938,1.4496738966165759,6.6959682190206635,-3.781193420753483,1,30.0,0.00017195800319314003,34.0,0.0002371249720454216,40.0,0.0004002500791102648,40.0,0.01031587494071573,False,40.0,0.021462625009007752,40.0,0,1
barabasi_albert,20,5,51,20,51,0.26842105263157895,5.1,16,3,2.9647934160747185,0.46851190476190474,3,1.8421052631578947,1.4647324816938607,17.049965307592657,1.4647324816938607,6.37002574995587,-3.4197183392579134,1,29.0,0.00018458394333720207,36.0,0.00027074990794062614,37.0,0.00043754198122769594,39.0,0.010210875072516501,False,37.0,0.02288887498434633,39.0,0,0
barabasi_albert,20,6,51,20,51,0.26842105263157895,5.1,9,3,1.9467922333931782,0.3545238095238095,3,1.936842105263158,1.4700427241245972,10.781699612523747,1.4700427241245972,5.863408025206802,-3.188626796724071,1,27.0,0.0002103749429807067,35.0,0.00034545804373919964,35.0,0.000510666985064745,38.0,0.01083233393728733,False,38.0,0.021330749965272844,38.0,0,1
barabasi_albert,20,7,51,20,51,0.26842105263157895,5.1,10,2,2.0223748416156684,0.22325396825396826,4,1.931578947368421,1.6109180702162322,11.441750341227491,1.6109180702162322,5.9254878581157655,-3.676454899813043,1,26.0,0.00018416706006973982,38.0,0.00028962502256035805,36.0,0.0005207500653341413,40.0,0.010913665988482535,False,40.0,0.021098583936691284,40.0,0,1
barabasi_albert,20,8,51,20,51,0.26842105263157895,5.1,11,2,2.4474476501040834,0.3195454545454545,3,1.8736842105263158,1.3052475664754837,12.31161936090711,1.3052475664754837,6.16325055640824,-3.3043445406713414,1,29.0,0.00019179098308086395,36.0,0.00029137497767806053,37.0,0.0004253339720889926,37.0,0.010306708980351686,False,37.0,0.02154762507416308,37.0,0,1
barabasi_albert,20,9,51,20,51,0.26842105263157895,5.1,12,1,2.7367864366808017,0.3543290043290043,3,1.894736842105263,0.94936019100259,13.407788691931804,0.94936019100259,6.296260611479195,-3.998032433233747,1,16.0,0.0002299170009791851,35.0,0.00029850006103515625,41.0,0.00043158303014934063,41.0,0.009861125028692186,False,41.0,0.021294750040397048,41.0,0,1
barabasi_albert,20,10,51,20,51,0.26842105263157895,5.1,13,3,2.8618176042508368,0.48331834831834836,3,1.8631578947368421,1.606423954939546,14.149800344529528,1.606423954939546,6.37987823974921,-3.1115611208990708,1,25.0,0.00017583300359547138,34.0,0.0002460420364513993,37.0,0.00043295801151543856,37.0,0.009923832956701517,False,37.0,0.02087750006467104,37.0,0,1
barabasi_albert,20,11,51,20,51,0.26842105263157895,5.1,11,3,2.4879710609249455,0.449040404040404,4,1.9526315789473685,1.168699036236397,12.527211765642189,1.168699036236397,6.183141833200613,-3.542175343224663,1,30.0,0.00019625003915280104,37.0,0.00025583291426301,38.0,0.000443875091150403,38.0,0.010012499988079071,False,38.0,0.02136975002940744,38.0,0,1
barabasi_albert,20,12,51,20,51,0.26842105263157895,5.1,13,3,2.3853720883753127,0.32125457875457875,3,1.868421052631579,1.5128619759997308,14.169241096755542,1.5128619759997308,6.034352276776972,-3.2181047572980375,1,23.0,0.00018329196609556675,36.0,0.0002977499971166253,36.0,0.0004992079921066761,38.0,0.010369124938733876,False,37.0,0.02182625001296401,38.0,0,0
barabasi_albert,20,13,51,20,51,0.26842105263157895,5.1,14,2,3.0315012782448236,0.47279137529137527,3,1.8421052631578947,1.4536633647639754,15.096125526639677,1.4536633647639754,6.467281241719535,-3.783456307600142,1,26.0,0.0001805420033633709,36.0,0.00025400007143616676,36.0,0.00041679199784994125,39.0,0.01082154200412333,False,36.0,0.021051208022981882,39.0,0,0
barabasi_albert,20,14,51,20,51,0.26842105263157895,5.1,13,3,2.7367864366808017,0.3368414918414918,3,1.9052631578947368,1.6994573315176305,14.16045079502185,1.6994573315176305,6.341068339110025,-4.062616052118867,1,24.0,0.00023787491954863071,37.0,0.0002942499704658985,40.0,0.00047991692554205656,40.0,0.011296750046312809,False,40.0,0.021843917085789144,40.0,0,1
barabasi_albert,20,15,51,20,51,0.26842105263157895,5.1,15,1,3.3600595232822883,0.5020021645021645,3,1.7894736842105263,0.9783259348458291,16.109640780741564,0.9783259348458291,6.576409116941968,-3.832368468021873,1,28.0,0.00018220790661871433,37.0,0.000287500093691051,39.0,0.00042216700967401266,39.0,0.01004095806274563,False,38.0,0.02171900006942451,39.0,0,0
barabasi_albert,20,16,51,20,51,0.26842105263157895,5.1,11,3,2.5475478405713994,0.3700937950937951,3,1.8894736842105264,1.5635962119160907,12.624660065789943,1.5635962119160907,6.174873359738022,-3.41061792110104,1,24.0,0.00020404194947332144,36.0,0.0003095000283792615,36.0,0.0004284580936655402,38.0,0.010196583927609026,False,37.0,0.020913374959491193,38.0,0,0
barabasi_albert,20,17,51,20,51,0.26842105263157895,5.1,13,1,2.7910571473905725,0.4284096459096459,4,1.9157894736842105,0.8721838618714054,14.195954452055432,0.8721838618714054,6.4043810383126285,-3.433539657631998,1,27.0,0.0002030420582741499,37.0,0.0002626669593155384,37.0,0.00048691604752093554,37.0,0.01087258302140981,False,37.0,0.02156287501566112,37.0,0,1
barabasi_albert,20,18,51,20,51,0.26842105263157895,5.1,10,3,2.142428528562855,0.33634920634920634,3,1.9210526315789473,1.2848298191624377,11.489196035807309,1.2848298191624377,5.959748775723378,-3.363755171462885,1,23.0,0.00017079198732972145,35.0,0.00023762497585266829,36.0,0.0004001249326393008,39.0,0.009544541942887008,False,36.0,0.01996449998114258,39.0,0,0
barabasi_albert,20,19,51,20,51,0.26842105263157895,5.1,13,1,3.1921779399024737,0.4803180153180153,3,1.8210526315789475,0.9321317001986044,14.24215464910351,0.9321317001986044,6.551442862904406,-3.3850238597159517,1,23.0,0.00016616599168628454,36.0,0.00023841706570237875,36.0,0.0003976660082116723,39.0,0.010861042072065175,False,37.0,0.02145208395086229,39.0,0,0
barabasi_albert,20,20,51,20,51,0.26842105263157895,5.1,10,3,2.2781571499789033,0.36777777777777776,3,1.8789473684210527,1.6541592966710987,11.704303738918385,1.6541592966710987,5.924970103719034,-3.3551260007872203,1,28.0,0.00017012504395097494,37.0,0.0002751249121502042,37.0,0.00039370893500745296,38.0,0.009964458062313497,False,38.0,0.021807000041007996,38.0,0,1
barabasi_albert,20,21,51,20,51,0.26842105263157895,5.1,11,3,2.5475478405713994,0.3437193362193362,3,1.9,1.5028818305040088,12.486604262655346,1.5028818305040088,6.254274023975863,-3.6851626408587377,1,25.0,0.00018033396918326616,38.0,0.00025512499269098043,39.0,0.0004416669253259897,40.0,0.01003033306915313,False,40.0,0.020485374960117042,40.0,0,1
barabasi_albert,20,22,51,20,51,0.26842105263157895,5.1,12,3,2.9983328701129897,0.4407611832611832,3,1.8368421052631578,1.6948609543794229,13.334690563239983,1.6948609543794229,6.428908289032897,-3.698899403767811,1,33.0,0.00017612497322261333,39.0,0.00023629202041774988,39.0,0.0003962500486522913,39.0,0.010696584009565413,False,36.0,0.02093070896808058,39.0,0,0
barabasi_albert,20,23,51,20,51,0.26842105263157895,5.1,11,3,2.188606862823929,0.22856060606060608,3,1.8894736842105264,1.8303444012135948,12.346305190279596,1.8303444012135948,6.024454857777927,-3.6651990111198653,1,25.0,0.00017562496941536665,38.0,0.00025045801885426044,38.0,0.00040012504905462265,40.0,0.011219374951906502,False,40.0,0.02076800004579127,40.0,0,1
barabasi_albert,20,24,51,20,51,0.26842105263157895,5.1,12,3,2.467792535850613,0.32025613275613274,3,1.8894736842105264,1.6795283201632607,13.277257729544532,1.6795283201632607,6.088942856428203,-3.714682398711868,1,27.0,0.00017679203301668167,38.0,0.0002817919012159109,40.0,0.00039962504524737597,40.0,0.01082212501205504,False,38.0,0.021145625039935112,40.0,0,0
barabasi_albert,20,25,51,20,51,0.26842105263157895,5.1,13,1,3.047950130825634,0.4149111999111999,3,1.8210526315789475,0.9511504966767192,14.325890748399711,0.9511504966767192,6.422158678660557,-3.769060985942567,1,31.0,0.000175457913428545,36.0,0.00023995793890208006,38.0,0.00040208303835242987,38.0,0.010212625027634203,False,38.0,0.020598333096131682,38.0,0,1
barabasi_albert,20,26,51,20,51,0.26842105263157895,5.1,13,2,2.896549671592048,0.31949023199023197,3,1.8421052631578947,1.7842351719478933,14.391440150804057,1.7842351719478933,6.257281327442944,-4.271337407131085,1,30.0,0.00021050008945167065,41.0,0.0002499590627849102,41.0,0.00043649994768202305,41.0,0.010560875060036778,False,41.0,0.019764124997891486,41.0,0,1
barabasi_albert,20,27,51,20,51,0.26842105263157895,5.1,14,2,3.269556544854363,0.6809065934065934,3,1.8526315789473684,1.3225468024177889,15.122075842982003,1.3225468024177889,6.6206086098757115,-3.453880660114532,1,32.0,0.00018945802003145218,34.0,0.0002828750293701887,37.0,0.0004778750007972121,37.0,0.012057499960064888,False,36.0,0.020246041007339954,37.0,0,0
barabasi_albert,20,28,51,20,51,0.26842105263157895,5.1,10,3,2.118962010041709,0.26341269841269843,3,1.8894736842105264,1.8318833899074776,11.925740784987273,1.8318833899074776,5.9033678214434,-3.8868810063413157,1,22.0,0.00017416698392480612,39.0,0.0002781669609248638,39.0,0.0004051669966429472,40.0,0.012429249938577414,False,39.0,0.02028895798139274,40.0,0,0
barabasi_albert,20,29,51,20,51,0.26842105263157895,5.1,15,2,3.1448370387032774,0.5349999999999999,3,1.8263157894736841,1.3251204202076148,16.066767189606367,1.3251204202076148,6.516001160081845,-3.5857195733086193,1,25.0,0.00016808300279080868,36.0,0.00027012499049305916,36.0,0.0004218749236315489,40.0,0.010039541986770928,False,40.0,0.02035312505904585,40.0,0,1
barabasi_albert,50,0,141,50,141,0.11510204081632654,5.64,22,3,4.6076458197218235,0.29693688990747813,4,2.219591836734694,1.4822470181118415,23.6630535871736,1.4822470181118415,8.264593794235083,-5.153262517509587,1,65.0,0.0002092079957947135,103.0,0.0005022080149501562,106.0,0.0008493330096825957,109.0,0.053911459050141275,False,105.0,0.023808333091437817,109.0,0,0
barabasi_albert,50,1,141,50,141,0.11510204081632654,5.64,19,3,3.958585605996162,0.24643771192687602,4,2.2718367346938777,1.5673101273015313,20.549920851391757,1.5673101273015313,7.9727499152590315,-4.92183151553576,1,67.0,0.0002471250481903553,100.0,0.0005836670752614737,105.0,0.001072250073775649,108.0,0.05555008398368955,False,107.0,0.02455995895434171,108.0,0,0
barabasi_albert,50,2,141,50,141,0.11510204081632654,5.64,21,2,4.471062513541943,0.3235893901420217,4,2.259591836734694,1.3979584793352378,22.38388338447778,1.3979584793352378,8.513794920885855,-4.689261902314645,1,68.0,0.00024766603019088507,98.0,0.0007869999390095472,99.0,0.0009272079914808273,103.0,0.04910075000952929,False,104.0,0.024211250012740493,103.0,1,0
barabasi_albert,50,3,141,50,141,0.11510204081632654,5.64,18,3,3.398587942072413,0.22743367743367743,4,2.346122448979592,1.5246023002811238,19.43105797246638,1.5246023002811238,7.557721494318429,-4.806010733314729,1,65.0,0.00020662497263401747,100.0,0.0005107499891892076,100.0,0.0008446250576525927,109.0,0.039793417090550065,False,105.0,0.025231500039808452,109.0,0,0
barabasi_albert,50,4,141,50,141,0.11510204081632654,5.64,26,3,4.577160691957406,0.30517795537795533,4,2.2375510204081634,1.5878684494029967,27.13368503032264,1.5878684494029967,8.518798964744729,-5.089183537987255,1,73.0,0.00021650001872330904,99.0,0.0006613750010728836,106.0,0.0008930410258471966,109.0,0.04637349990662187,False,104.0,0.025003207963891327,109.0,0,0
barabasi_albert,50,5,141,50,141,0.11510204081632654,5.64,25,3,3.8872097962420296,0.2242062382062382,4,2.2979591836734694,1.445939356794918,26.119822286725352,1.445939356794918,8.040922387315636,-4.561924686186554,1,67.0,0.0002674999414011836,97.0,0.0004527920391410589,100.0,0.0011019579833373427,106.0,0.052058708970434964,False,102.0,0.024134958046488464,106.0,0,0
barabasi_albert,50,6,141,50,141,0.11510204081632654,5.64,15,3,2.9917219122104246,0.14749206349206348,4,2.36,1.3466598968338526,16.654262089240518,1.3466598968338526,7.249114335467475,-4.540745915060504,1,73.0,0.0002960000419989228,101.0,0.0006019170396029949,107.0,0.00118245801422745,110.0,0.0628952500410378,False,108.0,0.02369129192084074,110.0,0,0
barabasi_albert,50,7,141,50,141,0.11510204081632654,5.64,18,2,3.6428560224087914,0.23371027665145314,4,2.2979591836734694,1.5059814987264606,19.919795972234866,1.5059814987264606,7.728864973538975,-4.606050920084102,1,65.0,0.00020970799960196018,104.0,0.000513250008225441,105.0,0.0008439579978585243,107.0,0.04892012500204146,False,107.0,0.02405499992892146,107.0,0,1
barabasi_albert,50,8,141,50,141,0.11510204081632654,5.64,16,2,3.6647510147348346,0.2922442557442557,4,2.3485714285714288,1.1565494373845449,17.92405578070296,1.1565494373845449,7.794689198942304,-4.548130479740671,1,70.0,0.00022079201880842447,102.0,0.0005139170680195093,102.0,0.0008476669900119305,107.0,0.05244529200717807,False,104.0,0.0230375420069322,107.0,0,0
barabasi_albert,50,9,141,50,141,0.11510204081632654,5.64,20,3,3.943399548612846,0.19670447955896872,4,2.2848979591836733,1.4715895218925064,21.396452568184152,1.4715895218925064,7.929704484226551,-5.263486082622899,1,67.0,0.00020329095423221588,107.0,0.0005059170071035624,107.0,0.0008449169108644128,109.0,0.05132266692817211,False,108.0,0.02431758400052786,109.0,0,0
barabasi_albert,50,10,141,50,141,0.11510204081632654,5.64,22,3,4.279065318501226,0.34997596521125934,4,2.2718367346938777,1.387840601075362,23.207052587123613,1.387840601075362,8.240123988837299,-4.525941073629352,1,73.0,0.0002086249878630042,102.0,0.0004981659585610032,102.0,0.0008465830469503999,108.0,0.06748787499964237,False,106.0,0.024667083052918315,108.0,0,0
barabasi_albert,50,11,141,50,141,0.11510204081632654,5.64,19,3,3.917958652155482,0.21037776705578562,4,2.293877551020408,1.3468306071309044,20.454897695484988,1.3468306071309044,7.9397410456328625,-4.79969568547182,1,82.0,0.00021962495520710945,104.0,0.0004090409493073821,102.0,0.0008493750356137753,108.0,0.06538924993947148,False,107.0,0.024341125041246414,108.0,0,0
barabasi_albert,50,12,141,50,141,0.11510204081632654,5.64,19,3,3.531345352694919,0.17964932728090624,4,2.303673469387755,1.6361004474121903,20.28397894212746,1.6361004474121903,7.643122822351364,-4.593334078945385,1,81.0,0.0002181660383939743,100.0,0.00041020801290869713,103.0,0.0008495829533785582,111.0,0.055630290997214615,False,107.0,0.023641416104510427,111.0,0,0
barabasi_albert,50,13,141,50,141,0.11510204081632654,5.64,20,2,4.03861362350993,0.25942249563302194,4,2.2653061224489797,1.5660895197256632,21.355388606830964,1.5660895197256632,8.120750758338875,-4.449335726135722,1,72.0,0.0002146249171346426,100.0,0.0005112499929964542,102.0,0.001000083051621914,105.0,0.050696999998763204,False,105.0,0.024677583016455173,105.0,0,1
barabasi_albert,50,14,141,50,141,0.11510204081632654,5.64,20,3,3.8562157615984094,0.24929114676173497,4,2.2791836734693875,1.5279468565265841,21.326364717550103,1.5279468565265841,7.908533928686563,-4.926619247085928,1,72.0,0.00023762497585266829,103.0,0.0006624159868806601,107.0,0.0010338339488953352,108.0,0.04888483299873769,False,104.0,0.024844166007824242,108.0,0,0
barabasi_albert,50,15,141,50,141,0.11510204081632654,5.64,22,2,4.302371439101929,0.21834848484848482,4,2.269387755102041,1.1660347037944225,23.42978151799234,1.1660347037944225,8.30937442290353,-5.113779675121864,1,68.0,0.00024066702462732792,110.0,0.0006425839383155107,108.0,0.0009583750506862998,108.0,0.04986945795826614,False,107.0,0.02401175000704825,110.0,0,0
barabasi_albert,50,16,141,50,141,0.11510204081632654,5.64,19,3,3.5931045072471797,0.15881274710841273,4,2.3216326530612243,1.5142680443521541,20.357006412444818,1.5142680443521541,7.851161146634765,-4.5333242343459945,1,73.0,0.00023416709154844284,101.0,0.000821624998934567,110.0,0.0012186249950900674,110.0,0.052100916975177824,False,110.0,0.02452199999243021,110.0,0,1
barabasi_albert,50,17,141,50,141,0.11510204081632654,5.64,21,3,4.493372897946486,0.3250466697045644,4,2.2342857142857144,1.5051547943925887,22.446847404161204,1.5051547943925887,8.375135706495541,-4.722262059867183,1,77.0,0.000241084024310112,100.0,0.0005563331069424748,100.0,0.0009680830407887697,107.0,0.050076749990694225,False,107.0,0.024794666096568108,107.0,0,1
barabasi_albert,50,18,141,50,141,0.11510204081632654,5.64,21,3,3.8872097962420296,0.2521889483065954,4,2.2857142857142856,1.410219554830198,22.27559408859431,1.410219554830198,7.876847214897602,-4.795134401109737,1,63.0,0.00029258395079523325,102.0,0.0006736658979207277,104.0,0.0009991669794544578,107.0,0.05030904104933143,False,106.0,0.023685624939389527,107.0,0,0
barabasi_albert,50,19,141,50,141,0.11510204081632654,5.64,20,1,3.866574711550263,0.2220236076273228,4,2.32,0.9432075243389678,21.287603931041698,0.9432075243389678,8.084198009269855,-4.425481833528599,1,66.0,0.00021679210476577282,97.0,0.0005006659775972366,101.0,0.0009688339196145535,109.0,0.0486230420647189,False,106.0,0.024850083980709314,109.0,0,0
barabasi_albert,50,20,141,50,141,0.11510204081632654,5.64,18,3,3.756381237308055,0.20761251167133518,4,2.3110204081632655,1.3665968967398163,19.6614389727989,1.3665968967398163,7.7810896076215705,-4.678918778012645,1,71.0,0.0002697909949347377,103.0,0.0007794580888003111,110.0,0.0010870830155909061,112.0,0.07418100000359118,False,110.0,0.0236776249948889,112.0,0,0
barabasi_albert,50,21,141,50,141,0.11510204081632654,5.64,18,3,3.7027557305336796,0.1560699463934758,4,2.3289795918367346,1.4724399611308776,19.576541075885327,1.4724399611308776,7.909187088685984,-4.936975652958955,1,59.0,0.00020949996542185545,105.0,0.0005081250565126538,117.0,0.0008450839668512344,117.0,0.04731358401477337,False,117.0,0.02421987510751933,117.0,0,1
barabasi_albert,50,22,141,50,141,0.11510204081632654,5.64,23,3,4.444142211945968,0.31277469362124094,4,2.249795918367347,1.4945018113067847,24.260612217102604,1.4945018113067847,8.440030594141623,-4.711440907385072,1,87.0,0.00021895801182836294,101.0,0.0004034580197185278,101.0,0.0008419160731136799,107.0,0.06076262495480478,False,104.0,0.024082125048153102,107.0,0,0
barabasi_albert,50,23,141,50,141,0.11510204081632654,5.64,22,3,3.8510258373581445,0.19215850815850813,4,2.293877551020408,1.5091938709087893,23.16337508957838,1.5091938709087893,7.92005705288425,-4.863072823112647,1,71.0,0.00023345800582319498,102.0,0.0005622499156743288,101.0,0.0009233750170096755,108.0,0.04966495791450143,False,104.0,0.024169834097847342,108.0,0,0
barabasi_albert,50,24,141,50,141,0.11510204081632654,5.64,17,3,3.4395348522729057,0.17734941855530093,4,2.316734693877551,1.5065939476397594,18.572828100945728,1.5065939476397594,7.60749220811404,-4.717261689953012,1,72.0,0.00024583295453339815,102.0,0.0006802079733461142,106.0,0.001080291927792132,112.0,0.048999959020875394,False,103.0,0.025273417006246746,112.0,0,0
barabasi_albert,50,25,141,50,141,0.11510204081632654,5.64,17,1,3.508617961534142,0.15225869228810404,4,2.356734693877551,0.9451107333031968,18.874023564860096,0.9451107333031968,7.778090089640686,-4.77855737976031,1,75.0,0.00022608297877013683,109.0,0.0006692080060020089,109.0,0.0009529170347377658,111.0,0.05054037505760789,False,107.0,0.024612374952994287,111.0,0,0
barabasi_albert,50,26,141,50,141,0.11510204081632654,5.64,19,3,3.819738210924932,0.20577470482733642,4,2.320816326530612,1.5098814658255229,20.555741569782192,1.5098814658255229,7.834264511748507,-5.372265182662352,1,75.0,0.0002532079815864563,107.0,0.0005793749587610364,109.0,0.0010334999533370137,110.0,0.04790354205761105,False,109.0,0.025217041955329478,110.0,0,0
barabasi_albert,50,27,141,50,141,0.11510204081632654,5.64,23,3,4.307017529567299,0.3170510697032436,4,2.257142857142857,1.4745743360928472,24.266972121990193,1.4745743360928472,8.351077815571603,-4.65724305858819,1,78.0,0.0002616660203784704,95.0,0.0004641249543055892,104.0,0.0010662920540198684,106.0,0.04325933405198157,False,101.0,0.0248459589201957,106.0,0,0
barabasi_albert,50,28,141,50,141,0.11510204081632654,5.64,14,3,3.278780261011707,0.18108469308469308,4,2.3453061224489797,1.433510788825427,16.245603201591756,1.433510788825427,7.430230688810642,-4.747658656061534,1,72.0,0.00022633292246609926,105.0,0.0006607919931411743,104.0,0.0010297499829903245,111.0,0.0584609160432592,False,108.0,0.025020458037033677,111.0,0,0
barabasi_albert,50,29,141,50,141,0.11510204081632654,5.64,32,3,4.946756513110383,0.35784715115105603,4,2.1714285714285713,1.425081337177773,33.05087857818289,1.425081337177773,8.652518857666674,-5.04283137901734,1,74.0,0.00023304205387830734,99.0,0.0005867080762982368,96.0,0.0009455829858779907,108.0,0.050172500079497695,False,105.0,0.025452208006754518,108.0,0,0
barabasi_albert,100,0,291,100,291,0.058787878787878785,5.82,28,3,5.183396569817904,0.1820337531233816,5,2.5561616161616163,1.3447978882672267,29.534926634875553,1.3447978882672267,9.426572876977328,-5.811196474199338,1,141.0,0.0002949159825220704,219.0,0.0013399170711636543,216.0,0.002187000005505979,223.0,6.648966875043698,False,217.0,0.03382133296690881,223.0,0,0
barabasi_albert,100,1,291,100,291,0.058787878787878785,5.82,25,3,4.701871967631617,0.17152395816743643,5,2.5866666666666664,1.4119581194644257,26.956952975087187,1.4119581194644257,9.210929451446795,-5.763447735323952,1,138.0,0.00027125002816319466,206.0,0.0006946669891476631,219.0,0.002045125002041459,222.0,4.850997249945067,False,212.0,0.031430041999556124,222.0,0,0
barabasi_albert,100,2,291,100,291,0.058787878787878785,5.82,34,2,5.374718597284886,0.2214629562671964,4,2.538181818181818,1.4315662730427772,35.213562871854734,1.4315662730427772,9.933013981046951,-5.7406946258636244,1,148.0,0.0003053339896723628,209.0,0.0009929169900715351,214.0,0.002223875024355948,219.0,0.246773749939166,False,214.0,0.030405249912291765,219.0,0,0
barabasi_albert,100,3,291,100,291,0.058787878787878785,5.82,25,3,4.589945533445905,0.13500717368287027,5,2.5973737373737373,1.4352835971327895,26.485940249771204,1.4352835971327895,8.89696946326523,-5.6725955743791765,1,142.0,0.0003132919082418084,208.0,0.000985334045253694,214.0,0.0019820419838652015,225.0,2.940006540971808,False,223.0,0.033245707978494465,225.0,0,0
barabasi_albert,100,4,291,100,291,0.058787878787878785,5.82,38,3,5.705050394168311,0.21608332544323253,4,2.48989898989899,1.4706672938374288,39.195378311910964,1.4706672938374288,10.090598436920057,-6.033667319270239,1,148.0,0.00030433398205786943,211.0,0.000990667031146586,214.0,0.0021743340184912086,224.0,0.2754500419832766,False,216.0,0.031979541992768645,224.0,0,0
barabasi_albert,100,5,291,100,291,0.058787878787878785,5.82,33,3,4.461793361418702,0.11126356813121518,5,2.6224242424242425,1.3325572697451984,34.16904266282103,1.3325572697451984,9.161389967301183,-5.4666269111590315,1,153.0,0.00027766695711761713,214.0,0.0011202500900253654,213.0,0.002041792031377554,223.0,0.4121877079596743,False,220.0,0.03168487502261996,223.0,0,0
barabasi_albert,100,6,291,100,291,0.058787878787878785,5.82,20,3,3.769297016686268,0.09384244066906605,4,2.680808080808081,1.392497339485107,21.640598226765285,1.392497339485107,8.337838515760605,-5.19551251726224,1,147.0,0.00029900006484240294,211.0,0.0012139161117374897,222.0,0.002459125011228025,223.0,1.130037417053245,False,224.0,0.0319877500878647,223.0,1,0
barabasi_albert,100,7,291,100,291,0.058787878787878785,5.82,26,3,4.434816794412143,0.14689358040368272,4,2.601212121212121,1.427514617832874,27.48787220741974,1.427514617832874,8.92403624000656,-5.584325645196854,1,136.0,0.00029929191805422306,212.0,0.001211790950037539,210.0,0.0024329170119017363,221.0,0.4631994999945164,False,216.0,0.030861041974276304,221.0,0,0
barabasi_albert,100,8,291,100,291,0.058787878787878785,5.82,21,2,4.26,0.14815126256612324,4,2.6416161616161618,1.3194315024936831,22.75092100831259,1.3194315024936831,8.79446897626553,-5.243889323180242,1,152.0,0.0002803340321406722,210.0,0.0009026250336319208,219.0,0.0018476659897714853,224.0,0.41840541700366884,False,220.0,0.03166958398651332,224.0,0,0
barabasi_albert,100,9,291,100,291,0.058787878787878785,5.82,24,3,4.501955130829272,0.13568005823090626,5,2.6262626262626263,1.236820431132314,25.914676697407128,1.236820431132314,9.010919175708782,-5.876975622899706,1,144.0,0.0003071669489145279,221.0,0.0009889579378068447,218.0,0.0022517500910907984,226.0,6.066874874988571,False,219.0,0.03202700009569526,226.0,0,0
barabasi_albert,100,10,291,100,291,0.058787878787878785,5.82,33,3,5.109559667916602,0.19559399628579194,4,2.5539393939393937,1.37394870197529,34.195131082128825,1.37394870197529,9.506703667358796,-5.445926294687966,1,144.0,0.00027804099954664707,218.0,0.0009045000188052654,208.0,0.0020535000367090106,220.0,4.3007513750344515,False,220.0,0.03167362499516457,220.0,0,1
barabasi_albert,100,11,291,100,291,0.058787878787878785,5.82,28,3,4.689093729069617,0.15403692690751514,5,2.5864646464646466,1.3962426938955488,29.380661003895042,1.3962426938955488,9.2213592933882,-5.689308563015941,1,155.0,0.00030629197135567665,209.0,0.0007576660718768835,217.0,0.002227916964329779,226.0,0.4481339999474585,False,225.0,0.03149908396881074,226.0,0,0
barabasi_albert,100,12,291,100,291,0.058787878787878785,5.82,28,3,4.41447618636685,0.13112639103815574,4,2.609292929292929,1.3723421841785808,29.271436912171325,1.3723421841785808,8.902414006925323,-5.567909735168496,1,150.0,0.00028187502175569534,203.0,0.0008937499951571226,215.0,0.0020510830217972398,222.0,2.4390589589020237,False,219.0,0.03363866708241403,222.0,0,0
barabasi_albert,100,13,291,100,291,0.058787878787878785,5.82,28,3,4.866990856782043,0.16021049671899718,5,2.5797979797979798,1.2437459741076806,29.39637870653813,1.2437459741076806,9.36619870881924,-5.450509471445646,1,144.0,0.000276917009614408,209.0,0.0009116251021623611,215.0,0.002036042045801878,221.0,6.350803749985062,False,216.0,0.03136550006456673,221.0,0,0
barabasi_albert,100,14,291,100,291,0.058787878787878785,5.82,36,3,5.164068163763914,0.1695834644658174,4,2.536969696969697,1.3776987818515722,37.1518208253426,1.3776987818515722,9.503586881613979,-6.263335456514371,1,148.0,0.000288125011138618,212.0,0.0009469999931752682,209.0,0.0020423750393092632,225.0,4.853904374991544,False,222.0,0.03236099996138364,225.0,0,0
barabasi_albert,100,15,291,100,291,0.058787878787878785,5.82,33,3,5.242861813933303,0.14990651107522923,4,2.5472727272727274,1.3853148802743946,34.45051052832868,1.3853148802743946,9.693121174052756,-6.200021870684523,1,133.0,0.0002701670164242387,213.0,0.0009086249629035592,227.0,0.0020379999186843634,226.0,3.770440958091058,False,227.0,0.031915667001158,227.0,0,1
barabasi_albert,100,16,291,100,291,0.058787878787878785,5.82,25,3,4.27873813173931,0.13283932178932178,5,2.637171717171717,1.436578752879513,26.81545789146577,1.436578752879513,8.970909801212573,-5.255807945114073,1,146.0,0.0002738750772550702,216.0,0.0013135409681126475,222.0,0.001855792012065649,224.0,2.5856760420138016,False,225.0,0.03260154102463275,224.0,1,0
barabasi_albert,100,17,291,100,291,0.058787878787878785,5.82,31,3,5.271394502406362,0.16872290301775134,4,2.5385858585858587,1.3367449514837884,32.501921848226445,1.3367449514837884,9.703139068104026,-5.735119971262005,1,140.0,0.00031054101418703794,218.0,0.0012229999992996454,214.0,0.002004583948291838,220.0,3.442983999964781,False,218.0,0.0333072500070557,220.0,0,0
barabasi_albert,100,18,291,100,291,0.058787878787878785,5.82,29,3,4.6160155978939255,0.14986439143990654,4,2.610909090909091,1.3923128466696588,30.33520768739172,1.3923128466696588,9.02139967188574,-5.855084172333836,1,134.0,0.00028187502175569534,197.0,0.0011012499453499913,218.0,0.001832124893553555,222.0,6.534403582918458,False,220.0,0.033731583040207624,222.0,0,0
barabasi_albert,100,19,291,100,291,0.058787878787878785,5.82,34,2,5.058418725253971,0.17315530417295122,5,2.5664646464646466,1.2069798731932406,35.203760532395194,1.2069798731932406,9.562182036931727,-5.927089524739848,1,148.0,0.0002811659360304475,211.0,0.0008961249841377139,222.0,0.002055666991509497,228.0,3.655889332992956,False,216.0,0.03461958293337375,228.0,0,0
barabasi_albert,100,20,291,100,291,0.058787878787878785,5.82,28,3,4.777823772388429,0.17704710318920847,5,2.589090909090909,1.368048559986121,29.41895639776179,1.368048559986121,9.192307295406597,-5.592196468288629,1,147.0,0.0003457500133663416,210.0,0.0014448750298470259,218.0,0.0022455829894170165,223.0,3.379804249969311,False,218.0,0.032513416022993624,223.0,0,0
barabasi_albert,100,21,291,100,291,0.058787878787878785,5.82,32,3,5.054463374088293,0.13829247504958217,4,2.538989898989899,1.4331397831594976,33.3180421981052,1.4331397831594976,9.4910290654691,-5.978324748319287,1,127.0,0.00028195802588015795,213.0,0.000899749924428761,225.0,0.0022840419551357627,229.0,3.1795871660578996,False,225.0,0.032352207927033305,229.0,0,0
barabasi_albert,100,22,291,100,291,0.058787878787878785,5.82,30,3,5.154376780950343,0.21123678658506242,5,2.5854545454545454,1.3083616570366932,31.485344285077428,1.3083616570366932,9.732527983282473,-5.478464841674821,1,174.0,0.0003187920665368438,209.0,0.0009642919758334756,208.0,0.002198665984906256,221.0,5.689802374923602,False,214.0,0.03280774992890656,221.0,0,0
barabasi_albert,100,23,291,100,291,0.058787878787878785,5.82,32,3,4.513047750689107,0.1113147849409709,4,2.61979797979798,1.4474843900160104,33.17379459243075,1.4474843900160104,9.137091070326658,-5.7581647421462065,1,153.0,0.0003143330104649067,223.0,0.0009901250014081597,218.0,0.002439666073769331,222.0,5.766538165975362,False,217.0,0.0319052500417456,223.0,0,0
barabasi_albert,100,24,291,100,291,0.058787878787878785,5.82,24,3,4.167445260588313,0.12619588446506605,5,2.653939393939394,1.3223552199631396,25.549328770929144,1.3223552199631396,8.725390298600065,-5.610748622672909,1,137.0,0.0002737089525908232,223.0,0.0009091249667108059,215.0,0.001821374986320734,226.0,6.050822666962631,False,221.0,0.032357833930291235,226.0,0,0
barabasi_albert,100,25,291,100,291,0.058787878787878785,5.82,23,1,4.609511904746532,0.14392614173042223,4,2.5993939393939396,0.9481524401628079,24.87882395272781,0.9481524401628079,9.091875508870578,-5.616083594362694,1,157.0,0.0003052090760320425,214.0,0.0009942499455064535,218.0,0.002105250023305416,226.0,2.95985862496309,False,222.0,0.032491917023435235,226.0,0,0
barabasi_albert,100,26,291,100,291,0.058787878787878785,5.82,25,3,4.5461632174835085,0.10633543112411735,5,2.605656565656566,1.3947721953246583,26.63952860209624,1.3947721953246583,8.996432456869883,-6.2445537979328325,1,144.0,0.000306583009660244,214.0,0.0010224999859929085,220.0,0.0019910000264644623,229.0,3.6658102920046076,False,230.0,0.032510458026081324,229.0,1,0
barabasi_albert,100,27,291,100,291,0.058787878787878785,5.82,37,3,5.173741392841355,0.188205816035947,5,2.563030303030303,1.3777873492049837,38.144080804532095,1.3777873492049837,9.768609228007499,-5.858242599696246,1,149.0,0.0003022500313818455,209.0,0.0009030828950926661,211.0,0.0020228750072419643,222.0,2.4275987499859184,False,217.0,0.03286120900884271,222.0,0,0
barabasi_albert,100,28,291,100,291,0.058787878787878785,5.82,20,3,4.148204430835105,0.10245965747358936,4,2.64969696969697,1.3946898231023341,22.05581264660106,1.3946898231023341,8.547543610760643,-5.602205989417168,1,147.0,0.0002940419362857938,218.0,0.0011113330256193876,222.0,0.0021896669641137123,222.0,0.28679500008001924,False,222.0,0.03289162495639175,222.0,0,1
barabasi_albert,100,29,291,100,291,0.058787878787878785,5.82,41,3,5.356080656599563,0.2132743509479521,4,2.5436363636363635,1.4076759518504924,42.09786919127919,1.4076759518504924,9.824399905754948,-5.973554088982164,1,157.0,0.00034570798743516207,211.0,0.0010581669630482793,212.0,0.0023011669982224703,218.0,1.931109583005309,False,216.0,0.032918708049692214,218.0,0,0
barabasi_albert,200,0,591,200,591,0.029698492462311557,5.91,42,3,5.997657876204678,0.1122837671305927,5,2.8275879396984926,1.3691551771025319,43.99715267842428,1.3691551771025319,10.913060302683501,-6.674081729112179,1,301.0,0.00046616699546575546,437.0,0.0018262909725308418,446.0,0.006348666036501527,448.0,31.281937916995957,False,438.0,0.04644537495914847,448.0,0,0
barabasi_albert,200,1,591,200,591,0.029698492462311557,5.91,41,3,5.756900207576991,0.11629303161335507,5,2.8407035175879396,1.2823868937582503,42.44332618172288,1.2823868937582503,10.753034811056462,-7.115427180935226,1,283.0,0.00046075007412582636,436.0,0.001870791893452406,434.0,0.006183541030623019,454.0,31.864517334033735,False,435.0,0.04813549993559718,454.0,0,0
barabasi_albert,200,2,591,200,591,0.029698492462311557,5.91,49,3,6.183194967005327,0.12541231773112288,5,2.808643216080402,1.3123308003356222,50.212593772219385,1.3123308003356222,11.391220328885936,-7.004560757912905,1,288.0,0.0004624169087037444,429.0,0.002811583923175931,444.0,0.006537875044159591,448.0,32.92307883303147,False,428.0,0.04650799999944866,448.0,0,0
barabasi_albert,200,3,591,200,591,0.029698492462311557,5.91,33,3,5.133410172585083,0.08071411511063811,5,2.9175879396984925,1.3516290371676063,34.40132364882412,1.3516290371676063,10.032558623105746,-6.406378067917532,1,295.0,0.00048758299089968204,430.0,0.0027116669807583094,446.0,0.0062622500117868185,454.0,31.443135207984596,False,440.0,0.048122583073563874,454.0,0,0
barabasi_albert,200,4,591,200,591,0.029698492462311557,5.91,58,3,6.39233134310167,0.1198846990737005,5,2.7995979899497487,1.310483827073527,59.12057370669366,1.310483827073527,11.543548639040946,-7.454355128067389,1,294.0,0.00048645795322954655,427.0,0.0022928339894860983,441.0,0.006641332991421223,449.0,34.98906645795796,False,432.0,0.046235374989919364,449.0,0,0
barabasi_albert,200,5,591,200,591,0.029698492462311557,5.91,43,3,5.030099402596335,0.08100955281269417,5,2.93356783919598,1.3102639457230267,44.19086357458903,1.3102639457230267,10.316210787304772,-6.41451907163811,1,298.0,0.0004723749589174986,417.0,0.0018675000173971057,438.0,0.006335625075735152,453.0,32.22603483404964,False,439.0,0.04937366698868573,453.0,0,0
barabasi_albert,200,6,591,200,591,0.029698492462311557,5.91,24,3,4.510199552126269,0.059511391001648775,5,2.9822613065326635,1.262465992521648,26.15147303304564,1.262465992521648,9.394949509030866,-6.079014864221699,1,306.0,0.0004604579880833626,432.0,0.00232608406804502,441.0,0.006271000020205975,459.0,31.06268675008323,False,443.0,0.05081183300353587,459.0,0,0
barabasi_albert,200,7,591,200,591,0.029698492462311557,5.91,35,3,5.092337380810506,0.07853987760114284,5,2.91321608040201,1.3077365834347356,36.410098199821874,1.3077365834347356,10.171738190566177,-6.493451819445164,1,281.0,0.0004699999699369073,450.0,0.002331834053620696,438.0,0.0067140000173822045,454.0,32.117808333016,False,427.0,0.0582251250743866,454.0,0,0
barabasi_albert,200,8,591,200,591,0.029698492462311557,5.91,31,2,5.437085616394136,0.09914256617658534,5,2.8830653266331656,1.3791181860972959,32.70679940790892,1.3791181860972959,10.192355844678605,-6.354463274819051,1,302.0,0.0004971250891685486,440.0,0.0023895000340417027,438.0,0.0062474580481648445,452.0,33.387293790932745,False,441.0,0.04728837497532368,452.0,0,0
barabasi_albert,200,9,591,200,591,0.029698492462311557,5.91,36,3,5.251847294048067,0.0944437759465881,5,2.900502512562814,1.234162646841211,37.35392041013368,1.234162646841211,10.266602548455651,-6.990824381738729,1,292.0,0.00047158298548310995,433.0,0.002296042046509683,457.0,0.006306083989329636,450.0,32.81393154198304,False,453.0,0.04674904199782759,457.0,0,0
barabasi_albert,200,10,591,200,591,0.029698492462311557,5.91,41,3,5.550846782248633,0.09473466494860544,5,2.8835175879396986,1.3507060204842911,42.29091376145615,1.3507060204842911,10.634276914348717,-6.312116257326824,1,300.0,0.0004586250288411975,427.0,0.0018090000376105309,430.0,0.0061727919382974505,446.0,33.169530167011544,False,439.0,0.04704624996520579,446.0,0,0
barabasi_albert,200,11,591,200,591,0.029698492462311557,5.91,40,3,5.494715643233961,0.09760649583810772,5,2.8730150753768844,1.3539770385995074,41.40777494595377,1.3539770385995074,10.485830529975797,-6.645365136944833,1,301.0,0.0004668750334531069,424.0,0.002334333024919033,437.0,0.006247333018109202,447.0,33.16605104098562,False,430.0,0.049190749996341765,447.0,0,0
barabasi_albert,200,12,591,200,591,0.029698492462311557,5.91,41,3,5.4020273971908,0.09418730745345663,5,2.881859296482412,1.2960036837662765,42.244408509978925,1.2960036837662765,10.373852293595313,-6.6676520642030495,1,296.0,0.0005254170391708612,422.0,0.002607791917398572,436.0,0.006952999974600971,457.0,32.42462991701905,False,444.0,0.04902312497142702,457.0,0,0
barabasi_albert,200,13,591,200,591,0.029698492462311557,5.91,38,3,5.617107796722438,0.08424670470644369,5,2.8613065326633165,1.3092817261434853,39.57132199790783,1.3092817261434853,10.68188666103162,-6.511399482034073,1,283.0,0.0004892919678241014,415.0,0.0022959160851314664,446.0,0.006726833060383797,458.0,33.03384008305147,False,443.0,0.047743833041749895,458.0,0,0
barabasi_albert,200,14,591,200,591,0.029698492462311557,5.91,56,3,5.875534018282934,0.10609337484840581,5,2.844924623115578,1.269364586642535,57.10157581620512,1.269364586642535,10.923670859498895,-7.5756479543829585,1,297.0,0.0004732090746983886,423.0,0.0022739169653505087,428.0,0.006264457944780588,452.0,32.03168695804197,False,432.0,0.04610237502492964,452.0,0,0
barabasi_albert,200,15,591,200,591,0.029698492462311557,5.91,50,3,6.185620421590708,0.12518228058527303,5,2.8291959798994974,1.2782272363483171,51.25942806531492,1.2782272363483171,11.275248412373564,-7.351088593237375,1,287.0,0.00046716700308024883,430.0,0.0018637919565662742,434.0,0.006218165974132717,455.0,32.647589792031795,False,434.0,0.050251333974301815,455.0,0,0
barabasi_albert,200,16,591,200,591,0.029698492462311557,5.91,32,3,4.800197912586523,0.07836103608585007,5,2.9613065326633166,1.2367039323389053,34.01650786289692,1.2367039323389053,10.06269400391212,-6.221237574024142,1,297.0,0.0004534169565886259,416.0,0.0018509579822421074,434.0,0.006276541040278971,453.0,25.339900249964558,False,441.0,0.04774362489115447,453.0,0,0
barabasi_albert,200,17,591,200,591,0.029698492462311557,5.91,51,3,6.0358843593958955,0.1104332910273407,5,2.8297989949748743,1.2387102704299575,52.16297100363987,1.2387102704299575,11.154784951773994,-7.022006956506332,1,290.0,0.0004700419958680868,428.0,0.0023243329487740993,430.0,0.006290416000410914,446.0,31.34128387493547,False,436.0,0.05095845798496157,446.0,0,0
barabasi_albert,200,18,591,200,591,0.029698492462311557,5.91,41,3,5.402952896333634,0.10280666050757552,5,2.8816582914572866,1.303571056999955,42.25284521417299,1.303571056999955,10.279453559823885,-6.884918974821287,1,289.0,0.0004741669399663806,430.0,0.0023337920429185033,439.0,0.006297499989159405,453.0,31.3350657079136,False,442.0,0.04639366699848324,453.0,0,0
barabasi_albert,200,19,591,200,591,0.029698492462311557,5.91,48,2,5.608199354516564,0.10151212078446958,5,2.875678391959799,1.2927956507406269,49.17832030038914,1.2927956507406269,10.830658170642671,-7.044722655812443,1,295.0,0.0004587500588968396,426.0,0.0018782499246299267,451.0,0.006598208099603653,453.0,32.444924250012264,False,443.0,0.044938042061403394,453.0,0,0
barabasi_albert,200,20,591,200,591,0.029698492462311557,5.91,38,3,5.441681725349252,0.11351017937358826,5,2.8916582914572864,1.3382212264243818,39.33494270939108,1.3382212264243818,10.42824957008471,-6.453345848955231,1,311.0,0.0004709159256890416,420.0,0.0018627919489517808,439.0,0.00630033400375396,449.0,32.36186733294744,False,440.0,0.04547729203477502,449.0,0,0
barabasi_albert,200,21,591,200,591,0.029698492462311557,5.91,46,3,5.933118909983181,0.08695722182475882,5,2.8316582914572863,1.3985069011247724,47.33366139652872,1.3985069011247724,10.939982635731095,-7.119511833611128,1,277.0,0.00045950000640004873,424.0,0.0023369590053334832,437.0,0.006217708927579224,457.0,32.60053670802154,False,434.0,0.04735041700769216,457.0,0,0
barabasi_albert,200,22,591,200,591,0.029698492462311557,5.91,48,3,5.794989214830343,0.1101219665672322,5,2.8675879396984927,1.296073424908635,49.171515255211105,1.296073424908635,11.005942747563711,-6.877513171175072,1,327.0,0.0005080829141661525,438.0,0.0023102499544620514,428.0,0.006389040965586901,448.0,31.603448749985546,False,439.0,0.04669170803390443,448.0,0,0
barabasi_albert,200,23,591,200,591,0.029698492462311557,5.91,50,3,5.482873334302007,0.08652379550780025,5,2.8689949748743717,1.3337089265036022,51.133127639448844,1.3337089265036022,10.588236047437832,-6.968139666510522,1,300.0,0.00047441700007766485,428.0,0.0023055420024320483,440.0,0.006303790956735611,445.0,30.437410542042926,False,441.0,0.047284499974921346,445.0,0,0
barabasi_albert,200,24,591,200,591,0.029698492462311557,5.91,32,3,4.826168252350927,0.08708558819907088,5,2.9442211055276384,1.290997323898809,33.382406804219045,1.290997323898809,9.836267230656059,-6.308293365306147,1,295.0,0.00046029197983443737,430.0,0.002821333007887006,435.0,0.006225417018868029,456.0,31.835495707928203,False,434.0,0.04800391593016684,456.0,0,0
barabasi_albert,200,25,591,200,591,0.029698492462311557,5.91,33,1,5.444437528340279,0.09302383755984575,5,2.8793467336683416,0.9599110892662308,34.85258007583016,0.9599110892662308,10.42689256407634,-6.779744845876527,1,316.0,0.00047795800492167473,444.0,0.002271750010550022,446.0,0.00569729192648083,454.0,30.627559957909398,False,449.0,0.04873237502761185,454.0,0,0
barabasi_albert,200,26,591,200,591,0.029698492462311557,5.91,37,3,5.46460428576489,0.09239052757373864,5,2.8708040201005027,1.3688460479752336,38.33959983841547,1.3688460479752336,10.311339472677076,-7.0757355246618,1,295.0,0.0005020839162170887,436.0,0.0023667500354349613,441.0,0.0062915419694036245,459.0,33.740176041959785,False,439.0,0.04731795797124505,459.0,0,0
barabasi_albert,200,27,591,200,591,0.029698492462311557,5.91,57,3,6.042507757545703,0.11373193206881206,5,2.8352261306532665,1.243682027386173,58.11921633887833,1.243682027386173,11.27976259857504,-7.422476252134455,1,292.0,0.0004725829930976033,434.0,0.0023292499827221036,437.0,0.006264999974519014,455.0,31.28589712502435,False,429.0,0.051914958050474524,455.0,0,0
barabasi_albert,200,28,591,200,591,0.029698492462311557,5.91,30,3,5.027116469707063,0.0867347865066093,5,2.9268341708542716,1.3382755125867107,31.24948322847718,1.3382755125867107,9.813409094106802,-6.700283104780574,1,303.0,0.00047400000039488077,420.0,0.0018470840295776725,439.0,0.006294207996688783,453.0,32.81363654101733,False,439.0,0.05212404194753617,453.0,0,0
barabasi_albert,200,29,591,200,591,0.029698492462311557,5.91,52,3,5.657022184860159,0.11711144430070261,5,2.875778894472362,1.2565398453060024,53.125262206304185,1.2565398453060024,10.958213338005262,-6.86985833464849,1,316.0,0.0006044579204171896,422.0,0.0026907080318778753,423.0,0.007418791996315122,451.0,33.640961292083375,False,434.0,0.05367625004146248,451.0,0,0
watts_strogatz,20,0,60,20,60,0.3157894736842105,6.0,7,5,0.4472135954999579,0.5438095238095239,4,1.9578947368421054,1.403093878294825,9.124424512960582,1.403093878294825,6.03656958942606,-2.829085848684157,1,34.0,0.00022316700778901577,38.0,0.0003000000724568963,41.0,0.0004332909593358636,41.0,0.013440166017971933,False,41.0,0.02237808401696384,41.0,0,1
watts_strogatz,20,1,60,20,60,0.3157894736842105,6.0,7,5,0.4472135954999579,0.5635714285714285,4,2.0473684210526315,1.1973717349429507,9.262480211740979,1.1973717349429507,6.0463780830597,-2.8004565229832012,1,33.0,0.00018820795230567455,38.0,0.0003071250393986702,40.0,0.00043049990199506283,42.0,0.011645958060398698,False,42.0,0.023787790909409523,42.0,0,1
watts_strogatz,20,2,60,20,60,0.3157894736842105,6.0,7,5,0.6324555320336759,0.5330952380952381,4,1.9526315789473685,1.2582502170379524,9.297566093384585,1.2582502170379524,6.064979808087111,-2.9077012618317104,1,34.0,0.00020325009245425463,39.0,0.00032879202626645565,41.0,0.0004801249597221613,42.0,0.01375408296007663,False,41.0,0.021288624964654446,42.0,0,0
watts_strogatz,20,3,60,20,60,0.3157894736842105,6.0,7,4,0.8366600265340756,0.5028571428571429,4,1.9421052631578948,1.1955591798545295,9.616887348155515,1.1955591798545295,6.131534828312195,-2.990597542864512,1,34.0,0.0002319159684702754,41.0,0.00037162494845688343,40.0,0.0006510000675916672,42.0,0.011913291993550956,False,41.0,0.020997334038838744,42.0,0,0
watts_strogatz,20,4,60,20,60,0.3157894736842105,6.0,8,4,1.0954451150103321,0.4307142857142857,3,1.8421052631578947,1.7656319076492064,10.804751057117848,1.7656319076492064,6.211381353108685,-3.5909062836294123,1,32.0,0.0001777909928932786,39.0,0.0003682500682771206,41.0,0.0004953329917043447,43.0,0.011294334079138935,False,42.0,0.02177870797459036,43.0,0,0
watts_strogatz,20,5,60,20,60,0.3157894736842105,6.0,8,5,0.7071067811865476,0.4602380952380952,3,1.8473684210526315,1.7457303283432948,9.811496938302378,1.7457303283432948,6.105833726967854,-3.031113356203711,1,36.0,0.00019870803225785494,42.0,0.0002898330567404628,41.0,0.0005053749773651361,42.0,0.012020208989270031,False,42.0,0.020882749930024147,42.0,0,1
watts_strogatz,20,6,60,20,60,0.3157894736842105,6.0,7,5,0.5477225575051661,0.5271428571428571,4,1.9631578947368422,1.3442165999980067,9.4592841181864,1.3442165999980067,6.05300775356824,-2.9862218604413915,1,33.0,0.00017441704403609037,39.0,0.00027608301024883986,39.0,0.0005008750595152378,42.0,0.011775500024668872,False,42.0,0.02102495904546231,42.0,0,1
watts_strogatz,20,7,60,20,60,0.3157894736842105,6.0,7,4,0.8366600265340756,0.49214285714285716,3,1.8736842105263158,1.3382298234081995,9.425451352868464,1.3382298234081995,6.154669910388266,-2.909144368413388,1,33.0,0.00019204209093004465,40.0,0.00032387510873377323,40.0,0.0005124170565977693,42.0,0.011500125052407384,False,41.0,0.02211545908357948,42.0,0,0
watts_strogatz,20,8,60,20,60,0.3157894736842105,6.0,8,5,0.6324555320336759,0.4892857142857142,3,1.894736842105263,1.633081166270061,9.58071634535988,1.633081166270061,6.084329227922362,-3.0674031630315315,1,27.0,0.0002046659355983138,38.0,0.0002787079429253936,43.0,0.0005152920493856072,43.0,0.011629290995188057,False,43.0,0.02046187489759177,43.0,0,1
watts_strogatz,20,9,60,20,60,0.3157894736842105,6.0,7,5,0.6324555320336759,0.5,4,1.9473684210526316,1.4829289759302562,9.703272442010272,1.4829289759302562,6.074703583375756,-3.388954970433064,1,18.0,0.00018491700757294893,41.0,0.0003064590273424983,43.0,0.0004343339242041111,43.0,0.011002916959114373,False,42.0,0.020620708004571497,43.0,0,0
watts_strogatz,20,10,60,20,60,0.3157894736842105,6.0,7,5,0.4472135954999579,0.5609523809523809,4,2.0052631578947366,1.304055687969857,9.030210909778548,1.304055687969857,6.048499284119251,-2.8502352376122504,1,28.0,0.00019749999046325684,39.0,0.00027783296536654234,41.0,0.000460707931779325,41.0,0.010922417044639587,False,41.0,0.02051062509417534,41.0,0,1
watts_strogatz,20,11,60,20,60,0.3157894736842105,6.0,7,4,0.7071067811865476,0.5166666666666666,4,1.9578947368421054,1.2641363612405656,9.571590966847621,1.2641363612405656,6.089471937306136,-3.0960828331043886,1,28.0,0.0002094159135594964,39.0,0.0002817079657688737,41.0,0.0005153750535100698,42.0,0.010884040966629982,False,41.0,0.020282166078686714,42.0,0,0
watts_strogatz,20,12,60,20,60,0.3157894736842105,6.0,7,4,0.8944271909999159,0.5354761904761904,4,1.9736842105263157,1.0678111563975474,9.745459922346855,1.0678111563975474,6.189962457888684,-3.2454054768840455,1,33.0,0.00017916702199727297,41.0,0.0002941669663414359,42.0,0.00038354203570634127,42.0,0.010672415955923498,False,42.0,0.020977042033337057,42.0,0,1
watts_strogatz,20,13,60,20,60,0.3157894736842105,6.0,7,4,0.7745966692414834,0.4809523809523809,3,1.8526315789473684,1.511653031955396,9.561199660776955,1.511653031955396,6.091454019780867,-3.0066625450540863,1,24.0,0.00017683301120996475,39.0,0.00025183300022035837,41.0,0.0004296249244362116,42.0,0.010432875016704202,False,42.0,0.020672334008850157,42.0,0,1
watts_strogatz,20,14,60,20,60,0.3157894736842105,6.0,8,4,0.8366600265340756,0.506547619047619,3,1.9263157894736842,1.5075368471772155,9.731218757707834,1.5075368471772155,6.125557124504097,-3.163976070885674,1,37.0,0.00018862495198845863,42.0,0.0002720840275287628,42.0,0.00045658298768103123,42.0,0.011553958989679813,False,40.0,0.020743542001582682,42.0,0,0
watts_strogatz,20,15,60,20,60,0.3157894736842105,6.0,7,5,0.5477225575051661,0.5159523809523809,3,1.9052631578947368,1.4436477234706708,9.257666820122765,1.4436477234706708,6.050836385441015,-2.957887167124516,1,33.0,0.00018216692842543125,40.0,0.00029179092962294817,40.0,0.00043270899914205074,41.0,0.010701041901484132,False,41.0,0.021071042050607502,41.0,0,1
watts_strogatz,20,16,60,20,60,0.3157894736842105,6.0,8,4,0.8366600265340756,0.4439285714285714,4,1.8473684210526315,1.686400161996373,9.764208338046057,1.686400161996373,6.123247073678049,-3.208313414659387,1,26.0,0.00018516601994633675,41.0,0.00031645793933421373,43.0,0.0004539579385891557,43.0,0.012770166038535535,False,42.0,0.020043457974679768,43.0,0,0
watts_strogatz,20,17,60,20,60,0.3157894736842105,6.0,7,5,0.5477225575051661,0.5226190476190476,3,1.9210526315789473,1.4312416795985694,9.22444604256133,1.4312416795985694,6.069524034701746,-2.9111960646366155,1,31.0,0.0001794169656932354,37.0,0.00025704095605760813,42.0,0.0003934580599889159,42.0,0.010659124935045838,False,42.0,0.020439416985027492,42.0,0,1
watts_strogatz,20,18,60,20,60,0.3157894736842105,6.0,9,4,1.0,0.5159126984126984,4,1.9210526315789473,1.3074326613047837,10.517982656415876,1.3074326613047837,6.161351887906009,-3.1458881070120825,1,33.0,0.00019416608847677708,38.0,0.00027916592080146074,42.0,0.0005174169782549143,42.0,0.013457834022119641,False,42.0,0.020504582906141877,42.0,0,1
watts_strogatz,20,19,60,20,60,0.3157894736842105,6.0,8,5,0.7071067811865476,0.44440476190476186,3,1.8736842105263158,1.6281662395831134,9.935185402992353,1.6281662395831134,6.1267002121323415,-3.148462943363432,1,28.0,0.00016974995378404856,39.0,0.0002460420364513993,39.0,0.0004170420579612255,42.0,0.009812333039008081,False,41.0,0.020322457887232304,42.0,0,0
watts_strogatz,20,20,60,20,60,0.3157894736842105,6.0,8,5,0.8366600265340756,0.5319047619047619,3,1.894736842105263,1.3772421095942837,9.686521063909929,1.3772421095942837,6.095519782482958,-3.0918863761383104,1,28.0,0.00018350000027567148,41.0,0.0003180829808115959,40.0,0.0004553749458864331,42.0,0.016741457977332175,False,41.0,0.020810334011912346,42.0,0,0
watts_strogatz,20,21,60,20,60,0.3157894736842105,6.0,8,5,0.9486832980505138,0.4595238095238095,4,1.8842105263157896,1.6374618477562346,9.958869814056776,1.6374618477562346,6.165713971250488,-3.3667691169491163,1,22.0,0.00017279095482081175,42.0,0.000339832971803844,42.0,0.0004403749480843544,44.0,0.011062624980695546,False,42.0,0.02060054091271013,44.0,0,0
watts_strogatz,20,22,60,20,60,0.3157894736842105,6.0,8,5,0.8366600265340756,0.39702380952380956,3,1.8578947368421053,1.7061471396540009,9.708256884574272,1.7061471396540009,6.107668528655638,-3.562346072371065,1,27.0,0.00019249995239078999,38.0,0.00032462505623698235,42.0,0.0004675000673159957,45.0,0.01120991597417742,False,45.0,0.020374792045913637,45.0,0,1
watts_strogatz,20,23,60,20,60,0.3157894736842105,6.0,8,4,0.8944271909999159,0.4878571428571428,4,1.931578947368421,1.3552075357646691,10.190343784311253,1.3552075357646691,6.1647608053706655,-3.296873479072547,1,30.0,0.0001763750333338976,37.0,0.0002466249279677868,42.0,0.0004236249951645732,43.0,0.011104166973382235,False,41.0,0.021037832950241864,43.0,0,0
watts_strogatz,20,24,60,20,60,0.3157894736842105,6.0,8,5,0.8366600265340756,0.43476190476190474,3,1.868421052631579,1.74436864914426,10.062249097551117,1.74436864914426,6.142464732026415,-3.513112225550543,1,23.0,0.0001735830446705222,43.0,0.00025925005320459604,44.0,0.0004425420193001628,44.0,0.010709333000704646,False,43.0,0.021065083099529147,44.0,0,0
watts_strogatz,20,25,60,20,60,0.3157894736842105,6.0,7,4,0.7745966692414834,0.5004761904761905,3,1.8736842105263158,1.5593858911873637,9.285105670554369,1.5593858911873637,6.133957161299082,-2.9713078460640268,1,34.0,0.00019529194105416536,41.0,0.0002792089944705367,40.0,0.0004172499757260084,41.0,0.010970417060889304,False,41.0,0.020973125007003546,41.0,0,1
watts_strogatz,20,26,60,20,60,0.3157894736842105,6.0,7,5,0.5477225575051661,0.5533333333333333,4,1.9947368421052631,1.274100788502472,9.158552833935826,1.274100788502472,6.055940607495874,-2.9154073879429085,1,33.0,0.00016854098066687584,39.0,0.00024529104121029377,42.0,0.00041262502782046795,42.0,0.01161162497010082,False,42.0,0.02038045902736485,42.0,0,1
watts_strogatz,20,27,60,20,60,0.3157894736842105,6.0,7,4,0.9486832980505138,0.4230952380952381,3,1.868421052631579,1.448000075817546,10.183892513230457,1.448000075817546,6.198335152280564,-3.6139638413207416,1,30.0,0.0001760829472914338,41.0,0.0003005830803886056,44.0,0.0004323340253904462,44.0,0.010914332931861281,False,44.0,0.02203075005672872,44.0,0,1
watts_strogatz,20,28,60,20,60,0.3157894736842105,6.0,7,5,0.5477225575051661,0.4826190476190476,3,1.9157894736842105,1.5304526187205645,9.253124152472775,1.5304526187205645,6.050021203007912,-3.080128729264613,1,25.0,0.00018700002692639828,38.0,0.00027525005862116814,42.0,0.0004181669792160392,42.0,0.010604790993966162,False,42.0,0.02155016700271517,42.0,0,1
watts_strogatz,20,29,60,20,60,0.3157894736842105,6.0,9,4,1.0488088481701516,0.4757539682539682,3,1.8473684210526315,1.436395002234454,10.673745036247658,1.436395002234454,6.223056450242079,-3.155508364283105,1,30.0,0.0001919999485835433,40.0,0.00032491597812622786,39.0,0.0004640420665964484,42.0,0.012512208078987896,False,42.0,0.020910582970827818,42.0,0,1
watts_strogatz,50,0,150,50,150,0.12244897959183673,6.0,8,4,0.7745966692414834,0.48909523809523814,7,3.055510204081633,0.3627366334379041,10.195671723197536,0.3627366334379041,6.1836251336793335,-3.1425749880171026,1,78.0,0.00022020901087671518,101.0,0.00043529202230274677,102.0,0.000907916110008955,104.0,0.07050466700457036,False,97.0,0.0244108330225572,104.0,0,0
watts_strogatz,50,1,150,50,150,0.12244897959183673,6.0,8,5,0.6324555320336759,0.4910952380952381,6,3.0587755102040814,0.37692771182227813,9.906012439990363,0.37692771182227813,6.122516927050008,-3.118391691396632,1,75.0,0.00024637498427182436,99.0,0.0006959160091355443,102.0,0.0009685419499874115,105.0,0.06951016699895263,False,101.0,0.025543707888573408,105.0,0,0
watts_strogatz,50,2,150,50,150,0.12244897959183673,6.0,7,5,0.565685424949238,0.4928571428571428,6,3.0195918367346937,0.42753217008930844,9.597282901946532,0.42753217008930844,6.08739165077208,-3.309149159449813,1,82.0,0.00024370895698666573,97.0,0.0004605409922078252,104.0,0.0010599170345813036,104.0,0.07767645793501288,False,104.0,0.025576666928827763,104.0,0,1
watts_strogatz,50,3,150,50,150,0.12244897959183673,6.0,8,4,0.6633249580710799,0.4814285714285714,6,2.880816326530612,0.5015619633407052,9.844871568062834,0.5015619633407052,6.091663973057316,-3.286548631202048,1,70.0,0.00023720902390778065,96.0,0.0004563749535009265,102.0,0.0009702920215204358,107.0,0.07700933399610221,False,104.0,0.026833166019059718,107.0,0,0
watts_strogatz,50,4,150,50,150,0.12244897959183673,6.0,7,5,0.6324555320336759,0.4255238095238095,6,2.880816326530612,0.5363742004007499,9.936672233220694,0.5363742004007499,6.067082024076518,-3.536175496187038,1,86.0,0.00024449999909847975,95.0,0.0005715840961784124,107.0,0.0009622920770198107,108.0,0.13180275005288422,False,107.0,0.02566033403854817,108.0,0,0
watts_strogatz,50,5,150,50,150,0.12244897959183673,6.0,8,4,0.7211102550927979,0.46676190476190477,6,2.939591836734694,0.45574079969644293,10.154602661555623,0.45574079969644293,6.116491098487777,-3.3965088721116037,1,87.0,0.00024937500711530447,100.0,0.0005693749990314245,101.0,0.0010755830444395542,105.0,0.09018933400511742,False,103.0,0.023751041968353093,105.0,0,0
watts_strogatz,50,6,150,50,150,0.12244897959183673,6.0,7,4,0.6928203230275509,0.5219999999999999,6,3.27265306122449,0.2906696040909209,9.56323975027761,0.2906696040909209,6.112505093408288,-3.197130453222533,1,76.0,0.00021370803005993366,99.0,0.0005255839787423611,99.0,0.000974041991867125,104.0,0.07835545798297971,False,102.0,0.024628458078950644,104.0,0,0
watts_strogatz,50,7,150,50,150,0.12244897959183673,6.0,8,5,0.6324555320336759,0.4740952380952381,5,2.7951020408163267,0.603081555023073,10.136045427499623,0.603081555023073,6.106441818923538,-3.375741008953417,1,85.0,0.00024741701781749725,99.0,0.0005628750659525394,106.0,0.0009760420070961118,108.0,0.07098050008062273,False,105.0,0.02417262503877282,108.0,0,0
watts_strogatz,50,8,150,50,150,0.12244897959183673,6.0,8,5,0.6,0.4899523809523809,5,3.0228571428571427,0.42362450334657864,9.928551004994004,0.42362450334657864,6.077141676391565,-3.3986418052553526,1,70.0,0.00022924994118511677,101.0,0.0005717909662052989,99.0,0.0009507499635219574,106.0,0.10452154197264463,False,104.0,0.025825667078606784,106.0,0,0
watts_strogatz,50,9,150,50,150,0.12244897959183673,6.0,8,4,0.6928203230275509,0.4572380952380952,5,2.844081632653061,0.5301359603195328,10.10293615848119,0.5301359603195328,6.128736085591173,-3.516429527375535,1,60.0,0.00027124991174787283,97.0,0.0006422500591725111,104.0,0.0010839159367606044,107.0,0.08245633298065513,False,106.0,0.023920292034745216,107.0,0,0
watts_strogatz,50,10,150,50,150,0.12244897959183673,6.0,8,5,0.7211102550927979,0.46595238095238095,7,2.983673469387755,0.3748561949068472,10.169158078820347,0.3748561949068472,6.1254409816582225,-3.303563252317995,1,69.0,0.00026479095686227083,102.0,0.0006494999397546053,104.0,0.001053999993018806,105.0,0.11349920800421387,False,105.0,0.022961625014431775,105.0,0,1
watts_strogatz,50,11,150,50,150,0.12244897959183673,6.0,8,4,0.6633249580710799,0.4843333333333333,6,3.030204081632653,0.36291885752016284,10.173478452782657,0.36291885752016284,6.086204215592779,-3.6061662577959512,1,75.0,0.0002490419428795576,93.0,0.0004675410455092788,107.0,0.0011289999820291996,108.0,0.13553929200861603,False,107.0,0.025066958041861653,108.0,0,0
watts_strogatz,50,12,150,50,150,0.12244897959183673,6.0,8,4,0.8944271909999159,0.47371428571428575,5,2.8726530612244896,0.4650502482600869,10.27809032934889,0.4650502482600869,6.169573354666189,-3.2524850518976196,1,79.0,0.00028362497687339783,98.0,0.0006807920290157199,102.0,0.0010982499225065112,105.0,0.0686294159386307,False,105.0,0.027486750041134655,105.0,0,1
watts_strogatz,50,13,150,50,150,0.12244897959183673,6.0,8,5,0.6928203230275509,0.47723809523809524,5,2.9926530612244897,0.38941013036224414,9.986704074610005,0.38941013036224414,6.123212406584845,-3.3516415497614904,1,67.0,0.00023320806212723255,95.0,0.0004648749018087983,105.0,0.0009599999757483602,105.0,0.7888078329851851,False,106.0,0.029325249954126775,105.0,1,0
watts_strogatz,50,14,150,50,150,0.12244897959183673,6.0,8,4,0.7745966692414834,0.44676190476190475,5,2.8310204081632655,0.5808508137768951,10.072578671059935,0.5808508137768951,6.1524056752798115,-3.3609667250068753,1,80.0,0.0002638750011101365,98.0,0.0005903329001739621,102.0,0.0010107089765369892,108.0,0.07718270900659263,False,106.0,0.025514625012874603,108.0,0,0
watts_strogatz,50,15,150,50,150,0.12244897959183673,6.0,8,4,0.6324555320336759,0.4738095238095238,6,2.8987755102040818,0.4582109651292804,9.946421805806214,0.4582109651292804,6.080502239688255,-3.2421844676107097,1,79.0,0.00024095794651657343,99.0,0.00046020804438740015,101.0,0.0008433330804109573,106.0,0.07835816696751863,False,105.0,0.024844959028996527,106.0,0,0
watts_strogatz,50,16,150,50,150,0.12244897959183673,6.0,8,5,0.7211102550927979,0.4623809523809524,5,2.8979591836734695,0.5905739418836837,10.41586500146031,0.5905739418836837,6.097908432715571,-3.3527074650053037,1,74.0,0.0002287500537931919,99.0,0.0005742090288549662,99.0,0.0010598339140415192,106.0,0.08450708398595452,False,104.0,0.025135791045613587,106.0,0,0
watts_strogatz,50,17,150,50,150,0.12244897959183673,6.0,8,5,0.6928203230275509,0.5164285714285713,7,3.5306122448979593,0.2646459801918385,10.188785079954387,0.2646459801918385,6.1207280528435035,-3.291667679536762,1,73.0,0.0002359580248594284,95.0,0.0005915830843150616,102.0,0.0009572079870849848,106.0,0.07693875010591,False,104.0,0.02387825003825128,106.0,0,0
watts_strogatz,50,18,150,50,150,0.12244897959183673,6.0,8,5,0.6633249580710799,0.42023809523809524,5,2.782857142857143,0.6207690647218194,10.080520473930838,0.6207690647218194,6.075644308305533,-3.4938326782943028,1,78.0,0.00024141697213053703,101.0,0.0005786250112578273,105.0,0.0009675419423729181,107.0,0.06690745905507356,False,106.0,0.025646541034802794,107.0,0,0
watts_strogatz,50,19,150,50,150,0.12244897959183673,6.0,8,5,0.7211102550927979,0.4653333333333333,7,2.996734693877551,0.3711429092362966,9.928518450465447,0.3711429092362966,6.1050906321176655,-3.283965553992889,1,81.0,0.0002429590094834566,101.0,0.0004610000178217888,104.0,0.000965291983447969,108.0,0.07579812500625849,False,102.0,0.02436441695317626,108.0,0,0
watts_strogatz,50,20,150,50,150,0.12244897959183673,6.0,7,4,0.7483314773547883,0.42228571428571426,5,2.7616326530612243,0.7052963554175001,9.861152202049462,0.7052963554175001,6.124159880665073,-3.469935625760528,1,72.0,0.00023962499108165503,104.0,0.0005882499972358346,107.0,0.0009575840085744858,108.0,0.06792166701052338,False,106.0,0.02597195899579674,108.0,0,0
watts_strogatz,50,21,150,50,150,0.12244897959183673,6.0,8,4,0.7745966692414834,0.46109523809523806,6,2.917551020408163,0.5038403277215493,10.303770924843182,0.5038403277215493,6.161505461307154,-3.4022567757407955,1,64.0,0.00023770902771502733,96.0,0.00046491692773997784,106.0,0.0009835839737206697,108.0,0.06797570898197591,False,107.0,0.025452416972257197,108.0,0,0
watts_strogatz,50,22,150,50,150,0.12244897959183673,6.0,8,4,0.8,0.42752380952380953,6,2.826122448979592,0.498281373073648,10.298956575104464,0.498281373073648,6.1682805372125,-3.571215304819001,1,82.0,0.00023683300241827965,102.0,0.0005819579819217324,107.0,0.0009773330530151725,110.0,0.0760604590177536,False,109.0,0.02544037497136742,110.0,0,0
watts_strogatz,50,23,150,50,150,0.12244897959183673,6.0,8,5,0.6633249580710799,0.4522380952380952,5,2.8889795918367347,0.4190281885311387,9.965701070989441,0.4190281885311387,6.098373989760398,-3.2808740278196504,1,77.0,0.00021083303727209568,99.0,0.0005252500995993614,100.0,0.0008602500893175602,106.0,0.07598345796577632,False,104.0,0.02463766699656844,106.0,0,0
watts_strogatz,50,24,150,50,150,0.12244897959183673,6.0,7,4,0.6633249580710799,0.5053333333333333,6,3.123265306122449,0.3973783634768666,9.846954009249545,0.3973783634768666,6.0917598360758065,-3.36294523216295,1,65.0,0.00022829207591712475,96.0,0.0005818749777972698,99.0,0.0009456250118091702,105.0,0.48260320897679776,False,103.0,0.02488995809108019,105.0,0,0
watts_strogatz,50,25,150,50,150,0.12244897959183673,6.0,8,4,0.7483314773547883,0.447952380952381,5,2.8146938775510204,0.5479723732224369,10.019647943470346,0.5479723732224369,6.112693664373643,-3.485065233323073,1,83.0,0.00022862502373754978,100.0,0.0004615839570760727,103.0,0.0009519590530544519,107.0,0.07514941599220037,False,108.0,0.025534541928209364,107.0,1,0
watts_strogatz,50,26,150,50,150,0.12244897959183673,6.0,8,5,0.6633249580710799,0.46338095238095234,6,2.9404081632653063,0.38803050496695063,10.07309522800217,0.38803050496695063,6.073862923973915,-3.2356409760997606,1,74.0,0.0002336660400032997,103.0,0.0005752500146627426,101.0,0.0009562080958858132,106.0,0.08857579110190272,False,104.0,0.025773375062271953,106.0,0,0
watts_strogatz,50,27,150,50,150,0.12244897959183673,6.0,8,4,0.848528137423857,0.4291428571428571,5,2.84,0.4736453746588549,10.204087805399931,0.4736453746588549,6.189032649230838,-3.5095295268323685,1,79.0,0.00023699994198977947,100.0,0.0006885830080136657,106.0,0.001079500070773065,108.0,0.07964008301496506,False,106.0,0.024395582964643836,108.0,0,0
watts_strogatz,50,28,150,50,150,0.12244897959183673,6.0,9,4,0.8717797887081347,0.4153650793650794,5,2.8122448979591836,0.4803039705467975,10.750982256650381,0.4803039705467975,6.126510138383169,-3.509573626063744,1,70.0,0.00023200002033263445,106.0,0.0007029159460216761,106.0,0.0010686250170692801,109.0,0.09951495809946209,False,109.0,0.02552649995777756,109.0,0,1
watts_strogatz,50,29,150,50,150,0.12244897959183673,6.0,9,4,0.848528137423857,0.4277619047619048,5,2.7387755102040816,0.546350663042974,11.232008321287339,0.546350663042974,6.162325416317594,-3.7137304237714237,1,72.0,0.00023133307695388794,103.0,0.0005914999637752771,105.0,0.0009813340147957206,107.0,0.06741920800413936,False,105.0,0.024791624979116023,107.0,0,0
watts_strogatz,100,0,300,100,300,0.06060606060606061,6.0,8,4,0.812403840463596,0.47600000000000003,7,3.69979797979798,0.3208832116448217,10.190156359157765,0.3208832116448217,6.138665433671762,-3.5132372602818163,1,154.0,0.00033299997448921204,198.0,0.0010291669750586152,212.0,0.0023013330064713955,211.0,4.677861250005662,False,211.0,0.03391354205086827,212.0,0,0
watts_strogatz,100,1,300,100,300,0.06060606060606061,6.0,7,4,0.7071067811865476,0.44561904761904764,7,3.5995959595959595,0.33040326852854185,9.871529097628361,0.33040326852854185,6.115002931056828,-3.39224837506956,1,143.0,0.0003065000055357814,198.0,0.0010347920469939709,208.0,0.002064415952190757,211.0,4.410522833000869,False,209.0,0.030031375004909933,211.0,0,0
watts_strogatz,100,2,300,100,300,0.06060606060606061,6.0,9,4,0.7615773105863908,0.46834126984126984,7,3.806868686868687,0.22487930744670948,10.575535031559774,0.22487930744670948,6.141315667911866,-3.529011232649385,1,152.0,0.00030895904637873173,203.0,0.0010070840362459421,203.0,0.00202700006775558,212.0,1.7135550829116255,False,207.0,0.030284499982371926,212.0,0,0
watts_strogatz,100,3,300,100,300,0.06060606060606061,6.0,8,4,0.6782329983125268,0.4505952380952381,7,3.7305050505050503,0.3281834253019513,10.04591845220116,0.3281834253019513,6.120316751205554,-3.4554891740841165,1,154.0,0.000302292057313025,204.0,0.0009995839791372418,204.0,0.0020052919862791896,215.0,0.47317654197104275,False,211.0,0.030914540984667838,215.0,0,0
watts_strogatz,100,4,300,100,300,0.06060606060606061,6.0,8,4,0.7874007874011811,0.4483809523809523,6,3.6333333333333333,0.3456206571308976,10.172188968150888,0.3456206571308976,6.13935639501732,-3.4997883310141713,1,163.0,0.00033362500835210085,200.0,0.0012216250179335475,211.0,0.0022698749089613557,215.0,0.4128301671007648,False,207.0,0.030110792024061084,215.0,0,0
watts_strogatz,100,5,300,100,300,0.06060606060606061,6.0,8,4,0.7071067811865476,0.47669047619047616,7,3.7422222222222223,0.3042893047025904,9.874218838906645,0.3042893047025904,6.101093801109835,-3.3331114286616477,1,141.0,0.0003071660175919533,195.0,0.0009965419303625822,210.0,0.002021708060055971,213.0,6.55097666697111,False,210.0,0.03197574999649078,213.0,0,0
watts_strogatz,100,6,300,100,300,0.06060606060606061,6.0,8,4,0.7211102550927979,0.47688095238095235,8,3.8333333333333335,0.21378761049514794,10.159591153008568,0.21378761049514794,6.10469549004525,-3.6098918860895823,1,150.0,0.00031391705852001905,191.0,0.000995416077785194,208.0,0.0020216669654473662,215.0,0.6075812500203028,False,209.0,0.030412791995331645,215.0,0,0
watts_strogatz,100,7,300,100,300,0.06060606060606061,6.0,8,3,0.848528137423857,0.44357142857142856,6,3.4357575757575756,0.45438200565378284,10.511072721031866,0.45438200565378284,6.1972218067401545,-3.422041521966342,1,154.0,0.0003102499758824706,197.0,0.0010000839829444885,211.0,0.0022530839778482914,212.0,0.3341479579685256,False,207.0,0.030843041953630745,212.0,0,0
watts_strogatz,100,8,300,100,300,0.06060606060606061,6.0,8,4,0.7211102550927979,0.49673809523809526,7,3.8076767676767678,0.24305478512229944,10.32434497235003,0.24305478512229944,6.142800141948152,-3.546047257040976,1,138.0,0.000316707999445498,198.0,0.0014725829241797328,205.0,0.002258541062474251,211.0,6.64868441701401,False,207.0,0.03303237503860146,211.0,0,0
watts_strogatz,100,9,300,100,300,0.06060606060606061,6.0,8,5,0.6782329983125268,0.44273809523809526,6,3.5432323232323233,0.382700639401805,10.288116899697833,0.382700639401805,6.101332287992845,-3.6427885414179206,1,133.0,0.0003155830781906843,203.0,0.0010057500330731273,209.0,0.0022822910686954856,212.0,0.6107165419962257,False,213.0,0.03144854190759361,212.0,1,0
watts_strogatz,100,10,300,100,300,0.06060606060606061,6.0,8,5,0.648074069840786,0.46926190476190477,7,3.747272727272727,0.2815491016769339,10.431497105439536,0.2815491016769339,6.098235942305781,-3.714436083051734,1,139.0,0.0003124999348074198,196.0,0.000991416978649795,211.0,0.002044083084911108,215.0,0.5841388748958707,False,208.0,0.03975545789580792,215.0,0,0
watts_strogatz,100,11,300,100,300,0.06060606060606061,6.0,9,4,0.8366600265340756,0.44980158730158726,7,3.649090909090909,0.3180928923602191,10.78319518881993,0.3180928923602191,6.15819029450935,-3.4218479057198263,1,155.0,0.0003276659408584237,194.0,0.0009991669794544578,204.0,0.0022877081064507365,213.0,6.906632750062272,False,211.0,0.031223458936437964,213.0,0,0
watts_strogatz,100,12,300,100,300,0.06060606060606061,6.0,8,4,0.7483314773547883,0.4486904761904762,7,3.5965656565656565,0.29648299990315274,10.282722185089785,0.29648299990315274,6.112888960192918,-3.4527799711155702,1,161.0,0.00032524997368454933,196.0,0.000994000001810491,206.0,0.0022897919407114387,211.0,0.5549769999925047,False,211.0,0.0306717500789091,211.0,0,1
watts_strogatz,100,13,300,100,300,0.06060606060606061,6.0,8,4,0.812403840463596,0.4575714285714286,6,3.5054545454545454,0.45529217078784323,10.411688450603231,0.45529217078784323,6.186702841164675,-3.467692549588878,1,148.0,0.00031429098453372717,196.0,0.0010027500102296472,210.0,0.002051499905064702,216.0,0.4909171250183135,False,212.0,0.031866832985542715,216.0,0,0
watts_strogatz,100,14,300,100,300,0.06060606060606061,6.0,8,4,0.7745966692414834,0.4626904761904762,7,3.6280808080808082,0.39790707715590534,10.232752431016241,0.39790707715590534,6.179481366634627,-3.427745406983217,1,156.0,0.0003659999929368496,197.0,0.0010404590284451842,208.0,0.0021765000419691205,212.0,0.539788750000298,False,206.0,0.03114362503401935,212.0,0,0
watts_strogatz,100,15,300,100,300,0.06060606060606061,6.0,8,5,0.7071067811865476,0.4466428571428571,7,3.6034343434343437,0.3171645475391485,10.175031550366702,0.3171645475391485,6.11667141296831,-3.5582972792034773,1,154.0,0.0003188340924680233,199.0,0.001005917089059949,208.0,0.002049249946139753,211.0,7.198231167043559,False,212.0,0.03052070806734264,211.0,1,0
watts_strogatz,100,16,300,100,300,0.06060606060606061,6.0,8,5,0.6,0.47890476190476194,7,3.949292929292929,0.25659523603969003,10.251547877948273,0.25659523603969003,6.114677785719052,-3.575874234666374,1,155.0,0.0003096660366281867,203.0,0.001220082980580628,209.0,0.002256459090858698,213.0,7.113067375030369,False,211.0,0.032053499948233366,213.0,0,0
watts_strogatz,100,17,300,100,300,0.06060606060606061,6.0,8,3,0.8,0.4532142857142857,6,3.5272727272727273,0.3770718535667328,10.078985777313376,0.3770718535667328,6.137578105078074,-3.4571108761821985,1,153.0,0.00031808402854949236,207.0,0.0014580830466002226,213.0,0.0021400420228019357,215.0,0.6638672919943929,False,215.0,0.03127429203595966,215.0,0,1
watts_strogatz,100,18,300,100,300,0.06060606060606061,6.0,8,4,0.8246211251235321,0.42297619047619045,6,3.4444444444444446,0.485371421753645,10.470720693463349,0.485371421753645,6.1463890220024835,-3.5938299233864774,1,157.0,0.0003075420390814543,202.0,0.0010196249932050705,209.0,0.002292750054039061,216.0,0.4247668330790475,False,215.0,0.02979137492366135,216.0,0,0
watts_strogatz,100,19,300,100,300,0.06060606060606061,6.0,8,4,0.6782329983125268,0.46745238095238095,7,3.7103030303030304,0.33661723450021913,10.234794269935957,0.33661723450021913,6.112090334364314,-3.3913561642373034,1,149.0,0.00029508303850889206,196.0,0.0009871249785646796,209.0,0.0022555000614374876,211.0,0.32706341601442546,False,207.0,0.02942375000566244,211.0,0,0
watts_strogatz,100,20,300,100,300,0.06060606060606061,6.0,9,4,0.9055385138137416,0.4247698412698413,7,3.4642424242424243,0.43050926229151204,11.204217633599463,0.43050926229151204,6.231323249580473,-3.69830782846842,1,156.0,0.0002964170416817069,206.0,0.0012297499924898148,209.0,0.00202562496997416,216.0,0.690507874940522,False,216.0,0.04693833307828754,216.0,0,1
watts_strogatz,100,21,300,100,300,0.06060606060606061,6.0,8,5,0.7071067811865476,0.4401904761904762,7,3.615959595959596,0.3910381175984005,10.271710264333228,0.3910381175984005,6.151487491914523,-3.5544435659461247,1,125.0,0.00033845799043774605,196.0,0.0011264169588685036,210.0,0.0025143750244751573,212.0,0.5426247080322355,False,209.0,0.0315940419677645,212.0,0,0
watts_strogatz,100,22,300,100,300,0.06060606060606061,6.0,8,3,0.8717797887081347,0.43066666666666664,8,3.6492929292929293,0.28048241917103756,10.482836428388602,0.28048241917103756,6.188861775785886,-3.7365854209210725,1,155.0,0.0002965419553220272,202.0,0.0012281660456210375,207.0,0.0020506250439211726,216.0,3.794572417042218,False,214.0,0.031263125012628734,216.0,0,0
watts_strogatz,100,23,300,100,300,0.06060606060606061,6.0,8,4,0.648074069840786,0.4586904761904762,7,3.748080808080808,0.3225431527756882,10.077848562468315,0.3225431527756882,6.11110415083933,-3.377957069861971,1,150.0,0.000302540953271091,195.0,0.0009880410507321358,208.0,0.0020496250363066792,213.0,3.4960342090344056,False,212.0,0.031490541994571686,213.0,0,0
watts_strogatz,100,24,300,100,300,0.06060606060606061,6.0,8,4,0.6782329983125268,0.48633333333333334,8,3.928080808080808,0.2046246247196689,10.160573512477052,0.2046246247196689,6.108526379116317,-3.3289356995052715,1,145.0,0.0002977499971166253,199.0,0.0010046670213341713,206.0,0.002041707979515195,209.0,0.5724110839655623,False,204.0,0.03047649993095547,209.0,0,0
watts_strogatz,100,25,300,100,300,0.06060606060606061,6.0,8,4,0.6928203230275509,0.43816666666666665,6,3.504848484848485,0.405411181137274,10.102023684988527,0.405411181137274,6.14342930778572,-3.4019625589221576,1,143.0,0.00030637497548013926,199.0,0.0009841660503298044,215.0,0.002035917015746236,213.0,0.5620003750082105,False,211.0,0.030788374948315322,215.0,0,0
watts_strogatz,100,26,300,100,300,0.06060606060606061,6.0,8,5,0.6,0.4657857142857143,7,3.9278787878787877,0.22884064181133207,10.059048035845617,0.22884064181133207,6.098273299333048,-3.4065125877717506,1,156.0,0.00029179092962294817,199.0,0.0012100839521735907,204.0,0.002147083985619247,215.0,0.8522704580100253,False,209.0,0.03138362499885261,215.0,0,0
watts_strogatz,100,27,300,100,300,0.06060606060606061,6.0,8,4,0.6633249580710799,0.4561904761904762,8,3.731919191919192,0.25002529669072215,9.940289080453448,0.25002529669072215,6.111903955477713,-3.3400121660412436,1,151.0,0.00031004101037979126,205.0,0.0010074999881908298,207.0,0.002257667016237974,213.0,0.5618967920308933,False,212.0,0.03145120793487877,213.0,0,0
watts_strogatz,100,28,300,100,300,0.06060606060606061,6.0,8,4,0.812403840463596,0.4439047619047619,7,3.7026262626262625,0.2572885068318677,10.5818046756789,0.2572885068318677,6.1652291463335835,-3.5421062959547305,1,135.0,0.00029458291828632355,202.0,0.000994957983493805,209.0,0.0020322500495240092,213.0,5.433100166032091,False,210.0,0.03243366698734462,213.0,0,0
watts_strogatz,100,29,300,100,300,0.06060606060606061,6.0,9,4,0.7874007874011811,0.4586190476190476,8,3.796161616161616,0.2405908922313783,10.705344039161096,0.2405908922313783,6.209253551905761,-3.4655451816662555,1,144.0,0.0003002089215442538,203.0,0.0010057500330731273,206.0,0.0022670000325888395,212.0,0.7050233751069754,False,207.0,0.03182170900981873,212.0,0,0
watts_strogatz,200,0,600,200,600,0.03015075376884422,6.0,9,4,0.7937253933193772,0.4532460317460318,8,4.385326633165829,0.25689221160218884,10.83118209816535,0.25689221160218884,6.148121974668399,-3.588204000503827,1,277.0,0.0004504589596763253,393.0,0.002318624989129603,412.0,0.006240749964490533,426.0,31.74339329195209,False,421.0,0.04776474996469915,426.0,0,0
watts_strogatz,200,1,600,200,600,0.03015075376884422,6.0,9,4,0.7810249675906654,0.4440119047619048,8,4.334472361809045,0.27639052487572036,10.802904499677528,0.27639052487572036,6.162861190465511,-3.6513782591643262,1,303.0,0.00047983299009501934,400.0,0.0023205000907182693,419.0,0.006413792027160525,428.0,32.09742850007024,False,420.0,0.04785450000781566,428.0,0,0
watts_strogatz,200,2,600,200,600,0.03015075376884422,6.0,8,4,0.8185352771872451,0.45104761904761903,8,4.453015075376884,0.28057520146295334,10.443738355498422,0.28057520146295334,6.212250767174244,-3.630390060031455,1,295.0,0.0004727920750156045,393.0,0.0019148749997839332,409.0,0.005982958944514394,424.0,31.853537125047296,False,419.0,0.04624483396764845,424.0,0,0
watts_strogatz,200,3,600,200,600,0.03015075376884422,6.0,9,4,0.7211102550927979,0.445265873015873,8,4.414120603015076,0.25643314790839533,10.860610804413634,0.25643314790839533,6.140124691843655,-3.8336444145750397,1,298.0,0.00047033396549522877,396.0,0.0018732920289039612,414.0,0.006483791978098452,427.0,30.021654915995896,False,425.0,0.04810295801144093,427.0,0,0
watts_strogatz,200,4,600,200,600,0.03015075376884422,6.0,8,4,0.7280109889280518,0.44357142857142856,8,4.432311557788945,0.2960726770627858,10.19020495226571,0.2960726770627858,6.148305018995273,-3.6118923329018937,1,300.0,0.000492708059027791,401.0,0.0018972499528899789,421.0,0.006147500011138618,426.0,30.943956083036028,False,428.0,0.04888699995353818,426.0,1,0
watts_strogatz,200,5,600,200,600,0.03015075376884422,6.0,9,4,0.6928203230275509,0.45346825396825396,9,4.466532663316583,0.24835152050105003,10.724873927833457,0.24835152050105003,6.1172955355030965,-3.462713666786136,1,283.0,0.0004630410112440586,395.0,0.002341542043723166,408.0,0.005988250020891428,425.0,26.504531917045824,False,417.0,0.04748291696887463,425.0,0,0
watts_strogatz,200,6,600,200,600,0.03015075376884422,6.0,10,4,0.7615773105863908,0.4623968253968254,8,4.442512562814071,0.25556073770756565,11.700451450771583,0.25556073770756565,6.161095132630948,-3.6306276142590437,1,308.0,0.0005033339839428663,398.0,0.0018875841051340103,415.0,0.006536000058986247,423.0,31.259376249974594,False,418.0,0.04781454196199775,423.0,0,0
watts_strogatz,200,7,600,200,600,0.03015075376884422,6.0,9,4,0.7745966692414834,0.44096825396825395,8,4.373165829145728,0.2622819266831755,10.76659140061177,0.2622819266831755,6.148420589945866,-3.6168069007690615,1,315.0,0.000504166935570538,398.0,0.001877916045486927,418.0,0.006898083025589585,424.0,29.663391374982893,False,420.0,0.0480205420171842,424.0,0,0
watts_strogatz,200,8,600,200,600,0.03015075376884422,6.0,9,4,0.714142842854285,0.4807420634920635,8,4.612211055276382,0.21454884163590188,10.793785605358986,0.21454884163590188,6.142171251704595,-3.464085988378727,1,294.0,0.00046604208182543516,391.0,0.0018502080347388983,421.0,0.006478916970081627,422.0,30.80157666699961,False,417.0,0.04620229103602469,422.0,0,0
watts_strogatz,200,9,600,200,600,0.03015075376884422,6.0,8,4,0.7483314773547883,0.431047619047619,8,4.299145728643216,0.33887865782822807,10.496566219864551,0.33887865782822807,6.152494301513721,-3.658851478225343,1,289.0,0.0004792500985786319,404.0,0.0023555830121040344,422.0,0.006136125070042908,430.0,30.066908541950397,False,429.0,0.048439832986332476,430.0,0,0
watts_strogatz,200,10,600,200,600,0.03015075376884422,6.0,8,5,0.6633249580710799,0.45345238095238094,8,4.465728643216081,0.2557660385317514,10.322265389813863,0.2557660385317514,6.1085070647899755,-3.690051183030733,1,280.0,0.0004756670678034425,393.0,0.0023037909995764494,413.0,0.006008290918543935,426.0,30.937608917010948,False,425.0,0.048725000000558794,426.0,0,0
watts_strogatz,200,11,600,200,600,0.03015075376884422,6.0,8,4,0.6557438524302001,0.4711071428571429,9,4.624070351758794,0.18753103818163291,10.30320067829332,0.18753103818163291,6.119512814999917,-3.547734459002992,1,308.0,0.00047129206359386444,396.0,0.0020115840015932918,417.0,0.0064793749479576945,420.0,30.62466441700235,False,419.0,0.047520500025711954,420.0,0,0
watts_strogatz,200,12,600,200,600,0.03015075376884422,6.0,8,4,0.7681145747868608,0.4325714285714286,8,4.377085427135678,0.28664471573121786,10.376932381277772,0.28664471573121786,6.129808223491495,-3.59808589957103,1,287.0,0.00046970800030976534,399.0,0.0023104159627109766,425.0,0.0064171249978244305,428.0,30.925301791052334,False,430.0,0.047913166927173734,428.0,1,0
watts_strogatz,200,13,600,200,600,0.03015075376884422,6.0,9,4,0.7211102550927979,0.44763492063492066,8,4.405427135678392,0.24849323489513164,10.809928685747087,0.24849323489513164,6.1417007187977655,-3.5609285232976307,1,300.0,0.0004605839494615793,399.0,0.0023829169804230332,412.0,0.007021666970103979,425.0,30.515368625056,False,422.0,0.04692850005812943,425.0,0,0
watts_strogatz,200,14,600,200,600,0.03015075376884422,6.0,8,3,0.7549834435270749,0.4411428571428571,8,4.333165829145728,0.23183087931551244,10.121476648481964,0.23183087931551244,6.158063258764029,-3.5363354181771296,1,323.0,0.0004723749589174986,399.0,0.0018482920713722706,424.0,0.0069477499928325415,430.0,31.51424908300396,False,424.0,0.04897925001569092,430.0,0,0
watts_strogatz,200,15,600,200,600,0.03015075376884422,6.0,8,4,0.7211102550927979,0.4501785714285714,8,4.498190954773869,0.20995463381944796,10.200830881257048,0.20995463381944796,6.145908086599081,-3.5986875465849,1,320.0,0.00046220794320106506,392.0,0.0018306670244783163,416.0,0.006351583055220544,427.0,30.560789457987994,False,424.0,0.047848707996308804,427.0,0,0
watts_strogatz,200,16,600,200,600,0.03015075376884422,6.0,8,3,0.7071067811865476,0.4724761904761905,9,4.619447236180904,0.21202674174353375,10.223989949210356,0.21202674174353375,6.152158602132688,-3.438901991750983,1,292.0,0.0004772499669343233,394.0,0.0018537089927121997,413.0,0.0061333749908953905,423.0,32.58903441694565,False,418.0,0.052783124963752925,423.0,0,0
watts_strogatz,200,17,600,200,600,0.03015075376884422,6.0,9,4,0.7416198487095663,0.4561190476190476,9,4.456381909547739,0.23493402967084775,11.02405624485813,0.23493402967084775,6.149358077575234,-3.6846678074099146,1,298.0,0.0005384170217439532,398.0,0.002079750061966479,417.0,0.006985499989241362,424.0,33.66206074994989,False,417.0,0.051798333995975554,424.0,0,0
watts_strogatz,200,18,600,200,600,0.03015075376884422,6.0,8,3,0.7937253933193772,0.4436428571428571,9,4.423266331658292,0.2201336681648124,10.314225565136004,0.2201336681648124,6.134916362936154,-3.671825737615238,1,294.0,0.0005407501012086868,400.0,0.0025845839409157634,422.0,0.006783250020816922,424.0,32.589170458959416,False,424.0,0.048226374899968505,424.0,0,1
watts_strogatz,200,19,600,200,600,0.03015075376884422,6.0,10,4,0.7681145747868608,0.46217857142857144,8,4.409849246231156,0.2711983683398807,11.758826424107164,0.2711983683398807,6.188583383262901,-3.634892423540621,1,291.0,0.0004974580369889736,396.0,0.0018934999825432897,413.0,0.006503624957986176,425.0,32.275621666922234,False,421.0,0.0471422920236364,425.0,0,0
watts_strogatz,200,20,600,200,600,0.03015075376884422,6.0,8,4,0.6782329983125268,0.43889285714285714,8,4.482914572864321,0.2585349145035743,10.264372615001607,0.2585349145035743,6.138499355994316,-3.641669474126578,1,307.0,0.00045991595834493637,396.0,0.001860958058387041,415.0,0.005941208102740347,431.0,31.959793332964182,False,420.0,0.047168708057142794,431.0,0,0
watts_strogatz,200,21,600,200,600,0.03015075376884422,6.0,9,4,0.7483314773547883,0.44301984126984123,9,4.48678391959799,0.23995787424561676,11.066820747854456,0.23995787424561676,6.15763044852587,-3.6449880290136463,1,286.0,0.00046495802234858274,400.0,0.0023426249390468,416.0,0.006952667026780546,426.0,33.0073126249481,False,418.0,0.04633899999316782,426.0,0,0
watts_strogatz,200,22,600,200,600,0.03015075376884422,6.0,8,4,0.7348469228349535,0.4364523809523809,9,4.485477386934673,0.178528640613781,10.536258329935988,0.178528640613781,6.152816775994485,-3.64526871487389,1,303.0,0.0004888330586254597,397.0,0.002316207974217832,416.0,0.00649637496098876,431.0,31.189688208978623,False,421.0,0.048058916931040585,431.0,0,0
watts_strogatz,200,23,600,200,600,0.03015075376884422,6.0,8,4,0.7416198487095663,0.45515476190476195,9,4.545829145728643,0.19841610336867455,10.365319061051672,0.19841610336867455,6.125501159753358,-3.6494631680846057,1,304.0,0.0004877080209553242,401.0,0.0018457080004736781,415.0,0.006400875048711896,430.0,30.437077458016574,False,420.0,0.04829458403401077,430.0,0,0
watts_strogatz,200,24,600,200,600,0.03015075376884422,6.0,8,4,0.6855654600401044,0.4642857142857143,8,4.514522613065327,0.23198449904171908,10.22229258303953,0.23198449904171908,6.106813754613436,-3.540979995906392,1,284.0,0.00045766704715788364,391.0,0.0023401250364258885,419.0,0.006485666963271797,428.0,30.77498704206664,False,421.0,0.04881900001782924,428.0,0,0
watts_strogatz,200,25,600,200,600,0.03015075376884422,6.0,9,4,0.8185352771872451,0.4437777777777778,8,4.303165829145729,0.3009695534492261,11.508037347522423,0.3009695534492261,6.15540447394483,-3.68726568255807,1,296.0,0.00046916597057133913,396.0,0.0023384159430861473,412.0,0.006022833054885268,425.0,30.592174708028324,False,422.0,0.048819208052009344,425.0,0,0
watts_strogatz,200,26,600,200,600,0.03015075376884422,6.0,9,4,0.7874007874011811,0.4615992063492063,8,4.437788944723618,0.2643717362198439,10.873189738293288,0.2643717362198439,6.1658779497711205,-3.5979428174577683,1,297.0,0.000493665924295783,403.0,0.0018942090682685375,413.0,0.006063333945348859,423.0,34.02307579200715,False,414.0,0.046357457991689444,423.0,0,0
watts_strogatz,200,27,600,200,600,0.03015075376884422,6.0,9,4,0.7745966692414834,0.4241587301587302,8,4.259748743718593,0.30226091130195365,10.814282372577303,0.30226091130195365,6.138098033467476,-3.589980047137516,1,274.0,0.0004522079834714532,404.0,0.0018970839446410537,418.0,0.006378500023856759,430.0,31.423798875068314,False,425.0,0.04992154205683619,430.0,0,0
watts_strogatz,200,28,600,200,600,0.03015075376884422,6.0,8,4,0.714142842854285,0.44448809523809524,8,4.470251256281407,0.21846739834106516,10.29427126105323,0.21846739834106516,6.187080710913794,-3.642434358009917,1,284.0,0.0004635000368580222,402.0,0.002337916987016797,422.0,0.005931957974098623,425.0,30.188568542012945,False,427.0,0.055039625032804906,425.0,1,0
watts_strogatz,200,29,600,200,600,0.03015075376884422,6.0,8,4,0.7416198487095663,0.45083333333333336,9,4.473165829145729,0.22743827851862602,10.632663177553223,0.22743827851862602,6.206612181775859,-3.5700968687704435,1,304.0,0.0005040420219302177,396.0,0.0023305420763790607,413.0,0.006520500057376921,425.0,32.83588662499096,False,421.0,0.04261787503492087,425.0,0,0
