family,n,instance,m,prop_n,prop_m,prop_density,prop_avg_degree,prop_max_degree,prop_min_degree,prop_degree_std,prop_clustering_coeff,prop_diameter,prop_avg_path_length,prop_spectral_gap,prop_lambda_max_laplacian,prop_algebraic_connectivity,prop_spectral_radius,prop_lambda_min_adj,prop_n_components,random_cut,random_time,greedy_cut,greedy_time,spectral_cut,spectral_time,gw_cut,gw_time,gw_fallback,gnn_cut,gnn_time,best_classical_cut,gnn_wins,gnn_ties
erdos_renyi,20,0,25,20,25,0.13157894736842105,2.5,5,1,1.2041594578792296,0.21000000000000002,9,3.7,0.07771855129713974,7.030589751306405,0.07771855129713974,3.2710504263194875,-2.8027885224546494,1,9.0,0.00018000000272877514,20.0,0.00038949999725446105,22.0,0.0004936669720336795,22.0,0.015179292007815093,False,21.0,0.036361875012516975,22.0,0,0
erdos_renyi,20,1,27,20,27,0.14210526315789473,2.7,6,1,1.5524174696260025,0.045,6,2.857894736842105,0.18343755989569757,8.150034561218364,0.18343755989569757,3.6698071554743414,-3.181271212429405,1,15.0,0.00015433397493325174,21.0,0.00015662499936297536,24.0,0.00025608300347812474,24.0,0.010130374983418733,False,21.0,0.029709833004744723,24.0,0,0
erdos_renyi,20,2,37,20,37,0.19473684210526315,3.7,9,1,1.76351920885484,0.255,6,2.3473684210526318,0.42216086195284763,10.257723142260982,0.42216086195284763,4.58604810716034,-3.0044420204596904,1,7.0,0.0001526669948361814,29.0,0.00017020798986777663,28.0,0.00029749999521300197,29.0,0.008563125011278316,False,28.0,0.030599082994740456,29.0,0,0
erdos_renyi,20,3,22,20,22,0.11578947368421053,2.2,4,1,1.0770329614269007,0.03333333333333333,9,3.8526315789473684,0.07354443976710104,5.766296531879128,0.07354443976710104,2.8164072666971816,-2.5572359468951165,1,11.0,0.00015445798635482788,18.0,0.00015499998698942363,21.0,0.00025933299912139773,21.0,0.011963875003857538,False,17.0,0.029931125027360395,21.0,0,0
erdos_renyi,20,4,39,20,39,0.20526315789473684,3.9,6,2,1.2609520212918492,0.18833333333333332,4,2.1736842105263157,0.8716970740580074,8.049656928268579,0.8716970740580074,4.32891458602883,-3.3464917161302994,1,24.0,0.0001597920199856162,33.0,0.00017537499661557376,33.0,0.00029458297649398446,34.0,0.008425708016147837,False,28.0,0.030702041985932738,34.0,0,0
erdos_renyi,20,5,30,20,30,0.15789473684210525,3.0,7,1,1.70293863659264,0.25476190476190474,6,2.594736842105263,0.29567132563836573,8.766509802152063,0.29567132563836573,3.843799739036153,-3.3668458434899886,1,16.0,0.00015779200475662947,25.0,0.00018666699179448187,25.0,0.0002692090056370944,25.0,0.013840208994224668,False,25.0,0.030914000002667308,25.0,0,1
erdos_renyi,20,6,27,20,27,0.14210526315789473,2.7,6,1,1.2688577540449522,0.09333333333333334,7,2.973684210526316,0.16785258817584703,7.272907531711996,0.16785258817584703,3.5255423834769033,-2.667923508575565,1,13.0,0.00014849999570287764,23.0,0.0001576659851707518,23.0,0.00027275001048110425,23.0,0.007692042010603473,False,22.0,0.028863208019174635,23.0,0,0
erdos_renyi,20,7,21,20,21,0.11052631578947368,2.1,5,1,1.0908712114635715,0.03,10,4.026315789473684,0.07324072523433385,6.258960445815409,0.07324072523433385,2.81128373989505,-2.2946750547081542,1,10.0,0.00015654199523851275,18.0,0.00015712500317022204,19.0,0.0006883750029373914,20.0,0.011376667011063546,False,18.0,0.027977833000477403,20.0,0,0
erdos_renyi,20,8,24,20,24,0.12631578947368421,2.4,4,1,1.1135528725660047,0.075,7,3.5105263157894737,0.09842251595358655,5.749791709512228,0.09842251595358655,2.9519540252408745,-2.4225068378564756,1,15.0,0.0001518749922979623,21.0,0.00015804197755642235,21.0,0.0002933329960796982,22.0,0.012989542010473087,False,18.0,0.03070870801457204,22.0,0,0
erdos_renyi,20,9,28,20,28,0.14736842105263157,2.8,5,1,1.1224972160321824,0.39,8,3.642105263157895,0.09007689509429385,6.437251769979147,0.09007689509429385,3.651639636973004,-2.2078649981571203,1,13.0,0.00015420900308527052,22.0,0.0001637499954085797,22.0,0.00026533298660069704,23.0,0.008974541997304186,False,21.0,0.028369416017085314,23.0,0,0
erdos_renyi,20,10,39,20,39,0.20526315789473684,3.9,10,2,2.364318083507378,0.2978174603174603,4,2.168421052631579,0.773690436725319,11.197219920384732,0.773690436725319,5.312606017520849,-3.3455814400833983,1,16.0,0.00015354098286479712,32.0,0.00019295801757834852,32.0,0.0003309160238131881,32.0,0.008125916996505111,False,28.0,0.029747624997980893,32.0,0,0
erdos_renyi,20,11,28,20,28,0.14736842105263157,2.8,6,1,1.2884098726725126,0.35333333333333333,7,3.305263157894737,0.10475537471098581,7.620412405694924,0.10475537471098581,3.643340813095077,-2.849970143532314,1,17.0,0.00015720902592875063,20.0,0.00016300001880154014,23.0,0.0002836660132743418,23.0,0.008437041979050264,False,21.0,0.03047124997829087,23.0,0,0
erdos_renyi,20,12,26,20,26,0.1368421052631579,2.6,6,1,1.2806248474865698,0.13666666666666666,6,2.9842105263157896,0.2687556746097007,7.441430314029688,0.2687556746097007,3.3333427055257108,-2.798103118422999,1,12.0,0.00015729200094938278,22.0,0.0001586250145919621,23.0,0.000277625018497929,23.0,0.011849750007968396,False,22.0,0.02898316699429415,23.0,0,0
erdos_renyi,20,13,23,20,23,0.12105263157894737,2.3,4,1,1.004987562112089,0.0,7,3.163157894736842,0.19664571744522225,6.103172909347029,0.19664571744522225,2.7793431005316633,-2.5802800857747217,1,16.0,0.00015970799722708762,19.0,0.0001556670176796615,21.0,0.0002607919741421938,22.0,0.009325874998467043,False,20.0,0.030938875017454848,22.0,0,0
erdos_renyi,20,14,30,20,30,0.15789473684210525,3.0,7,1,1.51657508881031,0.03404761904761905,6,2.5473684210526315,0.40834474993960584,8.665498942402772,0.40834474993960584,3.7800096913933015,-3.3581509019489264,1,17.0,0.00015870798961259425,27.0,0.00018558299052529037,27.0,0.00026941701071336865,27.0,0.00793083300231956,False,26.0,0.02958825000678189,27.0,0,0
erdos_renyi,20,15,23,20,23,0.12105263157894737,2.3,4,1,0.9539392014169458,0.041666666666666664,8,3.6157894736842104,0.10682331942324448,6.030891601424413,0.10682331942324448,2.878132899520757,-2.5985589604273747,1,13.0,0.0001562500256113708,18.0,0.00015595799777656794,22.0,0.0002701670164242387,22.0,0.009024291997775435,False,20.0,0.030603000021073967,22.0,0,0
erdos_renyi,20,16,26,20,26,0.1368421052631579,2.6,5,1,1.2806248474865698,0.05499999999999999,7,3.0157894736842104,0.17147089903146348,6.714043703095336,0.17147089903146348,3.3908831283269323,-2.684121096361824,1,12.0,0.00015750000602565706,19.0,0.00016112500452436507,23.0,0.00026212501688860357,23.0,0.008438457996817306,False,22.0,0.028557457990245894,23.0,0,0
erdos_renyi,20,17,27,20,27,0.14210526315789473,2.7,6,1,1.3076696830622019,0.07833333333333334,6,2.8842105263157896,0.26804420619761693,7.51639765185131,0.26804420619761693,3.5428114328901668,-2.7415209070516577,1,14.0,0.00015608398825861514,22.0,0.00016220798715949059,22.0,0.00028337500407360494,23.0,0.009651375003159046,False,22.0,0.03359820801415481,23.0,0,0
erdos_renyi,20,18,35,20,35,0.18421052631578946,3.5,6,1,1.3228756555322954,0.09333333333333334,6,2.3684210526315788,0.5133370414977119,8.226990954041831,0.5133370414977119,4.103800870032845,-3.0276290676448805,1,17.0,0.00016250001499429345,28.0,0.0001729580108076334,28.0,0.0002954999799840152,29.0,0.007642166019650176,False,28.0,0.02718041598564014,29.0,0,0
erdos_renyi,20,19,24,20,24,0.12631578947368421,2.4,5,1,1.019803902718557,0.03333333333333333,10,3.8789473684210525,0.06588094434122423,6.625947268509432,0.06588094434122423,3.0630041066940366,-2.684756226238024,1,11.0,0.0001474590098951012,21.0,0.00015300000086426735,22.0,0.00026737499865703285,22.0,0.010882833012146875,False,22.0,0.023132666014134884,22.0,0,1
erdos_renyi,20,20,38,20,38,0.2,3.8,6,2,1.469693845669907,0.255,5,2.3789473684210525,0.5451190137745038,8.281892179254207,0.5451190137745038,4.6766379771770055,-2.776275505599118,1,12.0,0.00016020797193050385,26.0,0.00019604101544246078,28.0,0.0003050419909413904,29.0,0.009180541994282976,False,27.0,0.025900999986333773,29.0,0,0
erdos_renyi,20,21,26,20,26,0.1368421052631579,2.6,6,1,1.3564659966250536,0.3516666666666667,7,3.2578947368421054,0.11676170796515851,7.183822979321966,0.11676170796515851,3.207751170522013,-2.5920380931292453,1,15.0,0.0001605840225238353,19.0,0.00016245801816694438,21.0,0.00026295901625417173,22.0,0.008520125003997236,False,21.0,0.028217332990607247,22.0,0,0
erdos_renyi,20,22,37,20,37,0.19473684210526315,3.7,9,1,2.027313493271329,0.19,4,2.2578947368421054,0.5808374325026066,10.379372891178125,0.5808374325026066,4.879982103822823,-3.219324267647338,1,16.0,0.00017245899653062224,30.0,0.00020154198864474893,28.0,0.00031308300094679,30.0,0.007765791000565514,False,28.0,0.027205082995351404,30.0,0,0
erdos_renyi,20,23,27,20,27,0.14210526315789473,2.7,6,1,1.2688577540449522,0.13,5,2.778947368421053,0.34124426285642606,7.467303323051017,0.34124426285642606,3.4017831967215995,-2.691295371429108,1,15.0,0.00015208401600830257,22.0,0.00015508299111388624,22.0,0.00027179199969395995,24.0,0.008786582999164239,False,21.0,0.03049375000409782,24.0,0,0
erdos_renyi,20,24,32,20,32,0.16842105263157894,3.2,5,2,0.9273618495495703,0.27999999999999997,6,2.610526315789474,0.3875328132587302,7.0001709371356124,0.3875328132587302,3.5236942673641867,-2.892736361089147,1,14.0,0.00015979199088178575,24.0,0.00016812499961815774,25.0,0.0002720420015975833,27.0,0.007857624994358048,False,21.0,0.02940833300817758,27.0,0,0
erdos_renyi,20,25,32,20,32,0.16842105263157894,3.2,6,1,1.4352700094407325,0.12166666666666666,5,2.4,0.5318545152102135,7.748628200229772,0.5318545152102135,3.7564129310834193,-3.11924239463784,1,18.0,0.0001986670249607414,27.0,0.0002210829989053309,26.0,0.00027720798971131444,28.0,0.008109624992357567,False,25.0,0.02842995899845846,28.0,0,0
erdos_renyi,20,26,24,20,24,0.12631578947368421,2.4,5,1,1.1135528725660044,0.0,6,2.9842105263157896,0.22192517719391897,6.352779481868814,0.22192517719391897,2.885760349620379,-2.520748114163527,1,14.0,0.00015679100761190057,20.0,0.0001500830112490803,20.0,0.00026804200024344027,22.0,0.008521582989487797,False,21.0,0.026086541009135544,22.0,0,0
erdos_renyi,20,27,22,20,22,0.11578947368421053,2.2,6,1,1.3266499161421599,0.03666666666666667,8,3.3789473684210525,0.11307285086937337,7.2776329127596195,0.11307285086937337,3.068402689780555,-2.6221920999683417,1,12.0,0.0001517919881734997,19.0,0.0001522919919807464,21.0,0.0002724170044530183,21.0,0.010812125023221597,False,19.0,0.027041958004701883,21.0,0,0
erdos_renyi,20,28,32,20,32,0.16842105263157894,3.2,6,1,1.32664991614216,0.25166666666666665,5,2.6052631578947367,0.33084104056958535,7.88373176983859,0.33084104056958535,3.818631899890003,-3.0398068099262128,1,14.0,0.00015525001799687743,23.0,0.00016687499010004103,26.0,0.0002967909967992455,27.0,0.009595082985470071,False,24.0,0.030433042004005983,27.0,0,0
erdos_renyi,20,29,30,20,30,0.15789473684210525,3.0,7,1,1.449137674618944,0.03476190476190476,7,2.873684210526316,0.20573262262115685,8.637795508791173,0.20573262262115685,3.922728912699438,-3.3925936564014423,1,16.0,0.00015433301450684667,24.0,0.00016558298375457525,27.0,0.00028500001644715667,27.0,0.007590124994749203,False,26.0,0.029594000021461397,27.0,0,0
erdos_renyi,50,0,183,50,183,0.1493877551020408,7.32,13,3,2.2929457036746426,0.14625252525252525,4,2.1420408163265305,2.255173567528472,15.647320658649692,2.255173567528472,8.1420944252768,-4.555210041237662,1,88.0,0.00020154201774857938,126.0,0.00047895798343233764,130.0,0.0014487500011455268,135.0,0.03688674999284558,False,129.0,0.03154654201352969,135.0,0,0
erdos_renyi,50,1,174,50,174,0.14204081632653062,6.96,13,2,2.7346663416219537,0.15884115884115885,4,2.2114285714285713,1.4462865434669665,15.354760688045895,1.4462865434669665,8.030409770252716,-4.936267085542832,1,89.0,0.0001939580251928419,120.0,0.0004723750171251595,129.0,0.0008214999979827553,131.0,0.03626354201696813,False,122.0,0.028070041997125372,131.0,0,0
erdos_renyi,50,2,214,50,214,0.17469387755102042,8.56,17,4,2.6469605210505125,0.19680673901262136,3,2.008979591836735,3.0539431853521073,18.68812173145126,3.0539431853521073,9.297129695178192,-5.012746370969957,1,97.0,0.0001990000018849969,140.0,0.0003984580107498914,146.0,0.000891500007128343,154.0,0.031991541996831074,False,145.0,0.03227366699138656,154.0,0,0
erdos_renyi,50,3,163,50,163,0.13306122448979593,6.52,12,2,1.8680471086136987,0.1122164502164502,4,2.230204081632653,1.6245749726049754,13.682971902889772,1.6245749726049754,7.068377397055036,-4.455422949609889,1,75.0,0.00020995800150558352,115.0,0.0004455000162124634,120.0,0.0008065000001806766,123.0,0.036092332971747965,False,115.0,0.031402749998960644,123.0,0,0
erdos_renyi,50,4,179,50,179,0.14612244897959184,7.16,14,3,2.532666578924277,0.171030192030192,4,2.146938775510204,1.923683903169059,15.827343806909838,1.923683903169059,8.012514244126091,-4.846295704666447,1,77.0,0.00019687501480802894,124.0,0.00047395899309776723,126.0,0.0007444579969160259,132.0,0.03691899997647852,False,124.0,0.029060083004878834,132.0,0,0
erdos_renyi,50,5,189,50,189,0.15428571428571428,7.56,15,3,2.8224811779709,0.18574347874347874,4,2.1053061224489795,1.972693720106946,16.770976957516908,1.972693720106946,8.60060113598107,-5.013159485067723,1,90.0,0.00020616600522771478,125.0,0.0005932920030318201,137.0,0.000954167015152052,140.0,0.03696270799264312,False,127.0,0.03249462498934008,140.0,0,0
erdos_renyi,50,6,200,50,200,0.16326530612244897,8.0,13,4,2.32379000772445,0.16042857142857142,3,2.0538775510204084,2.68949498185479,15.99511868377484,2.68949498185479,8.747023635332745,-4.904089237614675,1,97.0,0.00020591699285432696,137.0,0.0005039999959990382,143.0,0.0007755000260658562,146.0,0.036959542019758373,False,139.0,0.030891790986061096,146.0,0,0
erdos_renyi,50,7,179,50,179,0.14612244897959184,7.16,15,2,2.9418361613115027,0.1501181041181041,4,2.1330612244897957,1.659611977612819,16.901063097516843,1.659611977612819,8.31996168888153,-4.760452184737647,1,101.0,0.0002011669857893139,128.0,0.00046866698539815843,125.0,0.0009510410018265247,131.0,0.031579208007315174,False,125.0,0.030993000022135675,131.0,0,0
erdos_renyi,50,8,168,50,168,0.13714285714285715,6.72,12,2,2.1169789795838785,0.1482005772005772,4,2.204081632653061,1.5113113330667591,14.138027817150443,1.5113113330667591,7.437453835710457,-4.406278592697813,1,93.0,0.00020133299403823912,120.0,0.0005756659957114607,118.0,0.0012770830071531236,124.0,0.04800020801485516,False,118.0,0.030862250016070902,124.0,0,0
erdos_renyi,50,9,182,50,182,0.14857142857142858,7.28,12,1,2.416940214403327,0.1402005772005772,4,2.1575510204081634,0.8229201059873674,15.117411113726046,0.8229201059873674,8.14733852079597,-5.010525761002686,1,83.0,0.00022770802024751902,131.0,0.0007951669977046549,132.0,0.000902750005479902,135.0,0.036591790994862095,False,125.0,0.03133566598990001,135.0,0,0
erdos_renyi,50,10,182,50,182,0.14857142857142858,7.28,14,2,2.5771301868551384,0.13965145965145964,4,2.1216326530612246,1.5953684196358702,15.965913961639918,1.5953684196358702,8.218504679581901,-5.33981235233229,1,92.0,0.00020175002282485366,127.0,0.00047262501902878284,135.0,0.000840499997138977,136.0,0.0362975419848226,False,134.0,0.030548957991413772,136.0,0,0
erdos_renyi,50,11,167,50,167,0.1363265306122449,6.68,12,2,2.3953287874527787,0.11947763347763347,4,2.20734693877551,1.5752336927402273,14.02618631604346,1.5752336927402273,7.496163360144818,-4.560371441303695,1,88.0,0.00019283301662653685,117.0,0.00042629099334590137,124.0,0.0006944580236449838,124.0,0.03645841701654717,False,121.0,0.031338041997514665,124.0,0,0
erdos_renyi,50,12,180,50,180,0.1469387755102041,7.2,12,1,2.4657656011875906,0.133004329004329,4,2.1518367346938776,0.8945119470239318,14.848032038041907,0.8945119470239318,8.074404034168111,-4.668070508207528,1,87.0,0.0001982079993467778,123.0,0.0004702500009443611,125.0,0.001127541996538639,132.0,0.03792658299789764,False,128.0,0.03241537499707192,132.0,0,0
erdos_renyi,50,13,177,50,177,0.14448979591836736,7.08,14,2,2.3395726105423615,0.14622066822066823,4,2.1518367346938776,1.7045731168345972,15.789553258330796,1.7045731168345972,7.860730648911144,-4.548395439450862,1,82.0,0.00019237500964663923,123.0,0.00046370801283046603,124.0,0.0007382500043604523,134.0,0.03669637499842793,False,128.0,0.027958916005445644,134.0,0,0
erdos_renyi,50,14,167,50,167,0.1363265306122449,6.68,12,2,2.4774180107523236,0.147011544011544,4,2.236734693877551,1.3535536941475224,14.009885944041663,1.3535536941475224,7.604797438094929,-4.701486391187754,1,89.0,0.00018699999782256782,120.0,0.0006846250034868717,122.0,0.0006837090186309069,124.0,0.03573779098223895,False,119.0,0.031685624999227,124.0,0,0
erdos_renyi,50,15,201,50,201,0.16408163265306122,8.04,13,3,2.6302851556437754,0.15684970584970584,4,2.053061224489796,2.342080113610813,15.89162823854872,2.342080113610813,8.879141270433397,-5.3853663165113215,1,101.0,0.00020083299023099244,135.0,0.0006164579826872796,151.0,0.001274875015951693,151.0,0.03820108299260028,False,146.0,0.030886583001120016,151.0,0,0
erdos_renyi,50,16,197,50,197,0.16081632653061226,7.88,13,3,2.2417850030723283,0.14768387168387168,4,2.0718367346938775,2.307557649096461,15.869334167833214,2.307557649096461,8.580097294805826,-4.914218665144845,1,103.0,0.00020020801457576454,140.0,0.0006065829948056489,143.0,0.0008532089996151626,144.0,0.03644512500613928,False,142.0,0.028511959011666477,144.0,0,0
erdos_renyi,50,17,178,50,178,0.14530612244897959,7.12,12,2,2.303388807822075,0.14036652236652236,4,2.153469387755102,1.7407488823290733,14.479818539110381,1.7407488823290733,7.962057846773589,-4.777386062760095,1,88.0,0.00020679199951700866,120.0,0.00045708398101851344,122.0,0.0007704590098001063,132.0,0.03697058299439959,False,126.0,0.031212917005177587,132.0,0,0
erdos_renyi,50,18,210,50,210,0.17142857142857143,8.4,16,3,3.039736830714133,0.20065079365079364,3,2.0351020408163265,2.2438060464636735,17.805495617849363,2.2438060464636735,9.472995554860201,-4.8076769870672695,1,91.0,0.0002018329978454858,148.0,0.0008663339831400663,137.0,0.0009319999953731894,151.0,0.04334004200063646,False,144.0,0.03098500001942739,151.0,0,0
erdos_renyi,50,19,188,50,188,0.15346938775510205,7.52,15,2,2.4432764886520726,0.18086724386724387,4,2.109387755102041,1.6211348548381375,16.70822431799595,1.6211348548381375,8.308775322873567,-4.86810025260944,1,82.0,0.0001928329875227064,125.0,0.0004706250037997961,135.0,0.0008262920018751174,139.0,0.030616500007454306,False,136.0,0.030874749994836748,139.0,0,0
erdos_renyi,50,20,212,50,212,0.1730612244897959,8.48,13,4,2.183941391154992,0.17217837717837717,3,2.0171428571428573,2.9207083461109957,15.611331903289813,2.9207083461109957,9.068010857286435,-4.98111601601896,1,98.0,0.00020833301823586226,139.0,0.0007618329836986959,146.0,0.0008783749944996089,155.0,0.036727124999742955,False,154.0,0.03161241699126549,155.0,0,0
erdos_renyi,50,21,169,50,169,0.13795918367346938,6.76,15,1,2.796855377026134,0.15651948051948053,4,2.2457142857142856,0.8252648611265629,16.66627010474928,0.8252648611265629,8.035671989073803,-4.933229557285754,1,88.0,0.0002161659940611571,119.0,0.0007585420098621398,123.0,0.0010792910179588944,126.0,0.03641316699213348,False,114.0,0.030896333017153665,126.0,0,0
erdos_renyi,50,22,186,50,186,0.15183673469387754,7.44,14,1,2.757970268150112,0.14601609501609503,4,2.1355102040816325,0.9213172212466201,16.086011973777804,0.9213172212466201,8.497780583245996,-4.853620656058333,1,91.0,0.0001992920006159693,130.0,0.0005855830095242709,134.0,0.0007559160003438592,136.0,0.03598404099466279,False,136.0,0.03128954200656153,136.0,0,1
erdos_renyi,50,23,163,50,163,0.13306122448979593,6.52,13,2,2.351510153071851,0.11138372738372737,4,2.239183673469388,1.5884212231876507,15.022382609854986,1.5884212231876507,7.476534706791062,-4.597005368003251,1,77.0,0.00019454199355095625,113.0,0.0004405830113682896,120.0,0.0007904999947641045,124.0,0.03576595798949711,False,113.0,0.0307114589959383,124.0,0,0
erdos_renyi,50,24,185,50,185,0.1510204081632653,7.4,12,3,1.928730152198591,0.12373593073593073,4,2.140408163265306,1.9567836094981355,14.592492960463911,1.9567836094981355,7.990122414308703,-5.236358586604691,1,82.0,0.0001975000195670873,125.0,0.0005900410178583115,131.0,0.0007532079762313515,142.0,0.031577167013892904,False,131.0,0.0308432919846382,142.0,0,0
erdos_renyi,50,25,190,50,190,0.15510204081632653,7.6,13,4,2.5219040425836985,0.1663910533910534,4,2.1028571428571428,2.147609129473482,15.41850340527145,2.147609129473482,8.495400299546947,-5.103752776543021,1,107.0,0.00020391700672917068,136.0,0.0004874589794781059,134.0,0.0007584580162074417,141.0,0.03722991602262482,False,135.0,0.029460707999533042,141.0,0,0
erdos_renyi,50,26,169,50,169,0.13795918367346938,6.76,11,2,2.0548479262466115,0.11465512265512265,4,2.190204081632653,1.6774736144744555,13.039741958539153,1.6774736144744555,7.348608512703624,-4.579635820671357,1,81.0,0.00019512500148266554,120.0,0.0005405000119935721,126.0,0.0007052920118439943,130.0,0.03211620799265802,False,117.0,0.02994216699153185,130.0,0,0
erdos_renyi,50,27,156,50,156,0.1273469387755102,6.24,12,3,2.371160053644629,0.12242279942279943,4,2.2742857142857145,1.508733519926449,14.397032324992988,1.508733519926449,7.156912814303677,-4.402764790711232,1,79.0,0.0002051659976132214,118.0,0.00069570800405927,117.0,0.0007082499796524644,118.0,0.03987995799980126,False,117.0,0.02968008301104419,118.0,0,0
erdos_renyi,50,28,164,50,164,0.13387755102040816,6.56,12,1,2.662029301115974,0.09941847041847042,5,2.28734693877551,0.8973804411697321,14.687852739156252,0.8973804411697321,7.7020438248605165,-4.970174928496246,1,88.0,0.00019608301226980984,118.0,0.00042570900404825807,118.0,0.0006944170163478702,127.0,0.03215425001690164,False,117.0,0.030772917001741007,127.0,0,0
erdos_renyi,50,29,181,50,181,0.14775510204081632,7.24,14,1,2.702295320648726,0.14361827061827062,4,2.1608163265306124,0.904661617711128,15.798629040823986,0.904661617711128,8.407733536096462,-5.049243222752506,1,89.0,0.00020479201339185238,130.0,0.0004617079976014793,129.0,0.0008116670069284737,134.0,0.03849045900278725,False,129.0,0.029592334001790732,134.0,0,0
erdos_renyi,100,0,732,100,732,0.1478787878787879,14.64,21,8,3.0050623953588715,0.16180732391103908,3,1.948888888888889,6.184356460230303,25.177915664704113,6.184356460230303,15.308518575115936,-7.015934487441881,1,391.0,0.00033029098995029926,468.0,0.001397915999405086,485.0,0.00344287499319762,488.0,0.18323816699557938,False,474.0,0.02951862500049174,488.0,0,0
erdos_renyi,100,1,751,100,751,0.15171717171717172,15.02,24,6,3.80783402999658,0.15711172093935588,3,1.9418181818181819,5.273873065765408,27.219934345777553,5.273873065765408,16.028208434976307,-7.009244665325875,1,384.0,0.0003337909874971956,492.0,0.0025472919805906713,492.0,0.0025302499998360872,500.0,0.1346264159947168,False,493.0,0.03276770800584927,500.0,0,0
erdos_renyi,100,2,816,100,816,0.16484848484848486,16.32,29,7,4.032071427938746,0.17126451400434742,3,1.8903030303030304,6.326262327569323,31.00114119195963,6.326262327569323,17.330914238099872,-6.980833032439216,1,424.0,0.0003447920025791973,525.0,0.0019318330159876496,526.0,0.002638959005707875,539.0,0.13688362500397488,False,535.0,0.031690375006292015,539.0,0,0
erdos_renyi,100,3,691,100,691,0.1395959595959596,13.82,23,7,3.047556398165586,0.13898569686471826,3,1.9763636363636363,5.899741176936133,25.298601829880496,5.899741176936133,14.496760164437443,-6.838904053293229,1,368.0,0.0003345420118421316,449.0,0.001700041990261525,462.0,0.0026341250049881637,468.0,0.15517841698601842,False,450.0,0.030341500008944422,468.0,0,0
erdos_renyi,100,4,732,100,732,0.1478787878787879,14.64,24,7,3.5482953653832148,0.1459931325610421,3,1.9426262626262627,6.008576087859177,26.53140209615371,6.008576087859177,15.506557552173241,-7.086144085853119,1,368.0,0.00031674999627284706,476.0,0.0013911669957451522,479.0,0.0024394590000156313,491.0,0.13463499999488704,False,480.0,0.03321908297948539,491.0,0,0
erdos_renyi,100,5,697,100,697,0.1408080808080808,13.94,26,3,3.5037693988046645,0.14255909463773242,3,1.9723232323232323,2.7689326787085804,27.86917140987536,2.7689326787085804,14.818280579333013,-7.1334487350374935,1,351.0,0.0005147920164745301,464.0,0.0020122920104768127,454.0,0.005104958021547645,482.0,0.17403879199991934,False,460.0,0.03308016699156724,482.0,0,0
erdos_renyi,100,6,766,100,766,0.15474747474747474,15.32,25,4,3.773274440058661,0.16739184921956493,3,1.9296969696969697,3.697839303562943,27.881480089236337,3.697839303562943,16.265061898384538,-7.362373815703036,1,397.0,0.000338415993610397,493.0,0.0018585000070743263,502.0,0.0025438329903408885,509.0,0.1391389160125982,False,479.0,0.032284083019476384,509.0,0,0
erdos_renyi,100,7,751,100,751,0.15171717171717172,15.02,25,7,3.4841928764062415,0.15537207025561448,3,1.936969696969697,6.10385089283595,27.441939462413345,6.10385089283595,15.829449530869734,-7.40770353956559,1,373.0,0.00032729198574088514,469.0,0.0014726670051459223,500.0,0.002525999996578321,504.0,0.13502545800292864,False,493.0,0.031816207978408784,504.0,0,0
erdos_renyi,100,8,721,100,721,0.14565656565656565,14.42,26,7,3.4761472926215307,0.15105489553222087,3,1.9606060606060607,6.010307445846152,28.207577602933537,6.010307445846152,15.271733871304313,-6.696102111114253,1,359.0,0.00031941698398441076,465.0,0.0021536669810302556,477.0,0.0024497499980498105,480.0,0.14023679197998717,False,471.0,0.03405841698986478,480.0,0,0
erdos_renyi,100,9,783,100,783,0.15818181818181817,15.66,29,8,3.7342201327720357,0.1620506465331278,3,1.9113131313131313,6.892726758230389,30.872312019219997,6.892726758230389,16.555106591605146,-7.365739843304859,1,374.0,0.0003315000212751329,506.0,0.0022969999990891665,494.0,0.00324287501280196,515.0,0.13749066699529067,False,509.0,0.03376091699465178,515.0,0,0
erdos_renyi,100,10,752,100,752,0.15191919191919193,15.04,28,6,4.287003615580467,0.1636228555588631,3,1.937171717171717,5.344659161029792,30.223818034586177,5.344659161029792,16.33964773839166,-7.0316703199624335,1,381.0,0.00032979200477711856,494.0,0.0021558330045081675,493.0,0.003569749998860061,498.0,0.13350974998320453,False,487.0,0.03330287500284612,498.0,0,0
erdos_renyi,100,11,697,100,697,0.1408080808080808,13.94,22,7,3.1235236512631053,0.13403562253020457,3,1.975151515151515,5.797999264619186,24.874724418942172,5.797999264619186,14.67860056678473,-6.941058450154587,1,365.0,0.00035099999513477087,465.0,0.0020611659856513143,460.0,0.0024475410173181444,473.0,0.13343979199999012,False,471.0,0.03422379100811668,473.0,0,0
erdos_renyi,100,12,745,100,745,0.1505050505050505,14.9,23,8,3.398529093593286,0.15493635287029417,3,1.9347474747474747,6.453949917596765,26.139484455265798,6.453949917596765,15.76085027562782,-7.144356489301382,1,374.0,0.0006707920110784471,478.0,0.0026302909827791154,501.0,0.0033132079988718033,510.0,0.13288279200787656,False,484.0,0.03428662501391955,510.0,0,0
erdos_renyi,100,13,730,100,730,0.14747474747474748,14.6,25,5,3.57211421989835,0.1444224707883612,3,1.9515151515151514,4.451591094407894,27.718464761577486,4.451591094407894,15.52642219307982,-6.956486201576459,1,369.0,0.0006752909976057708,468.0,0.002712874993449077,485.0,0.003019665979081765,483.0,0.27788387500913814,False,481.0,0.0342440000094939,485.0,0,0
erdos_renyi,100,14,746,100,746,0.1507070707070707,14.92,24,9,3.061633550900565,0.13923683129511638,3,1.9244444444444444,7.176813296164835,26.904685699362624,7.176813296164835,15.574575628818852,-7.193946802565755,1,364.0,0.00032904199906624854,483.0,0.0025454169954173267,493.0,0.0025075420271605253,495.0,0.1328079999948386,False,486.0,0.03314383400720544,495.0,0,0
erdos_renyi,100,15,725,100,725,0.14646464646464646,14.5,26,6,3.670149860700514,0.1547304255667158,3,1.9597979797979799,5.103521695026209,28.00368484932261,5.103521695026209,15.48940179675856,-7.217469929370489,1,382.0,0.00034416699782013893,478.0,0.0021891659998800606,476.0,0.0032397919858340174,487.0,0.15842833300121129,False,478.0,0.03394395898794755,487.0,0,0
erdos_renyi,100,16,776,100,776,0.15676767676767678,15.52,25,8,3.3331066589594758,0.153699220278383,3,1.9183838383838383,6.9504873146936434,27.381546660683526,6.9504873146936434,16.303738656536012,-7.103809460237851,1,389.0,0.00038462498923763633,487.0,0.0034093339927494526,497.0,0.002318792016012594,516.0,0.13507854199269786,False,503.0,0.033162792009534314,516.0,0,0
erdos_renyi,100,17,743,100,743,0.1501010101010101,14.86,24,8,3.6028322192408573,0.15029611129362105,3,1.9444444444444444,6.423145260567728,26.84441024277884,6.423145260567728,15.798003882786952,-7.419242915393661,1,384.0,0.00033166701905429363,489.0,0.002492917003110051,494.0,0.0025172909954562783,499.0,0.15661420798278414,False,488.0,0.03410624997923151,499.0,0,0
erdos_renyi,100,18,805,100,805,0.16262626262626262,16.1,26,8,3.8065732621348563,0.16501949675711283,3,1.8997979797979798,6.750596871294773,28.441878460784384,6.750596871294773,17.033189245119758,-7.1712752742694645,1,411.0,0.00033887499012053013,520.0,0.0019656660151667893,523.0,0.002627667010528967,529.0,0.18457087501883507,False,509.0,0.03288099999190308,529.0,0,0
erdos_renyi,100,19,737,100,737,0.14888888888888888,14.74,27,6,3.6017218104678768,0.15917662904118013,3,1.9517171717171717,5.285618511566848,28.99575016309359,5.285618511566848,15.659641459962643,-7.003451626131199,1,368.0,0.0003209999995306134,476.0,0.0021751250023953617,493.0,0.002892874996177852,492.0,0.13459387500188313,False,477.0,0.034038875019177794,493.0,0,0
erdos_renyi,100,20,754,100,754,0.15232323232323233,15.08,22,7,3.3156598136720845,0.14646583859896553,3,1.9305050505050505,5.888082141066818,25.5753383943076,5.888082141066818,15.815030390148593,-7.331964239897168,1,376.0,0.0003329169994685799,492.0,0.0018654169980436563,508.0,0.0021492910163942724,511.0,0.13522937500965782,False,500.0,0.03423241700511426,511.0,0,0
erdos_renyi,100,21,700,100,700,0.1414141414141414,14.0,27,7,3.331666249791536,0.13539871967271347,3,1.9658585858585857,5.879673818071507,28.861739341951214,5.879673818071507,14.813282438328255,-6.84250784283844,1,368.0,0.0003230829897802323,452.0,0.0017386669933330268,467.0,0.0027882079884875566,470.0,0.15836837500683032,False,460.0,0.033026708028046414,470.0,0,0
erdos_renyi,100,22,768,100,768,0.15515151515151515,15.36,23,9,3.6729279873147527,0.1484324576912745,3,1.9266666666666667,6.855567284188461,26.739236200842395,6.855567284188461,16.280839214428813,-7.226777142373479,1,402.0,0.0003317079972475767,497.0,0.002632042014738545,500.0,0.0024002499994821846,512.0,0.13551820800057612,False,501.0,0.03491912499885075,512.0,0,0
erdos_renyi,100,23,733,100,733,0.1480808080808081,14.66,24,5,3.5950521553935766,0.1523601966750439,3,1.949090909090909,4.5802920040194905,26.770388423535955,4.5802920040194905,15.573633569484137,-7.193370138520902,1,374.0,0.00040512499981559813,472.0,0.0018295839836355299,484.0,0.0029655419930350035,498.0,0.13433295901631936,False,479.0,0.034338500001467764,498.0,0,0
erdos_renyi,100,24,754,100,754,0.15232323232323233,15.08,25,4,3.695077807029238,0.15167461267662508,3,1.9393939393939394,3.66399580851709,27.25848921508988,3.66399580851709,16.01257693564576,-6.986245938124813,1,396.0,0.00036487498437054455,490.0,0.0021925409964751452,484.0,0.0029392919968813658,501.0,0.1358725830214098,False,489.0,0.03304445798858069,501.0,0,0
erdos_renyi,100,25,745,100,745,0.1505050505050505,14.9,24,6,3.357082066318904,0.14361533189817616,3,1.943030303030303,5.131583007449403,26.722224737608357,5.131583007449403,15.677326524998069,-7.020778349036278,1,387.0,0.00032920800731517375,491.0,0.0028723330178763717,486.0,0.002555167011450976,500.0,0.13580508300219662,False,482.0,0.0322335000091698,500.0,0,0
erdos_renyi,100,26,729,100,729,0.14727272727272728,14.58,22,7,3.332206476195615,0.13984424656870476,3,1.9543434343434343,5.785722698888651,25.01448481156549,5.785722698888651,15.357195016818391,-7.114699898179694,1,359.0,0.0003199159982614219,483.0,0.0017390419961884618,491.0,0.0034917090088129044,499.0,0.13343458299641497,False,479.0,0.0322939170000609,499.0,0,0
erdos_renyi,100,27,751,100,751,0.15171717171717172,15.02,24,7,3.611038631751258,0.15676591306272286,3,1.9325252525252525,6.156814304878797,26.704633380413775,6.156814304878797,15.843460312092176,-7.0213511413668845,1,352.0,0.00034554197918623686,485.0,0.001923832984175533,482.0,0.0026912080065812916,496.0,0.15763704202254303,False,492.0,0.03416941699106246,496.0,0,0
erdos_renyi,100,28,794,100,794,0.1604040404040404,15.88,25,7,3.9529229691457433,0.16622639658168667,3,1.9056565656565656,6.3427679856938886,28.19181069513616,6.3427679856938886,16.85548739554939,-6.935547503639871,1,394.0,0.0003398749977350235,521.0,0.003126374998828396,510.0,0.0026188330084551126,523.0,0.13655970798572525,False,513.0,0.032165874989004806,523.0,0,0
erdos_renyi,100,29,746,100,746,0.1507070707070707,14.92,23,8,3.198999843701153,0.14773651886543931,3,1.937979797979798,6.6817189089121864,25.624001000061305,6.6817189089121864,15.667108094010931,-7.082102685544416,1,356.0,0.0003312499902676791,469.0,0.0014530409825965762,494.0,0.0025090830167755485,499.0,0.15595241700066254,False,498.0,0.03166712500387803,499.0,0,0
erdos_renyi,200,0,2934,200,2934,0.14743718592964825,29.34,42,15,4.682349837421378,0.1469145312621697,3,1.8622613065326634,14.10090013173074,45.86325894464875,14.10090013173074,30.093818006054946,-10.15499592524083,1,1518.0,0.0008290830010082573,1790.0,0.00665191700682044,1819.0,0.011226874979911372,1806.0,0.6387474999937695,False,1794.0,0.048717458004830405,1819.0,0,0
erdos_renyi,200,1,2989,200,2989,0.15020100502512562,29.89,46,13,5.101754600135134,0.15411173360786326,3,1.860854271356784,12.111225279651615,48.80155998231237,12.111225279651615,30.80687955528206,-9.73496362888168,1,1500.0,0.0008164999890141189,1809.0,0.01563358400017023,1836.0,0.012789916974725202,1828.0,0.633485833008308,False,1797.0,0.049666833016090095,1836.0,0,0
erdos_renyi,200,2,3137,200,3137,0.15763819095477388,31.37,45,16,5.425228105803479,0.1625115581188453,3,1.8493467336683418,14.790975199991518,48.456818226538324,14.790975199991518,32.33423435963449,-9.94737738953096,1,1533.0,0.0008230840030591935,1891.0,0.007442667003488168,1896.0,0.011627125000813976,1908.0,0.6338067910110112,False,1892.0,0.050377000006847084,1908.0,0,0
erdos_renyi,200,3,2831,200,2831,0.1422613065326633,28.31,43,16,5.244416078077711,0.14320515203951378,3,1.8739195979899497,14.582213197458385,46.60824380192888,14.582213197458385,29.281274763830545,-10.055776573986279,1,1373.0,0.0007650000043213367,1737.0,0.006204750010510907,1757.0,0.012274709006305784,1759.0,0.6391780419799034,False,1750.0,0.04794824999407865,1759.0,0,0
erdos_renyi,200,4,3034,200,3034,0.15246231155778894,30.34,45,17,5.341760009584856,0.1526381919787899,3,1.8550251256281407,15.709566561758116,48.85226484439993,15.709566561758116,31.272596300763624,-10.430140409378076,1,1556.0,0.0008370830037165433,1849.0,0.014390415977686644,1855.0,0.013220291992183775,1865.0,0.7315240419993643,False,1874.0,0.04501379100838676,1865.0,1,0
erdos_renyi,200,5,2944,200,2944,0.1479396984924623,29.44,46,15,5.270332057849865,0.15158062492118082,3,1.8639195979899497,13.902037920538513,48.90448750053508,13.902037920538513,30.385272009008972,-10.13038679981456,1,1449.0,0.0008153329836204648,1788.0,0.007958000001963228,1818.0,0.012513000023318455,1824.0,0.7609181249863468,False,1802.0,0.05086741701234132,1824.0,0,0
erdos_renyi,200,6,2997,200,2997,0.15060301507537688,29.97,47,17,5.3450070158981084,0.15395594059451118,3,1.8580904522613064,15.808862412257115,49.78851465359071,15.808862412257115,30.929638012072964,-10.07957630926433,1,1509.0,0.0008206659986171871,1797.0,0.008445500017842278,1829.0,0.013141208997694775,1836.0,1.2394938330107834,False,1792.0,0.0462063750019297,1836.0,0,0
erdos_renyi,200,7,2971,200,2971,0.1492964824120603,29.71,43,16,5.30621333909597,0.15483430929933278,3,1.8625125628140704,14.488530332032745,47.16826728392242,14.488530332032745,30.661647886648417,-10.540989164036802,1,1488.0,0.0008007080177776515,1775.0,0.008414541982347146,1833.0,0.011562125000637025,1840.0,8.36150749999797,False,1828.0,0.04858462497941218,1840.0,0,0
erdos_renyi,200,8,2912,200,2912,0.14633165829145728,29.12,46,16,4.84413046892835,0.14656846154402609,3,1.8650753768844222,14.815508230391314,48.47766250257331,14.815508230391314,29.93061118609743,-9.822309376755712,1,1467.0,0.0008165000181179494,1774.0,0.007809083996107802,1797.0,0.012311707978369668,1805.0,0.732317833986599,False,1784.0,0.04311762499855831,1805.0,0,0
erdos_renyi,200,9,3042,200,3042,0.1528643216080402,30.42,47,16,5.309764589885319,0.15617891622643318,3,1.8560301507537689,14.784229664775093,49.75081820219387,14.784229664775093,31.370870123555825,-10.334700685584183,1,1539.0,0.0008307909884024411,1876.0,0.01440983300562948,1839.0,0.01154883301933296,1869.0,0.7669324580056127,False,1842.0,0.052661499998066574,1876.0,0,0
erdos_renyi,200,10,3006,200,3006,0.15105527638190955,30.06,46,18,4.9067708322276475,0.15111488009659876,3,1.8587939698492462,16.229193666024177,49.0689266138658,16.229193666024177,30.882408352431916,-10.474765005038927,1,1498.0,0.0008209160005208105,1822.0,0.008518457994796336,1844.0,0.01278137500048615,1860.0,0.7574182079988532,False,1817.0,0.048815792019013315,1860.0,0,0
erdos_renyi,200,11,2916,200,2916,0.1465326633165829,29.16,47,17,5.225361231532228,0.1482049096576956,3,1.8660301507537689,15.66114670434838,49.53516410067834,15.66114670434838,30.11166019275486,-10.135977502293674,1,1464.0,0.0008092909993138164,1786.0,0.007901000004494563,1807.0,0.018197833007434383,1811.0,0.7334803330013528,False,1791.0,0.04637479200027883,1811.0,0,0
erdos_renyi,200,12,2949,200,2949,0.14819095477386934,29.49,41,18,5.002989106524218,0.14953711802176853,3,1.8619095477386935,16.245385677065926,45.27961924244283,16.245385677065926,30.346948490358237,-9.988545548119385,1,1349.0,0.0011438749788794667,1794.0,0.00951270799851045,1811.0,0.011523541994392872,1827.0,0.6619764579809271,False,1795.0,0.045366708014626056,1827.0,0,0
erdos_renyi,200,13,2914,200,2914,0.1464321608040201,29.14,43,17,5.223064234718926,0.14758035344620357,3,1.8658793969849246,14.795143019313448,46.29855533642562,14.795143019313448,30.07853799985857,-9.755062922375,1,1469.0,0.0007935420144349337,1774.0,0.00919404102023691,1784.0,0.015027000015834346,1803.0,0.7396067079971544,False,1776.0,0.052930875011952594,1803.0,0,0
erdos_renyi,200,14,3034,200,3034,0.15246231155778894,30.34,46,19,5.452008804101475,0.15616555741523747,3,1.8548241206030152,17.384889495298975,48.956332779114035,17.384889495298975,31.319613659119742,-9.898342601129507,1,1512.0,0.0008103750005830079,1843.0,0.008709040994290262,1850.0,0.014475083007710055,1861.0,0.6596112920087762,False,1832.0,0.0478131249838043,1861.0,0,0
erdos_renyi,200,15,3007,200,3007,0.15110552763819096,30.07,43,19,4.9401518195294365,0.15185540343661375,3,1.8578391959798994,16.896336886128267,46.12919975515562,16.896336886128267,30.895881204118247,-9.90447318980166,1,1560.0,0.0008586249896325171,1810.0,0.009607166983187199,1847.0,0.012922624999191612,1847.0,0.6444552079774439,False,1837.0,0.045990167011041194,1847.0,0,0
erdos_renyi,200,16,3026,200,3026,0.1520603015075377,30.26,45,19,4.803373814310104,0.15086853309767942,3,1.855175879396985,17.014495275141066,47.83581239175393,17.014495275141066,31.05475693451116,-9.900161012628853,1,1499.0,0.0008367919945158064,1811.0,0.008609750017058104,1847.0,0.012312707985984161,1853.0,0.6281565839890391,False,1824.0,0.04488641701755114,1853.0,0,0
erdos_renyi,200,17,3072,200,3072,0.15437185929648242,30.72,44,17,4.82095426238416,0.15452411694218687,3,1.8516582914572863,15.929176984237994,47.93935842261904,15.929176984237994,31.464375408615865,-9.905910279534176,1,1542.0,0.0008166670158971101,1873.0,0.011642875004326925,1875.0,0.013450625003315508,1890.0,0.640596250013914,False,1869.0,0.05118391601718031,1890.0,0,0
erdos_renyi,200,18,3133,200,3133,0.15743718592964825,31.33,46,12,5.117724103544465,0.15661716789507735,3,1.8492964824120603,11.450416503397467,48.73127838066864,11.450416503397467,32.17359426801861,-10.369022008448063,1,1549.0,0.0008526250021532178,1901.0,0.010523542005103081,1928.0,0.013008917012484744,1934.0,0.7419147499895189,False,1888.0,0.046999874990433455,1934.0,0,0
erdos_renyi,200,19,2997,200,2997,0.15060301507537688,29.97,42,16,5.040743992705839,0.15076258039582607,3,1.8593467336683418,14.844516910429917,46.199004952573866,14.844516910429917,30.823345466097003,-10.238188073957303,1,1502.0,0.000905249995412305,1804.0,0.009511666983598843,1852.0,0.010012625018134713,1859.0,0.7545678330061492,False,1812.0,0.04428358297445811,1859.0,0,0
erdos_renyi,200,20,2954,200,2954,0.14844221105527639,29.54,43,19,5.194073545878996,0.15177928500240667,3,1.8614070351758794,17.127598742039993,46.74696098772075,17.127598742039993,30.464885645207282,-9.66958148296647,1,1460.0,0.0008255830034613609,1801.0,0.012765292020048946,1798.0,0.011461624992080033,1816.0,0.7593541669775732,False,1789.0,0.04236525000305846,1816.0,0,0
erdos_renyi,200,21,2842,200,2842,0.1428140703517588,28.42,49,15,5.138443344048857,0.1438585443383647,3,1.870753768844221,13.723691136222032,51.145986478822564,13.723691136222032,29.369803846551733,-10.158411930211143,1,1447.0,0.0008037920051719993,1731.0,0.006717457988997921,1766.0,0.01209783399826847,1790.0,0.7618991660128813,False,1759.0,0.04938166699139401,1790.0,0,0
erdos_renyi,200,22,2937,200,2937,0.14758793969849246,29.37,43,15,5.22140785612463,0.1475408489408706,3,1.8636683417085427,13.958243736947352,46.264889229657044,13.958243736947352,30.302689388852016,-9.828077423448125,1,1494.0,0.0011942920100409538,1785.0,0.008151666988851503,1811.0,0.11161808299948461,1809.0,0.6328356659796555,False,1772.0,0.04695729201193899,1811.0,0,0
erdos_renyi,200,23,2999,200,2999,0.1507035175879397,29.99,43,16,4.95781201741252,0.14997927128133332,3,1.857788944723618,14.987767025921963,46.38283938112524,14.987767025921963,30.827511816667318,-9.923347475530969,1,1500.0,0.0008409169968217611,1794.0,0.006610958022065461,1846.0,0.012985750014195219,1844.0,0.6265241660003085,False,1840.0,0.0501716670114547,1846.0,0,0
erdos_renyi,200,24,3047,200,3047,0.15311557788944724,30.47,49,18,5.237279828307821,0.1539982020523658,3,1.8547738693467337,16.08978410926648,51.317277403359384,16.08978410926648,31.405274863072123,-9.94434663028923,1,1536.0,0.0009180839988403022,1835.0,0.011475833016447723,1849.0,0.0160300410061609,1872.0,0.6355362079921179,False,1849.0,0.04793850000714883,1872.0,0,0
erdos_renyi,200,25,3031,200,3031,0.15231155778894473,30.31,48,17,4.928884255082482,0.15523518707997078,3,1.8549246231155778,15.674005536490954,50.54026502044093,15.674005536490954,31.128076858567397,-9.813427795470176,1,1505.0,0.000832499994430691,1859.0,0.009581124992109835,1850.0,0.014322083006845787,1862.0,0.6348781249835156,False,1823.0,0.048683916014852,1862.0,0,0
erdos_renyi,200,26,2948,200,2948,0.14814070351758793,29.48,42,16,4.86719631821031,0.14782296484588942,3,1.862110552763819,14.853594446108984,46.10743491207808,14.853594446108984,30.29685527411599,-9.903169373845882,1,1493.0,0.0008100830018520355,1793.0,0.009470042015891522,1812.0,0.012801416014553979,1819.0,0.634011374990223,False,1796.0,0.04462554198107682,1819.0,0,0
erdos_renyi,200,27,2953,200,2953,0.14839195979899497,29.53,40,18,4.753851070448042,0.15001030309179972,3,1.8618090452261307,16.474875164885276,44.641956064926134,16.474875164885276,30.304812306064285,-10.199638019026196,1,1513.0,0.0008204590121749789,1786.0,0.011268417001701891,1827.0,0.015695582987973467,1851.0,0.7757939169823658,False,1829.0,0.05225804200745188,1851.0,0,0
erdos_renyi,200,28,2981,200,2981,0.14979899497487437,29.81,44,20,4.751199848459334,0.15046319334716626,3,1.859748743718593,17.161730757218006,47.090985461570625,17.161730757218006,30.569646935017726,-9.944244429399264,1,1487.0,0.0008168749918695539,1803.0,0.008514209010172635,1800.0,0.012828457984142005,1854.0,0.6433059590053745,False,1800.0,0.044505582976853475,1854.0,0,0
erdos_renyi,200,29,3017,200,3017,0.15160804020100502,30.17,42,17,4.868377553148482,0.1495659279104412,3,1.8558291457286433,15.871723249492453,46.11033062438096,15.871723249492453,30.95748960070305,-9.879597175537166,1,1497.0,0.0008242090116254985,1840.0,0.010121541999978945,1831.0,0.011591209011385217,1852.0,0.6579165830044076,False,1848.0,0.04670508299022913,1852.0,0,0
planted_partition,20,0,31,20,31,0.1631578947368421,3.1,5,1,1.2206555615733703,0.35833333333333334,6,2.8105263157894735,0.2480717228833038,6.74979055618006,0.2480717228833038,3.6348614483541146,-2.6718623664460788,1,16.0,0.00016925000818446279,25.0,0.00017762501374818385,25.0,0.00029275001725181937,25.0,0.11377624998567626,False,25.0,0.03128358398680575,25.0,0,1
planted_partition,20,1,37,20,37,0.19473684210526315,3.7,7,1,1.4866068747318506,0.26,5,2.4947368421052634,0.32780609153604556,8.390588922902353,0.32780609153604556,4.5283305873278215,-2.7903031332553723,1,16.0,0.00016229200991801918,28.0,0.00022050002007745206,29.0,0.00030183300259523094,30.0,0.009655125002609566,False,26.0,0.02900712500559166,30.0,0,0
planted_partition,20,2,35,20,35,0.18421052631578946,3.5,6,1,1.4317821063276353,0.2033333333333333,6,3.0210526315789474,0.11448895409138318,8.079531347222042,0.11448895409138318,4.5558674510893,-3.1006283901582057,1,13.0,0.00015554198762401938,26.0,0.00017312497948296368,29.0,0.00029620900750160217,29.0,0.008380874991416931,False,28.0,0.03068866700050421,29.0,0,0
planted_partition,20,3,34,20,34,0.17894736842105263,3.4,5,1,1.1575836902790226,0.25,5,2.6578947368421053,0.339985004105665,7.221127782962141,0.339985004105665,3.8636411384180214,-2.8675475768812353,1,16.0,0.00016108399722725153,23.0,0.00019058299949392676,27.0,0.0002946660097222775,29.0,0.009486750001087785,False,26.0,0.029605999996419996,29.0,0,0
planted_partition,20,4,46,20,46,0.24210526315789474,4.6,8,1,1.6852299546352718,0.37214285714285716,5,2.2473684210526317,0.4789124480064301,9.426688428517085,0.4789124480064301,5.502551128380847,-3.1324832384448382,1,21.0,0.00016133300960063934,31.0,0.00021287499112077057,35.0,0.0003115000145044178,35.0,0.00946224998915568,False,34.0,0.03032733401050791,35.0,0,0
planted_partition,20,5,35,20,35,0.18421052631578946,3.5,6,1,1.161895003862225,0.4533333333333333,6,2.805263157894737,0.2223130515367595,7.6702558583007985,0.2223130515367595,3.8515136614913006,-2.9837582642489293,1,20.0,0.00015533302212134004,28.0,0.0001700000138953328,27.0,0.00028437498258426785,28.0,0.008773374982411042,False,25.0,0.028325416991719976,28.0,0,0
planted_partition,20,6,36,20,36,0.18947368421052632,3.6,6,2,1.1575836902790226,0.4,6,3.1157894736842104,0.1121711801371834,7.50464675738578,0.1121711801371834,4.252826850623365,-2.9069882519267893,1,22.0,0.00015216699102893472,24.0,0.00017654200200922787,28.0,0.00028112498694099486,29.0,0.012208041996927932,False,27.0,0.030032333015697077,29.0,0,0
planted_partition,20,7,36,20,36,0.18947368421052632,3.6,6,1,1.3928388277184118,0.42833333333333334,5,2.5631578947368423,0.31849776375074723,7.801453906362659,0.31849776375074723,4.2037704497475765,-2.935863029966384,1,18.0,0.00015199999324977398,28.0,0.00018341600662097335,27.0,0.00026158298715017736,28.0,0.03377158398507163,False,28.0,0.029975749988807365,28.0,0,1
planted_partition,20,8,38,20,38,0.2,3.8,8,2,1.4696938456699067,0.5266666666666666,5,2.6789473684210527,0.20234455779364982,9.251220775373774,0.20234455779364982,4.704371139374617,-2.646547659551728,1,25.0,0.0001588340091984719,27.0,0.0001950410078279674,27.0,0.0003009169886354357,29.0,0.012157332996139303,False,26.0,0.030636750016128644,29.0,0,0
planted_partition,20,9,37,20,37,0.19473684210526315,3.7,7,1,1.7349351572897473,0.3142857142857143,4,2.3473684210526318,0.4012080044454366,8.747337046365669,0.4012080044454366,4.595063480668015,-2.9074264293316907,1,18.0,0.0001576659851707518,23.0,0.00016987498383969069,29.0,0.00029366600210778415,30.0,0.009334500005934387,False,28.0,0.030172666010912508,30.0,0,0
planted_partition,20,10,34,20,34,0.17894736842105263,3.4,7,1,1.42828568570857,0.34285714285714286,9,3.778947368421053,0.07047234391835087,8.036305063462901,0.07047234391835087,4.6905625302089575,-2.9302103851519954,1,18.0,0.0001560829987283796,27.0,0.00016562500968575478,26.0,0.0002936249948106706,28.0,0.011488916992675513,False,27.0,0.030063459009397775,28.0,0,0
planted_partition,20,11,28,20,28,0.14736842105263157,2.8,5,1,1.2083045973594573,0.2816666666666666,6,2.8684210526315788,0.24813038609598195,7.191799595396059,0.24813038609598195,3.330740481438754,-2.8895086969502244,1,21.0,0.00015800000983290374,24.0,0.00016200001118704677,24.0,0.0002774579916149378,24.0,0.00996341698919423,False,22.0,0.02752858298481442,24.0,0,0
planted_partition,20,12,44,20,44,0.23157894736842105,4.4,7,1,1.4628738838327795,0.41238095238095235,4,2.2,0.5184681644151049,8.88438886050825,0.5184681644151049,5.02718174545905,-3.0643989535270246,1,22.0,0.00015524998889304698,29.0,0.00017233399557881057,33.0,0.00027179199969395995,35.0,0.008369208022486418,False,33.0,0.02761445799842477,35.0,0,0
planted_partition,20,13,41,20,41,0.21578947368421053,4.1,8,1,1.9467922333931784,0.42404761904761906,4,2.1736842105263157,0.7698027295685368,9.94360709469617,0.7698027295685368,4.942210753918971,-3.0999144437499764,1,21.0,0.00014916597865521908,29.0,0.00017066698637790978,30.0,0.00028995799948461354,32.0,0.008220832998631522,False,29.0,0.029113083000993356,32.0,0,0
planted_partition,20,14,42,20,42,0.22105263157894736,4.2,6,1,1.4352700094407322,0.4616666666666666,5,2.389473684210526,0.4452266325117004,8.38146318083647,0.4452266325117004,4.884563109149883,-2.99732678574369,1,22.0,0.00016495800809934735,30.0,0.00020266702631488442,30.0,0.00030829201568849385,32.0,0.008734957984415814,False,31.0,0.029974374978337437,32.0,0,0
planted_partition,20,15,36,20,36,0.18947368421052632,3.6,6,1,1.392838827718412,0.20666666666666664,5,2.4157894736842107,0.42596245367740043,7.965422305534794,0.42596245367740043,4.255555171804075,-3.006195253783733,1,22.0,0.0001595000212546438,28.0,0.0001702499866951257,28.0,0.00029083300614729524,29.0,0.007874292001361027,False,29.0,0.02852325001731515,29.0,0,1
planted_partition,20,16,38,20,38,0.2,3.8,6,1,1.469693845669907,0.3783333333333333,5,2.357894736842105,0.4666033909369261,8.215288727209467,0.4666033909369261,4.375050157821755,-2.976963801846199,1,16.0,0.0001482499937992543,29.0,0.00016841699834913015,28.0,0.00029720799648202956,30.0,0.008782916003838181,False,26.0,0.029725291999056935,30.0,0,0
planted_partition,20,17,40,20,40,0.21052631578947367,4.0,8,2,1.70293863659264,0.385,5,2.3526315789473684,0.43851124721317253,9.434122225162959,0.43851124721317253,4.7151473139047955,-2.920775712028602,1,22.0,0.00015837501268833876,30.0,0.00020074998610652983,30.0,0.0002999589778482914,31.0,0.009479791013291106,False,26.0,0.03102229200885631,31.0,0,0
planted_partition,20,18,36,20,36,0.18947368421052632,3.6,6,1,1.4628738838327793,0.4033333333333333,5,2.6789473684210527,0.2683384684401631,7.739049628372996,0.2683384684401631,4.276534110247731,-2.961693630432772,1,17.0,0.00015725000412203372,28.0,0.00017274997662752867,30.0,0.000293541990686208,30.0,0.013777334010228515,False,26.0,0.030879041994921863,30.0,0,0
planted_partition,20,19,34,20,34,0.17894736842105263,3.4,5,1,1.1135528725660044,0.315,5,2.5157894736842104,0.44378273182570105,7.120132674215554,0.44378273182570105,3.802507082717659,-2.7697174676094467,1,18.0,0.00015791697660461068,23.0,0.00016795899136923254,27.0,0.0002905839937739074,27.0,0.008479250012896955,False,25.0,0.02854041600949131,27.0,0,0
planted_partition,20,20,31,20,31,0.1631578947368421,3.1,7,1,1.3,0.35547619047619045,7,2.957894736842105,0.2061792902305579,8.356922314705502,0.2061792902305579,3.7344598135832037,-2.827643782457718,1,11.0,0.00015308402362279594,26.0,0.00017949999892152846,25.0,0.00028404101612977684,26.0,0.011130749975563958,False,24.0,0.028797209000913426,26.0,0,0
planted_partition,20,21,36,20,36,0.18947368421052632,3.6,6,1,1.2409673645990857,0.25666666666666665,5,2.526315789473684,0.37682266519235236,7.9961316149088075,0.37682266519235236,4.090382052917265,-3.0933689908125146,1,19.0,0.00018254198948852718,27.0,0.00019458399037830532,27.0,0.00027904199669137597,29.0,0.007807707996107638,False,26.0,0.028447249991586432,29.0,0,0
planted_partition,20,22,41,20,41,0.21578947368421053,4.1,8,2,1.5132745950421556,0.6913095238095238,7,2.9526315789473685,0.13627079961148927,9.192733097389649,0.13627079961148927,5.048771115258148,-2.6644475651270088,1,15.0,0.00015874998643994331,29.0,0.00020362500799819827,30.0,0.00032500000088475645,31.0,0.008605082985013723,False,27.0,0.02864999999292195,31.0,0,0
planted_partition,20,23,28,20,28,0.14736842105263157,2.8,5,1,1.1224972160321824,0.23166666666666663,7,3.2526315789473683,0.14968680959757094,6.488347043616944,0.14968680959757094,3.3027548385546934,-2.777578735598856,1,13.0,0.00015520898159593344,23.0,0.00018158298917114735,24.0,0.00026612498913891613,24.0,0.012142041989136487,False,22.0,0.030841165978927165,24.0,0,0
planted_partition,20,24,36,20,36,0.18947368421052632,3.6,6,1,1.2806248474865698,0.29333333333333333,5,2.4,0.530827086381886,7.803772540043133,0.530827086381886,4.126346035456056,-3.0629445356857117,1,16.0,0.0001751669915392995,28.0,0.00019262498244643211,28.0,0.0002948339970316738,29.0,0.008530291001079604,False,26.0,0.029801666998537257,29.0,0,0
planted_partition,20,25,34,20,34,0.17894736842105263,3.4,7,1,1.42828568570857,0.3861904761904762,7,3.0631578947368423,0.12135893613727275,8.422912819914993,0.12135893613727275,4.045393050265834,-2.9089383950903547,1,15.0,0.0001533330068923533,24.0,0.00017045799177139997,27.0,0.00028574999305419624,28.0,0.10293416699278168,False,27.0,0.030256416997872293,28.0,0,0
planted_partition,20,26,37,20,37,0.19473684210526315,3.7,6,1,1.0535653752852738,0.2033333333333333,4,2.4842105263157896,0.4534995426642118,7.732234835257487,0.4534995426642118,4.25962132492675,-3.110458517122525,1,22.0,0.00016145900008268654,31.0,0.0002772919833660126,31.0,0.0006027919880580157,31.0,0.009584292012732476,False,29.0,0.03092700001434423,31.0,0,0
planted_partition,20,27,34,20,34,0.17894736842105263,3.4,6,1,1.5620499351813308,0.315,5,2.6894736842105265,0.31749618804121843,8.103523117473856,0.31749618804121843,4.432011869579954,-2.73986174724889,1,19.0,0.00014929199824109674,25.0,0.0001634579966776073,27.0,0.0002562500012572855,27.0,0.06465883299824782,False,27.0,0.03050041600363329,27.0,0,1
planted_partition,20,28,34,20,34,0.17894736842105263,3.4,5,1,1.019803902718557,0.49833333333333335,9,3.668421052631579,0.07927123044447146,6.370501952022536,0.07927123044447146,3.7495403477936597,-2.4315776500592134,1,20.0,0.00015016700490377843,24.0,0.0001621670089662075,25.0,0.0002844999835360795,26.0,0.00835083398851566,False,25.0,0.027178249991266057,26.0,0,0
planted_partition,20,29,43,20,43,0.22631578947368422,4.3,7,1,1.4177446878757824,0.3161904761904762,4,2.236842105263158,0.6325031680076144,8.903298015720262,0.6325031680076144,4.945632310673534,-3.2783368906007975,1,23.0,0.00015041700680740178,31.0,0.000169374980032444,34.0,0.00028741700225509703,34.0,0.007461708999471739,False,34.0,0.029503957979613915,34.0,0,1
planted_partition,50,0,245,50,245,0.2,9.8,16,3,2.4,0.36356970806970806,4,2.045714285714286,1.7498848366949433,18.447883371852587,1.7498848366949433,10.401919812582454,-4.669366727147203,1,130.0,0.0002115420065820217,159.0,0.0005770419957116246,162.0,0.0013114589964970946,165.0,0.038069500005804,False,150.0,0.030942457990022376,165.0,0,0
planted_partition,50,1,232,50,232,0.1893877551020408,9.28,15,5,2.1821090715177367,0.37232889332889335,4,2.122448979591837,1.6017649387802273,16.786292168991835,1.6017649387802273,9.815091803505746,-4.476405721736327,1,115.0,0.00020425001275725663,156.0,0.0006538750021718442,152.0,0.0009104589989874512,160.0,0.0361903749871999,False,149.0,0.028994584019528702,160.0,0,0
planted_partition,50,2,249,50,249,0.20326530612244897,9.96,16,4,2.1905250512148906,0.3854323454323454,4,2.08,1.5873283395083702,17.729698901784577,1.5873283395083702,10.744603598959339,-5.001448773954602,1,120.0,0.00020325000514276326,168.0,0.0006828329933341593,161.0,0.0009301249810960144,173.0,0.03815308300545439,False,171.0,0.029609875025926158,173.0,0,0
planted_partition,50,3,241,50,241,0.19673469387755102,9.64,16,5,2.3559286916203552,0.3770182595182595,4,2.088979591836735,1.6519896965876375,17.740694883273196,1.6519896965876375,10.266226452911804,-4.750168103121639,1,120.0,0.0002060839906334877,161.0,0.0009458749846089631,158.0,0.0011281250044703484,167.0,0.03891066598589532,False,158.0,0.031783250014996156,167.0,0,0
planted_partition,50,4,245,50,245,0.2,9.8,14,5,2.08806130178211,0.36394605394605395,4,2.0742857142857143,1.7057754847400215,16.655073095445882,1.7057754847400215,10.271495727513326,-5.283475587384158,1,133.0,0.00020454201148822904,165.0,0.000558832980459556,172.0,0.0009263340034522116,172.0,0.03728241700446233,False,173.0,0.03134695900371298,172.0,1,0
planted_partition,50,5,242,50,242,0.19755102040816327,9.68,14,4,2.318965286501719,0.3700927960927961,4,2.1020408163265305,1.2098205032599647,16.763325129940007,1.2098205032599647,10.279188263753861,-4.896943171568178,1,132.0,0.00021641698549501598,164.0,0.0009801670094020665,164.0,0.0010409170063212514,167.0,0.05099070802680217,False,162.0,0.02519225000287406,167.0,0,0
planted_partition,50,6,238,50,238,0.19428571428571428,9.52,14,5,2.193080025899648,0.3785914085914086,4,2.1175510204081633,1.3173977740895992,17.0009944063459,1.3173977740895992,10.045314053936142,-4.957158320403728,1,117.0,0.00021641599596478045,153.0,0.0005709170072805136,161.0,0.000962083984632045,162.0,0.03958295800839551,False,157.0,0.028686875011771917,162.0,0,0
planted_partition,50,7,245,50,245,0.2,9.8,16,5,2.6381811916545836,0.3690627150627151,4,2.0506122448979593,1.7749719144621199,17.98396045205743,1.7749719144621199,11.032594526499938,-4.715589558348076,1,118.0,0.00020541698904708028,162.0,0.0006911250238772482,164.0,0.0009558339952491224,165.0,0.058859665994532406,False,166.0,0.02697108400752768,165.0,1,0
planted_partition,50,8,229,50,229,0.18693877551020407,9.16,14,3,2.4113066996962456,0.3416974136974137,4,2.1330612244897957,1.4663937626342656,16.57984567967017,1.4663937626342656,9.984837827662949,-4.9177547109713045,1,110.0,0.0002057919919025153,158.0,0.0008898339874576777,159.0,0.0007866669911891222,164.0,0.05227370900684036,False,151.0,0.025531416991725564,164.0,0,0
planted_partition,50,9,234,50,234,0.1910204081632653,9.36,16,5,2.2606193841511666,0.3936359751359751,4,2.1314285714285712,1.4339257545074793,17.66406131127779,1.4339257545074793,10.002930751130997,-4.6618481731398544,1,121.0,0.0002013749908655882,154.0,0.0005231249961070716,156.0,0.0010334580147173256,158.0,0.03974416700657457,False,152.0,0.025608124997233972,158.0,0,0
planted_partition,50,10,219,50,219,0.17877551020408164,8.76,14,4,2.168501786948768,0.38153091353091356,4,2.246530612244898,0.7847919921515754,15.97090755872395,0.7847919921515754,9.308298530695353,-4.5881555109833085,1,88.0,0.0002014170167967677,140.0,0.000776083004893735,151.0,0.0013680830015800893,152.0,0.03875004101428203,False,146.0,0.031054916995344684,152.0,0,0
planted_partition,50,11,230,50,230,0.18775510204081633,9.2,15,5,2.3065125189341593,0.3381867021867022,4,2.1175510204081633,1.5343538852507643,17.11294621864443,1.5343538852507643,9.85072584650106,-4.864190074154289,1,113.0,0.00019879100727848709,146.0,0.0005310830019880086,156.0,0.0009055419941432774,161.0,0.04945445799967274,False,156.0,0.02870129098300822,161.0,0,0
planted_partition,50,12,247,50,247,0.2016326530612245,9.88,14,6,2.2058105086339577,0.370038406038406,4,2.0514285714285716,1.7503938803859014,16.754678064113232,1.7503938803859014,10.380598291611332,-4.847779528027036,1,123.0,0.00021004199516028166,165.0,0.000763707997975871,168.0,0.0009872080117929727,170.0,0.03900370799237862,False,164.0,0.025541000009980053,170.0,0,0
planted_partition,50,13,241,50,241,0.19673469387755102,9.64,15,4,2.7695486996982015,0.375014763014763,4,2.0995918367346937,1.6139417755051708,17.258373040722898,1.6139417755051708,10.686142930518871,-4.648723866443226,1,107.0,0.00019679201068356633,158.0,0.0006510000093840063,155.0,0.0007900000200606883,165.0,0.03906087501673028,False,163.0,0.023981875012395903,165.0,0,0
planted_partition,50,14,229,50,229,0.18693877551020407,9.16,13,4,2.185040045399626,0.35025263625263625,4,2.1248979591836736,1.667414993057932,15.697001633648862,1.667414993057932,9.743514875938663,-4.798998163914547,1,111.0,0.00020283300545997918,151.0,0.0005359159840736538,152.0,0.0007848330133128911,157.0,0.0512032920087222,False,156.0,0.026946500001940876,157.0,0,0
planted_partition,50,15,233,50,233,0.19020408163265307,9.32,14,4,2.1488601629701267,0.3283513153513154,4,2.103673469387755,1.8624180182718881,15.877992410932325,1.8624180182718881,10.181900800676274,-4.800552851003418,1,125.0,0.00021858297986909747,156.0,0.0005442079855129123,159.0,0.0009431249927729368,162.0,0.04284708300838247,False,160.0,0.02810804100590758,162.0,0,0
planted_partition,50,16,248,50,248,0.20244897959183675,9.92,17,6,2.4886944368483648,0.40610421604539254,4,2.116734693877551,1.3184798153257298,18.416496722058202,1.3184798153257298,11.302145924796722,-4.513011233340375,1,118.0,0.00020883299293927848,163.0,0.0007006670057307929,156.0,0.0012040000001434237,170.0,0.039013292000163347,False,160.0,0.02730287500889972,170.0,0,0
planted_partition,50,17,231,50,231,0.18857142857142858,9.24,13,5,1.985547783358537,0.3241335331335331,4,2.0514285714285716,1.9688209973762691,15.361466333191803,1.9688209973762691,9.628525136110046,-4.873934785270011,1,114.0,0.00021374999778345227,150.0,0.0007819590100552887,156.0,0.001051749975886196,164.0,0.044074416015064344,False,154.0,0.03035112502402626,164.0,0,0
planted_partition,50,18,261,50,261,0.21306122448979592,10.44,14,5,2.0411761315476915,0.35613186813186815,3,1.9730612244897958,2.5909024031845758,16.70597648433744,2.5909024031845758,10.84587549553017,-4.867165724294117,1,123.0,0.00020241699530743062,164.0,0.0005806669942103326,175.0,0.0009635840251576155,177.0,0.037763250002171844,False,172.0,0.027155916002811864,177.0,0,0
planted_partition,50,19,245,50,245,0.2,9.8,17,5,2.537715508089904,0.3665524442877384,4,2.045714285714286,1.8015652772459188,18.7253149450274,1.8015652772459188,10.679280852435529,-4.7353675791780665,1,107.0,0.00019537500338628888,157.0,0.0005477080121636391,162.0,0.000956625008257106,166.0,0.050852499989559874,False,156.0,0.027099416009150445,166.0,0,0
planted_partition,50,20,219,50,219,0.17877551020408164,8.76,16,4,2.4458945193936716,0.3772272727272727,4,2.1951020408163266,1.1696607748113703,17.75348992014907,1.1696607748113703,9.480626884257916,-4.517512774430072,1,112.0,0.0002047909947577864,145.0,0.0007390830141957849,145.0,0.0007873330032452941,151.0,0.05582312500337139,False,148.0,0.02902883299975656,151.0,0,0
planted_partition,50,21,239,50,239,0.19510204081632654,9.56,14,6,2.0313542280951395,0.32026506826506823,4,2.057959183673469,1.9708971861748075,16.838657852033478,1.9708971861748075,10.050049388263577,-5.278326680965835,1,139.0,0.0002172499953303486,164.0,0.0005501659761648625,163.0,0.001188666996313259,166.0,0.03944283301825635,False,164.0,0.026825958979316056,166.0,0,0
planted_partition,50,22,249,50,249,0.20326530612244897,9.96,15,5,2.52950588060198,0.35566355866355864,4,2.0375510204081633,1.7908569032151385,17.334693814023204,1.7908569032151385,10.845504348961526,-4.7149468475599985,1,118.0,0.00021208298858255148,161.0,0.0005743750080000609,164.0,0.0010835000139195472,172.0,0.05203866702504456,False,162.0,0.02825775000383146,172.0,0,0
planted_partition,50,23,233,50,233,0.19020408163265307,9.32,15,5,2.436719105682885,0.33243811743811746,4,2.0979591836734692,1.845014527358779,17.12797247899983,1.845014527358779,10.090298392855708,-4.802831941594043,1,105.0,0.00019725001766346395,154.0,0.0005291250126902014,156.0,0.0009245839901268482,162.0,0.03884045800077729,False,152.0,0.027039334003347903,162.0,0,0
planted_partition,50,24,241,50,241,0.19673469387755102,9.64,16,6,2.1611108254784157,0.32658114108114106,3,2.045714285714286,2.0509088007653946,17.728579098223744,2.0509088007653946,10.274796221182212,-4.912453667365138,1,122.0,0.00020050001330673695,158.0,0.0005479170067701489,166.0,0.0009480419976171106,168.0,0.038174582994543016,False,159.0,0.031031041988171637,168.0,0,0
planted_partition,50,25,230,50,230,0.18775510204081633,9.2,14,5,2.2,0.3749005439005439,4,2.1314285714285712,1.656829666520377,15.90613807186873,1.656829666520377,9.924020648471442,-4.581139899784521,1,118.0,0.0002500420087017119,156.0,0.0006708750152029097,149.0,0.0009293750044889748,159.0,0.05151691701030359,False,150.0,0.026636291993781924,159.0,0,0
planted_partition,50,26,242,50,242,0.19755102040816327,9.68,16,5,2.2842066456430774,0.3555429015429016,4,2.057142857142857,1.955770553924438,17.72157268615797,1.955770553924438,10.253338807792806,-4.946046094468425,1,128.0,0.00025795798865146935,160.0,0.0008365839894395322,167.0,0.0010230419866275042,171.0,0.05118483299156651,False,158.0,0.035380333982175216,171.0,0,0
planted_partition,50,27,237,50,237,0.19346938775510203,9.48,17,3,2.692508124407427,0.39369572584278467,4,2.1314285714285712,1.3416549600623349,18.69615392068462,1.3416549600623349,10.82416008154188,-4.668624593866532,1,114.0,0.0002026250003837049,155.0,0.0005423330003395677,159.0,0.0010207500017713755,162.0,0.05134179099695757,False,151.0,0.025923334003891796,162.0,0,0
planted_partition,50,28,253,50,253,0.20653061224489797,10.12,15,6,2.312055362658948,0.3944820734820735,4,2.0261224489795917,1.9094528216616231,17.417567399690313,1.9094528216616231,10.634680827497345,-4.575688749456209,1,126.0,0.00020620800205506384,164.0,0.0005724579968955368,162.0,0.0009640420030336827,169.0,0.03921658298349939,False,163.0,0.02553083299426362,169.0,0,0
planted_partition,50,29,252,50,252,0.2057142857142857,10.08,15,7,2.0769207977195467,0.3701478521478521,3,2.036734693877551,2.095141021549134,16.950558412256232,2.095141021549134,10.531131472880038,-4.978205597278372,1,132.0,0.00020379101624712348,172.0,0.000556667015189305,170.0,0.0009315420174971223,173.0,0.04496966698206961,False,164.0,0.029217458999482915,173.0,0,0
planted_partition,100,0,942,100,942,0.1903030303030303,18.84,26,11,3.164553681010957,0.3495725384903606,3,1.9395959595959595,3.787268286042016,28.81471613855708,3.787268286042016,19.448974383413606,-6.801164204141431,1,492.0,0.0005941670096945018,595.0,0.0029319580062292516,577.0,0.0032692920067347586,595.0,0.1693045000138227,False,592.0,0.0298898330074735,595.0,0,0
planted_partition,100,1,988,100,988,0.1995959595959596,19.76,26,12,3.215960198758685,0.3568359304244013,3,1.8933333333333333,4.5200021469836,29.67725983845965,4.5200021469836,20.3698543908504,-6.797015109426729,1,453.0,0.000451375002739951,604.0,0.0035275419941172004,620.0,0.003145458991639316,616.0,0.14543591599795036,False,608.0,0.0325970420090016,620.0,0,0
planted_partition,100,2,996,100,996,0.2012121212121212,19.92,29,13,3.497656358191868,0.36932070362788544,3,1.8911111111111112,4.635349359972911,31.460346213036797,4.635349359972911,20.643963547270417,-6.706420023548547,1,502.0,0.00036866700975224376,604.0,0.004127624997636303,605.0,0.003712291974807158,621.0,0.2987522080074996,False,605.0,0.03419500001473352,621.0,0,0
planted_partition,100,3,977,100,977,0.19737373737373737,19.54,29,11,3.424675167077894,0.35864688716626625,3,1.9052525252525252,4.637276360324431,31.260944593945524,4.637276360324431,20.194081871366627,-6.71398846276456,1,503.0,0.0003779580001719296,595.0,0.0032098749943543226,598.0,0.0035695410042535514,612.0,0.16921287498553284,False,602.0,0.029957042017485946,612.0,0,0
planted_partition,100,4,998,100,998,0.2016161616161616,19.96,30,12,3.5522387307161662,0.37242967671244764,3,1.8965656565656566,4.12849265713628,32.25944731273914,4.12849265713628,20.73689238122924,-6.823829807480692,1,505.0,0.00039383300463669,615.0,0.0023796669847797602,617.0,0.003540375008014962,625.0,0.19740145897958428,False,612.0,0.0318875829980243,625.0,0,0
planted_partition,100,5,976,100,976,0.19717171717171716,19.52,28,10,3.17011040817193,0.3484916527149533,3,1.9008080808080807,4.6439176945151175,30.26276915328884,4.6439176945151175,20.024113133119762,-6.980922035970037,1,522.0,0.00038212499930523336,597.0,0.0022659999958705157,608.0,0.003449707990512252,615.0,0.1667782080185134,False,602.0,0.0316007919900585,615.0,0,0
planted_partition,100,6,970,100,970,0.19595959595959597,19.4,27,11,3.234192325759246,0.3622266107974077,3,1.9131313131313132,4.253260764987136,29.755914383989378,4.253260764987136,20.020272543261605,-6.996754188278713,1,492.0,0.00036870798794552684,610.0,0.004157165996730328,612.0,0.003975166997406632,614.0,0.19776245899265632,False,605.0,0.03254041701438837,614.0,0,0
planted_partition,100,7,964,100,964,0.19474747474747475,19.28,26,11,3.1243559336285616,0.36767360443433267,3,1.928080808080808,4.068691664317458,29.04973987342239,4.068691664317458,19.81497799568748,-6.75080704870989,1,477.0,0.00036445900332182646,599.0,0.0022543329978361726,594.0,0.002933209005277604,603.0,0.22061283298535272,False,594.0,0.02964179200353101,603.0,0,0
planted_partition,100,8,969,100,969,0.19575757575757577,19.38,28,14,2.982549245192777,0.3534482910365735,3,1.914949494949495,4.329397566039113,30.392539576629545,4.329397566039113,19.845449294490894,-6.903769586548246,1,477.0,0.00038979100645519793,572.0,0.0024605840153526515,591.0,0.003645916993264109,611.0,0.16750045798835345,False,588.0,0.03585970899439417,611.0,0,0
planted_partition,100,9,993,100,993,0.2006060606060606,19.86,28,11,3.085514543799786,0.368937324955995,3,1.899191919191919,4.469992352215261,30.040992629716392,4.469992352215261,20.331548067196966,-6.920278056913492,1,486.0,0.0003639159840531647,595.0,0.002773540996713564,612.0,0.0038952920003794134,622.0,0.18869695899775252,False,596.0,0.03398716601077467,622.0,0,0
planted_partition,100,10,980,100,980,0.19797979797979798,19.6,26,12,3.003331483536241,0.39035470510629344,3,1.9323232323232322,3.9579922064307977,29.270643011408698,3.9579922064307977,20.071104537862656,-6.635654435346064,1,469.0,0.0003770829935092479,601.0,0.002303167013451457,606.0,0.003599209012463689,614.0,0.16943995899055153,False,606.0,0.029242249991511926,614.0,0,0
planted_partition,100,11,969,100,969,0.19575757575757577,19.38,28,9,3.2581589893680754,0.37080831051436114,3,1.931111111111111,3.7344974744687303,30.414589609797616,3.7344974744687303,20.006505258234075,-6.614573402147784,1,479.0,0.00037291599437594414,587.0,0.0022882919874973595,586.0,0.0031580829818267375,604.0,0.16557204100536183,False,588.0,0.03012187499552965,604.0,0,0
planted_partition,100,12,951,100,951,0.1921212121212121,19.02,29,9,3.5971655508191445,0.36644547961198737,3,1.9387878787878787,3.7788525557111887,31.201143787352716,3.7788525557111887,19.791301518965437,-6.791516378314611,1,479.0,0.0003636250039562583,588.0,0.004100124991964549,586.0,0.002905041998019442,597.0,0.1689965840196237,False,588.0,0.02938133300631307,597.0,0,0
planted_partition,100,13,972,100,972,0.19636363636363635,19.44,27,12,3.281219285570533,0.36746013649731507,3,1.9359595959595959,3.9363246577122277,30.13780494630991,3.9363246577122277,20.06290472626451,-7.506647466259533,1,493.0,0.0003725829883478582,610.0,0.0022556670010089874,628.0,0.0034265829890500754,621.0,0.7477817079925444,False,591.0,0.23526529199443758,628.0,0,0
planted_partition,100,14,934,100,934,0.18868686868686868,18.68,26,10,3.692912130013386,0.3563853902666933,3,1.9446464646464647,4.0320204072959775,28.906523420266794,4.0320204072959775,19.400496919505386,-6.830181063302971,1,466.0,0.0004525829863268882,585.0,0.0028364169993437827,585.0,0.060351166990585625,595.0,0.15224587501143105,False,589.0,0.03324908300419338,595.0,0,0
planted_partition,100,15,1006,100,1006,0.20323232323232324,20.12,29,13,3.2039975031201258,0.3945394688119891,3,1.9072727272727272,3.890409086282137,31.160083082182886,3.890409086282137,20.70252317897043,-6.545417415508786,1,502.0,0.00038941699312999845,601.0,0.002322459011338651,617.0,0.004087957990122959,626.0,0.16761591599788517,False,620.0,0.031344624992925674,626.0,0,0
planted_partition,100,16,1007,100,1007,0.20343434343434344,20.14,31,11,3.5525202321732103,0.38137134435311987,3,1.8993939393939394,4.242877248900785,33.502632177110826,4.242877248900785,21.040315003223682,-6.746853233700703,1,495.0,0.00037299998803064227,607.0,0.0024383330019190907,612.0,0.004736667004181072,628.0,0.16704800000297837,False,617.0,0.03142079198732972,628.0,0,0
planted_partition,100,17,966,100,966,0.19515151515151516,19.32,29,10,3.9009742372899616,0.3689062154458769,3,1.917171717171717,3.991028215202295,31.55122184255113,3.991028215202295,20.17292596390064,-6.7315405356780085,1,491.0,0.00036983401514589787,586.0,0.002238333021523431,586.0,0.0029664159810636193,606.0,0.16878199999337085,False,599.0,0.027819625014672056,606.0,0,0
planted_partition,100,18,1009,100,1009,0.20383838383838385,20.18,28,13,3.491074333210337,0.384424054043801,3,1.9044444444444444,4.331286251631108,31.086343775273797,4.331286251631108,20.76613804757657,-6.7950004889924935,1,489.0,0.00037012502434663475,617.0,0.003374666004674509,629.0,0.0031190419977065176,634.0,0.17025266698328778,False,616.0,0.03228937499807216,634.0,0,0
planted_partition,100,19,940,100,940,0.1898989898989899,18.8,27,12,3.249615361854384,0.346466571300304,3,1.9343434343434343,3.8188199651160293,29.62214613823558,3.8188199651160293,19.376759674924365,-7.137607653374889,1,450.0,0.0003598329785745591,583.0,0.002195957989897579,589.0,0.003365542012033984,608.0,0.31874650000827387,False,577.0,0.03118666700902395,608.0,0,0
planted_partition,100,20,988,100,988,0.1995959595959596,19.76,26,13,3.2128492028104896,0.37883982604494115,3,1.9115151515151516,3.725189293106748,29.93476582324627,3.725189293106748,20.484613371473287,-7.047051368145747,1,486.0,0.00036949999048374593,604.0,0.003379250003490597,614.0,0.004051166994031519,621.0,0.16900658400845714,False,603.0,0.03485812500002794,621.0,0,0
planted_partition,100,21,950,100,950,0.1919191919191919,19.0,26,8,3.2649655434629015,0.35797764598064774,3,1.9456565656565656,3.712565709260012,29.09056082319557,3.712565709260012,19.637882513203344,-6.674725415798826,1,483.0,0.0003657919878605753,586.0,0.0026583329890854657,584.0,0.002896082994993776,597.0,0.1444555830094032,False,574.0,0.029309417004697025,597.0,0,0
planted_partition,100,22,968,100,968,0.19555555555555557,19.36,29,11,3.3867978977199096,0.36832480796442646,3,1.9292929292929293,4.003190347362828,31.41912937912778,4.003190347362828,20.01023760724699,-7.022278552299528,1,482.0,0.0003742080007214099,597.0,0.0022701249981764704,595.0,0.0036631670081987977,612.0,0.14426608401117846,False,585.0,0.029147292021661997,612.0,0,0
planted_partition,100,23,962,100,962,0.19434343434343435,19.24,29,10,3.2407406560846552,0.3520668115524647,3,1.9177777777777778,4.346976929205467,31.186879230473487,4.346976929205467,19.778604356913824,-7.144643683190781,1,485.0,0.00038095901254564524,592.0,0.0019604160042945296,590.0,0.00352362499688752,606.0,0.14152825000928715,False,604.0,0.0361011250060983,606.0,0,0
planted_partition,100,24,934,100,934,0.18868686868686868,18.68,26,10,3.563369192211214,0.35807134938766383,3,1.9448484848484848,3.781610472605875,29.27967093691066,3.781610472605875,19.392821919165414,-7.097563306661257,1,455.0,0.00036641600308939815,569.0,0.0026979169924743474,565.0,0.003000166005222127,593.0,0.19329079100862145,False,577.0,0.03245062500354834,593.0,0,0
planted_partition,100,25,992,100,992,0.20040404040404042,19.84,30,13,3.1167932238119356,0.40827101071452193,3,1.9319191919191918,3.5745728764042335,31.855457948913106,3.5745728764042335,20.351545784148172,-6.725908649080816,1,513.0,0.00037445800262503326,612.0,0.003318833012599498,599.0,0.00462158297887072,623.0,0.173397374979686,False,604.0,0.03161974999238737,623.0,0,0
planted_partition,100,26,961,100,961,0.19414141414141414,19.22,27,10,3.57653463564943,0.34782884983529755,3,1.9004040404040403,4.271470105547299,29.563762345920942,4.271470105547299,19.87881190141009,-6.700926677086076,1,488.0,0.00036800000816583633,597.0,0.0022402080066967756,601.0,0.0043203750101383775,606.0,0.16781724998145364,False,591.0,0.030500833003316075,606.0,0,0
planted_partition,100,27,991,100,991,0.20020202020202021,19.82,29,11,3.359702367770098,0.37534389700644105,3,1.9008080808080807,4.2655762208306705,31.369914958098487,4.2655762208306705,20.417375256517737,-6.531975043719927,1,512.0,0.0003989999822806567,598.0,0.00230395799735561,605.0,0.0030167080112732947,617.0,0.2199360000086017,False,592.0,0.0288114580034744,617.0,0,0
planted_partition,100,28,1019,100,1019,0.20585858585858585,20.38,29,13,3.414029876846423,0.36693758617803207,3,1.878787878787879,4.65006757710582,31.763960517701996,4.65006757710582,21.191723715534692,-6.727855535855257,1,512.0,0.00038145799771882594,621.0,0.0043866250198334455,625.0,0.004035540972836316,628.0,0.2344146660179831,False,626.0,0.03080233299988322,628.0,0,0
planted_partition,100,29,991,100,991,0.20020202020202021,19.82,29,13,3.4040564037630165,0.36604619288762374,3,1.898989898989899,4.414828953642739,31.37402532924373,4.414828953642739,20.393162267064433,-6.829645877448385,1,499.0,0.0003827500040642917,598.0,0.0018180420156568289,612.0,0.0030232499993871897,627.0,0.226323874987429,False,600.0,0.031361375004053116,627.0,0,0
planted_partition,200,0,3946,200,3946,0.19829145728643216,39.46,55,29,4.571476785460033,0.36142533056303316,3,1.8228643216080402,9.316636313716831,57.422175747901825,9.316636313716831,40.015860158330305,-9.908169462493042,1,1957.0,0.001149209012510255,2286.0,0.01272158298525028,2290.0,0.0161759170005098,2319.0,0.8097357090155128,False,2286.0,0.04971504199784249,2319.0,0,0
planted_partition,200,1,3966,200,3966,0.1992964824120603,39.66,50,29,4.310962769498247,0.367313302216024,3,1.8190954773869348,9.127405495020442,53.7030165147698,9.127405495020442,40.134726546748595,-9.606800196501442,1,1971.0,0.001173916010884568,2291.0,0.010731166024925187,2309.0,0.020571375003783032,2321.0,1.391060916997958,False,2307.0,0.055181375006213784,2321.0,0,0
planted_partition,200,2,3930,200,3930,0.19748743718592965,39.3,49,29,4.064480286580316,0.36837499587970507,3,1.8216582914572865,8.572614939367519,53.18739734277432,8.572614939367519,39.734988290674146,-9.868152536174975,1,2008.0,0.0010531669831834733,2292.0,0.01088995797908865,2306.0,0.015573667013086379,2299.0,0.796886625001207,False,2285.0,0.05759737498010509,2306.0,0,0
planted_partition,200,3,3899,200,3899,0.19592964824120604,38.99,54,27,5.108806122764887,0.35909901863909055,3,1.8230150753768843,9.406689473709536,56.48249959909611,9.406689473709536,39.65681080762353,-9.726578037016644,1,1969.0,0.000982999976258725,2261.0,0.0108342079911381,2309.0,0.030930709006497636,2292.0,0.9901998339919373,False,2270.0,0.052017042005900294,2309.0,0,0
planted_partition,200,4,3955,200,3955,0.19874371859296483,39.55,55,29,4.461782155148322,0.3685469560442858,3,1.82,9.282751587299344,57.37433053765893,9.282751587299344,40.06297068687542,-9.888069187934438,1,1962.0,0.001006167003652081,2272.0,0.010884291987167671,2325.0,0.01775487497798167,2325.0,0.999251415982144,False,2279.0,0.05433579199598171,2325.0,0,0
planted_partition,200,5,3970,200,3970,0.19949748743718593,39.7,50,26,4.836320915737499,0.3634778164255338,3,1.8173869346733669,9.599566168204486,53.87041358475567,9.599566168204486,40.30891501542855,-10.093999426542528,1,1995.0,0.0009992079867515713,2305.0,0.009132791979936883,2345.0,0.013904583000112325,2337.0,0.9096559160097968,False,2300.0,0.06003633301588707,2345.0,0,0
planted_partition,200,6,4006,200,4006,0.20130653266331658,40.06,54,27,4.949383800030061,0.371019933642831,3,1.8173869346733669,9.485141912670995,56.90535912237592,9.485141912670995,40.69199941824351,-9.44532891538566,1,2011.0,0.0014407920243684202,2303.0,0.012757915974361822,2327.0,0.012100166990421712,2334.0,0.7871100420015864,False,2319.0,0.052030625025508925,2334.0,0,0
planted_partition,200,7,3932,200,3932,0.19758793969849245,39.32,51,28,4.602999022376608,0.37306142804939346,3,1.8239195979899498,8.562988132503992,54.36463078749236,8.562988132503992,39.90063152897078,-9.545124490153015,1,1964.0,0.000984583020908758,2296.0,0.01667533299769275,2264.0,0.017522583017125726,2310.0,7.814548666996416,False,2296.0,0.054664374998537824,2310.0,0,0
planted_partition,200,8,3907,200,3907,0.1963316582914573,39.07,53,27,5.143452148119977,0.373730461782499,3,1.8292964824120603,8.552653258520612,55.569653853203405,8.552653258520612,39.782140981758104,-9.657045954576777,1,1951.0,0.0009987079829443246,2281.0,0.016666041978169233,2272.0,0.015517457999521866,2302.0,0.8102884999825619,False,2266.0,0.0525839579931926,2302.0,0,0
planted_partition,200,9,4020,200,4020,0.2020100502512563,40.2,52,29,4.82078831727758,0.3742717619637461,3,1.813819095477387,9.309893479616106,55.082163581622204,9.309893479616106,40.794290068942956,-9.510078602126748,1,2013.0,0.0010229580220766366,2335.0,0.015053250011987984,2322.0,0.015948208019835874,2342.0,1.32334966599592,False,2339.0,0.05995912500657141,2342.0,0,0
planted_partition,200,10,3944,200,3944,0.19819095477386936,39.44,51,27,4.898612048325526,0.37207179289944114,3,1.8250251256281407,8.661056904436533,54.379886586949006,8.661056904436533,40.13711176871034,-9.546834768196867,1,1963.0,0.0010084169916808605,2293.0,0.01662633300293237,2288.0,0.015581166982883587,2313.0,12.057710083026905,False,2289.0,0.050841207994380966,2313.0,0,0
planted_partition,200,11,3973,200,3973,0.19964824120603014,39.73,54,26,4.659087893568869,0.3641477083701033,3,1.8148241206030151,9.399908764703948,56.417842610084,9.399908764703948,40.2730500371403,-9.56532669239175,1,1995.0,0.0010082499939016998,2293.0,0.010541750001721084,2310.0,0.015714499983005226,2320.0,0.8886306249769405,False,2298.0,0.06082216600771062,2320.0,0,0
planted_partition,200,12,3968,200,3968,0.19939698492462313,39.68,57,29,4.870071868052873,0.365314587258759,3,1.8175879396984924,9.177465443164861,59.35373112022407,9.177465443164861,40.3314816909889,-10.026005970169383,1,1890.0,0.0010014169965870678,2297.0,0.012834207998821512,2325.0,0.013560375024098903,2329.0,0.8987482500087935,False,2329.0,0.060857499978737906,2329.0,0,1
planted_partition,200,13,3887,200,3887,0.19532663316582916,38.87,52,29,4.44444597222196,0.3640457450399359,3,1.8291959798994974,8.888018587599722,54.48801410401863,8.888018587599722,39.395498808157,-9.56428090047498,1,1894.0,0.000968958018347621,2263.0,0.012656957987928763,2252.0,0.017597500002011657,2272.0,0.9104708340018988,False,2254.0,0.05218304201844148,2272.0,0,0
planted_partition,200,14,3869,200,3869,0.19442211055276382,38.69,52,28,4.894272162436412,0.3603351628967369,3,1.825678391959799,8.85455811468449,55.30882256309958,8.85455811468449,39.39646972900686,-9.880440744834214,1,1939.0,0.001073209015885368,2251.0,0.012522332981461659,2274.0,0.01909366698237136,2287.0,0.9121806249895599,False,2225.0,0.04893766698660329,2287.0,0,0
planted_partition,200,15,4008,200,4008,0.2014070351758794,40.08,56,30,4.685466892423849,0.36918584828427986,3,1.8137688442211055,9.347881714867412,58.24641209135345,9.347881714867412,40.66145879480116,-9.738320411577316,1,1999.0,0.0010016660089604557,2318.0,0.016816334013128653,2355.0,0.017840374988736585,2349.0,0.8608077910030261,False,2312.0,0.05157833299017511,2355.0,0,0
planted_partition,200,16,3961,200,3961,0.19904522613065326,39.61,52,28,4.460706222113265,0.37206349904630637,3,1.8212060301507538,9.083474586824213,55.05986987558873,9.083474586824213,40.14477548581158,-10.00648506743011,1,1970.0,0.0009931250242516398,2277.0,0.011006249987985939,2360.0,0.017765667027560994,2346.0,0.9189012919960078,False,2292.0,0.05981354200048372,2360.0,0,0
planted_partition,200,17,3969,200,3969,0.1994472361809045,39.69,53,28,4.825339366303679,0.3578228122671825,3,1.8158793969849247,9.801071833102442,56.149937189738566,9.801071833102442,40.287994619996496,-9.80464659886263,1,1992.0,0.0009991250117309391,2310.0,0.016721541003789753,2315.0,0.01585491601144895,2328.0,0.8098697499954142,False,2296.0,0.057558833999792114,2328.0,0,0
planted_partition,200,18,3919,200,3919,0.19693467336683418,39.19,52,26,4.508203633377712,0.3674721385650552,3,1.8232663316582916,8.905705064918324,54.94868150161321,8.905705064918324,39.76337720619415,-9.747310895006036,1,1897.0,0.000981958000920713,2295.0,0.01283429202158004,2270.0,0.017534499987959862,2309.0,0.9039699999848381,False,2265.0,0.0599445829866454,2309.0,0,0
planted_partition,200,19,3898,200,3898,0.19587939698492463,38.98,50,27,4.453043902770329,0.3647245412966839,3,1.824321608040201,8.766440763719709,53.47225321594599,8.766440763719709,39.5415703652185,-9.552957519786387,1,1959.0,0.0009814169898163527,2242.0,0.018451707990607247,2273.0,0.015536791004706174,2296.0,0.958131624996895,False,2263.0,0.05413604198838584,2296.0,0,0
planted_partition,200,20,3914,200,3914,0.19668341708542714,39.14,53,28,4.5376645975655805,0.3658246246206947,3,1.8210552763819094,9.009664135903941,55.788254734991696,9.009664135903941,39.688690817695466,-10.000198002353029,1,1951.0,0.0009855839889496565,2296.0,0.014669542026240379,2305.0,0.01748375000897795,2308.0,0.9050272910099011,False,2281.0,0.05264958398765884,2308.0,0,0
planted_partition,200,21,3967,200,3967,0.1993467336683417,39.67,53,25,4.978061871853343,0.36773572717766123,3,1.820753768844221,9.37377941630299,56.129601281404256,9.37377941630299,40.32586427473487,-9.839342038647981,1,1994.0,0.0010523750097490847,2276.0,0.014831083011813462,2335.0,0.01585441699717194,2326.0,0.7896831659891177,False,2296.0,0.05299204197945073,2335.0,0,0
planted_partition,200,22,3891,200,3891,0.19552763819095478,38.91,50,30,4.312992000920011,0.3673731263214943,3,1.8284924623115577,8.635414953913692,53.443471109843806,8.635414953913692,39.385238675694296,-9.947569687753232,1,1983.0,0.0009840420098043978,2259.0,0.010807958984514698,2276.0,0.013893499999539927,2295.0,0.9170426249911543,False,2280.0,0.05204400001093745,2295.0,0,0
planted_partition,200,23,3976,200,3976,0.19979899497487438,39.76,56,24,4.714064064053437,0.3731511741994947,3,1.8184924623115577,8.866266084610526,58.23349066819719,8.866266084610526,40.39502037940982,-9.734908008488258,1,1969.0,0.0011987909965682775,2315.0,0.012900291010737419,2325.0,0.01953287501237355,2338.0,0.779636749997735,False,2314.0,0.052380540990270674,2338.0,0,0
planted_partition,200,24,4008,200,4008,0.2014070351758794,40.08,53,27,5.1704545254745256,0.36824261411411585,3,1.8142713567839197,9.412897846307468,56.431546618916364,9.412897846307468,40.85060670183003,-9.718958579457839,1,2003.0,0.0010052910074591637,2306.0,0.0170362499775365,2323.0,0.016001334006432444,2350.0,0.897852124995552,False,2328.0,0.06193479200010188,2350.0,0,0
planted_partition,200,25,3942,200,3942,0.19809045226130653,39.42,52,24,5.073815132619635,0.37585741700261893,3,1.8264824120603016,8.82341925741429,54.93362202577219,8.82341925741429,40.19552351932968,-9.565658406606593,1,1955.0,0.0009872079826891422,2285.0,0.009119124995777383,2292.0,0.013749833015026525,2304.0,1.3450002919998951,False,2289.0,0.04919695798889734,2304.0,0,0
planted_partition,200,26,3858,200,3858,0.19386934673366835,38.58,52,25,4.536915251577883,0.3471713344853262,3,1.8230150753768843,9.565016459069607,54.95127227568817,9.565016459069607,39.11096177093562,-9.886094803391643,1,1993.0,0.0010771249944809824,2254.0,0.021922915999311954,2251.0,0.017402124998625368,2267.0,0.9119983749988023,False,2268.0,0.05433954202453606,2267.0,1,0
planted_partition,200,27,3930,200,3930,0.19748743718592965,39.3,53,27,4.948737212663449,0.36729330552078016,3,1.8226130653266333,9.063995079922382,56.06376803226584,9.063995079922382,39.95057747813992,-9.58616060551647,1,1969.0,0.0013329170178622007,2290.0,0.010508208011742681,2293.0,0.017562334018293768,2303.0,0.8972531250037719,False,2274.0,0.05410216600284912,2303.0,0,0
planted_partition,200,28,3954,200,3954,0.19869346733668342,39.54,54,26,4.776860893934425,0.3791223702881952,3,1.8252763819095477,8.683729974934606,56.33741202626183,8.683729974934606,40.1238966891419,-9.788377995793883,1,1997.0,0.0009872090013232082,2306.0,0.012845457997173071,2298.0,0.01380983300623484,2327.0,0.9235601249965839,False,2289.0,0.052609500009566545,2327.0,0,0
planted_partition,200,29,3905,200,3905,0.19623115577889447,39.05,52,27,4.735768153108849,0.3617850102680135,3,1.8221608040201005,9.032315457979752,54.847558635012135,9.032315457979752,39.67099135179572,-9.982971632821194,1,1936.0,0.001060832990333438,2264.0,0.01647308300016448,2266.0,0.01737266601412557,2294.0,0.9206201250199229,False,2269.0,0.05388987498008646,2294.0,0,0
random_regular,20,0,30,20,30,0.15789473684210525,3.0,3,3,0.0,0.1,5,2.857894736842105,0.32472324155417215,5.755380835342999,0.32472324155417215,2.9999999999999996,-2.7553808353429976,1,13.0,0.00014899999951012433,24.0,0.00017470799502916634,24.0,0.0002761250070761889,27.0,0.008504958997946233,False,26.0,0.029913250007666647,27.0,0,0
random_regular,20,1,30,20,30,0.15789473684210525,3.0,3,3,0.0,0.15,5,2.8684210526315788,0.3519623754477748,5.630424619019493,0.3519623754477748,3.0,-2.630424619019493,1,16.0,0.00015904201427474618,22.0,0.00016691701603122056,26.0,0.0002685000072233379,26.0,0.008182084013242275,False,24.0,0.028536833997350186,26.0,0,0
random_regular,20,2,30,20,30,0.15789473684210525,3.0,3,3,0.0,0.1,6,2.9263157894736844,0.2703395226183013,5.844621050455734,0.2703395226183013,3.0000000000000004,-2.844621050455733,1,11.0,0.0001499170030001551,28.0,0.0002347499830648303,28.0,0.00025499999173916876,28.0,0.008869541983585805,False,26.0,0.028655083006015047,28.0,0,0
random_regular,20,3,30,20,30,0.15789473684210525,3.0,3,3,0.0,0.05,5,2.694736842105263,0.4832037841134265,5.716500568300161,0.4832037841134265,2.9999999999999996,-2.7165005683001615,1,12.0,0.0001681669964455068,27.0,0.00018454200471751392,27.0,0.00028574999305419624,27.0,0.008296166983200237,False,25.0,0.029984083987073973,27.0,0,0
random_regular,20,4,30,20,30,0.15789473684210525,3.0,3,3,0.0,0.15,6,2.968421052631579,0.20912329159368775,5.4065045853091025,0.20912329159368775,3.0000000000000004,-2.4065045853091034,1,17.0,0.0001637499954085797,25.0,0.00018549998640082777,24.0,0.0002827080024871975,25.0,0.008390333998249844,False,24.0,0.027307167008984834,25.0,0,0
random_regular,20,5,30,20,30,0.15789473684210525,3.0,3,3,0.0,0.1,5,2.705263157894737,0.4212685377474136,5.783091588379581,0.4212685377474136,2.9999999999999996,-2.7830915883795795,1,15.0,0.00015025000902824104,26.0,0.00017883299733512104,26.0,0.0002752919972408563,26.0,0.007582249992992729,False,25.0,0.026237916987156495,26.0,0,0
random_regular,20,6,30,20,30,0.15789473684210525,3.0,3,3,0.0,0.15,5,2.7842105263157895,0.44837128633161194,5.758550518297889,0.44837128633161194,2.999999999999999,-2.75855051829789,1,16.0,0.00015345800784416497,26.0,0.00021508400095626712,27.0,0.00026620799326337874,27.0,0.010787166975205764,False,27.0,0.02740116699715145,27.0,0,1
random_regular,20,7,30,20,30,0.15789473684210525,3.0,3,3,0.0,0.1,5,2.6315789473684212,0.515577386028529,5.517134862873207,0.515577386028529,2.9999999999999996,-2.517134862873208,1,15.0,0.00015745902783237398,24.0,0.00016487500397488475,25.0,0.000271083990810439,25.0,0.0098650410072878,False,24.0,0.03022449999116361,25.0,0,0
random_regular,20,8,30,20,30,0.15789473684210525,3.0,3,3,0.0,0.1,5,2.636842105263158,0.45377730542003575,5.552647463096833,0.45377730542003575,3.0,-2.5526474630968305,1,16.0,0.00015808400348760188,24.0,0.00016441699699498713,26.0,0.0002658329904079437,26.0,0.007213625009171665,False,26.0,0.03080862498609349,26.0,0,1
random_regular,20,9,30,20,30,0.15789473684210525,3.0,3,3,0.0,0.15,7,3.1,0.18266364023999668,5.774375654086854,0.18266364023999668,3.0000000000000018,-2.7743756540868536,1,15.0,0.00015783400158397853,25.0,0.0002016669895965606,27.0,0.00026937498478218913,27.0,0.010360333020798862,False,27.0,0.029728583991527557,27.0,0,1
random_regular,20,10,30,20,30,0.15789473684210525,3.0,3,3,0.0,0.15,5,2.7842105263157895,0.3177902348612478,5.579762690134838,0.3177902348612478,3.0000000000000013,-2.579762690134839,1,15.0,0.00014945800649002194,25.0,0.00017495901556685567,26.0,0.00026533298660069704,26.0,0.008924583991756663,False,25.0,0.02566133299842477,26.0,0,0
random_regular,20,11,30,20,30,0.15789473684210525,3.0,3,3,0.0,0.0,5,2.5789473684210527,0.5920640786449842,5.6096376704178645,0.5920640786449842,3.0000000000000004,-2.6096376704178654,1,17.0,0.0001904579985421151,26.0,0.00016562500968575478,26.0,0.0003301669785287231,26.0,0.007663500000489876,False,26.0,0.02738745798706077,26.0,0,1
random_regular,20,12,30,20,30,0.15789473684210525,3.0,3,3,0.0,0.15,6,2.9526315789473685,0.266267887106292,5.547011820297232,0.266267887106292,2.9999999999999996,-2.5470118202972314,1,17.0,0.0001575839996803552,25.0,0.0001772079849615693,26.0,0.0002544169838074595,26.0,0.009846166998613626,False,24.0,0.029806792008457705,26.0,0,0
random_regular,20,13,30,20,30,0.15789473684210525,3.0,3,3,0.0,0.05,5,2.6473684210526316,0.48637882646583896,5.639631757516453,0.48637882646583896,2.9999999999999982,-2.6396317575164527,1,17.0,0.0001583749835845083,24.0,0.00018504197942093015,26.0,0.00026795800658874214,26.0,0.007457208994310349,False,24.0,0.027516875008586794,26.0,0,0
random_regular,20,14,30,20,30,0.15789473684210525,3.0,3,3,0.0,0.05,5,2.6052631578947367,0.5692203099853471,5.657983267025177,0.5692203099853471,3.0,-2.6579832670251813,1,16.0,0.0001533330068923533,25.0,0.0001681669964455068,26.0,0.0002868330047931522,26.0,0.007066082995152101,False,25.0,0.02641191700240597,26.0,0,0
random_regular,20,15,30,20,30,0.15789473684210525,3.0,3,3,0.0,0.0,5,2.6157894736842104,0.5761908249238412,5.791849286679145,0.5761908249238412,2.999999999999999,-2.7918492866791453,1,19.0,0.00015479201101697981,26.0,0.00018012500368058681,28.0,0.0002601669984869659,28.0,0.011025000014342368,False,26.0,0.02830437500961125,28.0,0,0
random_regular,20,16,30,20,30,0.15789473684210525,3.0,3,3,0.0,0.15,6,2.8157894736842106,0.2805018190764359,5.477367320111333,0.2805018190764359,3.0,-2.4773673201113344,1,15.0,0.00015766601427458227,24.0,0.00021512500825338066,25.0,0.0004804579948540777,25.0,0.014543084020260721,False,25.0,0.03026974998647347,25.0,0,1
random_regular,20,17,30,20,30,0.15789473684210525,3.0,3,3,0.0,0.2,5,2.7526315789473683,0.38868458757760693,5.41628935847128,0.38868458757760693,2.999999999999999,-2.4162893584712797,1,12.0,0.00016024999786168337,22.0,0.00018525001360103488,25.0,0.0002836250059772283,25.0,0.011208417010493577,False,23.0,0.029959707986563444,25.0,0,0
random_regular,20,18,30,20,30,0.15789473684210525,3.0,3,3,0.0,0.05,5,2.8263157894736843,0.2957140994490438,5.729836508465173,0.2957140994490438,2.9999999999999996,-2.7298365084651715,1,18.0,0.00016170801245607436,27.0,0.00016470797709189355,27.0,0.00026766699738800526,27.0,0.007941916002891958,False,27.0,0.02959200000623241,27.0,0,1
random_regular,20,19,30,20,30,0.15789473684210525,3.0,3,3,0.0,0.1,5,2.7263157894736842,0.4151145492095535,5.576471993382484,0.4151145492095535,2.9999999999999987,-2.576471993382485,1,14.0,0.0001580420066602528,26.0,0.0002050829934887588,26.0,0.00029437500052154064,26.0,0.008568417018977925,False,26.0,0.026429999998072162,26.0,0,1
random_regular,20,20,30,20,30,0.15789473684210525,3.0,3,3,0.0,0.1,6,2.9842105263157896,0.2920773090672918,5.666819475412837,0.2920773090672918,2.999999999999999,-2.6668194754128347,1,12.0,0.00016516700270585716,25.0,0.0001842500059865415,26.0,0.0002837080101016909,26.0,0.009771832992555574,False,26.0,0.028238833008799702,26.0,0,1
random_regular,20,21,30,20,30,0.15789473684210525,3.0,3,3,0.0,0.05,5,2.6578947368421053,0.4686363694488112,5.646038582563337,0.4686363694488112,3.0000000000000004,-2.646038582563336,1,16.0,0.0001644579751882702,24.0,0.00018345899297855794,26.0,0.0002820419904310256,26.0,0.0072829590062610805,False,24.0,0.027470916014863178,26.0,0,0
random_regular,20,22,30,20,30,0.15789473684210525,3.0,3,3,0.0,0.15,5,2.636842105263158,0.5857864376269064,5.555643584137959,0.5857864376269064,3.0,-2.55564358413796,1,13.0,0.00015408400213345885,24.0,0.0001797500008251518,25.0,0.0002756659814622253,26.0,0.007648666010936722,False,24.0,0.026357291993917897,26.0,0,0
random_regular,20,23,30,20,30,0.15789473684210525,3.0,3,3,0.0,0.0,5,2.7263157894736842,0.4209826850973091,5.854802304625232,0.4209826850973091,3.000000000000001,-2.8548023046252338,1,13.0,0.0001633749925531447,24.0,0.0001782500185072422,28.0,0.0002723340003285557,28.0,0.0074642919935286045,False,26.0,0.027421541017247364,28.0,0,0
random_regular,20,24,30,20,30,0.15789473684210525,3.0,3,3,0.0,0.05,5,2.6526315789473682,0.5162609988800477,5.747459085407538,0.5162609988800477,2.999999999999999,-2.7474590854075402,1,18.0,0.0001634579966776073,25.0,0.00019070898997597396,27.0,0.000286291993688792,27.0,0.007829666981706396,False,23.0,0.026291332993423566,27.0,0,0
random_regular,20,25,30,20,30,0.15789473684210525,3.0,3,3,0.0,0.1,5,2.905263157894737,0.3569857483948047,5.8666999150649835,0.3569857483948047,3.0000000000000004,-2.8666999150649866,1,15.0,0.0001569580053910613,26.0,0.00016641599358990788,28.0,0.0002627079957164824,28.0,0.008764666999923065,False,24.0,0.02980629200465046,28.0,0,0
random_regular,20,26,30,20,30,0.15789473684210525,3.0,3,3,0.0,0.05,5,2.5894736842105264,0.5126411328228881,5.637985276133515,0.5126411328228881,2.999999999999999,-2.637985276133516,1,22.0,0.00015641702339053154,26.0,0.00018529201042838395,26.0,0.00028258402016945183,26.0,0.007803665997926146,False,24.0,0.029616709012771025,26.0,0,0
random_regular,20,27,30,20,30,0.15789473684210525,3.0,3,3,0.0,0.05,5,2.6,0.5575466040958662,5.655638774020879,0.5575466040958662,2.9999999999999996,-2.655638774020882,1,16.0,0.00015675000031478703,26.0,0.00018437500693835318,26.0,0.0002598749997559935,26.0,0.00865529099246487,False,26.0,0.028729292011121288,26.0,0,1
random_regular,20,28,30,20,30,0.15789473684210525,3.0,3,3,0.0,0.2,5,2.7578947368421054,0.4788163213598762,5.6275566601325995,0.4788163213598762,2.9999999999999996,-2.6275566601325977,1,15.0,0.00016641599358990788,24.0,0.00022316700778901577,26.0,0.00038683399907313287,26.0,0.0076221250055823475,False,25.0,0.028426250006305054,26.0,0,0
random_regular,20,29,30,20,30,0.15789473684210525,3.0,3,3,0.0,0.05,5,2.663157894736842,0.4575288006169196,5.790145840868693,0.4575288006169196,3.0,-2.790145840868692,1,20.0,0.00015958401490934193,25.0,0.00020583299919962883,27.0,0.0002836660132743418,27.0,0.008934915997087955,False,23.0,0.029151791997719556,27.0,0,0
random_regular,50,0,75,50,75,0.061224489795918366,3.0,3,3,0.0,0.04,8,4.033469387755102,0.18997658799846417,5.900459123282287,0.18997658799846417,3.000000000000001,-2.9004591232822903,1,32.0,0.00017970800399780273,64.0,0.0003357499954290688,69.0,0.0005617499991785735,70.0,0.07668075000401586,False,68.0,0.031415750010637566,70.0,0,0
random_regular,50,1,75,50,75,0.061224489795918366,3.0,3,3,0.0,0.06,7,3.8448979591836734,0.27691927514437176,5.7052691722988484,0.27691927514437176,2.9999999999999987,-2.705269172298851,1,36.0,0.0001743749890010804,61.0,0.0003357499954290688,66.0,0.0005867090076208115,66.0,0.0461315409920644,False,65.0,0.031193999981041998,66.0,0,0
random_regular,50,2,75,50,75,0.061224489795918366,3.0,3,3,0.0,0.02,7,3.7681632653061223,0.34676721153992934,5.745196844279821,0.34676721153992934,2.999999999999999,-2.7451968442798265,1,35.0,0.0001754160039126873,65.0,0.00034229099401272833,67.0,0.0005416250205598772,68.0,0.04610841700923629,False,62.0,0.028449625009670854,68.0,0,0
random_regular,50,3,75,50,75,0.061224489795918366,3.0,3,3,0.0,0.0,6,3.755918367346939,0.3157010469748081,5.754651455923193,0.3157010469748081,3.000000000000001,-2.7546514559231947,1,42.0,0.00018833400099538267,66.0,0.00029174998053349555,68.0,0.0005804999964311719,68.0,0.07596737498533912,False,60.0,0.029505000013159588,68.0,0,0
random_regular,50,4,75,50,75,0.061224489795918366,3.0,3,3,0.0,0.06,7,4.040816326530612,0.20226469216143886,5.721899494436351,0.20226469216143886,3.0000000000000004,-2.721899494436353,1,34.0,0.00017158300033770502,59.0,0.00027925000176765025,66.0,0.0005285829829517752,67.0,0.07411270900047384,False,63.0,0.02993058299762197,67.0,0,0
random_regular,50,5,75,50,75,0.061224489795918366,3.0,3,3,0.0,0.02,7,3.862857142857143,0.2794363799614674,5.76069704029098,0.2794363799614674,2.999999999999999,-2.7606970402909763,1,31.0,0.00019304099259898067,66.0,0.0003039579896721989,67.0,0.0005400420050136745,68.0,0.04590629099402577,False,61.0,0.030666249978821725,68.0,0,0
random_regular,50,6,75,50,75,0.061224489795918366,3.0,3,3,0.0,0.08,8,4.063673469387755,0.186905636150975,5.735516292273085,0.186905636150975,3.0000000000000027,-2.735516292273088,1,37.0,0.000178459013113752,63.0,0.0002902910055126995,67.0,0.0005558340053539723,66.0,0.05548654100857675,False,62.0,0.03081229201052338,67.0,0,0
random_regular,50,7,75,50,75,0.061224489795918366,3.0,3,3,0.0,0.0,7,3.829387755102041,0.31609338269424936,5.846378614281835,0.31609338269424936,3.0000000000000004,-2.846378614281837,1,38.0,0.0001706660259515047,62.0,0.00032529199961572886,69.0,0.0005047500017099082,69.0,0.18356008300906979,False,63.0,0.029213375004474074,69.0,0,0
random_regular,50,8,75,50,75,0.061224489795918366,3.0,3,3,0.0,0.04,7,3.9926530612244897,0.24648509632375423,5.815908733922953,0.24648509632375423,3.0000000000000013,-2.815908733922951,1,33.0,0.00017162499716505408,65.0,0.0003270000161137432,68.0,0.0005081670242361724,69.0,0.09097637500963174,False,67.0,0.0285087910015136,69.0,0,0
random_regular,50,9,75,50,75,0.061224489795918366,3.0,3,3,0.0,0.12,8,4.266938775510204,0.18873388254780654,5.6937067785058595,0.18873388254780654,2.999999999999999,-2.6937067785058613,1,41.0,0.0001731670054141432,59.0,0.0002897500235121697,65.0,0.0005422910035122186,65.0,0.11318162499810569,False,63.0,0.029661125008715317,65.0,0,0
random_regular,50,10,75,50,75,0.061224489795918366,3.0,3,3,0.0,0.04,7,3.84,0.28011722497752434,5.7503951509646525,0.28011722497752434,3.0000000000000004,-2.7503951509646516,1,38.0,0.00017174999811686575,61.0,0.00023483301629312336,68.0,0.0005411250167526305,68.0,0.04714370798319578,False,63.0,0.02949312501004897,68.0,0,0
random_regular,50,11,75,50,75,0.061224489795918366,3.0,3,3,0.0,0.02,8,3.8016326530612243,0.28210095361565546,5.810975787279265,0.28210095361565546,2.9999999999999987,-2.810975787279267,1,38.0,0.00017733301501721144,63.0,0.0002829169970937073,68.0,0.0005432920006569475,68.0,0.05343558298773132,False,65.0,0.030308834015158936,68.0,0,0
random_regular,50,12,75,50,75,0.061224489795918366,3.0,3,3,0.0,0.04,7,3.8857142857142857,0.2998652743893902,5.731454058987798,0.2998652743893902,3.0000000000000004,-2.7314540589877985,1,43.0,0.00017204199684783816,61.0,0.00023595898528583348,67.0,0.0005386660050135106,67.0,0.05246645899023861,False,61.0,0.030047375010326505,67.0,0,0
random_regular,50,13,75,50,75,0.061224489795918366,3.0,3,3,0.0,0.0,7,3.750204081632653,0.3056718072537558,5.788270203994294,0.3056718072537558,3.0000000000000004,-2.7882702039942964,1,37.0,0.00018012497457675636,64.0,0.0003478330036159605,68.0,0.0005573329981416464,69.0,0.046376415994018316,False,65.0,0.031171082984656096,69.0,0,0
random_regular,50,14,75,50,75,0.061224489795918366,3.0,3,3,0.0,0.04,9,4.055510204081632,0.1599168568868867,5.698348309011125,0.1599168568868867,3.0000000000000018,-2.698348309011124,1,32.0,0.00017416698392480612,63.0,0.00029291698592714965,66.0,0.0005189579969737679,66.0,0.07805695798015222,False,61.0,0.029049791977740824,66.0,0,0
random_regular,50,15,75,50,75,0.061224489795918366,3.0,3,3,0.0,0.08,8,3.987755102040816,0.2360653479055943,5.713899478795974,0.2360653479055943,3.0000000000000018,-2.7138994787959727,1,44.0,0.00019450002582743764,63.0,0.00034204102121293545,66.0,0.0005319170013535768,66.0,0.05189070900087245,False,65.0,0.03167570798541419,66.0,0,0
random_regular,50,16,75,50,75,0.061224489795918366,3.0,3,3,0.0,0.06,8,3.8971428571428572,0.2287602381405608,5.744335889494463,0.2287602381405608,2.9999999999999996,-2.744335889494465,1,34.0,0.00017529100296087563,63.0,0.00032912500319071114,68.0,0.0005379169888328761,68.0,0.08513625001069158,False,62.0,0.03088012500666082,68.0,0,0
random_regular,50,17,75,50,75,0.061224489795918366,3.0,3,3,0.0,0.04,8,3.8955102040816327,0.2252433924122298,5.662854149015773,0.2252433924122298,3.0000000000000013,-2.66285414901577,1,45.0,0.00017066599684767425,65.0,0.00028329098131507635,66.0,0.0005405840056482702,66.0,0.06787937501212582,False,60.0,0.028846500004874542,66.0,0,0
random_regular,50,18,75,50,75,0.061224489795918366,3.0,3,3,0.0,0.02,7,3.740408163265306,0.32135130372709797,5.7841976502607775,0.32135130372709797,2.9999999999999996,-2.784197650260775,1,33.0,0.00016645900905132294,61.0,0.00028962502256035805,68.0,0.0005089169717393816,68.0,0.050945416995091364,False,61.0,0.02956645900849253,68.0,0,0
random_regular,50,19,75,50,75,0.061224489795918366,3.0,3,3,0.0,0.02,8,4.0351020408163265,0.24198277598811652,5.810172839906098,0.24198277598811652,3.0,-2.810172839906101,1,35.0,0.00017537499661557376,64.0,0.000297874998068437,68.0,0.0005550420028157532,68.0,0.05646258301567286,False,64.0,0.03134595899609849,68.0,0,0
random_regular,50,20,75,50,75,0.061224489795918366,3.0,3,3,0.0,0.02,8,4.021224489795919,0.16172905558177092,5.796839378328658,0.16172905558177092,3.0000000000000004,-2.7968393783286594,1,38.0,0.00020304200006648898,66.0,0.0003394999948795885,68.0,0.0007083750097081065,68.0,0.05193275000783615,False,65.0,0.030882708000717685,68.0,0,0
random_regular,50,21,75,50,75,0.061224489795918366,3.0,3,3,0.0,0.02,7,4.006530612244898,0.21915370858328098,5.729332475965786,0.21915370858328098,3.0,-2.729332475965787,1,39.0,0.00017854198813438416,64.0,0.0003374170046299696,67.0,0.0005565840110648423,67.0,0.05197145798592828,False,61.0,0.031556582980556414,67.0,0,0
random_regular,50,22,75,50,75,0.061224489795918366,3.0,3,3,0.0,0.02,7,3.806530612244898,0.34827885660135405,5.739514488656145,0.34827885660135405,3.0,-2.7395144886561433,1,27.0,0.00017333301366306841,61.0,0.0003374579828232527,68.0,0.0005542500002775341,68.0,0.05221308398176916,False,63.0,0.02851187501801178,68.0,0,0
random_regular,50,23,75,50,75,0.061224489795918366,3.0,3,3,0.0,0.02,7,3.8546938775510204,0.25319112023388646,5.788359998237464,0.25319112023388646,3.0000000000000004,-2.78835999823747,1,33.0,0.00016900000628083944,62.0,0.00031883400515653193,67.0,0.0005329590057954192,67.0,0.07150649998220615,False,64.0,0.03066575000411831,67.0,0,0
random_regular,50,24,75,50,75,0.061224489795918366,3.0,3,3,0.0,0.02,8,3.947755102040816,0.24845752025487922,5.770490069780906,0.24845752025487922,2.9999999999999987,-2.7704900697809105,1,33.0,0.00017954199574887753,62.0,0.0002462080155964941,66.0,0.0007411669939756393,68.0,0.047752583981491625,False,64.0,0.028903375001391396,68.0,0,0
random_regular,50,25,75,50,75,0.061224489795918366,3.0,3,3,0.0,0.02,7,3.8179591836734694,0.3327791098662955,5.819848747651128,0.3327791098662955,3.0000000000000013,-2.819848747651129,1,39.0,0.00016929098637774587,66.0,0.00036591599928215146,69.0,0.0005296249873936176,69.0,0.0489684590138495,False,69.0,0.029690374998608604,69.0,0,1
random_regular,50,26,75,50,75,0.061224489795918366,3.0,3,3,0.0,0.02,7,3.8179591836734694,0.33606187801960347,5.753869331686766,0.33606187801960347,3.000000000000001,-2.753869331686768,1,29.0,0.0001697080151643604,66.0,0.0003214169992133975,68.0,0.0005171250086277723,68.0,0.06343870799173601,False,62.0,0.03132004200597294,68.0,0,0
random_regular,50,27,75,50,75,0.061224489795918366,3.0,3,3,0.0,0.02,7,3.9657142857142857,0.20788695043721664,5.8143683247894575,0.20788695043721664,2.999999999999999,-2.8143683247894598,1,44.0,0.00017145898891612887,62.0,0.00032562497653998435,68.0,0.0005815830081701279,68.0,0.04632187497918494,False,62.0,0.031222624995280057,68.0,0,0
random_regular,50,28,75,50,75,0.061224489795918366,3.0,3,3,0.0,0.06,7,3.843265306122449,0.2865108603397611,5.751366028048098,0.2865108603397611,2.9999999999999982,-2.751366028048099,1,39.0,0.00017475002096034586,65.0,0.00033745801192708313,67.0,0.0005159580032341182,67.0,0.06923500000266358,False,65.0,0.03027037499123253,67.0,0,0
random_regular,50,29,75,50,75,0.061224489795918366,3.0,3,3,0.0,0.0,7,3.9681632653061225,0.2551790155231344,5.849479448528847,0.2551790155231344,3.0000000000000018,-2.8494794485288457,1,37.0,0.00016895798034965992,66.0,0.00032324998755939305,69.0,0.000496208987897262,69.0,0.05180833299527876,False,66.0,0.029324541974347085,69.0,0,0
random_regular,100,0,150,100,150,0.030303030303030304,3.0,3,3,0.0,0.02,9,4.737575757575757,0.2405323543304375,5.7696392144745445,0.2405323543304375,2.999999999999997,-2.7696392144745445,1,77.0,0.00020162499276921153,126.0,0.00044554099440574646,135.0,0.0011634579859673977,135.0,1.1604324590007309,False,121.0,0.0312236669997219,135.0,0,0
random_regular,100,1,150,100,150,0.030303030303030304,3.0,3,3,0.0,0.05,10,5.141212121212122,0.14714099395071445,5.7988132745842815,0.14714099395071445,2.9999999999999973,-2.7988132745842815,1,72.0,0.00020112498896196485,127.0,0.0005387499986682087,134.0,0.0011711659899447113,135.0,0.3413299579988234,False,131.0,0.03219924998120405,135.0,0,0
random_regular,100,2,150,100,150,0.030303030303030304,3.0,3,3,0.0,0.02,9,4.890909090909091,0.22535461272940638,5.749781654533741,0.22535461272940638,2.9999999999999996,-2.749781654533745,1,81.0,0.00020462498650886118,130.0,0.0005322920042090118,135.0,0.0014782499929424375,134.0,2.573118957981933,False,124.0,0.031118041020818055,135.0,0,0
random_regular,100,3,150,100,150,0.030303030303030304,3.0,3,3,0.0,0.0,8,4.757575757575758,0.24270847185608307,5.781099646108932,0.24270847185608307,3.000000000000001,-2.781099646108928,1,87.0,0.0002130830253008753,128.0,0.0005539160047192127,135.0,0.0011698330054059625,136.0,3.1214003329805564,False,129.0,0.030407082987949252,136.0,0,0
random_regular,100,4,150,100,150,0.030303030303030304,3.0,3,3,0.0,0.01,9,4.834343434343435,0.20675612008908678,5.781248897733496,0.20675612008908678,2.9999999999999987,-2.7812488977334833,1,77.0,0.00020641600713133812,128.0,0.0005451659963000566,133.0,0.0012105840141884983,135.0,5.08898900001077,False,127.0,0.029406874993583187,135.0,0,0
random_regular,100,5,150,100,150,0.030303030303030304,3.0,3,3,0.0,0.02,9,4.85979797979798,0.21677830181374177,5.827208406871269,0.21677830181374177,3.000000000000001,-2.8272084068712684,1,81.0,0.00020608300110325217,123.0,0.0007975829939823598,138.0,0.0012517920113168657,136.0,1.4710039579949807,False,124.0,0.03130225001950748,138.0,0,0
random_regular,100,6,150,100,150,0.030303030303030304,3.0,3,3,0.0,0.02,9,4.908888888888889,0.1894385188888441,5.785138373060931,0.1894385188888441,3.000000000000002,-2.78513837306093,1,78.0,0.00020000000949949026,128.0,0.0006569170218426734,135.0,0.0012666659895330667,137.0,1.552934917010134,False,134.0,0.03034575001220219,137.0,0,0
random_regular,100,7,150,100,150,0.030303030303030304,3.0,3,3,0.0,0.03,9,4.776969696969697,0.21196551300150301,5.751557641607506,0.21196551300150301,2.9999999999999982,-2.751557641607507,1,77.0,0.00020787498215213418,124.0,0.0004520829825196415,134.0,0.001177541009383276,134.0,2.8026005840220023,False,131.0,0.030902208003681153,134.0,0,0
random_regular,100,8,150,100,150,0.030303030303030304,3.0,3,3,0.0,0.02,9,4.8816161616161615,0.21474068281141956,5.769354645254921,0.21474068281141956,2.9999999999999996,-2.769354645254918,1,81.0,0.00020629199570976198,127.0,0.0005493749922607094,134.0,0.0011945839796680957,135.0,1.1928229159966577,False,126.0,0.031049917015479878,135.0,0,0
random_regular,100,9,150,100,150,0.030303030303030304,3.0,3,3,0.0,0.03,9,4.855353535353536,0.21112317455541074,5.799491095864307,0.21112317455541074,3.0000000000000004,-2.7994910958643087,1,80.0,0.00020804197993129492,127.0,0.0004594999772962183,134.0,0.0011964160075876862,135.0,3.7090256249939557,False,130.0,0.029832291009370238,135.0,0,0
random_regular,100,10,150,100,150,0.030303030303030304,3.0,3,3,0.0,0.02,10,5.014141414141414,0.15661983499980858,5.8050646117898825,0.15661983499980858,3.000000000000002,-2.8050646117898843,1,67.0,0.00019904199871234596,132.0,0.0007154170016292483,137.0,0.0011719170142896473,137.0,3.6641235830029473,False,131.0,0.0332249169878196,137.0,0,0
random_regular,100,11,150,100,150,0.030303030303030304,3.0,3,3,0.0,0.03,9,4.778585858585859,0.25737404446081785,5.734569976129682,0.25737404446081785,3.0,-2.734569976129682,1,64.0,0.00019912500283680856,126.0,0.00045387502177618444,133.0,0.0011917080264538527,134.0,0.5768952080106828,False,122.0,0.03159533400321379,134.0,0,0
random_regular,100,12,150,100,150,0.030303030303030304,3.0,3,3,0.0,0.01,9,4.691919191919192,0.25414899278917846,5.80643947983356,0.25414899278917846,2.999999999999999,-2.8064394798335592,1,64.0,0.00019799999427050352,127.0,0.0005369169812183827,135.0,0.0011670420062728226,137.0,3.1332046249881387,False,119.0,0.029817083006491885,137.0,0,0
random_regular,100,13,150,100,150,0.030303030303030304,3.0,3,3,0.0,0.05,10,4.968080808080808,0.1766870426589454,5.783363476005341,0.1766870426589454,3.0000000000000004,-2.7833634760053436,1,83.0,0.00020908299484290183,124.0,0.0005391660088207573,136.0,0.00118541598203592,134.0,3.297112708009081,False,126.0,0.03071370901307091,136.0,0,0
random_regular,100,14,150,100,150,0.030303030303030304,3.0,3,3,0.0,0.02,8,4.8791919191919195,0.21699385758182463,5.767253452945288,0.21699385758182463,3.0000000000000004,-2.7672534529452917,1,69.0,0.00020158299594186246,130.0,0.0005406249838415533,134.0,0.0011744999792426825,135.0,2.981593417003751,False,129.0,0.03185962498537265,135.0,0,0
random_regular,100,15,150,100,150,0.030303030303030304,3.0,3,3,0.0,0.02,9,4.99030303030303,0.14131175926946662,5.851831046305144,0.14131175926946662,2.9999999999999996,-2.8518310463051466,1,71.0,0.00020666702766902745,126.0,0.0005366250115912408,136.0,0.0011715420114342123,138.0,0.4191080409800634,False,125.0,0.031037958979140967,138.0,0,0
random_regular,100,16,150,100,150,0.030303030303030304,3.0,3,3,0.0,0.02,8,4.747474747474747,0.2382256259700986,5.776381107761962,0.2382256259700986,3.0,-2.7763811077619605,1,73.0,0.0002087090106215328,127.0,0.0005459160020109266,134.0,0.0012014159874524921,135.0,2.053526417003013,False,123.0,0.030317500000819564,135.0,0,0
random_regular,100,17,150,100,150,0.030303030303030304,3.0,3,3,0.0,0.03,8,4.782828282828283,0.2787050685466696,5.75046129046446,0.2787050685466696,3.000000000000001,-2.750461290464459,1,80.0,0.0002011250180657953,122.0,0.0004439170006662607,135.0,0.0010943750094156712,135.0,4.755885874998057,False,126.0,0.03172108298167586,135.0,0,0
random_regular,100,18,150,100,150,0.030303030303030304,3.0,3,3,0.0,0.01,8,4.7715151515151515,0.22326918087361228,5.747258468761312,0.22326918087361228,3.0000000000000004,-2.747258468761312,1,77.0,0.0002032499760389328,125.0,0.0005510000046342611,133.0,0.001189082977361977,134.0,1.9156686670030467,False,123.0,0.06427837500814348,134.0,0,0
random_regular,100,19,150,100,150,0.030303030303030304,3.0,3,3,0.0,0.02,9,4.905858585858586,0.18761680789919666,5.812970370106318,0.18761680789919666,3.0000000000000013,-2.812970370106319,1,81.0,0.00037291698390617967,128.0,0.000684124999679625,133.0,0.00144674998591654,136.0,0.39123224999639206,False,122.0,0.031894917017780244,136.0,0,0
random_regular,100,20,150,100,150,0.030303030303030304,3.0,3,3,0.0,0.01,9,4.748282828282829,0.2661316883561242,5.759395484625086,0.2661316883561242,3.0000000000000004,-2.7593954846250917,1,79.0,0.00020383400260470808,121.0,0.0004537499917205423,136.0,0.001189666974823922,135.0,4.827973584004212,False,126.0,0.028720125003019348,136.0,0,0
random_regular,100,21,150,100,150,0.030303030303030304,3.0,3,3,0.0,0.02,8,4.734949494949495,0.2615726105625435,5.7711153446001004,0.2615726105625435,2.9999999999999996,-2.7711153446001,1,69.0,0.00020266699721105397,129.0,0.00044758300646208227,134.0,0.0011839579965453595,134.0,0.36628524999832734,False,127.0,0.031215541006531566,134.0,0,0
random_regular,100,22,150,100,150,0.030303030303030304,3.0,3,3,0.0,0.0,9,4.744040404040404,0.2579528945250496,5.803833789032673,0.2579528945250496,3.000000000000001,-2.803833789032672,1,72.0,0.00020383301307447255,122.0,0.0005449579912237823,137.0,0.001199124992126599,136.0,0.3781985419918783,False,125.0,0.0318115419941023,137.0,0,0
random_regular,100,23,150,100,150,0.030303030303030304,3.0,3,3,0.0,0.02,9,4.85979797979798,0.18270655057016771,5.77658693585334,0.18270655057016771,3.0000000000000013,-2.776586935853341,1,69.0,0.00020908299484290183,125.0,0.00047020899364724755,136.0,0.001231667003594339,136.0,2.0820196669956204,False,125.0,0.031160000013187528,136.0,0,0
random_regular,100,24,150,100,150,0.030303030303030304,3.0,3,3,0.0,0.04,10,5.122424242424242,0.16045924896010447,5.79179843537296,0.16045924896010447,3.000000000000001,-2.7917984353729577,1,76.0,0.00020416598999872804,127.0,0.00045841699466109276,135.0,0.0012005000025965273,136.0,4.655734541971469,False,126.0,0.030006167013198137,136.0,0,0
random_regular,100,25,150,100,150,0.030303030303030304,3.0,3,3,0.0,0.03,9,4.861818181818182,0.18090127642420167,5.776166307691167,0.18090127642420167,3.0000000000000013,-2.7761663076911662,1,77.0,0.00020679199951700866,128.0,0.0005457910010591149,135.0,0.0012012080114800483,136.0,0.7938475409755483,False,124.0,0.030833833006909117,136.0,0,0
random_regular,100,26,150,100,150,0.030303030303030304,3.0,3,3,0.0,0.0,8,4.796363636363636,0.2084294266561093,5.786102590305058,0.2084294266561093,3.000000000000001,-2.786102590305054,1,89.0,0.00021270799334160984,128.0,0.00045504100853577256,134.0,0.0012035830004606396,136.0,1.8915144580241758,False,132.0,0.031175166979664937,136.0,0,0
random_regular,100,27,150,100,150,0.030303030303030304,3.0,3,3,0.0,0.0,8,4.754141414141414,0.25329998887768196,5.807038043734809,0.25329998887768196,3.0,-2.807038043734818,1,79.0,0.00021024997113272548,124.0,0.0004569999873638153,138.0,0.0011935000075027347,138.0,1.7149378750182223,False,126.0,0.03126483300002292,138.0,0,0
random_regular,100,28,150,100,150,0.030303030303030304,3.0,3,3,0.0,0.01,9,4.980808080808081,0.17901964855200472,5.787364705111243,0.17901964855200472,3.0000000000000004,-2.7873647051112362,1,80.0,0.00020487501751631498,128.0,0.0007222080021165311,136.0,0.0012281670060474426,137.0,0.37545241601765156,False,127.0,0.028603166982065886,137.0,0,0
random_regular,100,29,150,100,150,0.030303030303030304,3.0,3,3,0.0,0.02,9,4.977373737373737,0.20311912108406346,5.752048738508803,0.20311912108406346,3.0000000000000004,-2.7520487385087984,1,80.0,0.00020945799769833684,127.0,0.0004545000265352428,132.0,0.0011942080163862556,133.0,1.9060382910247426,False,128.0,0.0320070419984404,133.0,0,0
random_regular,200,0,300,200,300,0.01507537688442211,3.0,3,3,0.0,0.005,11,5.938291457286432,0.15431463729531752,5.816079317913375,0.15431463729531752,3.0000000000000004,-2.816079317913378,1,141.0,0.0002640830061864108,261.0,0.0011362920049577951,274.0,0.003628999984357506,273.0,19.123738167021656,False,267.0,0.033116000005975366,274.0,0,0
random_regular,200,1,300,200,300,0.01507537688442211,3.0,3,3,0.0,0.0,10,5.797135678391959,0.19048338497911724,5.812322562363224,0.19048338497911724,3.0000000000000004,-2.812322562363226,1,142.0,0.00026000000070780516,254.0,0.001158582977950573,275.0,0.0036303329980000854,274.0,21.314901040983386,False,254.0,0.032679958996595815,275.0,0,0
random_regular,200,2,300,200,300,0.01507537688442211,3.0,3,3,0.0,0.01,10,5.796231155778894,0.20027313459890214,5.820003159451138,0.20027313459890214,3.0,-2.8200031594511326,1,143.0,0.0002654999843798578,250.0,0.0009679170034360141,275.0,0.00412066699936986,276.0,19.191834708995884,False,261.0,0.030294374999357387,276.0,0,0
random_regular,200,3,300,200,300,0.01507537688442211,3.0,3,3,0.0,0.005,10,5.780904522613065,0.1953884388018025,5.839961140482816,0.1953884388018025,2.9999999999999996,-2.8399611404828162,1,145.0,0.00026445797993801534,252.0,0.0011556250101421028,275.0,0.00357333300053142,274.0,18.556941041984828,False,255.0,0.029298750014277175,275.0,0,0
random_regular,200,4,300,200,300,0.01507537688442211,3.0,3,3,0.0,0.01,11,5.8166331658291455,0.1767853196254876,5.796051464491308,0.1767853196254876,3.0,-2.7960514644913133,1,168.0,0.00025516599998809397,251.0,0.0009607920073904097,272.0,0.0035618750262074172,268.0,11.718122749996837,False,253.0,0.024890750006306916,272.0,0,0
random_regular,200,5,300,200,300,0.01507537688442211,3.0,3,3,0.0,0.01,10,5.806633165829146,0.187248746745044,5.7949908592217145,0.187248746745044,3.0,-2.794990859221716,1,142.0,0.0002529580087866634,252.0,0.0013163750118110329,272.0,0.003569334017811343,270.0,18.63833745798911,False,256.0,0.026446749980095774,272.0,0,0
random_regular,200,6,300,200,300,0.01507537688442211,3.0,3,3,0.0,0.01,10,5.783819095477387,0.21027252528591228,5.784424046671781,0.21027252528591228,3.0000000000000004,-2.7844240466717864,1,141.0,0.0002551250217948109,250.0,0.0009592499991413206,268.0,0.0037341669958550483,269.0,18.62762504100101,False,258.0,0.028296208009123802,269.0,0,0
random_regular,200,7,300,200,300,0.01507537688442211,3.0,3,3,0.0,0.0,10,5.832010050251256,0.19609741920872853,5.828456807721238,0.19609741920872853,3.0000000000000018,-2.828456807721225,1,144.0,0.00024687498807907104,258.0,0.0009607920073904097,275.0,0.003551665984559804,271.0,18.979309458984062,False,255.0,0.027893583988770843,275.0,0,0
random_regular,200,8,300,200,300,0.01507537688442211,3.0,3,3,0.0,0.02,10,5.789195979899498,0.19863024956866684,5.801509650599407,0.19863024956866684,3.0000000000000027,-2.801509650599407,1,146.0,0.0002485830045770854,249.0,0.0009683340031187981,270.0,0.003558708995115012,271.0,16.52738195800339,False,248.0,0.02925520797725767,271.0,0,0
random_regular,200,9,300,200,300,0.01507537688442211,3.0,3,3,0.0,0.01,10,5.822311557788945,0.19109112070562242,5.805634345945064,0.19109112070562242,3.0000000000000018,-2.8056343459450637,1,143.0,0.00024220897466875613,253.0,0.0013163340045139194,271.0,0.0035500419908203185,269.0,14.522449166019214,False,252.0,0.028210042015416548,271.0,0,0
random_regular,200,10,300,200,300,0.01507537688442211,3.0,3,3,0.0,0.0,9,5.683718592964824,0.2079226173308024,5.806570438878158,0.2079226173308024,2.999999999999999,-2.806570438878156,1,151.0,0.0002445410063955933,252.0,0.0009669580031186342,269.0,0.0035542499972507358,269.0,18.459005250013433,False,257.0,0.028268624999327585,269.0,0,0
random_regular,200,11,300,200,300,0.01507537688442211,3.0,3,3,0.0,0.005,10,5.8235175879396985,0.17912844028909297,5.8035197784128965,0.17912844028909297,2.999999999999999,-2.8035197784128916,1,156.0,0.00025066599482670426,252.0,0.000968583015492186,276.0,0.0035543749982025474,269.0,11.769191250001313,False,250.0,0.02670245899935253,276.0,0,0
random_regular,200,12,300,200,300,0.01507537688442211,3.0,3,3,0.0,0.005,10,5.831708542713568,0.1913296363616843,5.7797769668080115,0.1913296363616843,3.0000000000000018,-2.7797769668080137,1,150.0,0.0002415830094832927,250.0,0.0007880829798523337,271.0,0.003548582986695692,269.0,19.064634084003046,False,246.0,0.02913599999737926,271.0,0,0
random_regular,200,13,300,200,300,0.01507537688442211,3.0,3,3,0.0,0.005,10,5.765979899497488,0.1871560991696158,5.829541346676091,0.1871560991696158,2.999999999999999,-2.829541346676101,1,148.0,0.0002425840066280216,255.0,0.0007834160060156137,276.0,0.0035444160166662186,274.0,18.897236584016355,False,247.0,0.029310707992408425,276.0,0,0
random_regular,200,14,300,200,300,0.01507537688442211,3.0,3,3,0.0,0.02,10,5.815477386934673,0.2009345814531168,5.789599409501506,0.2009345814531168,3.0000000000000004,-2.7895994095015113,1,153.0,0.00024970900267362595,250.0,0.0007880000048317015,269.0,0.003556833020411432,269.0,12.900791583000682,False,250.0,0.028439124987926334,269.0,0,0
random_regular,200,15,300,200,300,0.01507537688442211,3.0,3,3,0.0,0.005,10,5.787085427135678,0.1936211745926781,5.791450276641416,0.1936211745926781,3.0,-2.791450276641417,1,163.0,0.00024916601250879467,253.0,0.0007877910102251917,270.0,0.0035527499858289957,269.0,14.068898333003744,False,254.0,0.027664708002703264,270.0,0,0
random_regular,200,16,300,200,300,0.01507537688442211,3.0,3,3,0.0,0.0,10,5.758994974874372,0.20245095329494725,5.821558930167054,0.20245095329494725,3.0000000000000013,-2.8215589301670656,1,151.0,0.0002422920078970492,260.0,0.0009624579979572445,275.0,0.00354645901825279,274.0,18.896095208008774,False,255.0,0.02581320799072273,275.0,0,0
random_regular,200,17,300,200,300,0.01507537688442211,3.0,3,3,0.0,0.005,10,5.7853266331658295,0.18557785868763618,5.804475041825,0.18557785868763618,2.9999999999999982,-2.804475041825002,1,132.0,0.0002404160040896386,247.0,0.0009571670088917017,271.0,0.0035568749881349504,269.0,18.930852374993265,False,255.0,0.02829183399444446,271.0,0,0
random_regular,200,18,300,200,300,0.01507537688442211,3.0,3,3,0.0,0.01,10,5.857839195979899,0.1772720812008874,5.79123663447177,0.1772720812008874,3.000000000000001,-2.791236634471768,1,142.0,0.0002464580175001174,246.0,0.0009624590165913105,272.0,0.0035588339960668236,267.0,18.376185291010188,False,252.0,0.027220708987442777,272.0,0,0
random_regular,200,19,300,200,300,0.01507537688442211,3.0,3,3,0.0,0.005,10,5.74643216080402,0.21800330174015398,5.790979344796023,0.21800330174015398,2.9999999999999996,-2.7909793447960216,1,154.0,0.0002431659959256649,248.0,0.0009572089766152203,273.0,0.0035532079928088933,270.0,19.304711791017326,False,255.0,0.02289791699149646,273.0,0,0
random_regular,200,20,300,200,300,0.01507537688442211,3.0,3,3,0.0,0.005,10,5.781105527638191,0.21481227525107496,5.78540862978319,0.21481227525107496,3.0000000000000018,-2.7854086297831957,1,149.0,0.00025341700529679656,258.0,0.0011628330103121698,271.0,0.00361729200812988,270.0,23.08193608300644,False,254.0,0.030623750004451722,271.0,0,0
random_regular,200,21,300,200,300,0.01507537688442211,3.0,3,3,0.0,0.005,10,5.774371859296482,0.21821652627638036,5.811399750926852,0.21821652627638036,3.0000000000000013,-2.8113997509268547,1,156.0,0.00027287498232908547,257.0,0.0009812909993343055,273.0,0.0035892919986508787,270.0,19.014292916981503,False,254.0,0.02805024999543093,273.0,0,0
random_regular,200,22,300,200,300,0.01507537688442211,3.0,3,3,0.0,0.015,10,5.914321608040201,0.17659872569914672,5.815078167951492,0.17659872569914672,3.0,-2.815078167951489,1,161.0,0.00024658298934809864,252.0,0.0009540409955661744,272.0,0.003554499999154359,270.0,16.38083637499949,False,257.0,0.02898541698232293,272.0,0,0
random_regular,200,23,300,200,300,0.01507537688442211,3.0,3,3,0.0,0.01,10,5.878391959798995,0.1657756750179119,5.824453748890475,0.1657756750179119,3.0,-2.8244537488904715,1,142.0,0.0002980410063173622,252.0,0.0010039169865194708,269.0,0.0035728329967241734,269.0,19.321671375015285,False,257.0,0.027981958992313594,269.0,0,0
random_regular,200,24,300,200,300,0.01507537688442211,3.0,3,3,0.0,0.005,10,5.782562814070352,0.19356439965254923,5.817490251510692,0.19356439965254923,3.0,-2.817490251510692,1,149.0,0.00024441699497401714,255.0,0.0011591670045163482,275.0,0.0035408749827183783,271.0,19.185367625002982,False,250.0,0.029273624997586012,275.0,0,0
random_regular,200,25,300,200,300,0.01507537688442211,3.0,3,3,0.0,0.005,10,5.789195979899498,0.19244844810098183,5.8202220995412075,0.19244844810098183,2.9999999999999973,-2.820222099541207,1,151.0,0.00025499999173916876,254.0,0.0007864999934099615,271.0,0.0035687500203493983,273.0,9.443029750022106,False,261.0,0.029453165974700823,273.0,0,0
random_regular,200,26,300,200,300,0.01507537688442211,3.0,3,3,0.0,0.01,11,5.8594472361809045,0.16232873848601695,5.810442636507153,0.16232873848601695,2.999999999999998,-2.8104426365071506,1,151.0,0.00024220801424235106,256.0,0.0011400000075809658,272.0,0.003547416999936104,269.0,19.833288375026314,False,254.0,0.02833387500140816,272.0,0,0
random_regular,200,27,300,200,300,0.01507537688442211,3.0,3,3,0.0,0.01,11,5.824321608040201,0.1952159913540601,5.803661467894427,0.1952159913540601,2.9999999999999964,-2.8036614678944267,1,141.0,0.00024774999474175274,262.0,0.001308042003074661,272.0,0.0037175409961491823,271.0,19.05501091599581,False,252.0,0.028866250009741634,272.0,0,0
random_regular,200,28,300,200,300,0.01507537688442211,3.0,3,3,0.0,0.01,10,5.786381909547739,0.19259476604554204,5.8072703991784485,0.19259476604554204,2.9999999999999982,-2.807270399178448,1,143.0,0.00024175000726245344,251.0,0.0009584159997757524,274.0,0.0035482500097714365,272.0,15.057415832998231,False,254.0,0.028053624992026016,274.0,0,0
random_regular,200,29,300,200,300,0.01507537688442211,3.0,3,3,0.0,0.0,10,5.703819095477387,0.20810898141308903,5.804409443795514,0.20810898141308903,2.999999999999999,-2.804409443795515,1,159.0,0.00026341600460000336,255.0,0.0009662089869379997,272.0,0.0035900830116588622,271.0,15.16784466599347,False,259.0,0.027891375008039176,272.0,0,0
barabasi_albert,20,0,51,20,51,0.26842105263157895,5.1,11,3,2.188606862823929,0.30752886002886004,3,1.8789473684210527,1.62644971765532,12.3435437693711,1.62644971765532,5.93099877726269,-3.7335085556330143,1,22.0,0.00014629200450144708,35.0,0.00018045800970867276,38.0,0.000333332980517298,40.0,0.008039125008508563,False,38.0,0.02428720801253803,40.0,0,0
barabasi_albert,20,1,51,20,51,0.26842105263157895,5.1,9,3,1.972308292331602,0.21523809523809523,4,1.9052631578947368,1.623949627163289,11.148218035606575,1.623949627163289,5.879151189767328,-3.8260709404689757,1,27.0,0.0001342499745078385,39.0,0.00021187501261010766,40.0,0.00026808297843672335,40.0,0.008263708994491026,False,40.0,0.023925457993755117,40.0,0,1
barabasi_albert,20,2,51,20,51,0.26842105263157895,5.1,13,2,2.879236009777594,0.4378418803418803,3,1.8578947368421053,1.5684941491977686,14.27351041598133,1.5684941491977686,6.2957289654460835,-3.776833886764298,1,22.0,0.0001560829987283796,38.0,0.00020900001982226968,36.0,0.00036037497920915484,39.0,0.008077124977717176,False,36.0,0.025776583002880216,39.0,0,0
barabasi_albert,20,3,51,20,51,0.26842105263157895,5.1,13,3,2.643860813280457,0.40411921411921414,3,1.8894736842105264,1.6024819025874166,14.142810274290676,1.6024819025874166,6.267479521272133,-3.604048788092052,1,23.0,0.0001407500240020454,37.0,0.0002096670214086771,38.0,0.0003057919966522604,39.0,0.007459624990588054,False,39.0,0.02328575000865385,39.0,0,1
barabasi_albert,20,4,51,20,51,0.26842105263157895,5.1,11,3,2.3,0.37947691197691197,3,1.9,1.6072428499471347,12.442871395422644,1.6072428499471347,6.044648154227933,-3.6706066334423983,1,24.0,0.00014425002154894173,36.0,0.000183167023351416,38.0,0.0002995000104419887,40.0,0.007476291997591034,False,36.0,0.02295733298524283,40.0,0,0
barabasi_albert,20,5,51,20,51,0.26842105263157895,5.1,12,3,2.5079872407968904,0.31854256854256857,3,1.8789473684210527,1.6777833362218055,13.27026109617095,1.6777833362218055,6.09956836729202,-3.9424164379710698,1,19.0,0.00013683299766853452,40.0,0.0002118749835062772,37.0,0.00029525000718422234,40.0,0.007546624983660877,False,40.0,0.025406250002561137,40.0,0,1
barabasi_albert,20,6,51,20,51,0.26842105263157895,5.1,12,3,2.5079872407968904,0.4126370851370851,3,1.868421052631579,1.6979538679594295,13.235006590896935,1.6979538679594295,6.125817400173228,-3.4549013381455675,1,24.0,0.00014045799616724253,36.0,0.00018804200226441026,38.0,0.0003124169888906181,38.0,0.007697166001889855,False,33.0,0.02567650002310984,38.0,0,0
barabasi_albert,20,7,51,20,51,0.26842105263157895,5.1,11,1,2.467792535850613,0.40431096681096684,4,1.9052631578947368,0.918297259896259,12.481764218987038,0.918297259896259,6.1286633552183805,-3.5702912236582858,1,23.0,0.00013666701852343976,36.0,0.00018170801922678947,39.0,0.00029587498283945024,39.0,0.007457583007635549,False,34.0,0.027521667012479156,39.0,0,0
barabasi_albert,20,8,51,20,51,0.26842105263157895,5.1,10,3,2.5670995305986875,0.2938492063492063,3,1.8421052631578947,1.7673146054510358,12.198057380213804,1.7673146054510358,6.108616225900409,-3.964317440629956,1,27.0,0.00013533301535062492,36.0,0.00021154098794795573,40.0,0.0002958750119432807,40.0,0.0076202919881325215,False,38.0,0.026331291999667883,40.0,0,0
barabasi_albert,20,9,51,20,51,0.26842105263157895,5.1,13,3,2.4269322199023193,0.4027564102564102,3,1.8736842105263158,1.6133516864085842,14.217699426284717,1.6133516864085842,6.066758605990983,-3.5784035906414258,1,30.0,0.000133916997583583,33.0,0.0001788749941624701,37.0,0.0002955000090878457,38.0,0.007431000005453825,False,37.0,0.02657420898322016,38.0,0,0
barabasi_albert,20,10,51,20,51,0.26842105263157895,5.1,12,2,2.4269322199023193,0.3183838383838384,3,1.8736842105263158,1.4010080167044592,13.268883360799204,1.4010080167044592,6.091987600218778,-3.362091546044681,1,19.0,0.00013137501082383096,36.0,0.0002642920007929206,37.0,0.0002937079989351332,39.0,0.007239708997076377,False,39.0,0.02680204200441949,39.0,0,1
barabasi_albert,20,11,51,20,51,0.26842105263157895,5.1,13,2,2.913760456866693,0.5210622710622711,3,1.8578947368421053,1.4466189897069932,14.151768424148274,1.4466189897069932,6.4278535465453075,-3.1842189054780405,1,25.0,0.0001287079940084368,37.0,0.00020808298722840846,36.0,0.00028933302382938564,37.0,0.007288041990250349,False,37.0,0.022752457996830344,37.0,0,1
barabasi_albert,20,12,51,20,51,0.26842105263157895,5.1,14,3,3.1128764832546763,0.5217632367632368,3,1.8526315789473684,1.4627412168107963,15.12016950089695,1.4627412168107963,6.534725340654861,-3.2481498851239534,1,17.0,0.0001330419909209013,35.0,0.00022004201309755445,37.0,0.00028329199994914234,37.0,0.007238999998662621,False,37.0,0.023033542005578056,37.0,0,1
barabasi_albert,20,13,51,20,51,0.26842105263157895,5.1,12,3,2.5865034312755126,0.3789502164502164,3,1.8894736842105264,1.4621431260436324,13.230804680003395,1.4621431260436324,6.204443976347774,-3.595927165560036,1,25.0,0.0001362919865641743,37.0,0.00020795900491066277,36.0,0.0002912500058300793,39.0,0.0075533330091275275,False,39.0,0.025824374984949827,39.0,0,1
barabasi_albert,20,14,51,20,51,0.26842105263157895,5.1,10,3,2.5079872407968904,0.3142460317460317,3,1.8368421052631578,1.8099525084816621,12.131585940629243,1.8099525084816621,6.049399519065287,-3.7550028902972525,1,30.0,0.00013429101090878248,36.0,0.00017987500177696347,37.0,0.00026491700555197895,39.0,0.007417042012093589,False,38.0,0.025562333001289517,39.0,0,0
barabasi_albert,20,15,51,20,51,0.26842105263157895,5.1,14,1,2.947880594596735,0.38206043956043956,3,1.831578947368421,0.970464515643671,15.13573971485122,0.970464515643671,6.374887284077481,-3.4582806676050404,1,29.0,0.00013737499830313027,34.0,0.00018158400780521333,38.0,0.0003228750138077885,38.0,0.007719999994151294,False,38.0,0.025387125002453104,38.0,0,1
barabasi_albert,20,16,51,20,51,0.26842105263157895,5.1,11,3,2.2338307903688674,0.3263888888888889,3,1.8421052631578947,1.7472765479036056,12.423071850486824,1.7472765479036056,5.95193914142668,-3.640297022394507,1,22.0,0.00013633299386128783,37.0,0.00021524998010136187,38.0,0.0003074590058531612,39.0,0.007826582994312048,False,37.0,0.02671958299470134,39.0,0,0
barabasi_albert,20,17,51,20,51,0.26842105263157895,5.1,9,3,1.9974984355438177,0.33055555555555555,4,1.9263157894736842,1.47009951140225,10.71570151796982,1.47009951140225,5.804686965262569,-3.837196931722613,1,23.0,0.00013412500265985727,37.0,0.00020687500364147127,39.0,0.0003007079940289259,40.0,0.007313542009796947,False,39.0,0.026930624997476116,40.0,0,0
barabasi_albert,20,18,51,20,51,0.26842105263157895,5.1,14,1,3.047950130825634,0.3851914751914752,3,1.8368421052631578,0.9528251153633253,15.138085560697993,0.9528251153633253,6.471568561377907,-3.3521780037556725,1,21.0,0.0001305839978158474,38.0,0.00018520798766985536,36.0,0.0002982090227305889,38.0,0.007568375003756955,False,38.0,0.026391584018711,38.0,0,1
barabasi_albert,20,19,51,20,51,0.26842105263157895,5.1,12,3,2.364318083507378,0.3029004329004329,3,1.8631578947368421,1.3169883939589948,13.268452227971276,1.3169883939589948,6.0594413833222625,-3.725606645086694,1,25.0,0.00013275002129375935,35.0,0.00017754099098965526,39.0,0.0002954999799840152,39.0,0.007500540988985449,False,38.0,0.025919874984538183,39.0,0,0
barabasi_albert,20,20,51,20,51,0.26842105263157895,5.1,12,3,2.3853720883753127,0.2902164502164502,3,1.8789473684210527,1.7434279397582095,13.26636189464363,1.7434279397582095,6.102587357346609,-3.58695463128922,1,17.0,0.0001309590006712824,36.0,0.00017824998940341175,37.0,0.0002896249934565276,39.0,0.007470042008208111,False,36.0,0.02539824999985285,39.0,0,0
barabasi_albert,20,21,51,20,51,0.26842105263157895,5.1,15,3,2.99833287011299,0.471017316017316,3,1.8210526315789475,1.6626753802326784,16.108331635703664,1.6626753802326784,6.3592816478074345,-3.7236985541057996,1,26.0,0.00013670901535078883,36.0,0.00018595799338072538,37.0,0.00033304200042039156,38.0,0.007700542017119005,False,37.0,0.025971958006266505,38.0,0,0
barabasi_albert,20,22,51,20,51,0.26842105263157895,5.1,12,3,2.861817604250837,0.4258585858585858,3,1.8368421052631578,1.7764014702781903,13.541572269141922,1.7764014702781903,6.2398831232696494,-3.7626034432888162,1,24.0,0.00013379199663177133,35.0,0.00017829099670052528,38.0,0.0002995000104419887,39.0,0.007521041989093646,False,39.0,0.023077582998666912,39.0,0,1
barabasi_albert,20,23,51,20,51,0.26842105263157895,5.1,11,2,2.5475478405713994,0.3865800865800866,3,1.8894736842105264,1.4331446289684995,12.36584414367162,1.4331446289684995,6.151217157045702,-3.567650693262552,1,28.0,0.00014420802472159266,37.0,0.0001875830057542771,36.0,0.000321083003655076,39.0,0.007615417009219527,False,35.0,0.02495375002035871,39.0,0,0
barabasi_albert,20,24,51,20,51,0.26842105263157895,5.1,11,2,2.3853720883753127,0.39468253968253963,3,1.868421052631579,1.6383764857403065,12.32006632087592,1.6383764857403065,6.004837717714942,-3.5012897372723435,1,24.0,0.00014325001393444836,38.0,0.00023666699416935444,38.0,0.00030499999411404133,38.0,0.007526209024945274,False,35.0,0.022089167003287002,38.0,0,0
barabasi_albert,20,25,51,20,51,0.26842105263157895,5.1,13,3,2.7730849247724096,0.4713461538461538,3,1.8578947368421053,1.7125675454534306,14.201788865485343,1.7125675454534306,6.231265585631226,-3.461036579185232,1,20.0,0.00013687499449588358,35.0,0.0001759579754434526,39.0,0.0002957920078188181,39.0,0.007657042006030679,False,38.0,0.02293970898608677,39.0,0,0
barabasi_albert,20,26,51,20,51,0.26842105263157895,5.1,10,1,2.6438608132804573,0.28238095238095234,3,1.9,0.9244624811969706,12.009113235985891,0.9244624811969706,6.272166161531489,-3.80066093784868,1,22.0,0.00013270802446641028,39.0,0.00017804201343096793,40.0,0.00028875001589767635,40.0,0.007407791999867186,False,40.0,0.02341566700488329,40.0,0,1
barabasi_albert,20,27,51,20,51,0.26842105263157895,5.1,12,1,2.879236009777594,0.42938311688311687,3,1.8894736842105264,0.95334768220075,13.273222523403495,0.95334768220075,6.452601324195401,-3.531085078593485,1,31.0,0.0001373330014757812,36.0,0.00018070798250846565,36.0,0.00028866701177321374,39.0,0.007624959020176902,False,39.0,0.02443379198666662,39.0,0,1
barabasi_albert,20,28,51,20,51,0.26842105263157895,5.1,12,2,2.6438608132804573,0.4064502164502165,3,1.9105263157894736,1.2207485967235647,13.222425471305888,1.2207485967235647,6.316877899353187,-3.3652898584559505,1,26.0,0.00013395800488069654,37.0,0.00020212499657645822,37.0,0.0003203750238753855,39.0,0.007591540983412415,False,38.0,0.024066207988653332,39.0,0,0
barabasi_albert,20,29,51,20,51,0.26842105263157895,5.1,10,3,2.2781571499789033,0.31916666666666665,3,1.8789473684210527,1.6445299718197774,11.717544043812827,1.6445299718197774,6.018084954107217,-3.6098044797810016,1,29.0,0.0001373330014757812,35.0,0.0002085830201394856,37.0,0.00030504202004522085,39.0,0.00832595900283195,False,38.0,0.024724958988372236,39.0,0,0
barabasi_albert,50,0,141,50,141,0.11510204081632654,5.64,19,3,3.502913073429028,0.1459358974358974,4,2.299591836734694,1.5942823535651722,20.376777248606942,1.5942823535651722,7.5970665957737396,-5.000983906711318,1,72.0,0.00016549997963011265,102.0,0.0004248750046826899,102.0,0.00073441700078547,113.0,0.03398049998213537,False,106.0,0.02686991699738428,113.0,0,0
barabasi_albert,50,1,141,50,141,0.11510204081632654,5.64,19,3,3.8249705881222145,0.1558988912704083,4,2.269387755102041,1.536477485426034,20.517267128218403,1.536477485426034,7.786737794405283,-5.029212775690379,1,70.0,0.0001761250023264438,105.0,0.00030762498499825597,102.0,0.000625832995865494,112.0,0.03456316699157469,False,103.0,0.025796375004574656,112.0,0,0
barabasi_albert,50,2,141,50,141,0.11510204081632654,5.64,25,2,4.74872614497825,0.36347192982456134,5,2.2253061224489796,1.2952207554265773,26.214230157892253,1.2952207554265773,8.503097317007281,-5.109698987274451,1,69.0,0.00016083300579339266,101.0,0.000304749992210418,100.0,0.0006185839883983135,107.0,0.03354729097918607,False,104.0,0.026318250020267442,107.0,0,0
barabasi_albert,50,3,141,50,141,0.11510204081632654,5.64,18,3,3.637361681218957,0.22008683473389354,4,2.333877551020408,1.4331743059587032,19.607236415313867,1.4331743059587032,7.9063119454447435,-4.524127512139404,1,72.0,0.00016391600365750492,101.0,0.00038320900057442486,104.0,0.0006343749992083758,105.0,0.03552479200880043,False,105.0,0.027337459003319964,105.0,0,1
barabasi_albert,50,4,141,50,141,0.11510204081632654,5.64,18,3,3.5707702250354894,0.21247720906544437,4,2.3134693877551022,1.4550232260852056,19.456020738166707,1.4550232260852056,7.778161596837851,-4.53663477638233,1,68.0,0.00015566698857583106,99.0,0.00038174999644979835,98.0,0.0006944170163478702,106.0,0.05162954199477099,False,105.0,0.02726074997917749,106.0,0,0
barabasi_albert,50,5,141,50,141,0.11510204081632654,5.64,16,3,3.2909573075322625,0.16466028416028414,4,2.3387755102040817,1.2886801049548484,17.62400459252719,1.2886801049548484,7.515192303623211,-4.509808521865314,1,69.0,0.00015758301015011966,104.0,0.00037987501127645373,104.0,0.0006244159885682166,109.0,0.04046095800003968,False,105.0,0.025815958011662588,109.0,0,0
barabasi_albert,50,6,141,50,141,0.11510204081632654,5.64,20,3,3.8872097962420296,0.21351561166731442,4,2.28,1.5257339824513856,21.330185363218433,1.5257339824513856,7.908177697617949,-5.049651405742377,1,72.0,0.00016083300579339266,103.0,0.0004575829952955246,102.0,0.0006161250057630241,109.0,0.05329229199560359,False,101.0,0.02737145801074803,109.0,0,0
barabasi_albert,50,7,141,50,141,0.11510204081632654,5.64,17,3,3.5931045072471797,0.22263987319869671,4,2.320816326530612,1.3177200433437875,18.51127162466218,1.3177200433437875,7.758713143499159,-4.533566175427541,1,77.0,0.00015800000983290374,100.0,0.00037900000461377203,102.0,0.0006216249894350767,108.0,0.04693770900485106,False,104.0,0.026901874982286245,108.0,0,0
barabasi_albert,50,8,141,50,141,0.11510204081632654,5.64,19,3,3.9281547831010935,0.26210816084500294,4,2.290612244897959,1.35382361247302,20.7827068967723,1.35382361247302,7.893543206901157,-5.054334020775565,1,68.0,0.00016191598842851818,99.0,0.0005309169937390834,109.0,0.0006909589865244925,111.0,0.05127633397933096,False,109.0,0.024888458981877193,111.0,0,0
barabasi_albert,50,9,141,50,141,0.11510204081632654,5.64,23,3,4.107359248957899,0.2489294087554957,4,2.2612244897959184,1.5792253833828478,24.22160281584972,1.5792253833828478,7.990281529198292,-4.772131898118536,1,80.0,0.00015929201617836952,103.0,0.00045604101615026593,104.0,0.0006922079774085432,106.0,0.0484482079918962,False,106.0,0.02707874999032356,106.0,0,1
barabasi_albert,50,10,141,50,141,0.11510204081632654,5.64,17,3,3.7723202409127463,0.2478492847022259,4,2.3077551020408165,1.4659123905666744,18.975369304678203,1.4659123905666744,7.845600617967039,-4.951833901332162,1,63.0,0.0001569580053910613,105.0,0.00037650001468136907,102.0,0.0006219999922905117,109.0,0.05061075001140125,False,102.0,0.027141917002154514,109.0,0,0
barabasi_albert,50,11,141,50,141,0.11510204081632654,5.64,24,3,4.302371439101929,0.32251318653378147,4,2.2375510204081634,1.5818782258235733,25.17000191156632,1.5818782258235733,8.187364315525716,-4.560549791578652,1,75.0,0.00016087500262074172,98.0,0.00038233399391174316,104.0,0.0007029169937595725,106.0,0.03649095800938085,False,103.0,0.026662457996280864,106.0,0,0
barabasi_albert,50,12,141,50,141,0.11510204081632654,5.64,19,3,3.6318590281011733,0.20116607369238948,4,2.3387755102040817,1.4635554514018114,20.272404730896127,1.4635554514018114,7.9193620438447,-4.371961821638115,1,66.0,0.00015916599659249187,103.0,0.00045237498125061393,103.0,0.0006223750242497772,107.0,0.04480329199577682,False,104.0,0.027040082990424708,107.0,0,0
barabasi_albert,50,13,141,50,141,0.11510204081632654,5.64,18,3,3.713542782842282,0.23889012947836477,4,2.306938775510204,1.4923801252066933,19.409232996213156,1.4923801252066933,7.833164029888475,-4.660687460601519,1,70.0,0.00015812498168088496,100.0,0.00030662500648759305,101.0,0.000624749984126538,110.0,0.06945141599862836,False,104.0,0.02757104201009497,110.0,0,0
barabasi_albert,50,14,141,50,141,0.11510204081632654,5.64,24,3,3.8974863694437727,0.2254809007417703,4,2.299591836734694,1.4190083886713338,25.14043897332158,1.4190083886713338,7.939160455687935,-4.746350471014089,1,84.0,0.00017750001279637218,103.0,0.0004143330152146518,108.0,0.0007715000247117132,110.0,0.03614504198776558,False,107.0,0.027691874973243102,110.0,0,0
barabasi_albert,50,15,141,50,141,0.11510204081632654,5.64,24,1,4.01875602643405,0.24415552080769473,4,2.289795918367347,0.9650887600667567,25.15221388940602,0.9650887600667567,8.068976848155172,-4.63679384418797,1,65.0,0.0001594159984961152,99.0,0.00038187499740161,101.0,0.0006861669826321304,108.0,0.0350814999837894,False,108.0,0.02703558301436715,108.0,0,1
barabasi_albert,50,16,141,50,141,0.11510204081632654,5.64,18,3,3.497198879103103,0.1918543515308221,4,2.2979591836734694,1.5068067196162007,19.49261133822913,1.5068067196162007,7.589070006359323,-4.782774240820842,1,61.0,0.00015712500317022204,101.0,0.0003819999983534217,107.0,0.000626207998720929,108.0,0.03035950000048615,False,106.0,0.02650695899501443,108.0,0,0
barabasi_albert,50,17,141,50,141,0.11510204081632654,5.64,17,3,3.9987998199459796,0.23740528752293458,4,2.2579591836734694,1.614918852881949,18.647541802624147,1.614918852881949,7.775986501262782,-4.767538926082122,1,72.0,0.00015733399777673185,100.0,0.00038045900873839855,108.0,0.0006162499776110053,109.0,0.0334244999976363,False,104.0,0.028444916009902954,109.0,0,0
barabasi_albert,50,18,141,50,141,0.11510204081632654,5.64,24,1,4.376117000264047,0.26824711748968044,4,2.257142857142857,0.9515110783178019,25.195897367290577,0.9515110783178019,8.343139526554843,-4.85412646441172,1,64.0,0.00015875001554377377,96.0,0.00046133401338011026,103.0,0.0006252920138649642,111.0,0.05047774998820387,False,109.0,0.02707362500950694,111.0,0,0
barabasi_albert,50,19,141,50,141,0.11510204081632654,5.64,23,3,3.9937951875377884,0.24077357907792687,4,2.266122448979592,1.3966099797022016,24.189392428274544,1.3966099797022016,7.894736502084603,-5.207093942805485,1,64.0,0.00015337500371970236,105.0,0.00038087498978711665,107.0,0.0006250830192584544,106.0,0.03085612499853596,False,107.0,0.027074625017121434,107.0,0,1
barabasi_albert,50,20,141,50,141,0.11510204081632654,5.64,19,3,3.6428560224087914,0.1941948168790274,4,2.317551020408163,1.5042527261361462,20.329939610616627,1.5042527261361462,7.743115384328657,-4.712963879932343,1,60.0,0.00015754200285300612,106.0,0.0003852499939966947,110.0,0.0006952499970793724,110.0,0.03419320800458081,False,106.0,0.027795790985692292,110.0,0,0
barabasi_albert,50,21,141,50,141,0.11510204081632654,5.64,22,3,3.5143135887396277,0.22329082029082026,4,2.3420408163265307,1.3557180205019137,23.16062762087276,1.3557180205019137,7.723694333505753,-4.503436328390647,1,71.0,0.0001545000122860074,105.0,0.000528125005075708,102.0,0.0006969170062802732,109.0,0.03586770797846839,False,106.0,0.027911792014492676,109.0,0,0
barabasi_albert,50,22,141,50,141,0.11510204081632654,5.64,23,3,4.073131473448899,0.2574917235738342,4,2.28,1.4195552983829407,24.19227604397674,1.4195552983829407,8.024893275209294,-4.899910909207819,1,77.0,0.00016037499881349504,100.0,0.0003783749998547137,105.0,0.0006237920024432242,106.0,0.03599687499809079,False,107.0,0.027764500002376735,106.0,1,0
barabasi_albert,50,23,141,50,141,0.11510204081632654,5.64,16,3,3.735023426968029,0.21433150183150182,4,2.324081632653061,1.3977966478082733,18.083278058153628,1.3977966478082733,7.831940673371674,-4.588586144476543,1,74.0,0.00015725000412203372,100.0,0.00037762499414384365,105.0,0.0006175829912535846,111.0,0.03562120799324475,False,105.0,0.02684316600789316,111.0,0,0
barabasi_albert,50,24,141,50,141,0.11510204081632654,5.64,23,2,4.542070012670433,0.35443750935055285,4,2.2155102040816326,1.499805146635409,24.19264291300189,1.499805146635409,8.21812087453209,-4.690313679616365,1,65.0,0.00015879099373705685,105.0,0.0003827500040642917,107.0,0.0006865000177640468,108.0,0.034834416990634054,False,108.0,0.025168916006805375,108.0,0,1
barabasi_albert,50,25,141,50,141,0.11510204081632654,5.64,20,3,3.74571755475503,0.19195344868409883,4,2.3044897959183674,1.3728193288959127,21.388765770293162,1.3728193288959127,7.748436182704616,-4.9736757562641225,1,74.0,0.0001755419943947345,101.0,0.00046070897951722145,105.0,0.0007119580113794655,110.0,0.036186707991873845,False,107.0,0.026238541991915554,110.0,0,0
barabasi_albert,50,26,141,50,141,0.11510204081632654,5.64,22,1,3.8769059828682977,0.25513741813741814,4,2.302857142857143,0.926465219558358,23.179425243008396,0.926465219558358,7.965704538600658,-4.769407198631663,1,69.0,0.00016158301150426269,103.0,0.0003797090030275285,107.0,0.0006991249974817038,108.0,0.035347458004252985,False,107.0,0.027842959010740742,108.0,0,0
barabasi_albert,50,27,141,50,141,0.11510204081632654,5.64,23,1,4.008790341237615,0.2127071286201721,4,2.2848979591836733,0.9639853054530374,24.207815134977714,0.9639853054530374,8.037959469609582,-4.956903983112795,1,66.0,0.00015654199523851275,101.0,0.0003855419927276671,107.0,0.0006228330021258444,108.0,0.03330516701680608,False,108.0,0.02639800001634285,108.0,0,1
barabasi_albert,50,28,141,50,141,0.11510204081632654,5.64,20,2,4.146130726351981,0.2880857274820123,4,2.299591836734694,1.4330951969238457,21.324661259737994,1.4330951969238457,8.275852259771977,-4.913944409354135,1,69.0,0.00015645800158381462,105.0,0.00046304200077429414,106.0,0.0006940419843886048,110.0,1.108055416989373,False,104.0,0.029950625001220033,110.0,0,0
barabasi_albert,50,29,141,50,141,0.11510204081632654,5.64,20,3,3.8562157615984094,0.1999268760135633,4,2.2783673469387753,1.4931696240171566,21.328491952605773,1.4931696240171566,7.90190039428966,-4.655789014261896,1,80.0,0.0001674999948590994,102.0,0.0004705419996753335,104.0,0.0007104999967850745,107.0,0.03962579200742766,False,106.0,0.027332249999744818,107.0,0,0
barabasi_albert,100,0,291,100,291,0.058787878787878785,5.82,30,3,4.602999022376608,0.10459857706318687,4,2.578989898989899,1.513779654241853,31.2325046240831,1.513779654241853,8.955587838001605,-5.816637742457647,1,153.0,0.00021316698985174298,206.0,0.0006724590202793479,209.0,0.001339958020253107,225.0,1.3839949170069303,False,223.0,0.02733179199276492,225.0,0,0
barabasi_albert,100,1,291,100,291,0.058787878787878785,5.82,31,3,4.840206607160485,0.1334743692986839,5,2.5804040404040403,1.2995294326743096,32.38098799238479,1.2995294326743096,9.198028709557992,-5.897053815464691,1,153.0,0.00020808400586247444,219.0,0.0008360409992747009,223.0,0.0015014579985290766,227.0,2.2155044579994865,False,217.0,0.028021083009662107,227.0,0,0
barabasi_albert,100,2,291,100,291,0.058787878787878785,5.82,33,3,5.1776056242243875,0.18977595879066467,5,2.573737373737374,1.3578725133069525,34.245157519653866,1.3578725133069525,9.688010160558534,-5.954892544302414,1,141.0,0.00021133298287168145,211.0,0.0006750829925294966,209.0,0.0013641249970532954,221.0,3.9316392079927027,False,218.0,0.02654354099649936,221.0,0,0
barabasi_albert,100,3,291,100,291,0.058787878787878785,5.82,30,3,4.285743809422117,0.12929770416989306,5,2.6422222222222222,1.3186553462848156,31.199411124515386,1.3186553462848156,9.042417740852537,-5.680154601914403,1,147.0,0.00021166700753383338,206.0,0.0006742500117979944,215.0,0.0015066250052768737,223.0,2.1260440000041854,False,222.0,0.02860399999190122,223.0,0,0
barabasi_albert,100,4,291,100,291,0.058787878787878785,5.82,27,3,4.883400454601282,0.1487778549573946,4,2.568080808080808,1.4151093535864756,28.46876615477135,1.4151093535864756,9.281597408930331,-5.757784927288025,1,143.0,0.0002134589885827154,207.0,0.0005202500033192337,218.0,0.0015071250090841204,220.0,1.5393962920061313,False,223.0,0.027616333012701944,220.0,1,0
barabasi_albert,100,5,291,100,291,0.058787878787878785,5.82,28,3,4.472985580124308,0.14316749366406115,4,2.5965656565656565,1.4311084614897185,29.27102719026434,1.4311084614897185,8.953865870094123,-5.666501476931744,1,140.0,0.00021045899484306574,208.0,0.0006724580016452819,216.0,0.0013512909936252981,225.0,2.4550875420100056,False,219.0,0.0289291660010349,225.0,0,0
barabasi_albert,100,6,291,100,291,0.058787878787878785,5.82,31,3,4.676280573276159,0.13131283027499252,4,2.5935353535353536,1.4279558291895302,32.21895738039247,1.4279558291895302,9.141549048969146,-5.9778096823137075,1,149.0,0.0002138750278390944,206.0,0.0008342500077560544,219.0,0.0013582920073531568,225.0,2.525648375012679,False,225.0,0.026324540987843648,225.0,0,1
barabasi_albert,100,7,291,100,291,0.058787878787878785,5.82,28,3,4.618181460271999,0.14076022126022125,4,2.584848484848485,1.4275327906236577,29.394537320359937,1.4275327906236577,9.106125352352965,-5.508767522579008,1,151.0,0.00022899999748915434,216.0,0.0008325419912580401,215.0,0.0015617909957654774,221.0,0.19896291600889526,False,220.0,0.02533995799603872,221.0,0,0
barabasi_albert,100,8,291,100,291,0.058787878787878785,5.82,28,3,4.674141632428356,0.16238723172252584,4,2.5854545454545454,1.4000202282600474,29.37907616540324,1.4000202282600474,9.074457903474718,-5.831784997295008,1,146.0,0.00021366702276282012,214.0,0.0006774580106139183,211.0,0.0013559999933931977,226.0,4.937921915989136,False,215.0,0.028571208007633686,226.0,0,0
barabasi_albert,100,9,291,100,291,0.058787878787878785,5.82,33,3,4.93432872840876,0.15018207506288,4,2.5668686868686867,1.469049118052243,34.20996384812108,1.469049118052243,9.264794672636675,-5.865800227043881,1,159.0,0.00023320899344980717,212.0,0.0008600000001024455,213.0,0.0015449999773409218,227.0,2.536900625011185,False,220.0,0.028320875018835068,227.0,0,0
barabasi_albert,100,10,291,100,291,0.058787878787878785,5.82,25,3,4.513047750689106,0.15399209320091672,4,2.6107070707070705,1.4021998635036959,26.505197107261225,1.4021998635036959,9.01827238222837,-5.593762226904735,1,134.0,0.00020462498650886118,203.0,0.0006932909891474992,216.0,0.001539416000014171,217.0,1.8478310830250848,False,215.0,0.02740929098217748,217.0,0,0
barabasi_albert,100,11,291,100,291,0.058787878787878785,5.82,35,3,5.101725198401028,0.20280889664763904,4,2.56,1.451287617612164,36.15654346925044,1.451287617612164,9.568564456880427,-5.6387950074411535,1,150.0,0.0002118330157827586,215.0,0.0008347499824594706,210.0,0.001658875000430271,223.0,0.3369885419961065,False,217.0,0.024822959006996825,223.0,0,0
barabasi_albert,100,12,291,100,291,0.058787878787878785,5.82,24,3,4.227008398382951,0.12744628816092,5,2.6634343434343433,1.3642426819780191,25.427448390162656,1.3642426819780191,9.009405761041092,-5.247059642817617,1,140.0,0.00020745801157318056,213.0,0.000987500010523945,215.0,0.001513374998467043,222.0,2.350365083984798,False,211.0,0.027119249978568405,222.0,0,0
barabasi_albert,100,13,291,100,291,0.058787878787878785,5.82,27,3,4.689093729069618,0.12549449867746407,4,2.5927272727272728,1.3936370988347728,28.420041519906487,1.3936370988347728,9.164010005973742,-5.731333364736161,1,142.0,0.00020845900871790946,213.0,0.0009803329885471612,212.0,0.0016500829951837659,225.0,4.595867999974871,False,215.0,0.027759249991504475,225.0,0,0
barabasi_albert,100,14,291,100,291,0.058787878787878785,5.82,33,3,4.508613977709779,0.09327518276357286,5,2.6121212121212123,1.3514785616706015,34.15291735094149,1.3514785616706015,9.07410637185292,-5.7244467975492075,1,167.0,0.00021779199596494436,214.0,0.0008336249738931656,216.0,0.0015022080042399466,225.0,4.885934666002868,False,225.0,0.028339415992377326,225.0,0,1
barabasi_albert,100,15,291,100,291,0.058787878787878785,5.82,40,2,4.996758949559204,0.14830445577814,4,2.5583838383838384,1.252140983669948,41.10605729094222,1.252140983669948,9.375263898414191,-6.196553638796059,1,151.0,0.000213916995562613,210.0,0.0008333750010933727,219.0,0.0015191250131465495,224.0,3.8049081249919254,False,221.0,0.028166500007500872,224.0,0,0
barabasi_albert,100,16,291,100,291,0.058787878787878785,5.82,25,3,4.416740879879642,0.12555569251496024,5,2.5947474747474746,1.4001736703565686,26.599301985645933,1.4001736703565686,8.827859219908126,-5.615638909204735,1,140.0,0.000211750011658296,213.0,0.0006799589900765568,213.0,0.001513750001322478,224.0,4.852046749991132,False,224.0,0.0284064169973135,224.0,0,1
barabasi_albert,100,17,291,100,291,0.058787878787878785,5.82,23,3,4.708248081824068,0.1486604741110731,4,2.5802020202020204,1.4705759737249142,24.757127296200952,1.4705759737249142,8.983225485404674,-5.747496804156144,1,144.0,0.00021025000023655593,212.0,0.0008294590224977583,222.0,0.001362334005534649,225.0,0.21920254098949954,False,215.0,0.02817987502203323,225.0,0,0
barabasi_albert,100,18,291,100,291,0.058787878787878785,5.82,35,1,5.0505049252525245,0.15196391310787594,5,2.5866666666666664,0.9562990556040393,36.18769267120891,0.9562990556040393,9.641138904155202,-6.029424171247136,1,144.0,0.00020866701379418373,208.0,0.0006817499815952033,218.0,0.001354083011392504,228.0,2.100751666992437,False,211.0,0.029787041014060378,228.0,0,0
barabasi_albert,100,19,291,100,291,0.058787878787878785,5.82,34,3,4.641939249925618,0.13366241502175005,5,2.6014141414141414,1.3882688860917924,35.157851722877155,1.3882688860917924,9.078627347974884,-6.277700390812978,1,150.0,0.00021770800231024623,210.0,0.0006803330034017563,225.0,0.0016554589965380728,229.0,1.6710708749888,False,220.0,0.02876866701990366,229.0,0,0
barabasi_albert,100,20,291,100,291,0.058787878787878785,5.82,29,3,4.439324272904605,0.12152533989415548,5,2.6298989898989897,1.2674872392151009,30.265009395434717,1.2674872392151009,8.966427637957512,-5.527417614231979,1,137.0,0.000206666998565197,207.0,0.0006732920010108501,211.0,0.0014972920180298388,224.0,2.255351583007723,False,224.0,0.028879958990728483,224.0,0,1
barabasi_albert,100,21,291,100,291,0.058787878787878785,5.82,33,3,4.501955130829271,0.1546045478037166,4,2.6195959595959595,1.3775143822487022,34.16002260452865,1.3775143822487022,9.08211357840976,-5.545692336167808,1,152.0,0.00021508400095626712,211.0,0.0006752079934813082,212.0,0.0016443339991383255,221.0,0.1782650420209393,False,213.0,0.02563583297887817,221.0,0,0
barabasi_albert,100,22,291,100,291,0.058787878787878785,5.82,36,3,5.299773580069248,0.1968239898989899,4,2.54989898989899,1.3103512404443096,37.26572365747892,1.3103512404443096,9.700320031471524,-6.121999854993012,1,148.0,0.00022112499573267996,215.0,0.0006773329805582762,216.0,0.001649125013500452,217.0,2.456880165991606,False,220.0,0.027908624993870035,217.0,1,0
barabasi_albert,100,23,291,100,291,0.058787878787878785,5.82,30,3,4.893628510624811,0.12355219753201498,4,2.567070707070707,1.457733286358299,31.288295535631327,1.457733286358299,9.264412746088809,-5.6117892557763005,1,146.0,0.00021316698985174298,215.0,0.0008306249801535159,220.0,0.0014837080088909715,223.0,1.6312775829865132,False,219.0,0.027958250022493303,223.0,0,0
barabasi_albert,100,24,291,100,291,0.058787878787878785,5.82,39,3,5.662826149547591,0.18533558449347923,4,2.486060606060606,1.411095439957913,40.138432368451646,1.411095439957913,9.79412187457999,-6.227038524267658,1,135.0,0.0002115420065820217,211.0,0.0006764590216334909,211.0,0.001659250003285706,220.0,4.75658412501798,False,213.0,0.028819667000789195,220.0,0,0
barabasi_albert,100,25,291,100,291,0.058787878787878785,5.82,31,3,4.8195020489673,0.1426137938373532,4,2.583030303030303,1.404627608131101,32.27606218201809,1.404627608131101,9.144703640518992,-6.062370857761561,1,145.0,0.000213540974073112,214.0,0.000684458005707711,222.0,0.0015176250017248094,221.0,3.543361666990677,False,223.0,0.030286708992207423,222.0,1,0
barabasi_albert,100,26,291,100,291,0.058787878787878785,5.82,32,1,4.88749424552091,0.15855364210398165,4,2.5802020202020204,0.9441550318237346,33.227242616617744,0.9441550318237346,9.378860548833432,-5.910500184161314,1,144.0,0.00021079200087115169,203.0,0.0006735420029144734,218.0,0.0015067080094013363,227.0,2.750868500006618,False,214.0,0.029401459003565833,227.0,0,0
barabasi_albert,100,27,291,100,291,0.058787878787878785,5.82,36,3,4.800791601392421,0.13083258932330138,5,2.601212121212121,1.2415604132610716,37.14092828776208,1.2415604132610716,9.343843604947804,-6.078065576669553,1,143.0,0.00021258302149362862,207.0,0.0006763750279787928,214.0,0.001507541019236669,227.0,4.934584083006484,False,225.0,0.030438499990850687,227.0,0,0
barabasi_albert,100,28,291,100,291,0.058787878787878785,5.82,33,2,5.404405610240595,0.19594604835159754,4,2.5246464646464646,1.440239363348467,34.24500673388624,1.440239363348467,9.847254608522832,-5.97934270749967,1,153.0,0.00021741699310950935,218.0,0.0006932910182513297,219.0,0.0015291669988073409,227.0,2.609633832995314,False,213.0,0.027262540999799967,227.0,0,0
barabasi_albert,100,29,291,100,291,0.058787878787878785,5.82,33,3,5.044561427914226,0.1600537260862135,4,2.546666666666667,1.4338669238569002,34.272577783476315,1.4338669238569002,9.41399217473041,-5.955827858206133,1,157.0,0.00021075000404380262,213.0,0.0008334169979207218,214.0,0.0013540000072680414,221.0,4.623717167007271,False,223.0,0.026860667014261708,221.0,1,0
barabasi_albert,200,0,591,200,591,0.029698492462311557,5.91,47,3,5.489253136811966,0.0888680311718085,5,2.8608040201005025,1.3673546992286723,48.159948612699395,1.3673546992286723,10.383488788684922,-6.912940390578759,1,294.0,0.0002996250113938004,425.0,0.001571958011481911,424.0,0.004129666020162404,445.0,20.799062374979258,False,442.0,0.029765167011646554,445.0,0,0
barabasi_albert,200,1,591,200,591,0.029698492462311557,5.91,43,3,5.882337970569186,0.12030067253636562,5,2.8313065326633167,1.3028759311491216,44.344768249890286,1.3028759311491216,10.737217403647538,-6.7429647215124735,1,314.0,0.0003089579986408353,445.0,0.0015823330031707883,437.0,0.004138917021919042,447.0,19.154695916979108,False,446.0,0.031320625013904646,447.0,0,0
barabasi_albert,200,2,591,200,591,0.029698492462311557,5.91,50,3,6.0176324247996416,0.1024587520089541,5,2.8376884422110553,1.3513306746468996,51.201741462327604,1.3513306746468996,11.14755338752397,-7.199284389390763,1,289.0,0.00030387501465156674,428.0,0.0012620410125236958,430.0,0.004142374993534759,449.0,19.002476749999914,False,445.0,0.029113208991475403,449.0,0,0
barabasi_albert,200,3,591,200,591,0.029698492462311557,5.91,43,3,5.178986387315572,0.08646958633901891,5,2.9302010050251255,1.3335582827812114,44.18882292833702,1.3335582827812114,10.47546994417452,-6.999889277386771,1,308.0,0.0003069589729420841,437.0,0.0015779999957885593,451.0,0.004785041994182393,460.0,22.344227250025142,False,445.0,0.029233209002995864,460.0,0,0
barabasi_albert,200,4,591,200,591,0.029698492462311557,5.91,39,3,6.014307940237181,0.09333258491065638,5,2.807185929648241,1.3878641289050893,40.92848932586835,1.3878641289050893,10.871961958303096,-7.119906614894239,1,288.0,0.0003078749869018793,436.0,0.001901041978271678,447.0,0.004146791994571686,455.0,21.48692637498607,False,434.0,0.03027712501352653,455.0,0,0
barabasi_albert,200,5,591,200,591,0.029698492462311557,5.91,37,3,5.242318189503572,0.08486538089355404,5,2.8949748743718593,1.2029429734430004,38.31861141367705,1.2029429734430004,10.15397402642554,-6.678977108349878,1,294.0,0.00030499999411404133,428.0,0.0015860000276006758,436.0,0.0044517089845612645,452.0,21.989553042018088,False,443.0,0.027200166980037466,452.0,0,0
barabasi_albert,200,6,591,200,591,0.029698492462311557,5.91,46,3,5.417739380959553,0.10113289215489829,5,2.8823618090452263,1.2751734111271789,47.177200119954364,1.2751734111271789,10.504708601657448,-6.91313956620607,1,293.0,0.0003597080067265779,417.0,0.0016152500174939632,440.0,0.004699084005551413,449.0,20.46818191697821,False,440.0,0.02598170901183039,449.0,0,0
barabasi_albert,200,7,591,200,591,0.029698492462311557,5.91,40,3,5.3676717485330645,0.10045194936129867,5,2.885628140703518,1.3293559074386683,41.33231757835298,1.3293559074386683,10.432125974254763,-6.432642173532603,1,306.0,0.00030970797524787486,432.0,0.001580000011017546,430.0,0.004140542005188763,451.0,20.524546166998334,False,454.0,0.03030824998859316,451.0,1,0
barabasi_albert,200,8,591,200,591,0.029698492462311557,5.91,38,3,5.3133699287740175,0.09728504041142172,5,2.8906532663316584,1.3293271150152048,39.57856198516795,1.3293271150152048,10.298827611957726,-6.772578807920066,1,295.0,0.0003077919827774167,430.0,0.0015812500205356628,431.0,0.004166750004515052,451.0,16.46120275001158,False,443.0,0.030007624998688698,451.0,0,0
barabasi_albert,200,9,591,200,591,0.029698492462311557,5.91,39,3,5.2385016941869935,0.08649720122117925,5,2.909849246231156,1.3170384672325628,40.278435593676036,1.3170384672325628,10.281945970184093,-6.588986229712244,1,321.0,0.000308749993564561,424.0,0.0015794589999131858,442.0,0.004135584022151306,449.0,20.728469207999296,False,442.0,0.029140791011741385,449.0,0,0
barabasi_albert,200,10,591,200,591,0.029698492462311557,5.91,34,3,5.105085699574494,0.09449676276667456,5,2.9203015075376886,1.313561755720209,35.55297602559982,1.313561755720209,10.235369028824653,-6.439349062994124,1,290.0,0.0003068339719902724,429.0,0.0018940419831778854,454.0,0.004156833980232477,456.0,21.97761250002077,False,437.0,0.03159437500289641,456.0,0,0
barabasi_albert,200,11,591,200,591,0.029698492462311557,5.91,52,3,5.839683210585999,0.12105658287654436,5,2.8608040201005025,1.2856155162583482,53.141945101768364,1.2856155162583482,11.028694949076794,-7.004128312006594,1,305.0,0.000313458003802225,423.0,0.001582833006978035,425.0,0.004161124990787357,452.0,20.58102595800301,False,431.0,0.029692625015741214,452.0,0,0
barabasi_albert,200,12,591,200,591,0.029698492462311557,5.91,30,3,4.6831506488687715,0.08873363230278523,5,2.972462311557789,1.3047015636082846,31.56141827260971,1.3047015636082846,9.988862760025782,-6.1281695367111375,1,291.0,0.000308749993564561,435.0,0.001899625000078231,433.0,0.00416516701807268,451.0,21.054217541997787,False,434.0,0.03083745899493806,451.0,0,0
barabasi_albert,200,13,591,200,591,0.029698492462311557,5.91,42,3,5.448109763945657,0.07794988630949386,5,2.8787437185929647,1.2529991202345474,43.24601369628681,1.2529991202345474,10.511977725200612,-6.8082306461025075,1,276.0,0.00029733398696407676,428.0,0.0012630829878617078,434.0,0.004163999983575195,449.0,19.944340084010037,False,442.0,0.030337958014570177,449.0,0,0
barabasi_albert,200,14,591,200,591,0.029698492462311557,5.91,45,3,5.3546148320864315,0.07625925739852789,5,2.885678391959799,1.3138179633421616,46.164075740394466,1.3138179633421616,10.371895005807897,-6.827421157482794,1,326.0,0.00031174998730421066,424.0,0.001572999986819923,442.0,0.004137707990594208,456.0,20.842425500013633,False,444.0,0.029076167003950104,456.0,0,0
barabasi_albert,200,15,591,200,591,0.029698492462311557,5.91,55,3,5.5974905091478275,0.10396277529087125,5,2.864321608040201,1.3136878578940134,56.10593612965643,1.3136878578940134,10.624734836312733,-7.310218322524876,1,297.0,0.00030574999982491136,443.0,0.001607457990758121,433.0,0.004141125013120472,447.0,17.525962667015847,False,451.0,0.02708466598414816,447.0,1,0
barabasi_albert,200,16,591,200,591,0.029698492462311557,5.91,35,3,5.0251268640702,0.07651555489287687,5,2.924572864321608,1.2967256998521481,36.597123559831985,1.2967256998521481,10.035445873712916,-6.509257534879676,1,282.0,0.00031495801522396505,424.0,0.0016102090012282133,441.0,0.004197166999801993,453.0,21.551942499994766,False,447.0,0.030044165992876515,453.0,0,0
barabasi_albert,200,17,591,200,591,0.029698492462311557,5.91,36,3,5.577804227471596,0.10042673911267533,5,2.851105527638191,1.2959598739979707,37.38751683046835,1.2959598739979707,10.332610252138576,-6.8326867707775705,1,309.0,0.00031025000498630106,430.0,0.0012620420020539314,440.0,0.004471791995456442,449.0,21.45981045800727,False,443.0,0.030271458002971485,449.0,0,0
barabasi_albert,200,18,591,200,591,0.029698492462311557,5.91,47,1,5.60195501588508,0.10456956093768012,5,2.884572864321608,0.9622330277373721,48.19645608963768,0.9622330277373721,10.88286032234668,-6.904188556713125,1,297.0,0.0003075829881709069,430.0,0.0015862080035731196,443.0,0.004155333008384332,449.0,21.491108791989973,False,438.0,0.029993917007232085,449.0,0,0
barabasi_albert,200,19,591,200,591,0.029698492462311557,5.91,49,3,5.6693826824443585,0.10030256261983758,5,2.8558793969849248,1.3612111906476,50.143303649635044,1.3612111906476,10.602649751771505,-7.288150517298918,1,297.0,0.00030499999411404133,424.0,0.0015736249915789813,449.0,0.004421958001330495,464.0,22.3348463329894,False,453.0,0.026350125001044944,464.0,0,0
barabasi_albert,200,20,591,200,591,0.029698492462311557,5.91,44,3,5.593916338308968,0.09639941421627468,5,2.8647738693467337,1.251603190796215,45.222901426956916,1.251603190796215,10.605271819224118,-6.598646380001883,1,282.0,0.0003036250127479434,440.0,0.0015934580005705357,436.0,0.003870666987495497,453.0,21.03667787500308,False,451.0,0.0264388749783393,453.0,0,0
barabasi_albert,200,21,591,200,591,0.029698492462311557,5.91,45,3,5.2260788359916654,0.07709159522716193,5,2.9045226130653266,1.3199940417957472,46.19685842846269,1.3199940417957472,10.36590669945091,-6.648766989518846,1,301.0,0.0003014159738086164,437.0,0.0016023330099415034,431.0,0.004822875023819506,451.0,17.60198229100206,False,442.0,0.02682224998716265,451.0,0,0
barabasi_albert,200,22,591,200,591,0.029698492462311557,5.91,56,3,6.202572047143024,0.12189103953516217,5,2.8119095477386935,1.390710250890369,57.205398892928194,1.390710250890369,11.167037750104218,-7.642471728983337,1,295.0,0.00031204099650494754,434.0,0.0015975830028764904,434.0,0.003882499993778765,453.0,21.453593415993964,False,445.0,0.03129283298039809,453.0,0,0
barabasi_albert,200,23,591,200,591,0.029698492462311557,5.91,45,3,5.69841205951272,0.10481098571070956,5,2.8577386934673368,1.337624438323405,46.184209975624704,1.337624438323405,10.644404016858235,-6.674545542958782,1,298.0,0.00031525001395493746,420.0,0.002201875002356246,441.0,0.004163290985161439,456.0,21.296812875021715,False,445.0,0.028442332986742258,456.0,0,0
barabasi_albert,200,24,591,200,591,0.029698492462311557,5.91,46,3,6.041680229869834,0.12233789560784664,5,2.8416582914572865,1.2400242760056055,47.26840386512747,1.2400242760056055,11.02070759521942,-6.903204350108332,1,292.0,0.0003090420213993639,444.0,0.0019060000195167959,446.0,0.004478374990867451,447.0,20.91515812498983,False,445.0,0.02984795899828896,447.0,0,0
barabasi_albert,200,25,591,200,591,0.029698492462311557,5.91,47,3,5.56973069366913,0.09596699567807475,5,2.8603015075376885,1.333747514408483,48.162893343385534,1.333747514408483,10.469324570974575,-7.088132259371772,1,295.0,0.00030858299578540027,429.0,0.0015822910063434392,441.0,0.004160084004979581,450.0,22.324000082997372,False,449.0,0.02999345801072195,450.0,0,0
barabasi_albert,200,26,591,200,591,0.029698492462311557,5.91,48,1,5.532802183342542,0.0879284385950259,5,2.8665829145728643,0.9558879954416043,49.153520882862765,0.9558879954416043,10.670227621104896,-6.976582748416888,1,281.0,0.00029766702209599316,426.0,0.0022225840075407177,437.0,0.0041556250071153045,454.0,21.767066790984245,False,442.0,0.026682249997975305,454.0,0,0
barabasi_albert,200,27,591,200,591,0.029698492462311557,5.91,56,3,5.803610944920413,0.09901491274177034,5,2.8528140703517586,1.3046347154953077,57.1090352031419,1.3046347154953077,10.885279042339096,-7.4661934779129915,1,296.0,0.0003097500011790544,427.0,0.001582917000632733,434.0,0.004182415985269472,452.0,22.10317020799266,False,450.0,0.029511666973121464,452.0,0,0
barabasi_albert,200,28,591,200,591,0.029698492462311557,5.91,51,2,6.114891658893067,0.12637315981320793,5,2.807638190954774,1.3540107825072678,52.16615305576537,1.3540107825072678,11.239856765418171,-7.3388695650635025,1,313.0,0.0003089160018134862,424.0,0.001897332986118272,438.0,0.004122250014916062,455.0,18.709576459019445,False,445.0,0.02870320898364298,455.0,0,0
barabasi_albert,200,29,591,200,591,0.029698492462311557,5.91,46,3,5.725548008706242,0.09952695211477414,5,2.851457286432161,1.3031481965912972,47.24391750551166,1.3031481965912972,10.785318608841205,-7.108943975478651,1,292.0,0.0003075840068049729,431.0,0.002220833004685119,434.0,0.004464249999728054,448.0,21.200891083019087,False,450.0,0.029953958000987768,448.0,1,0
watts_strogatz,20,0,60,20,60,0.3157894736842105,6.0,7,5,0.4472135954999579,0.5599999999999999,4,2.0,1.3531826633994037,8.938252646302011,1.3531826633994037,6.055016726476344,-2.7197414019296486,1,31.0,0.00014937500236555934,38.0,0.00021787500008940697,40.0,0.0003140410117339343,42.0,0.007986582990270108,False,38.0,0.024976834014523774,42.0,0,0
watts_strogatz,20,1,60,20,60,0.3157894736842105,6.0,7,5,0.4472135954999579,0.5428571428571429,4,1.9842105263157894,1.3296779253354902,9.249167904402618,1.3296779253354902,6.043451910744479,-3.0316691879004294,1,27.0,0.00013466598466038704,38.0,0.00018525001360103488,41.0,0.0002727920073084533,41.0,0.007671166997170076,False,40.0,0.026471042016055435,41.0,0,0
watts_strogatz,20,2,60,20,60,0.3157894736842105,6.0,7,5,0.5477225575051661,0.46309523809523806,3,1.894736842105263,1.5688612512887257,9.45948975756592,1.5688612512887257,6.05877206971868,-3.1300161428681004,1,28.0,0.0001369170204270631,39.0,0.00022108398843556643,41.0,0.00027799999224953353,42.0,0.007710417005000636,False,40.0,0.026132125000003725,42.0,0,0
watts_strogatz,20,3,60,20,60,0.3157894736842105,6.0,7,5,0.5477225575051661,0.5657142857142856,4,2.031578947368421,1.1051881032556672,9.423644724206401,1.1051881032556672,6.076861004284546,-2.943362998884071,1,30.0,0.0001389170065522194,36.0,0.0001889999839477241,41.0,0.00028316699899733067,41.0,0.0077744580048602074,False,39.0,0.023531083017587662,41.0,0,0
watts_strogatz,20,4,60,20,60,0.3157894736842105,6.0,10,4,1.2649110640673518,0.5057936507936508,4,1.8842105263157896,1.5610554689475915,11.428552748136271,1.5610554689475915,6.310648186943729,-3.088005982865104,1,33.0,0.00013354199472814798,42.0,0.0001852919813245535,41.0,0.0003386659955140203,42.0,0.007529249996878207,False,39.0,0.025148999993689358,42.0,0,0
watts_strogatz,20,5,60,20,60,0.3157894736842105,6.0,8,4,0.9486832980505138,0.49869047619047613,4,1.9473684210526316,1.2093836800203859,10.016261156927019,1.2093836800203859,6.2065762396313096,-3.359689833706568,1,31.0,0.00013541700900532305,38.0,0.00018849998014047742,42.0,0.0003077500150538981,43.0,0.012088666000636294,False,40.0,0.027257666020886973,43.0,0,0
watts_strogatz,20,6,60,20,60,0.3157894736842105,6.0,7,5,0.7071067811865476,0.4238095238095238,3,1.831578947368421,1.6697677402978996,9.36679425605607,1.6697677402978996,6.090803720238373,-3.1663118723854087,1,35.0,0.00014158300473354757,40.0,0.00019116600742563605,41.0,0.00031674999627284706,43.0,0.007770583004457876,False,42.0,0.025508582999464124,43.0,0,0
watts_strogatz,20,7,60,20,60,0.3157894736842105,6.0,8,4,0.8944271909999159,0.5088095238095238,4,1.9210526315789473,1.3441515014511274,9.879857059639527,1.3441515014511274,6.15096113627178,-2.9932803053987085,1,32.0,0.00014124999870546162,38.0,0.00019749999046325684,39.0,0.00032420799834653735,41.0,0.007689999998547137,False,41.0,0.02240495799924247,41.0,0,1
watts_strogatz,20,8,60,20,60,0.3157894736842105,6.0,7,5,0.5477225575051661,0.48857142857142855,4,1.9421052631578948,1.5759238564167177,9.552948978389129,1.5759238564167177,6.0710828158788015,-3.2875385650204976,1,36.0,0.00015033400268293917,39.0,0.0001903749944176525,44.0,0.00028920898330397904,44.0,0.007890125008998439,False,39.0,0.02455833400017582,44.0,0,0
watts_strogatz,20,9,60,20,60,0.3157894736842105,6.0,7,5,0.5477225575051661,0.535952380952381,4,1.9842105263157894,1.3289639678574798,9.465220333822982,1.3289639678574798,6.048435929559895,-3.179309845668491,1,27.0,0.00013395899441093206,40.0,0.0002209999947808683,41.0,0.00030616699950769544,43.0,0.0075529590249061584,False,41.0,0.025687499990453944,43.0,0,0
watts_strogatz,20,10,60,20,60,0.3157894736842105,6.0,7,5,0.7071067811865476,0.4564285714285714,3,1.8736842105263158,1.551075019805085,9.618660275056722,1.551075019805085,6.112173419854734,-3.070674495541166,1,20.0,0.00013395800488069654,39.0,0.00022499999613501132,41.0,0.000317084020934999,42.0,0.0076499579881783575,False,42.0,0.025382499996339902,42.0,0,1
watts_strogatz,20,11,60,20,60,0.3157894736842105,6.0,7,5,0.7071067811865476,0.5159523809523809,4,1.936842105263158,1.3904993027443733,9.251228963460395,1.3904993027443733,6.1151636514438295,-2.9635215464368656,1,29.0,0.00013279198901727796,40.0,0.00025637500220909715,41.0,0.00031537498580291867,42.0,0.007664292003028095,False,41.0,0.02623695900547318,42.0,0,0
watts_strogatz,20,12,60,20,60,0.3157894736842105,6.0,9,4,1.224744871391589,0.47873015873015873,3,1.8736842105263158,1.3355587516042717,10.519483662225749,1.3355587516042717,6.217066611092256,-3.2295719073696865,1,26.0,0.00013308398774825037,41.0,0.00022329099010676146,41.0,0.000312374992063269,43.0,0.007646750018466264,False,42.0,0.027260417002253234,43.0,0,0
watts_strogatz,20,13,60,20,60,0.3157894736842105,6.0,8,4,0.7745966692414834,0.4901190476190476,4,1.9157894736842105,1.44950141853822,9.986907190852081,1.44950141853822,6.1002237121801155,-3.1912428884693353,1,31.0,0.0001346660137642175,38.0,0.00018720797379501164,42.0,0.0003088340163230896,42.0,0.007883707992732525,False,40.0,0.02645100001245737,42.0,0,0
watts_strogatz,20,14,60,20,60,0.3157894736842105,6.0,7,4,0.9486832980505138,0.45785714285714285,3,1.868421052631579,1.4294760577085672,9.504137103604778,1.4294760577085672,6.160097618407573,-3.176884910582116,1,30.0,0.0001363749906886369,42.0,0.0002210829989053309,42.0,0.0002824160037562251,42.0,0.00834504098747857,False,41.0,0.02604466598131694,42.0,0,0
watts_strogatz,20,15,60,20,60,0.3157894736842105,6.0,8,4,0.7745966692414834,0.4913095238095238,4,1.9157894736842105,1.438727919487665,9.986653622640345,1.438727919487665,6.099437138458611,-3.290397214656729,1,29.0,0.0001336249988526106,39.0,0.00021770800231024623,42.0,0.0003071249811910093,43.0,0.007646917016245425,False,39.0,0.025587165990145877,43.0,0,0
watts_strogatz,20,16,60,20,60,0.3157894736842105,6.0,7,5,0.5477225575051661,0.5173809523809524,3,1.9105263157894736,1.5536615749586093,9.151396700102175,1.5536615749586093,6.067794235084789,-3.031769745191904,1,33.0,0.00013641698751598597,41.0,0.00019087499822489917,41.0,0.00028183398535475135,42.0,0.007695459004025906,False,41.0,0.026375416986411437,42.0,0,0
watts_strogatz,20,17,60,20,60,0.3157894736842105,6.0,8,4,0.9486832980505138,0.5208333333333333,4,1.9263157894736842,1.3245108700786141,9.79274093893576,1.3245108700786141,6.196233140772593,-2.886478514251505,1,33.0,0.00013975001638755202,38.0,0.00019570902804844081,40.0,0.0003273329930379987,42.0,0.008001499983947724,False,40.0,0.024106416996801272,42.0,0,0
watts_strogatz,20,18,60,20,60,0.3157894736842105,6.0,8,5,0.7071067811865476,0.516904761904762,4,1.9578947368421054,1.2191852363405362,9.959494456340764,1.2191852363405362,6.107282376129808,-3.1801681067902683,1,24.0,0.00013212498743087053,39.0,0.00018804101273417473,41.0,0.0003093330014962703,42.0,0.007630042004166171,False,41.0,0.02519962500082329,42.0,0,0
watts_strogatz,20,19,60,20,60,0.3157894736842105,6.0,7,5,0.7071067811865476,0.47071428571428575,4,1.8894736842105264,1.5930701564558027,9.56842739107898,1.5930701564558027,6.079034999972904,-3.2522330597873848,1,28.0,0.0001431250129826367,40.0,0.00023212502128444612,43.0,0.00032274998375214636,43.0,0.007697624998399988,False,40.0,0.026396375003969297,43.0,0,0
watts_strogatz,20,20,60,20,60,0.3157894736842105,6.0,7,5,0.5477225575051661,0.4883333333333333,3,1.9157894736842105,1.5554790460503476,9.24883680398056,1.5554790460503476,6.064538842926288,-2.8598580906485482,1,19.0,0.00013058300828561187,40.0,0.00022129100398160517,43.0,0.00031120801577344537,43.0,0.0075522499973885715,False,39.0,0.02683874999638647,43.0,0,0
watts_strogatz,20,21,60,20,60,0.3157894736842105,6.0,8,5,0.6324555320336759,0.5002380952380953,4,1.9473684210526316,1.44765552752316,9.711671226705725,1.44765552752316,6.070591633325935,-2.867729040246427,1,33.0,0.00013433402637019753,40.0,0.00018875001114793122,39.0,0.00030387501465156674,42.0,0.007598583004437387,False,39.0,0.025897459010593593,42.0,0,0
watts_strogatz,20,22,60,20,60,0.3157894736842105,6.0,9,4,1.0,0.4851190476190476,4,1.9157894736842105,1.2508712795427264,10.375885466504352,1.2508712795427264,6.206857825919512,-3.159670842842091,1,29.0,0.0001286249898839742,42.0,0.00021641698549501598,39.0,0.00030212500132620335,42.0,0.0074095000163652,False,38.0,0.02668041698052548,42.0,0,0
watts_strogatz,20,23,60,20,60,0.3157894736842105,6.0,7,4,0.7745966692414834,0.46119047619047615,3,1.8894736842105264,1.5031022964720857,9.825566228255813,1.5031022964720857,6.109759788545116,-3.327554676680996,1,32.0,0.00012904198956675828,42.0,0.00022095799795351923,42.0,0.00031179198413155973,42.0,0.010046250012237579,False,40.0,0.02594966598553583,42.0,0,0
watts_strogatz,20,24,60,20,60,0.3157894736842105,6.0,7,5,0.5477225575051661,0.5085714285714286,3,1.936842105263158,1.5244302799821752,9.329232724268051,1.5244302799821752,6.056013787507548,-3.1543618676503016,1,32.0,0.000134292000439018,40.0,0.00021816600929014385,41.0,0.00030504100141115487,42.0,0.007655624998733401,False,41.0,0.025001750007504597,42.0,0,0
watts_strogatz,20,25,60,20,60,0.3157894736842105,6.0,8,4,1.0,0.49309523809523814,3,1.9157894736842105,1.6004667289727537,9.775624115217953,1.6004667289727537,6.191686148550823,-3.019176603292761,1,30.0,0.0001328329963143915,40.0,0.00022316598915494978,40.0,0.00031320800189860165,42.0,0.007521666993852705,False,40.0,0.02421862501068972,42.0,0,0
watts_strogatz,20,26,60,20,60,0.3157894736842105,6.0,7,5,0.5477225575051661,0.5492857142857143,3,1.9684210526315788,1.3894542099554748,9.39986877360571,1.3894542099554748,6.051032250799733,-3.0240074851917953,1,31.0,0.0001300839940086007,41.0,0.00018699999782256782,40.0,0.0003107080119661987,43.0,0.007650500017916784,False,43.0,0.027404624997870997,43.0,0,1
watts_strogatz,20,27,60,20,60,0.3157894736842105,6.0,7,5,0.31622776601683794,0.5895238095238095,4,2.0736842105263156,1.2500102983573755,8.84477318296814,1.2500102983573755,6.024074195357944,-2.672904257866084,1,25.0,0.0001324159966316074,37.0,0.00018779098172672093,39.0,0.0003071670071221888,41.0,0.007970709004439414,False,38.0,0.02669170798617415,41.0,0,0
watts_strogatz,20,28,60,20,60,0.3157894736842105,6.0,7,4,0.7071067811865476,0.484047619047619,3,1.9210526315789473,1.5184974829810989,9.626027649827204,1.5184974829810989,6.114978790664495,-3.3124615002304503,1,32.0,0.0001356670109089464,38.0,0.0001903340162243694,42.0,0.0002778750204015523,42.0,0.007652790984138846,False,40.0,0.022946332988794893,42.0,0,0
watts_strogatz,20,29,60,20,60,0.3157894736842105,6.0,7,5,0.7071067811865476,0.4807142857142857,3,1.936842105263158,1.432408010313393,9.748689530140453,1.432408010313393,6.155777613284268,-3.336887862923928,1,28.0,0.00012766700820066035,42.0,0.00027895800303667784,43.0,0.0002745829988270998,43.0,0.007610083004692569,False,40.0,0.02392270800191909,43.0,0,0
watts_strogatz,50,0,150,50,150,0.12244897959183673,6.0,7,5,0.4472135954999579,0.5301904761904762,6,3.284081632653061,0.31823515562056215,9.499449640774237,0.31823515562056215,6.069752207073301,-3.1904312695654657,1,81.0,0.00015666699619032443,97.0,0.00030300000798888505,102.0,0.0006392080103978515,106.0,0.060631125001236796,False,100.0,0.027972000010777265,106.0,0,0
watts_strogatz,50,1,150,50,150,0.12244897959183673,6.0,8,5,0.6633249580710799,0.5156190476190476,6,3.023673469387755,0.39213957479082406,10.176853642664664,0.39213957479082406,6.116244937912109,-3.314521028250035,1,75.0,0.00016162500833161175,94.0,0.00039037500391714275,104.0,0.0006363330176100135,105.0,0.04755062499316409,False,102.0,0.026493374985875562,105.0,0,0
watts_strogatz,50,2,150,50,150,0.12244897959183673,6.0,8,4,0.8246211251235321,0.46352380952380956,5,2.786122448979592,0.49643852268096555,10.231052813979021,0.49643852268096555,6.142868884411616,-3.4590883904735823,1,73.0,0.00015995799913071096,104.0,0.00039870900218375027,108.0,0.0006389170011971146,108.0,0.06565879099071026,False,104.0,0.02705533301923424,108.0,0,0
watts_strogatz,50,3,150,50,150,0.12244897959183673,6.0,8,3,0.8,0.48452380952380947,6,2.975510204081633,0.46843499065754735,9.953976925157727,0.46843499065754735,6.134223770124903,-3.2020504567806505,1,85.0,0.00016445800429210067,98.0,0.00039166599162854254,102.0,0.0007160410168580711,104.0,0.04822045800392516,False,99.0,0.028263291984330863,104.0,0,0
watts_strogatz,50,4,150,50,150,0.12244897959183673,6.0,10,4,1.0583005244258363,0.4306507936507936,5,2.6783673469387757,0.7139412945883916,11.722566175102799,0.7139412945883916,6.23729251407754,-3.6132438856504283,1,72.0,0.0001620840048417449,101.0,0.0004048330010846257,106.0,0.000738417002139613,109.0,0.058925541990902275,False,106.0,0.026731207995908335,109.0,0,0
watts_strogatz,50,5,150,50,150,0.12244897959183673,6.0,8,5,0.6928203230275509,0.44085714285714284,5,2.8146938775510204,0.6503643429392072,10.071730552122451,0.6503643429392072,6.081688156433713,-3.598590519787992,1,80.0,0.00016566700651310384,95.0,0.00031291600316762924,108.0,0.0006401250138878822,108.0,0.048005291988374665,False,102.0,0.02680724998936057,108.0,0,0
watts_strogatz,50,6,150,50,150,0.12244897959183673,6.0,8,4,0.7483314773547883,0.4234761904761905,5,2.9355102040816328,0.5476105795759696,10.166427549617065,0.5476105795759696,6.169758116828004,-3.6765986732437095,1,68.0,0.00015808301395736635,103.0,0.000386583007639274,106.0,0.000642083992715925,110.0,0.05494845801149495,False,106.0,0.027598915999988094,110.0,0,0
watts_strogatz,50,7,150,50,150,0.12244897959183673,6.0,7,5,0.4898979485566356,0.5134285714285715,6,3.0587755102040814,0.43524705368898114,9.489908801567665,0.43524705368898114,6.059154132810109,-3.109398252710148,1,76.0,0.0001588340091984719,96.0,0.000314208009513095,99.0,0.0006354590004775673,103.0,0.048185499996179715,False,99.0,0.026716874999692664,103.0,0,0
watts_strogatz,50,8,150,50,150,0.12244897959183673,6.0,8,5,0.7483314773547883,0.4343333333333333,6,2.776326530612245,0.6261511849486734,10.120720522355038,0.6261511849486734,6.141048608878655,-3.411166853818373,1,76.0,0.00016270799096673727,99.0,0.0003969169920310378,106.0,0.00072320899926126,109.0,0.04793145798612386,False,102.0,0.027310083009069785,109.0,0,0
watts_strogatz,50,9,150,50,150,0.12244897959183673,6.0,8,4,0.6928203230275509,0.5079047619047619,6,2.951020408163265,0.5011674574591205,10.023693945200586,0.5011674574591205,6.100791408749629,-3.1199906807025544,1,75.0,0.00015899998834356666,96.0,0.0003076670109294355,103.0,0.0006407909968402237,104.0,0.05385658299201168,False,103.0,0.0268145409936551,104.0,0,0
watts_strogatz,50,10,150,50,150,0.12244897959183673,6.0,8,4,0.7745966692414834,0.47276190476190477,5,2.8816326530612244,0.4651394884782555,9.924445471494922,0.4651394884782555,6.129805127794769,-3.3148407251385787,1,66.0,0.00015970898675732315,103.0,0.00031624999246560037,103.0,0.0006411669892258942,106.0,0.07053087500389665,False,97.0,0.02695129200583324,106.0,0,0
watts_strogatz,50,11,150,50,150,0.12244897959183673,6.0,8,4,0.8246211251235321,0.4695238095238095,6,2.9183673469387754,0.5136375334936687,10.219632667022124,0.5136375334936687,6.138657415321775,-3.3735647804881994,1,71.0,0.00016487500397488475,97.0,0.00031362500158138573,103.0,0.0007164159906096756,106.0,0.05439333399408497,False,104.0,0.026730541983852163,106.0,0,0
watts_strogatz,50,12,150,50,150,0.12244897959183673,6.0,8,5,0.8944271909999159,0.38995238095238094,5,2.6579591836734693,0.7248314602668086,10.54752737826056,0.7248314602668086,6.215219995704969,-3.534976793293961,1,72.0,0.00015987499500624835,106.0,0.0004777919966727495,106.0,0.0006426660111173987,109.0,0.04078700000536628,False,103.0,0.027585042000282556,109.0,0,0
watts_strogatz,50,13,150,50,150,0.12244897959183673,6.0,8,4,0.6928203230275509,0.5177142857142857,6,3.0873469387755104,0.3802729615735307,9.901142607022054,0.3802729615735307,6.116603483648625,-3.2228073627069267,1,71.0,0.00015645800158381462,93.0,0.0003106249787379056,105.0,0.0006396250100806355,105.0,0.04771270797937177,False,100.0,0.026852209004573524,105.0,0,0
watts_strogatz,50,14,150,50,150,0.12244897959183673,6.0,7,4,0.7483314773547883,0.4633333333333334,6,2.902857142857143,0.45983294144798204,9.96247158579954,0.45983294144798204,6.115229466832024,-3.5380169292886445,1,82.0,0.0001633749925531447,99.0,0.0003954590065404773,107.0,0.0006372499919962138,108.0,0.04796387499663979,False,105.0,0.027333500009262934,108.0,0,0
watts_strogatz,50,15,150,50,150,0.12244897959183673,6.0,7,5,0.6324555320336759,0.5082857142857143,6,3.1477551020408163,0.38089744116441937,9.984801387079255,0.38089744116441937,6.093870026771397,-3.4278020224641064,1,74.0,0.00016150000737980008,101.0,0.00038495901389978826,103.0,0.0006259159999899566,104.0,0.05619062500772998,False,98.0,0.027070082986028865,104.0,0,0
watts_strogatz,50,16,150,50,150,0.12244897959183673,6.0,8,5,0.6928203230275509,0.4908095238095238,7,2.984489795918367,0.37812946790963087,10.066125747980601,0.37812946790963087,6.113464078727902,-3.3602327509508636,1,87.0,0.00015975002315826714,100.0,0.0003861250006593764,104.0,0.000643917010165751,106.0,0.05367716701584868,False,103.0,0.027556124987313524,106.0,0,0
watts_strogatz,50,17,150,50,150,0.12244897959183673,6.0,8,5,0.7211102550927979,0.45919047619047615,6,3.015510204081633,0.40606301648802323,10.044676324386172,0.40606301648802323,6.09495116553229,-3.49819627394327,1,80.0,0.00016475000302307308,101.0,0.0004757080168928951,106.0,0.0006404999876394868,107.0,0.05442416699952446,False,105.0,0.027688166999723762,107.0,0,0
watts_strogatz,50,18,150,50,150,0.12244897959183673,6.0,8,5,0.6928203230275509,0.46214285714285713,6,2.953469387755102,0.4885504020249093,10.088028188924387,0.4885504020249093,6.144932297164745,-3.4323110577033233,1,76.0,0.0001608339953236282,97.0,0.00047441700007766485,106.0,0.0006662500090897083,107.0,0.047909916000207886,False,103.0,0.027412999974330887,107.0,0,0
watts_strogatz,50,19,150,50,150,0.12244897959183673,6.0,8,5,0.6633249580710799,0.4766666666666666,6,2.9820408163265304,0.450122429932724,10.138678998181918,0.450122429932724,6.099668160081646,-3.455103867377604,1,70.0,0.0001552079920656979,97.0,0.0003055409761145711,102.0,0.0006273329781834036,107.0,0.047236416983651,False,102.0,0.02601699999650009,107.0,0,0
watts_strogatz,50,20,150,50,150,0.12244897959183673,6.0,8,4,0.8717797887081347,0.43990476190476185,5,2.8889795918367347,0.5909148533482699,10.077359405579488,0.5909148533482699,6.166228849183635,-3.291409262612358,1,77.0,0.00015845801681280136,95.0,0.00038658297853544354,104.0,0.0006363330176100135,106.0,0.048319833003915846,False,99.0,0.0273530840058811,106.0,0,0
watts_strogatz,50,21,150,50,150,0.12244897959183673,6.0,7,5,0.6,0.5136190476190476,7,3.1787755102040816,0.36849602012701843,9.623683441473736,0.36849602012701843,6.0999068934909095,-3.4338641834907775,1,87.0,0.00016187498113140464,103.0,0.0005495410005096346,106.0,0.0006483749893959612,107.0,0.11360208399128169,False,102.0,0.02678899999591522,107.0,0,0
watts_strogatz,50,22,150,50,150,0.12244897959183673,6.0,7,4,0.8,0.4492380952380952,6,2.9069387755102043,0.43076718328713137,9.854915350742838,0.43076718328713137,6.129052637570092,-3.3892547540236575,1,74.0,0.00015904201427474618,101.0,0.0003872500092256814,107.0,0.0006280829838942736,107.0,0.06964262502151541,False,107.0,0.027259750000666827,107.0,0,1
watts_strogatz,50,23,150,50,150,0.12244897959183673,6.0,7,4,0.6324555320336759,0.4483809523809523,6,2.8881632653061224,0.48564996516305076,10.015873860956678,0.48564996516305076,6.090022404513806,-3.7405245005505714,1,65.0,0.0001559169904794544,99.0,0.0003918339789379388,105.0,0.0006387080065906048,109.0,0.046862624993082136,False,105.0,0.027901749999728054,109.0,0,0
watts_strogatz,50,24,150,50,150,0.12244897959183673,6.0,7,5,0.565685424949238,0.502095238095238,6,2.9551020408163264,0.49336824088111064,9.398442869305539,0.49336824088111064,6.071919242323898,-3.2953250283468534,1,77.0,0.00015929099754430354,93.0,0.0003115829895250499,104.0,0.0007893749861977994,106.0,0.07202983301249333,False,98.0,0.027095707977423444,106.0,0,0
watts_strogatz,50,25,150,50,150,0.12244897959183673,6.0,8,5,0.6928203230275509,0.4638095238095238,6,2.994285714285714,0.48393234880988933,9.941585492189034,0.48393234880988933,6.113221949847933,-3.3259436978302985,1,75.0,0.00015845801681280136,103.0,0.00038558300002478063,105.0,0.0007172920159064233,109.0,0.05369670898653567,False,105.0,0.027236957976128906,109.0,0,0
watts_strogatz,50,26,150,50,150,0.12244897959183673,6.0,8,4,0.7483314773547883,0.4681428571428572,6,2.8212244897959184,0.5807683587194234,10.300595513306193,0.5807683587194234,6.1614382614526395,-3.461449795083186,1,84.0,0.00016324999160133302,100.0,0.0003978750028181821,103.0,0.0006367919850163162,106.0,0.04762129200389609,False,99.0,0.026274708012351766,106.0,0,0
watts_strogatz,50,27,150,50,150,0.12244897959183673,6.0,7,5,0.5291502622129182,0.5371428571428571,6,3.183673469387755,0.40835925514949467,9.57903524470945,0.40835925514949467,6.072394930961392,-3.1840661146823037,1,65.0,0.00017979199765250087,95.0,0.0004722079902421683,103.0,0.0005462499975692481,105.0,0.047633750014938414,False,100.0,0.02802000002702698,105.0,0,0
watts_strogatz,50,28,150,50,150,0.12244897959183673,6.0,8,4,0.7483314773547883,0.4460952380952381,5,2.7722448979591836,0.61004437441684,10.046748248983773,0.61004437441684,6.125456975885273,-3.3819104025794773,1,75.0,0.0001570410095155239,97.0,0.00038687497726641595,105.0,0.0007140409725252539,107.0,0.06362004202674143,False,102.0,0.026989417005097494,107.0,0,0
watts_strogatz,50,29,150,50,150,0.12244897959183673,6.0,8,4,0.7211102550927979,0.44152380952380954,5,2.746938775510204,0.570572775561349,9.89114419742815,0.570572775561349,6.112523988842576,-3.2471360541709964,1,61.0,0.00015404197620227933,99.0,0.0003899160074070096,100.0,0.0007080420036800206,107.0,0.04812837499775924,False,101.0,0.027355041995178908,107.0,0,0
watts_strogatz,100,0,300,100,300,0.06060606060606061,6.0,8,4,0.6164414002968976,0.5013095238095238,8,4.027676767676768,0.18215622037599094,10.07947031056018,0.18215622037599094,6.108713586941535,-3.366640533412976,1,156.0,0.00020995899103581905,199.0,0.0006770000036340207,208.0,0.001531457994133234,212.0,5.1603640420071315,False,205.0,0.030010957998456433,212.0,0,0
watts_strogatz,100,1,300,100,300,0.06060606060606061,6.0,8,4,0.7615773105863908,0.48180952380952374,7,3.7670707070707072,0.29089099750740555,10.116056451774378,0.29089099750740555,6.145236889299037,-3.301021670827061,1,147.0,0.00021133400150574744,200.0,0.0008449160086456686,208.0,0.00139033401501365,212.0,0.4095920840045437,False,206.0,0.024999874993227422,212.0,0,0
watts_strogatz,100,2,300,100,300,0.06060606060606061,6.0,8,5,0.6782329983125268,0.4544047619047619,8,3.7896969696969696,0.26517305285269616,10.385150033675604,0.26517305285269616,6.10343830026966,-3.6106258285869677,1,149.0,0.00022412501857616007,193.0,0.0006865830218885094,204.0,0.0015413340006489307,213.0,5.111668124998687,False,203.0,0.030366333987331018,213.0,0,0
watts_strogatz,100,3,300,100,300,0.06060606060606061,6.0,8,4,0.7211102550927979,0.48202380952380947,7,3.7418181818181817,0.2914744838680392,10.744320054654894,0.2914744838680392,6.142946175874731,-3.6653810698666742,1,150.0,0.00021633401047438383,193.0,0.0006810420018155128,206.0,0.0015517090214416385,214.0,3.540187665988924,False,207.0,0.031406791997142136,214.0,0,0
watts_strogatz,100,4,300,100,300,0.06060606060606061,6.0,9,4,0.8366600265340756,0.40423809523809523,6,3.4535353535353535,0.4017596390180385,10.885307892607802,0.4017596390180385,6.179827736406107,-3.851132051016248,1,147.0,0.00021633401047438383,205.0,0.0006993749993853271,217.0,0.0015706669946666807,217.0,0.3093142920115497,False,210.0,0.027648499992210418,217.0,0,0
watts_strogatz,100,5,300,100,300,0.06060606060606061,6.0,8,5,0.7483314773547883,0.4130952380952381,7,3.5347474747474745,0.3948069052899396,10.229790711468429,0.3948069052899396,6.124740640810171,-3.662407459527683,1,156.0,0.00021066699991934001,201.0,0.0006831250211689621,217.0,0.0015382090059574693,219.0,2.312283542007208,False,212.0,0.03033837498514913,219.0,0,0
watts_strogatz,100,6,300,100,300,0.06060606060606061,6.0,8,4,0.7874007874011811,0.46245238095238095,7,3.7476767676767677,0.2877885696427079,10.635699957260524,0.2877885696427079,6.154868430635925,-3.4839943222235754,1,146.0,0.00021399999968707561,200.0,0.0008454170019831508,206.0,0.0015363330021500587,216.0,5.086963665991789,False,208.0,0.030907582986401394,216.0,0,0
watts_strogatz,100,7,300,100,300,0.06060606060606061,6.0,8,4,0.6164414002968976,0.48757142857142854,8,3.958181818181818,0.1962916026423443,10.102658825213869,0.1962916026423443,6.177091724472278,-3.350361554797371,1,154.0,0.00021216599270701408,194.0,0.0006862079899292439,209.0,0.0015366669977083802,212.0,5.172084165998967,False,205.0,0.030022791994269937,212.0,0,0
watts_strogatz,100,8,300,100,300,0.06060606060606061,6.0,8,4,0.7348469228349535,0.4545952380952381,7,3.6846464646464647,0.32289967142715414,10.493684719920944,0.32289967142715414,6.111627997899369,-3.4494755810652316,1,147.0,0.00021316600032150745,196.0,0.0005308330000843853,209.0,0.0013934170128777623,211.0,0.5313835830020253,False,201.0,0.028221957996720448,211.0,0,0
watts_strogatz,100,9,300,100,300,0.06060606060606061,6.0,8,4,0.6164414002968976,0.4690714285714286,6,3.7395959595959596,0.3496355870305917,10.064915252412359,0.3496355870305917,6.133723171658957,-3.4092991682110285,1,146.0,0.0002114999806508422,199.0,0.0006879169959574938,208.0,0.001389167009619996,212.0,4.435073333996115,False,209.0,0.028826833004131913,212.0,0,0
watts_strogatz,100,10,300,100,300,0.06060606060606061,6.0,8,4,0.7348469228349535,0.47338095238095235,8,3.7896969696969696,0.29679887244558584,10.629439582291525,0.29679887244558584,6.103078553198339,-3.540319759585165,1,138.0,0.00020458301878534257,187.0,0.0006825409946031868,203.0,0.001383458002237603,211.0,5.170534417004092,False,202.0,0.025878792017465457,211.0,0,0
watts_strogatz,100,11,300,100,300,0.06060606060606061,6.0,8,4,0.8,0.4496428571428572,7,3.601818181818182,0.28054601000080914,10.236520223877433,0.28054601000080914,6.130641311939048,-3.4450092287554726,1,138.0,0.0002121669822372496,195.0,0.000687374995322898,209.0,0.001544792001368478,212.0,0.4149747909978032,False,199.0,0.025889292010106146,212.0,0,0
watts_strogatz,100,12,300,100,300,0.06060606060606061,6.0,9,4,0.7483314773547883,0.4415952380952381,7,3.6436363636363636,0.37892213278958253,10.818976026857557,0.37892213278958253,6.127291315104321,-3.621000588420816,1,156.0,0.000231999991228804,193.0,0.0008826660050544888,214.0,0.0014663749898318201,217.0,0.4080693340220023,False,201.0,0.027815749985165894,217.0,0,0
watts_strogatz,100,13,300,100,300,0.06060606060606061,6.0,8,4,0.7348469228349535,0.45507142857142857,6,3.5327272727272727,0.3883009608936121,10.368497619935457,0.3883009608936121,6.15160897005901,-3.569615248014044,1,139.0,0.00021262498921714723,202.0,0.0006867079937364906,208.0,0.0013839160092175007,213.0,0.43277304101502523,False,205.0,0.028084207995561883,213.0,0,0
watts_strogatz,100,14,300,100,300,0.06060606060606061,6.0,9,4,0.848528137423857,0.4504920634920635,7,3.5894949494949495,0.34775106545985557,10.97792245156647,0.34775106545985557,6.186823990148633,-3.5776187418265586,1,154.0,0.0002155410184059292,197.0,0.000527374999364838,211.0,0.0015381250123027712,215.0,1.886379208008293,False,205.0,0.02959441699204035,215.0,0,0
watts_strogatz,100,15,300,100,300,0.06060606060606061,6.0,8,4,0.7348469228349535,0.5001428571428571,8,3.8656565656565656,0.23612535929555967,10.023688939772486,0.23612535929555967,6.145502392516184,-3.320500273286403,1,147.0,0.0002137090195901692,195.0,0.000684458005707711,204.0,0.0013798750005662441,213.0,4.481904457992641,False,205.0,0.031736333010485396,213.0,0,0
watts_strogatz,100,16,300,100,300,0.06060606060606061,6.0,8,4,0.6324555320336759,0.48911904761904756,7,3.7195959595959596,0.2881635223211854,10.259733973334138,0.2881635223211854,6.109651742919984,-3.5756414492305058,1,154.0,0.00021699999342672527,197.0,0.0006965410138946027,210.0,0.0014077499799896032,213.0,1.317852958018193,False,200.0,0.02803662500809878,213.0,0,0
watts_strogatz,100,17,300,100,300,0.06060606060606061,6.0,8,4,0.8,0.44942857142857146,7,3.6951515151515153,0.28131824566339303,10.069540736109394,0.28131824566339303,6.142825611401115,-3.5090757558305024,1,142.0,0.00020970799960196018,203.0,0.000685166975017637,210.0,0.0013801250024698675,216.0,1.864319209009409,False,210.0,0.028482166002504528,216.0,0,0
watts_strogatz,100,18,300,100,300,0.06060606060606061,6.0,8,3,0.7745966692414834,0.4867142857142857,8,3.797979797979798,0.26935039220268364,10.245054580690956,0.26935039220268364,6.125401503133975,-3.453275893177268,1,147.0,0.0002170410007238388,187.0,0.0006845829775556922,204.0,0.001384166011121124,211.0,5.0450048750208225,False,204.0,0.023870125005487353,211.0,0,0
watts_strogatz,100,19,300,100,300,0.06060606060606061,6.0,8,4,0.7874007874011811,0.45476190476190476,7,3.753939393939394,0.2582656163848053,10.518892242080515,0.2582656163848053,6.130937421051825,-3.4516990709253648,1,146.0,0.0002155410184059292,194.0,0.0005289590044412762,205.0,0.0013917500036768615,213.0,0.36033812499954365,False,202.0,0.02828708299784921,213.0,0,0
watts_strogatz,100,20,300,100,300,0.06060606060606061,6.0,8,4,0.7745966692414834,0.4212619047619047,7,3.5313131313131314,0.32972689449744264,10.317738235712053,0.32972689449744264,6.167244707358895,-3.7326992827796643,1,143.0,0.00020591699285432696,201.0,0.0006950829993002117,208.0,0.0013801669992972165,213.0,4.939547417016001,False,209.0,0.02760637499159202,213.0,0,0
watts_strogatz,100,21,300,100,300,0.06060606060606061,6.0,9,4,0.7745966692414834,0.46509523809523806,7,3.639393939393939,0.33448563621708566,10.85301664268818,0.33448563621708566,6.150221651870224,-3.443368065250856,1,160.0,0.00021320799714885652,196.0,0.0008464159909635782,204.0,0.0013775419793091714,210.0,0.5030320000078063,False,204.0,0.025795291003305465,210.0,0,0
watts_strogatz,100,22,300,100,300,0.06060606060606061,6.0,7,4,0.648074069840786,0.431952380952381,7,3.7066666666666666,0.2832038782314362,10.12757916363615,0.2832038782314362,6.151492641222084,-3.7192974136170807,1,145.0,0.00021150000975467265,203.0,0.0008495000074617565,205.0,0.0013933330192230642,213.0,0.32869845899404027,False,210.0,0.02800633301376365,213.0,0,0
watts_strogatz,100,23,300,100,300,0.06060606060606061,6.0,8,4,0.7071067811865476,0.47419047619047616,7,3.694141414141414,0.3385757300440333,10.493921560684377,0.3385757300440333,6.135704376040494,-3.4857458892629136,1,149.0,0.00020879198564216495,191.0,0.0006813749787397683,206.0,0.0015398749965243042,214.0,3.90282949997345,False,204.0,0.028195999999297783,214.0,0,0
watts_strogatz,100,24,300,100,300,0.06060606060606061,6.0,8,4,0.6928203230275509,0.49409523809523814,8,3.932121212121212,0.25030770821866233,10.047823106651972,0.25030770821866233,6.127223924350913,-3.3797402800420207,1,147.0,0.00021104200277477503,189.0,0.0008396670164074749,207.0,0.001544790982734412,209.0,0.49349112500203773,False,201.0,0.027424665982834995,209.0,0,0
watts_strogatz,100,25,300,100,300,0.06060606060606061,6.0,8,3,0.8602325267042626,0.4691428571428571,7,3.7151515151515153,0.26267321495796525,10.473850651735422,0.26267321495796525,6.238197407034261,-3.36621941945935,1,157.0,0.00021387499873526394,200.0,0.0006870829965919256,207.0,0.0015329169982578605,214.0,0.38897241599624977,False,207.0,0.0266317909990903,214.0,0,0
watts_strogatz,100,26,300,100,300,0.06060606060606061,6.0,8,4,0.7071067811865476,0.4786190476190476,8,3.8646464646464644,0.26322437111961794,10.17843040217048,0.26322437111961794,6.128542864784328,-3.3148343387195323,1,159.0,0.00021920801373198628,193.0,0.0006824160227552056,205.0,0.00139312501414679,213.0,1.3117772919940762,False,202.0,0.02742804100853391,213.0,0,0
watts_strogatz,100,27,300,100,300,0.06060606060606061,6.0,8,4,0.7071067811865476,0.48516666666666663,7,3.697171717171717,0.3123356946313768,10.057706448306572,0.3123356946313768,6.115232042644802,-3.377891571726097,1,149.0,0.0002119579876307398,199.0,0.0006842919974587858,208.0,0.001394666003761813,213.0,0.3431859170086682,False,202.0,0.028218082996318117,213.0,0,0
watts_strogatz,100,28,300,100,300,0.06060606060606061,6.0,8,3,0.8831760866327847,0.44166666666666665,7,3.557979797979798,0.39094566496264715,10.330767059819875,0.39094566496264715,6.1792107800874385,-3.4781374304152046,1,150.0,0.00021358300000429153,199.0,0.0006885830080136657,207.0,0.0015546669892501086,212.0,0.45969383302144706,False,204.0,0.028643500001635402,212.0,0,0
watts_strogatz,100,29,300,100,300,0.06060606060606061,6.0,9,5,0.7745966692414834,0.43703968253968256,7,3.523030303030303,0.417050158552123,10.998493084053642,0.417050158552123,6.142987706566529,-3.7505992543801088,1,129.0,0.0002075420052278787,200.0,0.0008497080125380307,211.0,0.0015515840204898268,215.0,4.056199749989901,False,207.0,0.029585084004793316,215.0,0,0
watts_strogatz,200,0,600,200,600,0.03015075376884422,6.0,8,3,0.7211102550927979,0.4807857142857143,9,4.631005025125628,0.21454885973631072,10.405030075100838,0.21454885973631072,6.171812378353573,-3.396091337303515,1,301.0,0.00030375001369975507,392.0,0.0012685840192716569,417.0,0.003954834013711661,424.0,20.361300458025653,False,411.0,0.031144582986598834,424.0,0,0
watts_strogatz,200,1,600,200,600,0.03015075376884422,6.0,8,4,0.7071067811865476,0.4537023809523809,10,4.532361809045226,0.21007028631971753,10.776139588404526,0.21007028631971753,6.129702649501586,-3.671958698622509,1,286.0,0.0003005830221809447,403.0,0.0016058339970186353,412.0,0.0042869589815381914,422.0,19.813402959000086,False,412.0,0.029442125000059605,422.0,0,0
watts_strogatz,200,2,600,200,600,0.03015075376884422,6.0,8,4,0.7071067811865476,0.45846428571428566,9,4.543165829145729,0.2011839919186085,10.68447016005321,0.2011839919186085,6.157828186474406,-3.630433505097678,1,288.0,0.0003145829832646996,401.0,0.0012750419846270233,414.0,0.004572542005917057,425.0,19.38848650001455,False,411.0,0.030635124974651262,425.0,0,0
watts_strogatz,200,3,600,200,600,0.03015075376884422,6.0,9,4,0.7,0.46417063492063493,8,4.426281407035176,0.26536252759250134,10.755909883810661,0.26536252759250134,6.120968008193501,-3.5142129038008023,1,297.0,0.0003073750121984631,396.0,0.0015927079948596656,415.0,0.0042880839901044965,430.0,22.157194041006733,False,405.0,0.029976416000863537,430.0,0,0
watts_strogatz,200,4,600,200,600,0.03015075376884422,6.0,9,4,0.7681145747868608,0.43322222222222223,8,4.325477386934673,0.26744851855636265,11.037230579615747,0.26744851855636265,6.1268785923198,-3.7104006520565154,1,302.0,0.00030783299007453024,397.0,0.0012747079890687019,421.0,0.004287958989152685,424.0,21.35563820801326,False,413.0,0.029890834004618227,424.0,0,0
watts_strogatz,200,5,600,200,600,0.03015075376884422,6.0,8,4,0.7615773105863908,0.4453928571428571,8,4.360452261306532,0.272527426539584,10.64620136654338,0.272527426539584,6.137754057258176,-3.715869022583327,1,296.0,0.00030783299007453024,396.0,0.0012634579907171428,417.0,0.003970207995735109,427.0,21.70939112501219,False,405.0,0.030781666981056333,427.0,0,0
watts_strogatz,200,6,600,200,600,0.03015075376884422,6.0,8,5,0.6244997998398398,0.4699047619047619,8,4.707939698492463,0.1903253831488248,10.240569899853295,0.1903253831488248,6.122563578389422,-3.455656868873072,1,292.0,0.0002987500047311187,394.0,0.0012653339945245534,419.0,0.004256916989106685,422.0,19.743943125009537,False,412.0,0.03043433401035145,422.0,0,0
watts_strogatz,200,7,600,200,600,0.03015075376884422,6.0,9,4,0.6782329983125268,0.4650714285714285,9,4.582060301507537,0.17870138540755515,10.825725946352325,0.17870138540755515,6.1349774316500785,-3.6196117464928,1,307.0,0.000309124996419996,396.0,0.0012728330038953573,415.0,0.0042750409920699894,424.0,21.796727082983125,False,407.0,0.03035858299699612,424.0,0,0
watts_strogatz,200,8,600,200,600,0.03015075376884422,6.0,8,4,0.7874007874011811,0.44694047619047617,9,4.48497487437186,0.23835303979823258,10.640355526871781,0.23835303979823258,6.146567763851797,-3.6369109693828046,1,299.0,0.000306208006804809,395.0,0.0015883749874774367,419.0,0.004268375021638349,427.0,20.655909250024706,False,415.0,0.027310832985676825,427.0,0,0
watts_strogatz,200,9,600,200,600,0.03015075376884422,6.0,8,4,0.7071067811865476,0.47270238095238093,9,4.58859296482412,0.18748504071329652,10.335553370013244,0.18748504071329652,6.159182877436505,-3.42099681372624,1,291.0,0.0003173750010319054,402.0,0.0016017079760786146,416.0,0.004629667004337534,423.0,20.26858745800564,False,403.0,0.03139175000251271,423.0,0,0
watts_strogatz,200,10,600,200,600,0.03015075376884422,6.0,9,4,0.7348469228349535,0.4665833333333333,9,4.625427135678392,0.18553831107863958,10.740140112779653,0.18553831107863958,6.1898002929465115,-3.5947265495857255,1,289.0,0.0003036250127479434,396.0,0.001587457983987406,416.0,0.003959291992941871,425.0,19.999968332995195,False,411.0,0.030569708003895357,425.0,0,0
watts_strogatz,200,11,600,200,600,0.03015075376884422,6.0,9,4,0.812403840463596,0.43698809523809523,8,4.311206030150754,0.2646089076840331,11.044651610885948,0.2646089076840331,6.163356924243619,-3.7703746867173002,1,289.0,0.00030270899878814816,395.0,0.0012742079852614552,422.0,0.004250291996868327,432.0,22.942896624997957,False,409.0,0.03227683398290537,432.0,0,0
watts_strogatz,200,12,600,200,600,0.03015075376884422,6.0,9,4,0.806225774829855,0.46098015873015874,8,4.512412060301507,0.25948037840886634,10.802385584960772,0.25948037840886634,6.163490935973074,-3.587567663064722,1,302.0,0.0003155000158585608,398.0,0.0015897919947747141,421.0,0.003981332993134856,423.0,19.61336091600242,False,414.0,0.029661667009349912,423.0,0,0
watts_strogatz,200,13,600,200,600,0.03015075376884422,6.0,8,4,0.7416198487095663,0.44152380952380954,8,4.37321608040201,0.2913126084384312,10.485227131512367,0.2913126084384312,6.121647006517656,-3.756928755652439,1,287.0,0.000299291976261884,410.0,0.0016007919912226498,416.0,0.004265707975719124,428.0,21.14971849997528,False,412.0,0.03094749999581836,428.0,0,0
watts_strogatz,200,14,600,200,600,0.03015075376884422,6.0,8,5,0.648074069840786,0.45407142857142857,9,4.589296482412061,0.24025487352593317,10.31800160199569,0.24025487352593317,6.143624775458705,-3.554011202265918,1,310.0,0.00030941699515096843,400.0,0.0015835000085644424,419.0,0.0042573749960865825,428.0,21.08480858299299,False,418.0,0.030187750002369285,428.0,0,0
watts_strogatz,200,15,600,200,600,0.03015075376884422,6.0,9,4,0.7211102550927979,0.4734285714285714,10,4.716532663316583,0.14540960950383508,10.65618654730411,0.14540960950383508,6.170925424168166,-3.576900787297127,1,310.0,0.00030754099134355783,388.0,0.0012675420148298144,411.0,0.004239582980517298,421.0,20.71406820899574,False,404.0,0.04094058298505843,421.0,0,0
watts_strogatz,200,16,600,200,600,0.03015075376884422,6.0,9,4,0.7937253933193772,0.45324999999999993,9,4.336733668341709,0.2475844513847521,10.803568749545425,0.2475844513847521,6.142844085923171,-3.5738969792161766,1,300.0,0.00048145800246857107,400.0,0.002019584004301578,420.0,0.005260625010123476,426.0,16.2263992090011,False,410.0,0.036625292006647214,426.0,0,0
watts_strogatz,200,17,600,200,600,0.03015075376884422,6.0,9,4,0.7483314773547883,0.450031746031746,9,4.434472361809045,0.26658751860155727,11.077681032507915,0.26658751860155727,6.147634331118168,-3.7199215527032377,1,286.0,0.0004176250076852739,401.0,0.001302290998864919,414.0,0.0044589169847313315,424.0,23.124743249994935,False,402.0,0.03933124998002313,424.0,0,0
watts_strogatz,200,18,600,200,600,0.03015075376884422,6.0,9,4,0.8366600265340756,0.4570515873015873,8,4.426281407035176,0.23681922202029912,10.77953244681354,0.23681922202029912,6.153163534499705,-3.527020507714391,1,282.0,0.00036162498872727156,395.0,0.0012890419748146087,416.0,0.004676625016145408,426.0,23.903931749984622,False,405.0,0.03638341699843295,426.0,0,0
watts_strogatz,200,19,600,200,600,0.03015075376884422,6.0,9,4,0.7348469228349535,0.4459325396825397,8,4.3952763819095475,0.27615809364456634,10.939924248206182,0.27615809364456634,6.1669670803947785,-3.549579173058718,1,290.0,0.0003268750151619315,393.0,0.001909667014842853,418.0,0.005019333009840921,425.0,20.91987512499327,False,407.0,0.03923445800319314,425.0,0,0
watts_strogatz,200,20,600,200,600,0.03015075376884422,6.0,9,4,0.8888194417315589,0.4210079365079365,8,4.239698492462312,0.3110560412231626,11.089846949458252,0.3110560412231626,6.201180352961422,-3.725663275667562,1,295.0,0.0003269169828854501,399.0,0.0015860000276006758,420.0,0.004004792019259185,428.0,23.22549633300514,False,419.0,0.026077041984535754,428.0,0,0
watts_strogatz,200,21,600,200,600,0.03015075376884422,6.0,9,4,0.7745966692414834,0.45528571428571424,8,4.505628140703518,0.24156683282379648,10.712909663066341,0.24156683282379648,6.164381739037955,-3.6876526423951295,1,334.0,0.00032541598193347454,398.0,0.0012725419946946204,414.0,0.0042671249830164015,421.0,18.891106208000565,False,412.0,0.048348667012760416,421.0,0,0
watts_strogatz,200,22,600,200,600,0.03015075376884422,6.0,8,4,0.7280109889280518,0.4501309523809524,8,4.401959798994975,0.2739584178900642,10.29799104045546,0.2739584178900642,6.132961929308787,-3.521791436937787,1,288.0,0.00033983300090767443,396.0,0.0016130000003613532,420.0,0.0040155830211006105,428.0,24.42618224999751,False,407.0,0.05666779101011343,428.0,0,0
watts_strogatz,200,23,600,200,600,0.03015075376884422,6.0,8,3,0.7280109889280518,0.46689285714285716,8,4.502814070351759,0.22448117550950436,10.398272183358616,0.22448117550950436,6.14260983644017,-3.622209781593713,1,291.0,0.0010640409891493618,395.0,0.0030989999941084534,416.0,0.004925457993522286,421.0,22.58106199998292,False,413.0,0.047698917012894526,421.0,0,0
watts_strogatz,200,24,600,200,600,0.03015075376884422,6.0,8,4,0.7416198487095663,0.46026190476190476,8,4.500703517587939,0.21706087261740928,10.425625697440129,0.21706087261740928,6.1408696307967245,-3.4132086183678894,1,306.0,0.00036541701410897076,396.0,0.001705500006210059,413.0,0.004563374997815117,424.0,20.787551458983216,False,402.0,0.02569704200141132,424.0,0,0
watts_strogatz,200,25,600,200,600,0.03015075376884422,6.0,8,4,0.714142842854285,0.46945238095238095,8,4.576834170854271,0.21208400851903525,10.473149230017293,0.21208400851903525,6.122618569215331,-3.5637786252968247,1,318.0,0.00033062498550862074,404.0,0.0016083749942481518,412.0,0.0042859590030275285,424.0,22.813105125009315,False,416.0,0.03420908399857581,424.0,0,0
watts_strogatz,200,26,600,200,600,0.03015075376884422,6.0,8,4,0.7615773105863908,0.4425595238095238,8,4.347487437185929,0.27325701254350787,10.652218469661133,0.27325701254350787,6.140237040326247,-3.7235891713644715,1,312.0,0.00032891699811443686,405.0,0.0014264160126913339,423.0,0.004570249991957098,425.0,21.5540463750076,False,414.0,0.029437333985697478,425.0,0,0
watts_strogatz,200,27,600,200,600,0.03015075376884422,6.0,8,4,0.6633249580710799,0.47102380952380957,9,4.690100502512562,0.19443590751862908,10.210927243889675,0.19443590751862908,6.111918012823361,-3.4355436196911966,1,306.0,0.0003334159846417606,395.0,0.0016033329884521663,405.0,0.004280583991203457,421.0,19.779206749983132,False,410.0,0.028512624994618818,421.0,0,0
watts_strogatz,200,28,600,200,600,0.03015075376884422,6.0,9,4,0.8,0.42127380952380955,8,4.280452261306532,0.27981722432773537,10.878714538848504,0.27981722432773537,6.160079221864127,-3.6763903042240593,1,307.0,0.0003207910049241036,411.0,0.0016130419971887022,418.0,0.004906167014269158,430.0,22.480758374993457,False,409.0,0.02719574997900054,430.0,0,0
watts_strogatz,200,29,600,200,600,0.03015075376884422,6.0,9,4,0.848528137423857,0.4226309523809524,8,4.236884422110553,0.2555462435019292,11.042679812359504,0.2555462435019292,6.14873987663409,-3.6638951189348834,1,292.0,0.00031858301372267306,401.0,0.0012826659949496388,417.0,0.004311458003940061,429.0,20.40360004201648,False,414.0,0.03527237501111813,429.0,0,0
