family,n,instance,m,prop_n,prop_m,prop_density,prop_avg_degree,prop_max_degree,prop_min_degree,prop_degree_std,prop_clustering_coeff,prop_diameter,prop_avg_path_length,prop_spectral_gap,prop_lambda_max_laplacian,prop_algebraic_connectivity,prop_spectral_radius,prop_lambda_min_adj,prop_n_components,random_cut,random_time,greedy_cut,greedy_time,spectral_cut,spectral_time,gw_cut,gw_time,gw_fallback,gnn_cut,gnn_time,best_classical_cut,gnn_wins,gnn_ties
erdos_renyi,20,0,25,20,25,0.13157894736842105,2.5,5,1,1.2041594578792296,0.21000000000000002,9,3.7,0.07771855129713974,7.030589751306405,0.07771855129713974,3.2710504263194875,-2.8027885224546494,1,9.0,0.00018495897529646754,20.0,0.0004744590260088444,22.0,0.0003451670054346323,22.0,0.01572691701585427,False,22.0,0.018600291979964823,22.0,0,1
erdos_renyi,20,1,27,20,27,0.14210526315789473,2.7,6,1,1.5524174696260025,0.045,6,2.857894736842105,0.18343755989569757,8.150034561218364,0.18343755989569757,3.6698071554743414,-3.181271212429405,1,15.0,0.00013166596181690693,21.0,0.00016120803775265813,24.0,0.00026766699738800526,24.0,0.010468374995980412,False,24.0,0.02152962499530986,24.0,0,1
erdos_renyi,20,2,37,20,37,0.19473684210526315,3.7,9,1,1.76351920885484,0.255,6,2.3473684210526318,0.42216086195284763,10.257723142260982,0.42216086195284763,4.58604810716034,-3.0044420204596904,1,7.0,0.00014029198791831732,29.0,0.0001871669664978981,28.0,0.0003197909682057798,29.0,0.009478499996475875,False,28.0,0.020283917023334652,29.0,0,0
erdos_renyi,20,3,22,20,22,0.11578947368421053,2.2,4,1,1.0770329614269007,0.03333333333333333,9,3.8526315789473684,0.07354443976710104,5.766296531879128,0.07354443976710104,2.8164072666971816,-2.5572359468951165,1,11.0,0.00015137501759454608,18.0,0.00016683299327269197,21.0,0.00030212500132620335,21.0,0.011775541992392391,False,21.0,0.02007541700731963,21.0,0,1
erdos_renyi,20,4,39,20,39,0.20526315789473684,3.9,6,2,1.2609520212918492,0.18833333333333332,4,2.1736842105263157,0.8716970740580074,8.049656928268579,0.8716970740580074,4.32891458602883,-3.3464917161302994,1,24.0,0.00015666696708649397,33.0,0.00020266702631488442,33.0,0.0003707089927047491,34.0,0.010250375024043024,False,34.0,0.03530370898079127,34.0,0,1
erdos_renyi,20,5,30,20,30,0.15789473684210525,3.0,7,1,1.70293863659264,0.25476190476190474,6,2.594736842105263,0.29567132563836573,8.766509802152063,0.29567132563836573,3.843799739036153,-3.3668458434899886,1,16.0,0.00017270899843424559,25.0,0.00023074995260685682,25.0,0.0003731250180862844,25.0,0.01641962502617389,False,25.0,0.020684749993961304,25.0,0,1
erdos_renyi,20,6,27,20,27,0.14210526315789473,2.7,6,1,1.2688577540449522,0.09333333333333334,7,2.973684210526316,0.16785258817584703,7.272907531711996,0.16785258817584703,3.5255423834769033,-2.667923508575565,1,13.0,0.00015829200856387615,23.0,0.00020329095423221588,23.0,0.00042820797534659505,23.0,0.008040957967750728,False,23.0,0.020705708011519164,23.0,0,1
erdos_renyi,20,7,21,20,21,0.11052631578947368,2.1,5,1,1.0908712114635715,0.03,10,4.026315789473684,0.07324072523433385,6.258960445815409,0.07324072523433385,2.81128373989505,-2.2946750547081542,1,10.0,0.00015924999024719,18.0,0.0001905839890241623,19.0,0.0003094999701716006,20.0,0.012026291980873793,False,19.0,0.01985216705361381,20.0,0,0
erdos_renyi,20,8,24,20,24,0.12631578947368421,2.4,4,1,1.1135528725660047,0.075,7,3.5105263157894737,0.09842251595358655,5.749791709512228,0.09842251595358655,2.9519540252408745,-2.4225068378564756,1,15.0,0.00013595802010968328,21.0,0.0001576659851707518,21.0,0.000275125028565526,22.0,0.013560209015849978,False,22.0,0.020100582973100245,22.0,0,1
erdos_renyi,20,9,28,20,28,0.14736842105263157,2.8,5,1,1.1224972160321824,0.39,8,3.642105263157895,0.09007689509429385,6.437251769979147,0.09007689509429385,3.651639636973004,-2.2078649981571203,1,13.0,0.00014891702448949218,22.0,0.0002168339560739696,22.0,0.00036979198921471834,23.0,0.009713416977319866,False,23.0,0.02071166702080518,23.0,0,1
erdos_renyi,20,10,39,20,39,0.20526315789473684,3.9,10,2,2.364318083507378,0.2978174603174603,4,2.168421052631579,0.773690436725319,11.197219920384732,0.773690436725319,5.312606017520849,-3.3455814400833983,1,16.0,0.00018033297965303063,32.0,0.00027304195100441575,32.0,0.00042929104529321194,32.0,0.008689791953656822,False,32.0,0.02217283396748826,32.0,0,1
erdos_renyi,20,11,28,20,28,0.14736842105263157,2.8,6,1,1.2884098726725126,0.35333333333333333,7,3.305263157894737,0.10475537471098581,7.620412405694924,0.10475537471098581,3.643340813095077,-2.849970143532314,1,17.0,0.0001508750137872994,20.0,0.0001967499847523868,23.0,0.000337334000505507,23.0,0.008349541982170194,False,23.0,0.021492125000804663,23.0,0,1
erdos_renyi,20,12,26,20,26,0.1368421052631579,2.6,6,1,1.2806248474865698,0.13666666666666666,6,2.9842105263157896,0.2687556746097007,7.441430314029688,0.2687556746097007,3.3333427055257108,-2.798103118422999,1,12.0,0.00016012502601370215,22.0,0.0001949580037035048,23.0,0.0003469579969532788,23.0,0.012403707951307297,False,23.0,0.020204958971589804,23.0,0,1
erdos_renyi,20,13,23,20,23,0.12105263157894737,2.3,4,1,1.004987562112089,0.0,7,3.163157894736842,0.19664571744522225,6.103172909347029,0.19664571744522225,2.7793431005316633,-2.5802800857747217,1,16.0,0.00013154203770682216,19.0,0.00015645899111405015,21.0,0.00025062495842576027,22.0,0.009222750028129667,False,21.0,0.02066400001058355,22.0,0,0
erdos_renyi,20,14,30,20,30,0.15789473684210525,3.0,7,1,1.51657508881031,0.03404761904761905,6,2.5473684210526315,0.40834474993960584,8.665498942402772,0.40834474993960584,3.7800096913933015,-3.3581509019489264,1,17.0,0.00013666599988937378,27.0,0.00018337497022002935,27.0,0.0002684590290300548,27.0,0.0081775410217233,False,27.0,0.02083537500584498,27.0,0,1
erdos_renyi,20,15,23,20,23,0.12105263157894737,2.3,4,1,0.9539392014169458,0.041666666666666664,8,3.6157894736842104,0.10682331942324448,6.030891601424413,0.10682331942324448,2.878132899520757,-2.5985589604273747,1,13.0,0.0001335840206593275,18.0,0.00015537498984485865,22.0,0.0002728750114329159,22.0,0.009608416992705315,False,21.0,0.01993708300869912,22.0,0,0
erdos_renyi,20,16,26,20,26,0.1368421052631579,2.6,5,1,1.2806248474865698,0.05499999999999999,7,3.0157894736842104,0.17147089903146348,6.714043703095336,0.17147089903146348,3.3908831283269323,-2.684121096361824,1,12.0,0.00014133297372609377,19.0,0.00017191702499985695,23.0,0.00025408301735296845,23.0,0.008587749965954572,False,23.0,0.01818025001557544,23.0,0,1
erdos_renyi,20,17,27,20,27,0.14210526315789473,2.7,6,1,1.3076696830622019,0.07833333333333334,6,2.8842105263157896,0.26804420619761693,7.51639765185131,0.26804420619761693,3.5428114328901668,-2.7415209070516577,1,14.0,0.0001312919775955379,22.0,0.00016112503362819552,22.0,0.0002716669696383178,23.0,0.009868624969385564,False,22.0,0.018791375041473657,23.0,0,0
erdos_renyi,20,18,35,20,35,0.18421052631578946,3.5,6,1,1.3228756555322954,0.09333333333333334,6,2.3684210526315788,0.5133370414977119,8.226990954041831,0.5133370414977119,4.103800870032845,-3.0276290676448805,1,17.0,0.00013133400352671742,28.0,0.00017224997282028198,28.0,0.00028362497687339783,29.0,0.007978124951478094,False,28.0,0.01911462499992922,29.0,0,0
erdos_renyi,20,19,24,20,24,0.12631578947368421,2.4,5,1,1.019803902718557,0.03333333333333333,10,3.8789473684210525,0.06588094434122423,6.625947268509432,0.06588094434122423,3.0630041066940366,-2.684756226238024,1,11.0,0.00014166702749207616,21.0,0.0001621250412426889,22.0,0.00030200002947822213,22.0,0.011128542013466358,False,22.0,0.019288416020572186,22.0,0,1
erdos_renyi,20,20,38,20,38,0.2,3.8,6,2,1.469693845669907,0.255,5,2.3789473684210525,0.5451190137745038,8.281892179254207,0.5451190137745038,4.6766379771770055,-2.776275505599118,1,12.0,0.00013358303112909198,26.0,0.00019941700156778097,28.0,0.0002964579616673291,29.0,0.009074790985323489,False,28.0,0.018911709019448608,29.0,0,0
erdos_renyi,20,21,26,20,26,0.1368421052631579,2.6,6,1,1.3564659966250536,0.3516666666666667,7,3.2578947368421054,0.11676170796515851,7.183822979321966,0.11676170796515851,3.207751170522013,-2.5920380931292453,1,15.0,0.00013950001448392868,19.0,0.00017979100812226534,21.0,0.00027458398835733533,22.0,0.009189791977405548,False,22.0,0.01938633300596848,22.0,0,1
erdos_renyi,20,22,37,20,37,0.19473684210526315,3.7,9,1,2.027313493271329,0.19,4,2.2578947368421054,0.5808374325026066,10.379372891178125,0.5808374325026066,4.879982103822823,-3.219324267647338,1,16.0,0.00013445800868794322,30.0,0.00019450002582743764,28.0,0.00032870902214199305,30.0,0.008351416036020964,False,29.0,0.019467332982458174,30.0,0,0
erdos_renyi,20,23,27,20,27,0.14210526315789473,2.7,6,1,1.2688577540449522,0.13,5,2.778947368421053,0.34124426285642606,7.467303323051017,0.34124426285642606,3.4017831967215995,-2.691295371429108,1,15.0,0.00013775000115856528,22.0,0.00016250001499429345,22.0,0.00027908303309231997,24.0,0.009393832995556295,False,22.0,0.019650582980830222,24.0,0,0
erdos_renyi,20,24,32,20,32,0.16842105263157894,3.2,5,2,0.9273618495495703,0.27999999999999997,6,2.610526315789474,0.3875328132587302,7.0001709371356124,0.3875328132587302,3.5236942673641867,-2.892736361089147,1,14.0,0.00013895798474550247,24.0,0.00017733301501721144,25.0,0.00027137500001117587,27.0,0.008371416945010424,False,27.0,0.019781332986894995,27.0,0,1
erdos_renyi,20,25,32,20,32,0.16842105263157894,3.2,6,1,1.4352700094407325,0.12166666666666666,5,2.4,0.5318545152102135,7.748628200229772,0.5318545152102135,3.7564129310834193,-3.11924239463784,1,18.0,0.00015220901696011424,27.0,0.00022250000620260835,26.0,0.0002952500362880528,28.0,0.007874040980823338,False,28.0,0.019806207972578704,28.0,0,1
erdos_renyi,20,26,24,20,24,0.12631578947368421,2.4,5,1,1.1135528725660044,0.0,6,2.9842105263157896,0.22192517719391897,6.352779481868814,0.22192517719391897,2.885760349620379,-2.520748114163527,1,14.0,0.00012849998893216252,20.0,0.00015816703671589494,20.0,0.00027166702784597874,22.0,0.009307083033490926,False,22.0,0.018943291972391307,22.0,0,1
erdos_renyi,20,27,22,20,22,0.11578947368421053,2.2,6,1,1.3266499161421599,0.03666666666666667,8,3.3789473684210525,0.11307285086937337,7.2776329127596195,0.11307285086937337,3.068402689780555,-2.6221920999683417,1,12.0,0.00013412500265985727,19.0,0.00016537500778213143,21.0,0.0002881249529309571,21.0,0.011139917012769729,False,19.0,0.019095958035904914,21.0,0,0
erdos_renyi,20,28,32,20,32,0.16842105263157894,3.2,6,1,1.32664991614216,0.25166666666666665,5,2.6052631578947367,0.33084104056958535,7.88373176983859,0.33084104056958535,3.818631899890003,-3.0398068099262128,1,14.0,0.00012737500946968794,23.0,0.00016608397709205747,26.0,0.0002795840264298022,27.0,0.009377290960401297,False,27.0,0.01990487496368587,27.0,0,1
erdos_renyi,20,29,30,20,30,0.15789473684210525,3.0,7,1,1.449137674618944,0.03476190476190476,7,2.873684210526316,0.20573262262115685,8.637795508791173,0.20573262262115685,3.922728912699438,-3.3925936564014423,1,16.0,0.00012983300257474184,24.0,0.0001623329590074718,27.0,0.00027612497797235847,27.0,0.008039707958232611,False,27.0,0.018378583015874028,27.0,0,1
erdos_renyi,50,0,183,50,183,0.1493877551020408,7.32,13,3,2.2929457036746426,0.14625252525252525,4,2.1420408163265305,2.255173567528472,15.647320658649692,2.255173567528472,8.1420944252768,-4.555210041237662,1,88.0,0.00017929100431501865,126.0,0.0004781669704243541,130.0,0.0008251250255852938,135.0,0.041369791026227176,False,131.0,0.023349792056251317,135.0,0,0
erdos_renyi,50,1,174,50,174,0.14204081632653062,6.96,13,2,2.7346663416219537,0.15884115884115885,4,2.2114285714285713,1.4462865434669665,15.354760688045895,1.4462865434669665,8.030409770252716,-4.936267085542832,1,89.0,0.0001836249721236527,120.0,0.0004591250326484442,129.0,0.0008191250381059945,131.0,0.04045608302112669,False,131.0,0.023247917008120567,131.0,0,1
erdos_renyi,50,2,214,50,214,0.17469387755102042,8.56,17,4,2.6469605210505125,0.19680673901262136,3,2.008979591836735,3.0539431853521073,18.68812173145126,3.0539431853521073,9.297129695178192,-5.012746370969957,1,97.0,0.0001835830044001341,140.0,0.0004117909702472389,146.0,0.0010706670000217855,154.0,0.03622862498741597,False,154.0,0.02441583399195224,154.0,0,1
erdos_renyi,50,3,163,50,163,0.13306122448979593,6.52,12,2,1.8680471086136987,0.1122164502164502,4,2.230204081632653,1.6245749726049754,13.682971902889772,1.6245749726049754,7.068377397055036,-4.455422949609889,1,75.0,0.00016895803855732083,115.0,0.0004872499848715961,120.0,0.000900499988347292,123.0,0.04051370901288465,False,122.0,0.022977332992013544,123.0,0,0
erdos_renyi,50,4,179,50,179,0.14612244897959184,7.16,14,3,2.532666578924277,0.171030192030192,4,2.146938775510204,1.923683903169059,15.827343806909838,1.923683903169059,8.012514244126091,-4.846295704666447,1,77.0,0.0001782500185072422,124.0,0.000483207986690104,126.0,0.0007353749824687839,132.0,0.041231875016819686,False,131.0,0.023550040961708874,132.0,0,0
erdos_renyi,50,5,189,50,189,0.15428571428571428,7.56,15,3,2.8224811779709,0.18574347874347874,4,2.1053061224489795,1.972693720106946,16.770976957516908,1.972693720106946,8.60060113598107,-5.013159485067723,1,90.0,0.00021962501341477036,125.0,0.0006435419782064855,137.0,0.0010863339994102716,140.0,0.04085095797199756,False,140.0,0.02308341598836705,140.0,0,1
erdos_renyi,50,6,200,50,200,0.16326530612244897,8.0,13,4,2.32379000772445,0.16042857142857142,3,2.0538775510204084,2.68949498185479,15.99511868377484,2.68949498185479,8.747023635332745,-4.904089237614675,1,97.0,0.0001996249775402248,137.0,0.0005272080306895077,143.0,0.0008943330030888319,146.0,0.04112991696456447,False,143.0,0.0232593750115484,146.0,0,0
erdos_renyi,50,7,179,50,179,0.14612244897959184,7.16,15,2,2.9418361613115027,0.1501181041181041,4,2.1330612244897957,1.659611977612819,16.901063097516843,1.659611977612819,8.31996168888153,-4.760452184737647,1,101.0,0.00019512494327500463,128.0,0.0004937499761581421,125.0,0.0007890000124461949,131.0,0.03502008400391787,False,130.0,0.023565833980683237,131.0,0,0
erdos_renyi,50,8,168,50,168,0.13714285714285715,6.72,12,2,2.1169789795838785,0.1482005772005772,4,2.204081632653061,1.5113113330667591,14.138027817150443,1.5113113330667591,7.437453835710457,-4.406278592697813,1,93.0,0.0002044999855570495,120.0,0.000608125003054738,118.0,0.0008868750301189721,124.0,0.054321917006745934,False,122.0,0.02290325000649318,124.0,0,0
erdos_renyi,50,9,182,50,182,0.14857142857142858,7.28,12,1,2.416940214403327,0.1402005772005772,4,2.1575510204081634,0.8229201059873674,15.117411113726046,0.8229201059873674,8.14733852079597,-5.010525761002686,1,83.0,0.00021908298367634416,131.0,0.0005393329774960876,132.0,0.000832833000458777,135.0,0.040433374990243465,False,132.0,0.023083541018422693,135.0,0,0
erdos_renyi,50,10,182,50,182,0.14857142857142858,7.28,14,2,2.5771301868551384,0.13965145965145964,4,2.1216326530612246,1.5953684196358702,15.965913961639918,1.5953684196358702,8.218504679581901,-5.33981235233229,1,92.0,0.0001889580162242055,127.0,0.000507500022649765,135.0,0.0008872500038705766,136.0,0.04040316701866686,False,136.0,0.025110166985541582,136.0,0,1
erdos_renyi,50,11,167,50,167,0.1363265306122449,6.68,12,2,2.3953287874527787,0.11947763347763347,4,2.20734693877551,1.5752336927402273,14.02618631604346,1.5752336927402273,7.496163360144818,-4.560371441303695,1,88.0,0.00023404095554724336,117.0,0.0006778749520890415,124.0,0.0009699580259621143,124.0,0.04089633299736306,False,126.0,0.022859707998577505,124.0,1,0
erdos_renyi,50,12,180,50,180,0.1469387755102041,7.2,12,1,2.4657656011875906,0.133004329004329,4,2.1518367346938776,0.8945119470239318,14.848032038041907,0.8945119470239318,8.074404034168111,-4.668070508207528,1,87.0,0.00019170896848663688,123.0,0.0005078749964013696,125.0,0.000812250014860183,132.0,0.04200587497325614,False,133.0,0.023193083005025983,132.0,1,0
erdos_renyi,50,13,177,50,177,0.14448979591836736,7.08,14,2,2.3395726105423615,0.14622066822066823,4,2.1518367346938776,1.7045731168345972,15.789553258330796,1.7045731168345972,7.860730648911144,-4.548395439450862,1,82.0,0.00018454098608344793,123.0,0.0004997499636374414,124.0,0.0007657909882254899,134.0,0.04046458296943456,False,130.0,0.02344670903403312,134.0,0,0
erdos_renyi,50,14,167,50,167,0.1363265306122449,6.68,12,2,2.4774180107523236,0.147011544011544,4,2.236734693877551,1.3535536941475224,14.009885944041663,1.3535536941475224,7.604797438094929,-4.701486391187754,1,89.0,0.00018566695507615805,120.0,0.0007507079862989485,122.0,0.0008304999792017043,124.0,0.04075066698715091,False,124.0,0.022842458041850477,124.0,0,1
erdos_renyi,50,15,201,50,201,0.16408163265306122,8.04,13,3,2.6302851556437754,0.15684970584970584,4,2.053061224489796,2.342080113610813,15.89162823854872,2.342080113610813,8.879141270433397,-5.3853663165113215,1,101.0,0.00020420795772224665,135.0,0.0006457080016843975,151.0,0.0011550000053830445,151.0,0.04201383300824091,False,151.0,0.02401316596660763,151.0,0,1
erdos_renyi,50,16,197,50,197,0.16081632653061226,7.88,13,3,2.2417850030723283,0.14768387168387168,4,2.0718367346938775,2.307557649096461,15.869334167833214,2.307557649096461,8.580097294805826,-4.914218665144845,1,103.0,0.0002002089750021696,140.0,0.0006458749994635582,143.0,0.0009275419870391488,144.0,0.040971624956000596,False,141.0,0.02429400000255555,144.0,0,0
erdos_renyi,50,17,178,50,178,0.14530612244897959,7.12,12,2,2.303388807822075,0.14036652236652236,4,2.153469387755102,1.7407488823290733,14.479818539110381,1.7407488823290733,7.962057846773589,-4.777386062760095,1,88.0,0.00019891600823029876,120.0,0.0005015420028939843,122.0,0.0007847910164855421,132.0,0.03997937496751547,False,131.0,0.023034750018268824,132.0,0,0
erdos_renyi,50,18,210,50,210,0.17142857142857143,8.4,16,3,3.039736830714133,0.20065079365079364,3,2.0351020408163265,2.2438060464636735,17.805495617849363,2.2438060464636735,9.472995554860201,-4.8076769870672695,1,91.0,0.00022258301032707095,148.0,0.0009616249590180814,137.0,0.0009617499890737236,151.0,0.0479343329789117,False,145.0,0.023605625028721988,151.0,0,0
erdos_renyi,50,19,188,50,188,0.15346938775510205,7.52,15,2,2.4432764886520726,0.18086724386724387,4,2.109387755102041,1.6211348548381375,16.70822431799595,1.6211348548381375,8.308775322873567,-4.86810025260944,1,82.0,0.00019325001630932093,125.0,0.0005105410236865282,135.0,0.0008968340116553009,139.0,0.034687249979469925,False,134.0,0.02392608398804441,139.0,0,0
erdos_renyi,50,20,212,50,212,0.1730612244897959,8.48,13,4,2.183941391154992,0.17217837717837717,3,2.0171428571428573,2.9207083461109957,15.611331903289813,2.9207083461109957,9.068010857286435,-4.98111601601896,1,98.0,0.00019341596635058522,139.0,0.000967125000897795,146.0,0.0010701249702833593,155.0,0.04042616696096957,False,148.0,0.024013167014345527,155.0,0,0
erdos_renyi,50,21,169,50,169,0.13795918367346938,6.76,15,1,2.796855377026134,0.15651948051948053,4,2.2457142857142856,0.8252648611265629,16.66627010474928,0.8252648611265629,8.035671989073803,-4.933229557285754,1,88.0,0.00020129099721089005,119.0,0.0004928340204060078,123.0,0.0009626249666325748,126.0,0.04015904199331999,False,126.0,0.02288716600742191,126.0,0,1
erdos_renyi,50,22,186,50,186,0.15183673469387754,7.44,14,1,2.757970268150112,0.14601609501609503,4,2.1355102040816325,0.9213172212466201,16.086011973777804,0.9213172212466201,8.497780583245996,-4.853620656058333,1,91.0,0.00019591598538681865,130.0,0.0006152089918032289,134.0,0.0008138330304063857,136.0,0.04020058299647644,False,135.0,0.023079667007550597,136.0,0,0
erdos_renyi,50,23,163,50,163,0.13306122448979593,6.52,13,2,2.351510153071851,0.11138372738372737,4,2.239183673469388,1.5884212231876507,15.022382609854986,1.5884212231876507,7.476534706791062,-4.597005368003251,1,77.0,0.00020991696510463953,113.0,0.0005303340149112046,120.0,0.000865125039126724,124.0,0.0402126670232974,False,120.0,0.023008791962638497,124.0,0,0
erdos_renyi,50,24,185,50,185,0.1510204081632653,7.4,12,3,1.928730152198591,0.12373593073593073,4,2.140408163265306,1.9567836094981355,14.592492960463911,1.9567836094981355,7.990122414308703,-5.236358586604691,1,82.0,0.000212125014513731,125.0,0.0006358330138027668,131.0,0.0007992080063559115,142.0,0.035435334022622555,False,130.0,0.023169374966528267,142.0,0,0
erdos_renyi,50,25,190,50,190,0.15510204081632653,7.6,13,4,2.5219040425836985,0.1663910533910534,4,2.1028571428571428,2.147609129473482,15.41850340527145,2.147609129473482,8.495400299546947,-5.103752776543021,1,107.0,0.00019904202781617641,136.0,0.0005098750116303563,134.0,0.0008065840229392052,141.0,0.041083917021751404,False,140.0,0.024111957987770438,141.0,0,0
erdos_renyi,50,26,169,50,169,0.13795918367346938,6.76,11,2,2.0548479262466115,0.11465512265512265,4,2.190204081632653,1.6774736144744555,13.039741958539153,1.6774736144744555,7.348608512703624,-4.579635820671357,1,81.0,0.0002000840031541884,120.0,0.0006171659915708005,126.0,0.0008309159893542528,130.0,0.03581450000638142,False,127.0,0.023224167001899332,130.0,0,0
erdos_renyi,50,27,156,50,156,0.1273469387755102,6.24,12,3,2.371160053644629,0.12242279942279943,4,2.2742857142857145,1.508733519926449,14.397032324992988,1.508733519926449,7.156912814303677,-4.402764790711232,1,79.0,0.00018920900765806437,118.0,0.0007402090122923255,117.0,0.0007456669700331986,118.0,0.04501687502488494,False,118.0,0.02443366701481864,118.0,0,1
erdos_renyi,50,28,164,50,164,0.13387755102040816,6.56,12,1,2.662029301115974,0.09941847041847042,5,2.28734693877551,0.8973804411697321,14.687852739156252,0.8973804411697321,7.7020438248605165,-4.970174928496246,1,88.0,0.00022537499899044633,118.0,0.0005400420050136745,118.0,0.0008573750383220613,127.0,0.03817283298121765,False,126.0,0.02139908302342519,127.0,0,0
erdos_renyi,50,29,181,50,181,0.14775510204081632,7.24,14,1,2.702295320648726,0.14361827061827062,4,2.1608163265306124,0.904661617711128,15.798629040823986,0.904661617711128,8.407733536096462,-5.049243222752506,1,89.0,0.00018716702470555902,130.0,0.0004976250347681344,129.0,0.0008902499685063958,134.0,0.04318362497724593,False,133.0,0.02350066602230072,134.0,0,0
erdos_renyi,100,0,732,100,732,0.1478787878787879,14.64,21,8,3.0050623953588715,0.16180732391103908,3,1.948888888888889,6.184356460230303,25.177915664704113,6.184356460230303,15.308518575115936,-7.015934487441881,1,391.0,0.00035562494304031134,468.0,0.0015515830018557608,485.0,0.0028994999593123794,488.0,0.20683920895680785,False,487.0,0.03657033300260082,488.0,0,0
erdos_renyi,100,1,751,100,751,0.15171717171717172,15.02,24,6,3.80783402999658,0.15711172093935588,3,1.9418181818181819,5.273873065765408,27.219934345777553,5.273873065765408,16.028208434976307,-7.009244665325875,1,384.0,0.0003367500030435622,492.0,0.003029917017556727,492.0,0.0029588749748654664,500.0,0.15296341700013727,False,502.0,0.037444540997967124,500.0,1,0
erdos_renyi,100,2,816,100,816,0.16484848484848486,16.32,29,7,4.032071427938746,0.17126451400434742,3,1.8903030303030304,6.326262327569323,31.00114119195963,6.326262327569323,17.330914238099872,-6.980833032439216,1,424.0,0.0003487920039333403,525.0,0.002200750051997602,526.0,0.0031073749996721745,539.0,0.1538122909842059,False,529.0,0.03849212499335408,539.0,0,0
erdos_renyi,100,3,691,100,691,0.1395959595959596,13.82,23,7,3.047556398165586,0.13898569686471826,3,1.9763636363636363,5.899741176936133,25.298601829880496,5.899741176936133,14.496760164437443,-6.838904053293229,1,368.0,0.00036983395693823695,449.0,0.001863042009063065,462.0,0.002880290965549648,468.0,0.17555291700409725,False,459.0,0.03562554100062698,468.0,0,0
erdos_renyi,100,4,732,100,732,0.1478787878787879,14.64,24,7,3.5482953653832148,0.1459931325610421,3,1.9426262626262627,6.008576087859177,26.53140209615371,6.008576087859177,15.506557552173241,-7.086144085853119,1,368.0,0.000342833052854985,476.0,0.001484084001276642,479.0,0.0028159170178696513,491.0,0.15107399999396876,False,484.0,0.03744204202666879,491.0,0,0
erdos_renyi,100,5,697,100,697,0.1408080808080808,13.94,26,3,3.5037693988046645,0.14255909463773242,3,1.9723232323232323,2.7689326787085804,27.86917140987536,2.7689326787085804,14.818280579333013,-7.1334487350374935,1,351.0,0.000339832971803844,464.0,0.0018269169959239662,454.0,0.0032853749580681324,482.0,0.17585645796498284,False,464.0,0.03569466702174395,482.0,0,0
erdos_renyi,100,6,766,100,766,0.15474747474747474,15.32,25,4,3.773274440058661,0.16739184921956493,3,1.9296969696969697,3.697839303562943,27.881480089236337,3.697839303562943,16.265061898384538,-7.362373815703036,1,397.0,0.0003394579980522394,493.0,0.002200000046286732,502.0,0.0029965410358272493,509.0,0.1571650420082733,False,505.0,0.03721900004893541,509.0,0,0
erdos_renyi,100,7,751,100,751,0.15171717171717172,15.02,25,7,3.4841928764062415,0.15537207025561448,3,1.936969696969697,6.10385089283595,27.441939462413345,6.10385089283595,15.829449530869734,-7.40770353956559,1,373.0,0.0003414170350879431,469.0,0.0015478330315090716,500.0,0.002997457981109619,504.0,0.15185645798919722,False,506.0,0.037593499990180135,504.0,1,0
erdos_renyi,100,8,721,100,721,0.14565656565656565,14.42,26,7,3.4761472926215307,0.15105489553222087,3,1.9606060606060607,6.010307445846152,28.207577602933537,6.010307445846152,15.271733871304313,-6.696102111114253,1,359.0,0.00033887499012053013,465.0,0.002513791958335787,477.0,0.002901499974541366,480.0,0.15778020798461512,False,478.0,0.03620008402504027,480.0,0,0
erdos_renyi,100,9,783,100,783,0.15818181818181817,15.66,29,8,3.7342201327720357,0.1620506465331278,3,1.9113131313131313,6.892726758230389,30.872312019219997,6.892726758230389,16.555106591605146,-7.365739843304859,1,374.0,0.0003263749531470239,506.0,0.002089084009639919,494.0,0.003412958001717925,515.0,0.15380224998807535,False,502.0,0.03750570898409933,515.0,0,0
erdos_renyi,100,10,752,100,752,0.15191919191919193,15.04,28,6,4.287003615580467,0.1636228555588631,3,1.937171717171717,5.344659161029792,30.223818034586177,5.344659161029792,16.33964773839166,-7.0316703199624335,1,381.0,0.0003617500187829137,494.0,0.0024895420065149665,493.0,0.004203250049613416,498.0,0.15078137500677258,False,492.0,0.0362554169842042,498.0,0,0
erdos_renyi,100,11,697,100,697,0.1408080808080808,13.94,22,7,3.1235236512631053,0.13403562253020457,3,1.975151515151515,5.797999264619186,24.874724418942172,5.797999264619186,14.67860056678473,-6.941058450154587,1,365.0,0.0003291249740868807,465.0,0.002233042032457888,460.0,0.0029327080119401217,473.0,0.15455733297858387,False,467.0,0.036684166989289224,473.0,0,0
erdos_renyi,100,12,745,100,745,0.1505050505050505,14.9,23,8,3.398529093593286,0.15493635287029417,3,1.9347474747474747,6.453949917596765,26.139484455265798,6.453949917596765,15.76085027562782,-7.144356489301382,1,374.0,0.00034912495175376534,478.0,0.0032836670288816094,501.0,0.0034731250489130616,510.0,0.15100962499855086,False,508.0,0.03851362504065037,510.0,0,0
erdos_renyi,100,13,730,100,730,0.14747474747474748,14.6,25,5,3.57211421989835,0.1444224707883612,3,1.9515151515151514,4.451591094407894,27.718464761577486,4.451591094407894,15.52642219307982,-6.956486201576459,1,369.0,0.0003375409869477153,468.0,0.002866916998755187,485.0,0.0034305420122109354,483.0,0.314837499987334,False,490.0,0.03876045800279826,485.0,1,0
erdos_renyi,100,14,746,100,746,0.1507070707070707,14.92,24,9,3.061633550900565,0.13923683129511638,3,1.9244444444444444,7.176813296164835,26.904685699362624,7.176813296164835,15.574575628818852,-7.193946802565755,1,364.0,0.00033370795426890254,483.0,0.002790083992294967,493.0,0.0030387089936994016,495.0,0.15320129203610122,False,495.0,0.037207000015769154,495.0,0,1
erdos_renyi,100,15,725,100,725,0.14646464646464646,14.5,26,6,3.670149860700514,0.1547304255667158,3,1.9597979797979799,5.103521695026209,28.00368484932261,5.103521695026209,15.48940179675856,-7.217469929370489,1,382.0,0.00036287499824538827,478.0,0.0024220420164056122,476.0,0.0038240840076468885,487.0,0.1784954580361955,False,484.0,0.0372963750269264,487.0,0,0
erdos_renyi,100,16,776,100,776,0.15676767676767678,15.52,25,8,3.3331066589594758,0.153699220278383,3,1.9183838383838383,6.9504873146936434,27.381546660683526,6.9504873146936434,16.303738656536012,-7.103809460237851,1,389.0,0.0003483749460428953,487.0,0.004014584003016353,497.0,0.002624667016789317,516.0,0.152108957991004,False,509.0,0.03829812502954155,516.0,0,0
erdos_renyi,100,17,743,100,743,0.1501010101010101,14.86,24,8,3.6028322192408573,0.15029611129362105,3,1.9444444444444444,6.423145260567728,26.84441024277884,6.423145260567728,15.798003882786952,-7.419242915393661,1,384.0,0.00037395901745185256,489.0,0.0031297500245273113,494.0,0.0030719590140506625,499.0,0.177252417022828,False,499.0,0.03711754200048745,499.0,0,1
erdos_renyi,100,18,805,100,805,0.16262626262626262,16.1,26,8,3.8065732621348563,0.16501949675711283,3,1.8997979797979798,6.750596871294773,28.441878460784384,6.750596871294773,17.033189245119758,-7.1712752742694645,1,411.0,0.00038720801239833236,520.0,0.002218541980255395,523.0,0.003115624946076423,529.0,0.2074750000028871,False,529.0,0.038881167012732476,529.0,0,1
erdos_renyi,100,19,737,100,737,0.14888888888888888,14.74,27,6,3.6017218104678768,0.15917662904118013,3,1.9517171717171717,5.285618511566848,28.99575016309359,5.285618511566848,15.659641459962643,-7.003451626131199,1,368.0,0.00034141598735004663,476.0,0.002508250006940216,493.0,0.003395332954823971,492.0,0.1565844169817865,False,493.0,0.03624824999133125,493.0,0,1
erdos_renyi,100,20,754,100,754,0.15232323232323233,15.08,22,7,3.3156598136720845,0.14646583859896553,3,1.9305050505050505,5.888082141066818,25.5753383943076,5.888082141066818,15.815030390148593,-7.331964239897168,1,376.0,0.0003517919685691595,492.0,0.002014166966546327,508.0,0.002795750042423606,511.0,0.1578067920054309,False,514.0,0.03721737500745803,511.0,1,0
erdos_renyi,100,21,700,100,700,0.1414141414141414,14.0,27,7,3.331666249791536,0.13539871967271347,3,1.9658585858585857,5.879673818071507,28.861739341951214,5.879673818071507,14.813282438328255,-6.84250784283844,1,368.0,0.00034595903707668185,452.0,0.0018056250410154462,467.0,0.00329783302731812,470.0,0.18309812498046085,False,466.0,0.037361875001806766,470.0,0,0
erdos_renyi,100,22,768,100,768,0.15515151515151515,15.36,23,9,3.6729279873147527,0.1484324576912745,3,1.9266666666666667,6.855567284188461,26.739236200842395,6.855567284188461,16.280839214428813,-7.226777142373479,1,402.0,0.00042866700096055865,497.0,0.002500500006135553,500.0,0.002797375025693327,512.0,0.15811612497782335,False,517.0,0.03739174996735528,512.0,1,0
erdos_renyi,100,23,733,100,733,0.1480808080808081,14.66,24,5,3.5950521553935766,0.1523601966750439,3,1.949090909090909,4.5802920040194905,26.770388423535955,4.5802920040194905,15.573633569484137,-7.193370138520902,1,374.0,0.0004431250272318721,472.0,0.0021459999843500555,484.0,0.0036257500178180635,498.0,0.1572724170400761,False,499.0,0.03770874999463558,498.0,1,0
erdos_renyi,100,24,754,100,754,0.15232323232323233,15.08,25,4,3.695077807029238,0.15167461267662508,3,1.9393939393939394,3.66399580851709,27.25848921508988,3.66399580851709,16.01257693564576,-6.986245938124813,1,396.0,0.0003471249947324395,490.0,0.002573792007751763,484.0,0.0036295000463724136,501.0,0.1577093749656342,False,502.0,0.038368667010217905,501.0,1,0
erdos_renyi,100,25,745,100,745,0.1505050505050505,14.9,24,6,3.357082066318904,0.14361533189817616,3,1.943030303030303,5.131583007449403,26.722224737608357,5.131583007449403,15.677326524998069,-7.020778349036278,1,387.0,0.0003599170013330877,491.0,0.0034737910027615726,486.0,0.0031179170473478734,500.0,0.15741204196820036,False,492.0,0.039825000043492764,500.0,0,0
erdos_renyi,100,26,729,100,729,0.14727272727272728,14.58,22,7,3.332206476195615,0.13984424656870476,3,1.9543434343434343,5.785722698888651,25.01448481156549,5.785722698888651,15.357195016818391,-7.114699898179694,1,359.0,0.0003879590076394379,483.0,0.0021593330311588943,491.0,0.0042519159615039825,499.0,0.15489554102532566,False,497.0,0.03717816696735099,499.0,0,0
erdos_renyi,100,27,751,100,751,0.15171717171717172,15.02,24,7,3.611038631751258,0.15676591306272286,3,1.9325252525252525,6.156814304878797,26.704633380413775,6.156814304878797,15.843460312092176,-7.0213511413668845,1,352.0,0.0003584160003811121,485.0,0.0021748750004917383,482.0,0.0028908340027555823,496.0,0.18543358298484236,False,497.0,0.034956457966472954,496.0,1,0
erdos_renyi,100,28,794,100,794,0.1604040404040404,15.88,25,7,3.9529229691457433,0.16622639658168667,3,1.9056565656565656,6.3427679856938886,28.19181069513616,6.3427679856938886,16.85548739554939,-6.935547503639871,1,394.0,0.0004172499757260084,521.0,0.0038397919852286577,510.0,0.003281832963693887,523.0,0.15379333298187703,False,514.0,0.03729570802533999,523.0,0,0
erdos_renyi,100,29,746,100,746,0.1507070707070707,14.92,23,8,3.198999843701153,0.14773651886543931,3,1.937979797979798,6.6817189089121864,25.624001000061305,6.6817189089121864,15.667108094010931,-7.082102685544416,1,356.0,0.0003998330212198198,469.0,0.0017607919871807098,494.0,0.003009959007613361,499.0,0.18823041702853516,False,495.0,0.03699145803693682,499.0,0,0
erdos_renyi,200,0,2934,200,2934,0.14743718592964825,29.34,42,15,4.682349837421378,0.1469145312621697,3,1.8622613065326634,14.10090013173074,45.86325894464875,14.10090013173074,30.093818006054946,-10.15499592524083,1,1518.0,0.000917916011530906,1790.0,0.007173584017436951,1819.0,0.012346083007287234,1806.0,0.7464090000139549,False,1830.0,0.08365258399862796,1819.0,1,0
erdos_renyi,200,1,2989,200,2989,0.15020100502512562,29.89,46,13,5.101754600135134,0.15411173360786326,3,1.860854271356784,12.111225279651615,48.80155998231237,12.111225279651615,30.80687955528206,-9.73496362888168,1,1500.0,0.0010827500373125076,1809.0,0.016789833025541157,1836.0,0.013536834041588008,1828.0,0.7520282089826651,False,1837.0,0.0794426670181565,1836.0,1,0
erdos_renyi,200,2,3137,200,3137,0.15763819095477388,31.37,45,16,5.425228105803479,0.1625115581188453,3,1.8493467336683418,14.790975199991518,48.456818226538324,14.790975199991518,32.33423435963449,-9.94737738953096,1,1533.0,0.001084082992747426,1891.0,0.007634959009010345,1896.0,0.012316540989559144,1908.0,0.7160263329860754,False,1928.0,0.0854781250236556,1908.0,1,0
erdos_renyi,200,3,2831,200,2831,0.1422613065326633,28.31,43,16,5.244416078077711,0.14320515203951378,3,1.8739195979899497,14.582213197458385,46.60824380192888,14.582213197458385,29.281274763830545,-10.055776573986279,1,1373.0,0.0009339580428786576,1737.0,0.0069510419853031635,1757.0,0.012819207971915603,1759.0,0.7271327920025215,False,1767.0,0.07987379201222211,1759.0,1,0
erdos_renyi,200,4,3034,200,3034,0.15246231155778894,30.34,45,17,5.341760009584856,0.1526381919787899,3,1.8550251256281407,15.709566561758116,48.85226484439993,15.709566561758116,31.272596300763624,-10.430140409378076,1,1556.0,0.0009317080257460475,1849.0,0.015360417019110173,1855.0,0.014055457955691963,1865.0,0.8360164169571362,False,1868.0,0.08101358299609274,1865.0,1,0
erdos_renyi,200,5,2944,200,2944,0.1479396984924623,29.44,46,15,5.270332057849865,0.15158062492118082,3,1.8639195979899497,13.902037920538513,48.90448750053508,13.902037920538513,30.385272009008972,-10.13038679981456,1,1449.0,0.0009109160164371133,1788.0,0.009184291993733495,1818.0,0.013531374977901578,1824.0,0.8715989589691162,False,1844.0,0.07992729102261364,1824.0,1,0
erdos_renyi,200,6,2997,200,2997,0.15060301507537688,29.97,47,17,5.3450070158981084,0.15395594059451118,3,1.8580904522613064,15.808862412257115,49.78851465359071,15.808862412257115,30.929638012072964,-10.07957630926433,1,1509.0,0.0009270409937016666,1797.0,0.008991917013190687,1829.0,0.013590624963399023,1836.0,1.4228994169970974,False,1841.0,0.08205775002716109,1836.0,1,0
erdos_renyi,200,7,2971,200,2971,0.1492964824120603,29.71,43,16,5.30621333909597,0.15483430929933278,3,1.8625125628140704,14.488530332032745,47.16826728392242,14.488530332032745,30.661647886648417,-10.540989164036802,1,1488.0,0.0009236250189132988,1775.0,0.00919341598637402,1833.0,0.012426291999872774,1840.0,9.540602624998428,False,1849.0,0.08390225004404783,1840.0,1,0
erdos_renyi,200,8,2912,200,2912,0.14633165829145728,29.12,46,16,4.84413046892835,0.14656846154402609,3,1.8650753768844222,14.815508230391314,48.47766250257331,14.815508230391314,29.93061118609743,-9.822309376755712,1,1467.0,0.0009660829673521221,1774.0,0.00927495799260214,1797.0,0.018367209006100893,1805.0,0.8563869999488816,False,1793.0,0.08485787501558661,1805.0,0,0
erdos_renyi,200,9,3042,200,3042,0.1528643216080402,30.42,47,16,5.309764589885319,0.15617891622643318,3,1.8560301507537689,14.784229664775093,49.75081820219387,14.784229664775093,31.370870123555825,-10.334700685584183,1,1539.0,0.0009742080001160502,1876.0,0.016472458955831826,1839.0,0.013507540978025645,1869.0,0.8770624580211006,False,1873.0,0.08421554195228964,1876.0,0,0
erdos_renyi,200,10,3006,200,3006,0.15105527638190955,30.06,46,18,4.9067708322276475,0.15111488009659876,3,1.8587939698492462,16.229193666024177,49.0689266138658,16.229193666024177,30.882408352431916,-10.474765005038927,1,1498.0,0.000998334027826786,1822.0,0.009431040962226689,1844.0,0.014850833977106959,1860.0,0.8633460830315016,False,1863.0,0.08498629101086408,1860.0,1,0
erdos_renyi,200,11,2916,200,2916,0.1465326633165829,29.16,47,17,5.225361231532228,0.1482049096576956,3,1.8660301507537689,15.66114670434838,49.53516410067834,15.66114670434838,30.11166019275486,-10.135977502293674,1,1464.0,0.00102862500352785,1786.0,0.009403250005561858,1807.0,0.021223874995484948,1811.0,0.8443882499705069,False,1827.0,0.08203491696622223,1811.0,1,0
erdos_renyi,200,12,2949,200,2949,0.14819095477386934,29.49,41,18,5.002989106524218,0.14953711802176853,3,1.8619095477386935,16.245385677065926,45.27961924244283,16.245385677065926,30.346948490358237,-9.988545548119385,1,1349.0,0.0009486249764449894,1794.0,0.010884042014367878,1811.0,0.01280029199551791,1827.0,0.7699937089928426,False,1826.0,0.09217483398970217,1827.0,0,0
erdos_renyi,200,13,2914,200,2914,0.1464321608040201,29.14,43,17,5.223064234718926,0.14758035344620357,3,1.8658793969849246,14.795143019313448,46.29855533642562,14.795143019313448,30.07853799985857,-9.755062922375,1,1469.0,0.0009900419972836971,1774.0,0.011183875030837953,1784.0,0.01830950001021847,1803.0,0.9174193330109119,False,1794.0,0.08304083300754428,1803.0,0,0
erdos_renyi,200,14,3034,200,3034,0.15246231155778894,30.34,46,19,5.452008804101475,0.15616555741523747,3,1.8548241206030152,17.384889495298975,48.956332779114035,17.384889495298975,31.319613659119742,-9.898342601129507,1,1512.0,0.0009999999892897904,1843.0,0.009567250031977892,1850.0,0.016956750012468547,1861.0,1.5463810830260627,False,1847.0,0.09916949999751523,1861.0,0,0
erdos_renyi,200,15,3007,200,3007,0.15110552763819096,30.07,43,19,4.9401518195294365,0.15185540343661375,3,1.8578391959798994,16.896336886128267,46.12919975515562,16.896336886128267,30.895881204118247,-9.90447318980166,1,1560.0,0.0010028340038843453,1810.0,0.012452040973585099,1847.0,0.016013374959584326,1847.0,0.8280457080109045,False,1847.0,0.12677058298140764,1847.0,0,1
erdos_renyi,200,16,3026,200,3026,0.1520603015075377,30.26,45,19,4.803373814310104,0.15086853309767942,3,1.855175879396985,17.014495275141066,47.83581239175393,17.014495275141066,31.05475693451116,-9.900161012628853,1,1499.0,0.0014739580219611526,1811.0,0.010596166946925223,1847.0,0.016464582993648946,1853.0,0.8153140409849584,False,1861.0,0.37788054096745327,1853.0,1,0
erdos_renyi,200,17,3072,200,3072,0.15437185929648242,30.72,44,17,4.82095426238416,0.15452411694218687,3,1.8516582914572863,15.929176984237994,47.93935842261904,15.929176984237994,31.464375408615865,-9.905910279534176,1,1542.0,0.001133207988459617,1873.0,0.016098707972560078,1875.0,0.01687712501734495,1890.0,1.5927528329775669,False,1887.0,0.08970583300106227,1890.0,0,0
erdos_renyi,200,18,3133,200,3133,0.15743718592964825,31.33,46,12,5.117724103544465,0.15661716789507735,3,1.8492964824120603,11.450416503397467,48.73127838066864,11.450416503397467,32.17359426801861,-10.369022008448063,1,1549.0,0.001099957968108356,1901.0,0.012320625013671815,1928.0,0.01571399997919798,1934.0,0.8878420409746468,False,1939.0,0.0909031669725664,1934.0,1,0
erdos_renyi,200,19,2997,200,2997,0.15060301507537688,29.97,42,16,5.040743992705839,0.15076258039582607,3,1.8593467336683418,14.844516910429917,46.199004952573866,14.844516910429917,30.823345466097003,-10.238188073957303,1,1502.0,0.001015624962747097,1804.0,0.011689208971802145,1852.0,0.012110417010262609,1859.0,0.8969595410162583,False,1859.0,0.08402874995954335,1859.0,0,1
erdos_renyi,200,20,2954,200,2954,0.14844221105527639,29.54,43,19,5.194073545878996,0.15177928500240667,3,1.8614070351758794,17.127598742039993,46.74696098772075,17.127598742039993,30.464885645207282,-9.66958148296647,1,1460.0,0.0009746249997988343,1801.0,0.015092417015694082,1798.0,0.013487249962054193,1816.0,0.8789896249654703,False,1821.0,0.08433291700202972,1816.0,1,0
erdos_renyi,200,21,2842,200,2842,0.1428140703517588,28.42,49,15,5.138443344048857,0.1438585443383647,3,1.870753768844221,13.723691136222032,51.145986478822564,13.723691136222032,29.369803846551733,-10.158411930211143,1,1447.0,0.001030542014632374,1731.0,0.007906500017270446,1766.0,0.014683625020552427,1790.0,0.9003557919641025,False,1763.0,0.08707737503573298,1790.0,0,0
erdos_renyi,200,22,2937,200,2937,0.14758793969849246,29.37,43,15,5.22140785612463,0.1475408489408706,3,1.8636683417085427,13.958243736947352,46.264889229657044,13.958243736947352,30.302689388852016,-9.828077423448125,1,1494.0,0.0010823329794220626,1785.0,0.010656499944161624,1811.0,0.01510199997574091,1809.0,0.7443342920159921,False,1821.0,0.0845657919999212,1811.0,1,0
erdos_renyi,200,23,2999,200,2999,0.1507035175879397,29.99,43,16,4.95781201741252,0.14997927128133332,3,1.857788944723618,14.987767025921963,46.38283938112524,14.987767025921963,30.827511816667318,-9.923347475530969,1,1500.0,0.0010203339625149965,1794.0,0.008160083030816168,1846.0,0.015311916009522974,1844.0,0.7392721670330502,False,1846.0,0.08642850001342595,1846.0,0,1
erdos_renyi,200,24,3047,200,3047,0.15311557788944724,30.47,49,18,5.237279828307821,0.1539982020523658,3,1.8547738693467337,16.08978410926648,51.317277403359384,16.08978410926648,31.405274863072123,-9.94434663028923,1,1536.0,0.0010397500009275973,1835.0,0.013695875008124858,1849.0,0.018982209032401443,1872.0,0.7447428749874234,False,1869.0,0.08705470798304304,1872.0,0,0
erdos_renyi,200,25,3031,200,3031,0.15231155778894473,30.31,48,17,4.928884255082482,0.15523518707997078,3,1.8549246231155778,15.674005536490954,50.54026502044093,15.674005536490954,31.128076858567397,-9.813427795470176,1,1505.0,0.0009980410104617476,1859.0,0.011884833045769483,1850.0,0.017163624987006187,1862.0,0.751122166053392,False,1855.0,0.08704904199112207,1862.0,0,0
erdos_renyi,200,26,2948,200,2948,0.14814070351758793,29.48,42,16,4.86719631821031,0.14782296484588942,3,1.862110552763819,14.853594446108984,46.10743491207808,14.853594446108984,30.29685527411599,-9.903169373845882,1,1493.0,0.0010053750011138618,1793.0,0.011352041969075799,1812.0,0.015010875009465963,1819.0,0.7365819580154493,False,1824.0,0.0858572919969447,1819.0,1,0
erdos_renyi,200,27,2953,200,2953,0.14839195979899497,29.53,40,18,4.753851070448042,0.15001030309179972,3,1.8618090452261307,16.474875164885276,44.641956064926134,16.474875164885276,30.304812306064285,-10.199638019026196,1,1513.0,0.0010270419879816473,1786.0,0.013195916020777076,1827.0,0.01873291697120294,1851.0,0.8988274579751305,False,1830.0,0.08813683298649266,1851.0,0,0
erdos_renyi,200,28,2981,200,2981,0.14979899497487437,29.81,44,20,4.751199848459334,0.15046319334716626,3,1.859748743718593,17.161730757218006,47.090985461570625,17.161730757218006,30.569646935017726,-9.944244429399264,1,1487.0,0.0010115000186488032,1803.0,0.009849291993305087,1800.0,0.015017124998848885,1854.0,0.7587906660046428,False,1819.0,0.08758466603467241,1854.0,0,0
erdos_renyi,200,29,3017,200,3017,0.15160804020100502,30.17,42,17,4.868377553148482,0.1495659279104412,3,1.8558291457286433,15.871723249492453,46.11033062438096,15.871723249492453,30.95748960070305,-9.879597175537166,1,1497.0,0.0009973329724743962,1840.0,0.011794457968790084,1831.0,0.013496542000211775,1852.0,0.7549509999807924,False,1858.0,0.08651300001656637,1852.0,1,0
planted_partition,20,0,31,20,31,0.1631578947368421,3.1,5,1,1.2206555615733703,0.35833333333333334,6,2.8105263157894735,0.2480717228833038,6.74979055618006,0.2480717228833038,3.6348614483541146,-2.6718623664460788,1,16.0,0.00017258297884836793,25.0,0.000220834044739604,25.0,0.00034204102121293545,25.0,0.13542216701898724,False,25.0,0.020299124997109175,25.0,0,1
planted_partition,20,1,37,20,37,0.19473684210526315,3.7,7,1,1.4866068747318506,0.26,5,2.4947368421052634,0.32780609153604556,8.390588922902353,0.32780609153604556,4.5283305873278215,-2.7903031332553723,1,16.0,0.00013833300909027457,28.0,0.00023725000210106373,29.0,0.0003180000348947942,30.0,0.010623917041812092,False,29.0,0.021244167000986636,30.0,0,0
planted_partition,20,2,35,20,35,0.18421052631578946,3.5,6,1,1.4317821063276353,0.2033333333333333,6,3.0210526315789474,0.11448895409138318,8.079531347222042,0.11448895409138318,4.5558674510893,-3.1006283901582057,1,13.0,0.00017162499716505408,26.0,0.0001979160006158054,29.0,0.00037712499033659697,29.0,0.00895104103256017,False,29.0,0.019609291979577392,29.0,0,1
planted_partition,20,3,34,20,34,0.17894736842105263,3.4,5,1,1.1575836902790226,0.25,5,2.6578947368421053,0.339985004105665,7.221127782962141,0.339985004105665,3.8636411384180214,-2.8675475768812353,1,16.0,0.0001623329590074718,23.0,0.00023695797426626086,27.0,0.00045483297435566783,29.0,0.010825457982718945,False,27.0,0.020154334022663534,29.0,0,0
planted_partition,20,4,46,20,46,0.24210526315789474,4.6,8,1,1.6852299546352718,0.37214285714285716,5,2.2473684210526317,0.4789124480064301,9.426688428517085,0.4789124480064301,5.502551128380847,-3.1324832384448382,1,21.0,0.0001593749620951712,31.0,0.00023770896950736642,35.0,0.0003559580072760582,35.0,0.010824042023159564,False,35.0,0.01902487501502037,35.0,0,1
planted_partition,20,5,35,20,35,0.18421052631578946,3.5,6,1,1.161895003862225,0.4533333333333333,6,2.805263157894737,0.2223130515367595,7.6702558583007985,0.2223130515367595,3.8515136614913006,-2.9837582642489293,1,20.0,0.0001598750241100788,28.0,0.00017945899162441492,27.0,0.00032341695623472333,28.0,0.010293208004441112,False,27.0,0.019374667026568204,28.0,0,0
planted_partition,20,6,36,20,36,0.18947368421052632,3.6,6,2,1.1575836902790226,0.4,6,3.1157894736842104,0.1121711801371834,7.50464675738578,0.1121711801371834,4.252826850623365,-2.9069882519267893,1,22.0,0.00019804202020168304,24.0,0.00021645799279212952,28.0,0.00036708300467580557,29.0,0.013582083978690207,False,29.0,0.020106917014345527,29.0,0,1
planted_partition,20,7,36,20,36,0.18947368421052632,3.6,6,1,1.3928388277184118,0.42833333333333334,5,2.5631578947368423,0.31849776375074723,7.801453906362659,0.31849776375074723,4.2037704497475765,-2.935863029966384,1,18.0,0.00016300001880154014,28.0,0.00022379105212166905,27.0,0.00036408298183232546,28.0,0.03792149998480454,False,28.0,0.019341833016369492,28.0,0,1
planted_partition,20,8,38,20,38,0.2,3.8,8,2,1.4696938456699067,0.5266666666666666,5,2.6789473684210527,0.20234455779364982,9.251220775373774,0.20234455779364982,4.704371139374617,-2.646547659551728,1,25.0,0.0001366250216960907,27.0,0.00019324995810166,27.0,0.00029379199258983135,29.0,0.012508709041867405,False,28.0,0.019098584016319364,29.0,0,0
planted_partition,20,9,37,20,37,0.19473684210526315,3.7,7,1,1.7349351572897473,0.3142857142857143,4,2.3473684210526318,0.4012080044454366,8.747337046365669,0.4012080044454366,4.595063480668015,-2.9074264293316907,1,18.0,0.0001408749958500266,23.0,0.00018737494247034192,29.0,0.00040250003803521395,30.0,0.010474541981238872,False,30.0,0.02007370803039521,30.0,0,1
planted_partition,20,10,34,20,34,0.17894736842105263,3.4,7,1,1.42828568570857,0.34285714285714286,9,3.778947368421053,0.07047234391835087,8.036305063462901,0.07047234391835087,4.6905625302089575,-2.9302103851519954,1,18.0,0.00016762502491474152,27.0,0.0002097910037264228,26.0,0.00035520800156518817,28.0,0.012579082977026701,False,28.0,0.020201125007588416,28.0,0,1
planted_partition,20,11,28,20,28,0.14736842105263157,2.8,5,1,1.2083045973594573,0.2816666666666666,6,2.8684210526315788,0.24813038609598195,7.191799595396059,0.24813038609598195,3.330740481438754,-2.8895086969502244,1,21.0,0.00014987500617280602,24.0,0.00018454203382134438,24.0,0.00033495796378701925,24.0,0.010518499999307096,False,24.0,0.01913604198489338,24.0,0,1
planted_partition,20,12,44,20,44,0.23157894736842105,4.4,7,1,1.4628738838327795,0.41238095238095235,4,2.2,0.5184681644151049,8.88438886050825,0.5184681644151049,5.02718174545905,-3.0643989535270246,1,22.0,0.00015554099809378386,29.0,0.00020066695287823677,33.0,0.00031212501926347613,35.0,0.009569749992806464,False,34.0,0.01951595797436312,35.0,0,0
planted_partition,20,13,41,20,41,0.21578947368421053,4.1,8,1,1.9467922333931784,0.42404761904761906,4,2.1736842105263157,0.7698027295685368,9.94360709469617,0.7698027295685368,4.942210753918971,-3.0999144437499764,1,21.0,0.00019079097546637058,29.0,0.0002580410218797624,30.0,0.0004966660053469241,32.0,0.009204834001138806,False,31.0,0.019544208014849573,32.0,0,0
planted_partition,20,14,42,20,42,0.22105263157894736,4.2,6,1,1.4352700094407322,0.4616666666666666,5,2.389473684210526,0.4452266325117004,8.38146318083647,0.4452266325117004,4.884563109149883,-2.99732678574369,1,22.0,0.0001532919704914093,30.0,0.0002566250041127205,30.0,0.00037512503331527114,32.0,0.009073833003640175,False,31.0,0.0192052919883281,32.0,0,0
planted_partition,20,15,36,20,36,0.18947368421052632,3.6,6,1,1.392838827718412,0.20666666666666664,5,2.4157894736842107,0.42596245367740043,7.965422305534794,0.42596245367740043,4.255555171804075,-3.006195253783733,1,22.0,0.00017258297884836793,28.0,0.0002057909732684493,28.0,0.00035608402686193585,29.0,0.008386417001020163,False,29.0,0.018947042000945657,29.0,0,1
planted_partition,20,16,38,20,38,0.2,3.8,6,1,1.469693845669907,0.3783333333333333,5,2.357894736842105,0.4666033909369261,8.215288727209467,0.4666033909369261,4.375050157821755,-2.976963801846199,1,16.0,0.00017587497131899,29.0,0.000208541052415967,28.0,0.00042395800119265914,30.0,0.009660874959081411,False,30.0,0.019857415987644345,30.0,0,1
planted_partition,20,17,40,20,40,0.21052631578947367,4.0,8,2,1.70293863659264,0.385,5,2.3526315789473684,0.43851124721317253,9.434122225162959,0.43851124721317253,4.7151473139047955,-2.920775712028602,1,22.0,0.00016729201888665557,30.0,0.00023029104340821505,30.0,0.0003349590115249157,31.0,0.010522332973778248,False,31.0,0.018391874968074262,31.0,0,1
planted_partition,20,18,36,20,36,0.18947368421052632,3.6,6,1,1.4628738838327793,0.4033333333333333,5,2.6789473684210527,0.2683384684401631,7.739049628372996,0.2683384684401631,4.276534110247731,-2.961693630432772,1,17.0,0.00017566699534654617,28.0,0.00022104202071204782,30.0,0.00036616699071601033,30.0,0.016224541992414743,False,27.0,0.018251125002279878,30.0,0,0
planted_partition,20,19,34,20,34,0.17894736842105263,3.4,5,1,1.1135528725660044,0.315,5,2.5157894736842104,0.44378273182570105,7.120132674215554,0.44378273182570105,3.802507082717659,-2.7697174676094467,1,18.0,0.00016900000628083944,23.0,0.0002032910124398768,27.0,0.000361915968824178,27.0,0.009904209000524133,False,27.0,0.019129833963233978,27.0,0,1
planted_partition,20,20,31,20,31,0.1631578947368421,3.1,7,1,1.3,0.35547619047619045,7,2.957894736842105,0.2061792902305579,8.356922314705502,0.2061792902305579,3.7344598135832037,-2.827643782457718,1,11.0,0.00015312503091990948,26.0,0.00021070800721645355,25.0,0.0003137500025331974,26.0,0.012999416969250888,False,25.0,0.019063666986767203,26.0,0,0
planted_partition,20,21,36,20,36,0.18947368421052632,3.6,6,1,1.2409673645990857,0.25666666666666665,5,2.526315789473684,0.37682266519235236,7.9961316149088075,0.37682266519235236,4.090382052917265,-3.0933689908125146,1,19.0,0.00017429201398044825,27.0,0.0002069160109385848,27.0,0.00033558299764990807,29.0,0.008738750009797513,False,29.0,0.01889433298492804,29.0,0,1
planted_partition,20,22,41,20,41,0.21578947368421053,4.1,8,2,1.5132745950421556,0.6913095238095238,7,2.9526315789473685,0.13627079961148927,9.192733097389649,0.13627079961148927,5.048771115258148,-2.6644475651270088,1,15.0,0.0001579590025357902,29.0,0.0002382080419920385,30.0,0.0003583749639801681,31.0,0.010046250012237579,False,31.0,0.01948079199064523,31.0,0,1
planted_partition,20,23,28,20,28,0.14736842105263157,2.8,5,1,1.1224972160321824,0.23166666666666663,7,3.2526315789473683,0.14968680959757094,6.488347043616944,0.14968680959757094,3.3027548385546934,-2.777578735598856,1,13.0,0.00017645797925069928,23.0,0.00021041696891188622,24.0,0.0003155830199830234,24.0,0.013984583027195185,False,24.0,0.020247459004167467,24.0,0,1
planted_partition,20,24,36,20,36,0.18947368421052632,3.6,6,1,1.2806248474865698,0.29333333333333333,5,2.4,0.530827086381886,7.803772540043133,0.530827086381886,4.126346035456056,-3.0629445356857117,1,16.0,0.00014533300418406725,28.0,0.00020558404503390193,28.0,0.0003345410223118961,29.0,0.009654542023781687,False,28.0,0.019635916978586465,29.0,0,0
planted_partition,20,25,34,20,34,0.17894736842105263,3.4,7,1,1.42828568570857,0.3861904761904762,7,3.0631578947368423,0.12135893613727275,8.422912819914993,0.12135893613727275,4.045393050265834,-2.9089383950903547,1,15.0,0.00016204098938032985,24.0,0.00018649996491149068,27.0,0.00034479197347536683,28.0,0.11798020801506937,False,27.0,0.019579291983973235,28.0,0,0
planted_partition,20,26,37,20,37,0.19473684210526315,3.7,6,1,1.0535653752852738,0.2033333333333333,4,2.4842105263157896,0.4534995426642118,7.732234835257487,0.4534995426642118,4.25962132492675,-3.110458517122525,1,22.0,0.00014637497952207923,31.0,0.00022866600193083286,31.0,0.00031366600887849927,31.0,0.010516125010326505,False,31.0,0.020062416966538876,31.0,0,1
planted_partition,20,27,34,20,34,0.17894736842105263,3.4,6,1,1.5620499351813308,0.315,5,2.6894736842105265,0.31749618804121843,8.103523117473856,0.31749618804121843,4.432011869579954,-2.73986174724889,1,19.0,0.00017020798986777663,25.0,0.00019108300330117345,27.0,0.0003199159982614219,27.0,0.07375037501333281,False,27.0,0.019875291036441922,27.0,0,1
planted_partition,20,28,34,20,34,0.17894736842105263,3.4,5,1,1.019803902718557,0.49833333333333335,9,3.668421052631579,0.07927123044447146,6.370501952022536,0.07927123044447146,3.7495403477936597,-2.4315776500592134,1,20.0,0.00013437500456348062,24.0,0.00018808396998792887,25.0,0.00034974998561665416,26.0,0.009274624986574054,False,26.0,0.019239042012486607,26.0,0,1
planted_partition,20,29,43,20,43,0.22631578947368422,4.3,7,1,1.4177446878757824,0.3161904761904762,4,2.236842105263158,0.6325031680076144,8.903298015720262,0.6325031680076144,4.945632310673534,-3.2783368906007975,1,23.0,0.00015333399642258883,31.0,0.00019108300330117345,34.0,0.00033820897806435823,34.0,0.008388540998566896,False,34.0,0.019179416995029896,34.0,0,1
planted_partition,50,0,245,50,245,0.2,9.8,16,3,2.4,0.36356970806970806,4,2.045714285714286,1.7498848366949433,18.447883371852587,1.7498848366949433,10.401919812582454,-4.669366727147203,1,130.0,0.00021137500880286098,159.0,0.0006051249802112579,162.0,0.0012294590123929083,165.0,0.04344045801553875,False,163.0,0.024792916025035083,165.0,0,0
planted_partition,50,1,232,50,232,0.1893877551020408,9.28,15,5,2.1821090715177367,0.37232889332889335,4,2.122448979591837,1.6017649387802273,16.786292168991835,1.6017649387802273,9.815091803505746,-4.476405721736327,1,115.0,0.00018924998585134745,156.0,0.0007901249919086695,152.0,0.0010526669793762267,160.0,0.041282165970187634,False,154.0,0.024134417006280273,160.0,0,0
planted_partition,50,2,249,50,249,0.20326530612244897,9.96,16,4,2.1905250512148906,0.3854323454323454,4,2.08,1.5873283395083702,17.729698901784577,1.5873283395083702,10.744603598959339,-5.001448773954602,1,120.0,0.00021904200548306108,168.0,0.0008653750410303473,161.0,0.0011070829932577908,173.0,0.04285858303774148,False,167.0,0.024646540987305343,173.0,0,0
planted_partition,50,3,241,50,241,0.19673469387755102,9.64,16,5,2.3559286916203552,0.3770182595182595,4,2.088979591836735,1.6519896965876375,17.740694883273196,1.6519896965876375,10.266226452911804,-4.750168103121639,1,120.0,0.00023154198424890637,161.0,0.0006686249980702996,158.0,0.0010732090449891984,167.0,0.043680333998054266,False,163.0,0.024113083025440574,167.0,0,0
planted_partition,50,4,245,50,245,0.2,9.8,14,5,2.08806130178211,0.36394605394605395,4,2.0742857142857143,1.7057754847400215,16.655073095445882,1.7057754847400215,10.271495727513326,-5.283475587384158,1,133.0,0.00021654198644682765,165.0,0.0006361670093610883,172.0,0.0010693750227801502,172.0,0.04258541599847376,False,172.0,0.02431195799726993,172.0,0,1
planted_partition,50,5,242,50,242,0.19755102040816327,9.68,14,4,2.318965286501719,0.3700927960927961,4,2.1020408163265305,1.2098205032599647,16.763325129940007,1.2098205032599647,10.279188263753861,-4.896943171568178,1,132.0,0.00020795798627659678,164.0,0.0007384999771602452,164.0,0.0009246250265277922,167.0,0.05638633295893669,False,167.0,0.024367000034544617,167.0,0,1
planted_partition,50,6,238,50,238,0.19428571428571428,9.52,14,5,2.193080025899648,0.3785914085914086,4,2.1175510204081633,1.3173977740895992,17.0009944063459,1.3173977740895992,10.045314053936142,-4.957158320403728,1,117.0,0.00020629196660593152,153.0,0.0006179579650051892,161.0,0.0010481250355951488,162.0,0.04343429201981053,False,162.0,0.024241750012151897,162.0,0,1
planted_partition,50,7,245,50,245,0.2,9.8,16,5,2.6381811916545836,0.3690627150627151,4,2.0506122448979593,1.7749719144621199,17.98396045205743,1.7749719144621199,11.032594526499938,-4.715589558348076,1,118.0,0.00021808297606185079,162.0,0.0007823749911040068,164.0,0.0010685420129448175,165.0,0.06495895801344886,False,165.0,0.02411691698944196,165.0,0,1
planted_partition,50,8,229,50,229,0.18693877551020407,9.16,14,3,2.4113066996962456,0.3416974136974137,4,2.1330612244897957,1.4663937626342656,16.57984567967017,1.4663937626342656,9.984837827662949,-4.9177547109713045,1,110.0,0.0002062499988824129,158.0,0.001006582984700799,159.0,0.0009319579694420099,164.0,0.05709304101765156,False,164.0,0.02440929098520428,164.0,0,1
planted_partition,50,9,234,50,234,0.1910204081632653,9.36,16,5,2.2606193841511666,0.3936359751359751,4,2.1314285714285712,1.4339257545074793,17.66406131127779,1.4339257545074793,10.002930751130997,-4.6618481731398544,1,121.0,0.0002068749745376408,154.0,0.0006075830315239727,156.0,0.001197415986098349,158.0,0.04337612504605204,False,150.0,0.022658957983367145,158.0,0,0
planted_partition,50,10,219,50,219,0.17877551020408164,8.76,14,4,2.168501786948768,0.38153091353091356,4,2.246530612244898,0.7847919921515754,15.97090755872395,0.7847919921515754,9.308298530695353,-4.5881555109833085,1,88.0,0.0002216249704360962,140.0,0.0008450409513898194,151.0,0.0011309169931337237,152.0,0.042761833989061415,False,151.0,0.023715415969491005,152.0,0,0
planted_partition,50,11,230,50,230,0.18775510204081633,9.2,15,5,2.3065125189341593,0.3381867021867022,4,2.1175510204081633,1.5343538852507643,17.11294621864443,1.5343538852507643,9.85072584650106,-4.864190074154289,1,113.0,0.00023087504087015986,146.0,0.0006083750049583614,156.0,0.0010343330213800073,161.0,0.05650370800867677,False,159.0,0.023816916975192726,161.0,0,0
planted_partition,50,12,247,50,247,0.2016326530612245,9.88,14,6,2.2058105086339577,0.370038406038406,4,2.0514285714285716,1.7503938803859014,16.754678064113232,1.7503938803859014,10.380598291611332,-4.847779528027036,1,123.0,0.00023045804118737578,165.0,0.0007763750036247075,168.0,0.0010683339787647128,170.0,0.04292720800731331,False,170.0,0.024397875007707626,170.0,0,1
planted_partition,50,13,241,50,241,0.19673469387755102,9.64,15,4,2.7695486996982015,0.375014763014763,4,2.0995918367346937,1.6139417755051708,17.258373040722898,1.6139417755051708,10.686142930518871,-4.648723866443226,1,107.0,0.0002054589567705989,158.0,0.0007692090002819896,155.0,0.000919707992579788,165.0,0.043925250007305294,False,161.0,0.024180958978831768,165.0,0,0
planted_partition,50,14,229,50,229,0.18693877551020407,9.16,13,4,2.185040045399626,0.35025263625263625,4,2.1248979591836736,1.667414993057932,15.697001633648862,1.667414993057932,9.743514875938663,-4.798998163914547,1,111.0,0.00020583299919962883,151.0,0.0006320420070551336,152.0,0.0009766659932211041,157.0,0.05670445796567947,False,155.0,0.024258124991320074,157.0,0,0
planted_partition,50,15,233,50,233,0.19020408163265307,9.32,14,4,2.1488601629701267,0.3283513153513154,4,2.103673469387755,1.8624180182718881,15.877992410932325,1.8624180182718881,10.181900800676274,-4.800552851003418,1,125.0,0.0002173750544898212,156.0,0.000616749981418252,159.0,0.0010485000093467534,162.0,0.043771333002950996,False,159.0,0.0246433750144206,162.0,0,0
planted_partition,50,16,248,50,248,0.20244897959183675,9.92,17,6,2.4886944368483648,0.40610421604539254,4,2.116734693877551,1.3184798153257298,18.416496722058202,1.3184798153257298,11.302145924796722,-4.513011233340375,1,118.0,0.0002235409920103848,163.0,0.0007831249968148768,156.0,0.0012358749518170953,170.0,0.04327004204969853,False,162.0,0.023396875010803342,170.0,0,0
planted_partition,50,17,231,50,231,0.18857142857142858,9.24,13,5,1.985547783358537,0.3241335331335331,4,2.0514285714285716,1.9688209973762691,15.361466333191803,1.9688209973762691,9.628525136110046,-4.873934785270011,1,114.0,0.00021041702711954713,150.0,0.0008573750383220613,156.0,0.001124208967667073,164.0,0.0487902500317432,False,159.0,0.023876291001215577,164.0,0,0
planted_partition,50,18,261,50,261,0.21306122448979592,10.44,14,5,2.0411761315476915,0.35613186813186815,3,1.9730612244897958,2.5909024031845758,16.70597648433744,2.5909024031845758,10.84587549553017,-4.867165724294117,1,123.0,0.00021500000730156898,164.0,0.0006599999614991248,175.0,0.0011058750096708536,177.0,0.0439813329721801,False,174.0,0.02441491698846221,177.0,0,0
planted_partition,50,19,245,50,245,0.2,9.8,17,5,2.537715508089904,0.3665524442877384,4,2.045714285714286,1.8015652772459188,18.7253149450274,1.8015652772459188,10.679280852435529,-4.7353675791780665,1,107.0,0.00021195801673457026,157.0,0.0006061660242266953,162.0,0.0010363750043325126,166.0,0.05566549999639392,False,167.0,0.024079082999378443,166.0,1,0
planted_partition,50,20,219,50,219,0.17877551020408164,8.76,16,4,2.4458945193936716,0.3772272727272727,4,2.1951020408163266,1.1696607748113703,17.75348992014907,1.1696607748113703,9.480626884257916,-4.517512774430072,1,112.0,0.0002269170363433659,145.0,0.0008634169935248792,145.0,0.0010546660050749779,151.0,0.042423166043590754,False,143.0,0.023099582991562784,151.0,0,0
planted_partition,50,21,239,50,239,0.19510204081632654,9.56,14,6,2.0313542280951395,0.32026506826506823,4,2.057959183673469,1.9708971861748075,16.838657852033478,1.9708971861748075,10.050049388263577,-5.278326680965835,1,139.0,0.00022504199296236038,164.0,0.000640292011667043,163.0,0.0010702909785322845,166.0,0.044600708002690226,False,166.0,0.02769854199141264,166.0,0,1
planted_partition,50,22,249,50,249,0.20326530612244897,9.96,15,5,2.52950588060198,0.35566355866355864,4,2.0375510204081633,1.7908569032151385,17.334693814023204,1.7908569032151385,10.845504348961526,-4.7149468475599985,1,118.0,0.0002245000214315951,161.0,0.0006815000087954104,164.0,0.0013484170194715261,172.0,0.06346233299700543,False,168.0,0.027749833010602742,172.0,0,0
planted_partition,50,23,233,50,233,0.19020408163265307,9.32,15,5,2.436719105682885,0.33243811743811746,4,2.0979591836734692,1.845014527358779,17.12797247899983,1.845014527358779,10.090298392855708,-4.802831941594043,1,105.0,0.00024500000290572643,154.0,0.0006578750326298177,156.0,0.001148749957792461,162.0,0.04640350001864135,False,160.0,0.025302541034761816,162.0,0,0
planted_partition,50,24,241,50,241,0.19673469387755102,9.64,16,6,2.1611108254784157,0.32658114108114106,3,2.045714285714286,2.0509088007653946,17.728579098223744,2.0509088007653946,10.274796221182212,-4.912453667365138,1,122.0,0.0002465419820509851,158.0,0.0006944590131752193,166.0,0.0012768749729730189,168.0,0.045329000044148415,False,164.0,0.02389841596595943,168.0,0,0
planted_partition,50,25,230,50,230,0.18775510204081633,9.2,14,5,2.2,0.3749005439005439,4,2.1314285714285712,1.656829666520377,15.90613807186873,1.656829666520377,9.924020648471442,-4.581139899784521,1,118.0,0.00022183300461620092,156.0,0.0007373329717665911,149.0,0.0009079160518012941,159.0,0.05760391696821898,False,158.0,0.02512270800070837,159.0,0,0
planted_partition,50,26,242,50,242,0.19755102040816327,9.68,16,5,2.2842066456430774,0.3555429015429016,4,2.057142857142857,1.955770553924438,17.72157268615797,1.955770553924438,10.253338807792806,-4.946046094468425,1,128.0,0.00023337500169873238,160.0,0.0009244579705409706,167.0,0.0010977500351145864,171.0,0.05689050001092255,False,169.0,0.02450158301508054,171.0,0,0
planted_partition,50,27,237,50,237,0.19346938775510203,9.48,17,3,2.692508124407427,0.39369572584278467,4,2.1314285714285712,1.3416549600623349,18.69615392068462,1.3416549600623349,10.82416008154188,-4.668624593866532,1,114.0,0.00021762499818578362,155.0,0.0005914170178584754,159.0,0.0011431669699959457,162.0,0.05651045800186694,False,159.0,0.02563570800703019,162.0,0,0
planted_partition,50,28,253,50,253,0.20653061224489797,10.12,15,6,2.312055362658948,0.3944820734820735,4,2.0261224489795917,1.9094528216616231,17.417567399690313,1.9094528216616231,10.634680827497345,-4.575688749456209,1,126.0,0.0002090840134769678,164.0,0.0006487080245278776,162.0,0.0011462499969638884,169.0,0.04407612496288493,False,169.0,0.02512108301743865,169.0,0,1
planted_partition,50,29,252,50,252,0.2057142857142857,10.08,15,7,2.0769207977195467,0.3701478521478521,3,2.036734693877551,2.095141021549134,16.950558412256232,2.095141021549134,10.531131472880038,-4.978205597278372,1,132.0,0.0002216250286437571,172.0,0.0006489170482382178,170.0,0.0010835420107468963,173.0,0.04951883404282853,False,171.0,0.02555154199944809,173.0,0,0
planted_partition,100,0,942,100,942,0.1903030303030303,18.84,26,11,3.164553681010957,0.3495725384903606,3,1.9395959595959595,3.787268286042016,28.81471613855708,3.787268286042016,19.448974383413606,-6.801164204141431,1,492.0,0.00044041703222319484,595.0,0.003041833988390863,577.0,0.0033934590173885226,595.0,0.19694270798936486,False,578.0,0.03601083398098126,595.0,0,0
planted_partition,100,1,988,100,988,0.1995959595959596,19.76,26,12,3.215960198758685,0.3568359304244013,3,1.8933333333333333,4.5200021469836,29.67725983845965,4.5200021469836,20.3698543908504,-6.797015109426729,1,453.0,0.0004507920239120722,604.0,0.00394720898475498,620.0,0.003661000053398311,616.0,0.16725191596196964,False,612.0,0.04001979198073968,620.0,0,0
planted_partition,100,2,996,100,996,0.2012121212121212,19.92,29,13,3.497656358191868,0.36932070362788544,3,1.8911111111111112,4.635349359972911,31.460346213036797,4.635349359972911,20.643963547270417,-6.706420023548547,1,502.0,0.00044316594721749425,604.0,0.003957915992941707,605.0,0.004239666974171996,621.0,0.3379467919585295,False,608.0,0.0413085839827545,621.0,0,0
planted_partition,100,3,977,100,977,0.19737373737373737,19.54,29,11,3.424675167077894,0.35864688716626625,3,1.9052525252525252,4.637276360324431,31.260944593945524,4.637276360324431,20.194081871366627,-6.71398846276456,1,503.0,0.00040145800448954105,595.0,0.003718416963238269,598.0,0.003949458012357354,612.0,0.1893408339819871,False,608.0,0.036927665991242975,612.0,0,0
planted_partition,100,4,998,100,998,0.2016161616161616,19.96,30,12,3.5522387307161662,0.37242967671244764,3,1.8965656565656566,4.12849265713628,32.25944731273914,4.12849265713628,20.73689238122924,-6.823829807480692,1,505.0,0.0004344999906606972,615.0,0.0028287499444559216,617.0,0.004084250016603619,625.0,0.2278029170120135,False,607.0,0.0386264169937931,625.0,0,0
planted_partition,100,5,976,100,976,0.19717171717171716,19.52,28,10,3.17011040817193,0.3484916527149533,3,1.9008080808080807,4.6439176945151175,30.26276915328884,4.6439176945151175,20.024113133119762,-6.980922035970037,1,522.0,0.0004499579663388431,597.0,0.0026407080003991723,608.0,0.004160917014814913,615.0,0.18973983399337158,False,605.0,0.03878258401528001,615.0,0,0
planted_partition,100,6,970,100,970,0.19595959595959597,19.4,27,11,3.234192325759246,0.3622266107974077,3,1.9131313131313132,4.253260764987136,29.755914383989378,4.253260764987136,20.020272543261605,-6.996754188278713,1,492.0,0.0003982500056736171,610.0,0.00503166695125401,612.0,0.004718958982266486,614.0,0.1933491249801591,False,612.0,0.04118087497772649,614.0,0,0
planted_partition,100,7,964,100,964,0.19474747474747475,19.28,26,11,3.1243559336285616,0.36767360443433267,3,1.928080808080808,4.068691664317458,29.04973987342239,4.068691664317458,19.81497799568748,-6.75080704870989,1,477.0,0.00042558403220027685,599.0,0.00275387498550117,594.0,0.0035523749538697302,603.0,0.25088895799126476,False,597.0,0.038327540969476104,603.0,0,0
planted_partition,100,8,969,100,969,0.19575757575757577,19.38,28,14,2.982549245192777,0.3534482910365735,3,1.914949494949495,4.329397566039113,30.392539576629545,4.329397566039113,19.845449294490894,-6.903769586548246,1,477.0,0.000440083967987448,572.0,0.0028517910395748913,591.0,0.004249165998771787,611.0,0.1951632080017589,False,591.0,0.042548333993181586,611.0,0,0
planted_partition,100,9,993,100,993,0.2006060606060606,19.86,28,11,3.085514543799786,0.368937324955995,3,1.899191919191919,4.469992352215261,30.040992629716392,4.469992352215261,20.331548067196966,-6.920278056913492,1,486.0,0.0004433749709278345,595.0,0.0034497499582357705,612.0,0.004492584033869207,622.0,0.22037150000687689,False,611.0,0.038516499975230545,622.0,0,0
planted_partition,100,10,980,100,980,0.19797979797979798,19.6,26,12,3.003331483536241,0.39035470510629344,3,1.9323232323232322,3.9579922064307977,29.270643011408698,3.9579922064307977,20.071104537862656,-6.635654435346064,1,469.0,0.00043704104609787464,601.0,0.0027978330035693944,606.0,0.004295709019061178,614.0,0.193341666017659,False,597.0,0.03716979100136086,614.0,0,0
planted_partition,100,11,969,100,969,0.19575757575757577,19.38,28,9,3.2581589893680754,0.37080831051436114,3,1.931111111111111,3.7344974744687303,30.414589609797616,3.7344974744687303,20.006505258234075,-6.614573402147784,1,479.0,0.0004353339900262654,587.0,0.002726875012740493,586.0,0.00367145799100399,604.0,0.1934900829801336,False,592.0,0.03803312499076128,604.0,0,0
planted_partition,100,12,951,100,951,0.1921212121212121,19.02,29,9,3.5971655508191445,0.36644547961198737,3,1.9387878787878787,3.7788525557111887,31.201143787352716,3.7788525557111887,19.791301518965437,-6.791516378314611,1,479.0,0.00039849994936957955,588.0,0.0051734159933403134,586.0,0.003799959027674049,597.0,0.19382166699506342,False,579.0,0.03735183400567621,597.0,0,0
planted_partition,100,13,972,100,972,0.19636363636363635,19.44,27,12,3.281219285570533,0.36746013649731507,3,1.9359595959595959,3.9363246577122277,30.13780494630991,3.9363246577122277,20.06290472626451,-7.506647466259533,1,493.0,0.00042637501610442996,610.0,0.002763875003438443,628.0,0.0042512500076554716,621.0,0.19107904197880998,False,627.0,0.040774499997496605,628.0,0,0
planted_partition,100,14,934,100,934,0.18868686868686868,18.68,26,10,3.692912130013386,0.3563853902666933,3,1.9446464646464647,4.0320204072959775,28.906523420266794,4.0320204072959775,19.400496919505386,-6.830181063302971,1,466.0,0.0004354999982751906,585.0,0.003320750023704022,585.0,0.004340415995102376,595.0,0.16313379199709743,False,592.0,0.04030929203145206,595.0,0,0
planted_partition,100,15,1006,100,1006,0.20323232323232324,20.12,29,13,3.2039975031201258,0.3945394688119891,3,1.9072727272727272,3.890409086282137,31.160083082182886,3.890409086282137,20.70252317897043,-6.545417415508786,1,502.0,0.0004699580022133887,601.0,0.0029460410005412996,617.0,0.004920249979477376,626.0,0.19217762496555224,False,625.0,0.039025833015330136,626.0,0,0
planted_partition,100,16,1007,100,1007,0.20343434343434344,20.14,31,11,3.5525202321732103,0.38137134435311987,3,1.8993939393939394,4.242877248900785,33.502632177110826,4.242877248900785,21.040315003223682,-6.746853233700703,1,495.0,0.0004760830197483301,607.0,0.0028301249840296805,612.0,0.005504792032297701,628.0,0.188805042009335,False,606.0,0.03708512498997152,628.0,0,0
planted_partition,100,17,966,100,966,0.19515151515151516,19.32,29,10,3.9009742372899616,0.3689062154458769,3,1.917171717171717,3.991028215202295,31.55122184255113,3.991028215202295,20.17292596390064,-6.7315405356780085,1,491.0,0.00043679203372448683,586.0,0.0026888339780271053,586.0,0.003671750018838793,606.0,0.19872870796825737,False,596.0,0.04061037499923259,606.0,0,0
planted_partition,100,18,1009,100,1009,0.20383838383838385,20.18,28,13,3.491074333210337,0.384424054043801,3,1.9044444444444444,4.331286251631108,31.086343775273797,4.331286251631108,20.76613804757657,-6.7950004889924935,1,489.0,0.00045666698133572936,617.0,0.004042458022013307,629.0,0.0041947500430978835,634.0,0.2009612920228392,False,630.0,0.04157479200512171,634.0,0,0
planted_partition,100,19,940,100,940,0.1898989898989899,18.8,27,12,3.249615361854384,0.346466571300304,3,1.9343434343434343,3.8188199651160293,29.62214613823558,3.8188199651160293,19.376759674924365,-7.137607653374889,1,450.0,0.0004318340215831995,583.0,0.002731583022978157,589.0,0.004266457981429994,608.0,0.37006545905023813,False,602.0,0.04017629200825468,608.0,0,0
planted_partition,100,20,988,100,988,0.1995959595959596,19.76,26,13,3.2128492028104896,0.37883982604494115,3,1.9115151515151516,3.725189293106748,29.93476582324627,3.725189293106748,20.484613371473287,-7.047051368145747,1,486.0,0.00045845797285437584,604.0,0.004047791997436434,614.0,0.004003375011961907,621.0,0.1916702919988893,False,629.0,0.04107083298731595,621.0,1,0
planted_partition,100,21,950,100,950,0.1919191919191919,19.0,26,8,3.2649655434629015,0.35797764598064774,3,1.9456565656565656,3.712565709260012,29.09056082319557,3.712565709260012,19.637882513203344,-6.674725415798826,1,483.0,0.0004421250196173787,586.0,0.0031364589813165367,584.0,0.0035162079730071127,597.0,0.16443524998612702,False,596.0,0.04082712496165186,597.0,0,0
planted_partition,100,22,968,100,968,0.19555555555555557,19.36,29,11,3.3867978977199096,0.36832480796442646,3,1.9292929292929293,4.003190347362828,31.41912937912778,4.003190347362828,20.01023760724699,-7.022278552299528,1,482.0,0.0003927500220015645,597.0,0.0024735830374993384,595.0,0.003435292048379779,612.0,0.16841604199726135,False,603.0,0.04120912496000528,612.0,0,0
planted_partition,100,23,962,100,962,0.19434343434343435,19.24,29,10,3.2407406560846552,0.3520668115524647,3,1.9177777777777778,4.346976929205467,31.186879230473487,4.346976929205467,19.778604356913824,-7.144643683190781,1,485.0,0.00044712499948218465,592.0,0.002174167020712048,590.0,0.0041184170404449105,606.0,0.163881832966581,False,606.0,0.039252249989658594,606.0,0,1
planted_partition,100,24,934,100,934,0.18868686868686868,18.68,26,10,3.563369192211214,0.35807134938766383,3,1.9448484848484848,3.781610472605875,29.27967093691066,3.781610472605875,19.392821919165414,-7.097563306661257,1,455.0,0.0004027920076623559,569.0,0.0030100420117378235,565.0,0.003662250004708767,593.0,0.21926866698777303,False,580.0,0.03780424996512011,593.0,0,0
planted_partition,100,25,992,100,992,0.20040404040404042,19.84,30,13,3.1167932238119356,0.40827101071452193,3,1.9319191919191918,3.5745728764042335,31.855457948913106,3.5745728764042335,20.351545784148172,-6.725908649080816,1,513.0,0.00046862498857080936,612.0,0.003893582965247333,599.0,0.00440516701200977,623.0,0.19469483301509172,False,607.0,0.03766466601518914,623.0,0,0
planted_partition,100,26,961,100,961,0.19414141414141414,19.22,27,10,3.57653463564943,0.34782884983529755,3,1.9004040404040403,4.271470105547299,29.563762345920942,4.271470105547299,19.87881190141009,-6.700926677086076,1,488.0,0.000413707981351763,597.0,0.0027989999507553875,601.0,0.005373209016397595,606.0,0.19058620801661164,False,603.0,0.04018091695616022,606.0,0,0
planted_partition,100,27,991,100,991,0.20020202020202021,19.82,29,11,3.359702367770098,0.37534389700644105,3,1.9008080808080807,4.2655762208306705,31.369914958098487,4.2655762208306705,20.417375256517737,-6.531975043719927,1,512.0,0.00044350000098347664,598.0,0.0027406670269556344,605.0,0.003633374988567084,617.0,0.25045749999117106,False,594.0,0.03863550000824034,617.0,0,0
planted_partition,100,28,1019,100,1019,0.20585858585858585,20.38,29,13,3.414029876846423,0.36693758617803207,3,1.878787878787879,4.65006757710582,31.763960517701996,4.65006757710582,21.191723715534692,-6.727855535855257,1,512.0,0.0004642910207621753,621.0,0.005547542008571327,625.0,0.004951125010848045,628.0,0.22950470895739272,False,633.0,0.03766258404357359,628.0,1,0
planted_partition,100,29,991,100,991,0.20020202020202021,19.82,29,13,3.4040564037630165,0.36604619288762374,3,1.898989898989899,4.414828953642739,31.37402532924373,4.414828953642739,20.393162267064433,-6.829645877448385,1,499.0,0.00041979202069342136,598.0,0.0021463329903781414,612.0,0.003671750018838793,627.0,0.25594083400210366,False,605.0,0.03864500002237037,627.0,0,0
planted_partition,200,0,3946,200,3946,0.19829145728643216,39.46,55,29,4.571476785460033,0.36142533056303316,3,1.8228643216080402,9.316636313716831,57.422175747901825,9.316636313716831,40.015860158330305,-9.908169462493042,1,1957.0,0.001219166035298258,2286.0,0.01474566594697535,2290.0,0.018678291991818696,2319.0,0.9366306670126505,False,2334.0,0.10206566599663347,2319.0,1,0
planted_partition,200,1,3966,200,3966,0.1992964824120603,39.66,50,29,4.310962769498247,0.367313302216024,3,1.8190954773869348,9.127405495020442,53.7030165147698,9.127405495020442,40.134726546748595,-9.606800196501442,1,1971.0,0.0012232500012032688,2291.0,0.013303417013958097,2309.0,0.02401795901823789,2321.0,1.5886972079752013,False,2300.0,0.0955781249795109,2321.0,0,0
planted_partition,200,2,3930,200,3930,0.19748743718592965,39.3,49,29,4.064480286580316,0.36837499587970507,3,1.8216582914572865,8.572614939367519,53.18739734277432,8.572614939367519,39.734988290674146,-9.868152536174975,1,2008.0,0.0012063330505043268,2292.0,0.012726540968287736,2306.0,0.018498624966014177,2299.0,0.9222612080047838,False,2305.0,0.08680229197489098,2306.0,0,0
planted_partition,200,3,3899,200,3899,0.19592964824120604,38.99,54,27,5.108806122764887,0.35909901863909055,3,1.8230150753768843,9.406689473709536,56.48249959909611,9.406689473709536,39.65681080762353,-9.726578037016644,1,1969.0,0.0011988329933956265,2261.0,0.01262004196178168,2309.0,0.03630458400584757,2292.0,1.165040542022325,False,2273.0,0.09017650003079325,2309.0,0,0
planted_partition,200,4,3955,200,3955,0.19874371859296483,39.55,55,29,4.461782155148322,0.3685469560442858,3,1.82,9.282751587299344,57.37433053765893,9.282751587299344,40.06297068687542,-9.888069187934438,1,1962.0,0.0012384160072542727,2272.0,0.012900292000267655,2325.0,0.021628417016472667,2325.0,1.1689340000157245,False,2297.0,0.08706183399772272,2325.0,0,0
planted_partition,200,5,3970,200,3970,0.19949748743718593,39.7,50,26,4.836320915737499,0.3634778164255338,3,1.8173869346733669,9.599566168204486,53.87041358475567,9.599566168204486,40.30891501542855,-10.093999426542528,1,1995.0,0.001201000006403774,2305.0,0.01094341604039073,2345.0,0.016173041018191725,2337.0,1.2325675830361433,False,2294.0,0.0904045409988612,2345.0,0,0
planted_partition,200,6,4006,200,4006,0.20130653266331658,40.06,54,27,4.949383800030061,0.371019933642831,3,1.8173869346733669,9.485141912670995,56.90535912237592,9.485141912670995,40.69199941824351,-9.44532891538566,1,2011.0,0.001323667005635798,2303.0,0.015493957966100425,2327.0,0.014068415970541537,2334.0,0.9189375410205685,False,2338.0,0.09156958298990503,2334.0,1,0
planted_partition,200,7,3932,200,3932,0.19758793969849245,39.32,51,28,4.602999022376608,0.37306142804939346,3,1.8239195979899498,8.562988132503992,54.36463078749236,8.562988132503992,39.90063152897078,-9.545124490153015,1,1964.0,0.0011933749774470925,2296.0,0.02214695804286748,2264.0,0.022136082989163697,2310.0,9.175851458043326,False,2291.0,0.3115140419686213,2310.0,0,0
planted_partition,200,8,3907,200,3907,0.1963316582914573,39.07,53,27,5.143452148119977,0.373730461782499,3,1.8292964824120603,8.552653258520612,55.569653853203405,8.552653258520612,39.782140981758104,-9.657045954576777,1,1951.0,0.0011750830453820527,2281.0,0.019631917006336153,2272.0,0.01840079203248024,2302.0,0.9476400410057977,False,2290.0,0.08889704203465953,2302.0,0,0
planted_partition,200,9,4020,200,4020,0.2020100502512563,40.2,52,29,4.82078831727758,0.3742717619637461,3,1.813819095477387,9.309893479616106,55.082163581622204,9.309893479616106,40.794290068942956,-9.510078602126748,1,2013.0,0.0013306249747984111,2335.0,0.01774500001920387,2322.0,0.01885341602610424,2342.0,1.551084374950733,False,2311.0,0.08885145798558369,2342.0,0,0
planted_partition,200,10,3944,200,3944,0.19819095477386936,39.44,51,27,4.898612048325526,0.37207179289944114,3,1.8250251256281407,8.661056904436533,54.379886586949006,8.661056904436533,40.13711176871034,-9.546834768196867,1,1963.0,0.0012118329759687185,2293.0,0.020099041983485222,2288.0,0.01883549999911338,2313.0,14.120498000003863,False,2313.0,0.09994154202286154,2313.0,0,1
planted_partition,200,11,3973,200,3973,0.19964824120603014,39.73,54,26,4.659087893568869,0.3641477083701033,3,1.8148241206030151,9.399908764703948,56.417842610084,9.399908764703948,40.2730500371403,-9.56532669239175,1,1995.0,0.0012306669959798455,2293.0,0.012927208037581295,2310.0,0.01936737500363961,2320.0,1.0611581659759395,False,2296.0,0.0915759580093436,2320.0,0,0
planted_partition,200,12,3968,200,3968,0.19939698492462313,39.68,57,29,4.870071868052873,0.365314587258759,3,1.8175879396984924,9.177465443164861,59.35373112022407,9.177465443164861,40.3314816909889,-10.026005970169383,1,1890.0,0.0012163339997641742,2297.0,0.01516683300724253,2325.0,0.016429124982096255,2329.0,1.0596488330047578,False,2320.0,0.09410479199141264,2329.0,0,0
planted_partition,200,13,3887,200,3887,0.19532663316582916,38.87,52,29,4.44444597222196,0.3640457450399359,3,1.8291959798994974,8.888018587599722,54.48801410401863,8.888018587599722,39.395498808157,-9.56428090047498,1,1894.0,0.0013852500123903155,2263.0,0.016055374988354743,2252.0,0.022489249997306615,2272.0,1.0859841250348836,False,2253.0,0.09440524998353794,2272.0,0,0
planted_partition,200,14,3869,200,3869,0.19442211055276382,38.69,52,28,4.894272162436412,0.3603351628967369,3,1.825678391959799,8.85455811468449,55.30882256309958,8.85455811468449,39.39646972900686,-9.880440744834214,1,1939.0,0.0011900830431841314,2251.0,0.015026125009171665,2274.0,0.02301354199880734,2287.0,1.0750688340049237,False,2235.0,0.0868007920216769,2287.0,0,0
planted_partition,200,15,4008,200,4008,0.2014070351758794,40.08,56,30,4.685466892423849,0.36918584828427986,3,1.8137688442211055,9.347881714867412,58.24641209135345,9.347881714867412,40.66145879480116,-9.738320411577316,1,1999.0,0.0012671659933403134,2318.0,0.020666666969191283,2355.0,0.022954125015530735,2349.0,0.9350343329715542,False,2331.0,0.09940329100936651,2355.0,0,0
planted_partition,200,16,3961,200,3961,0.19904522613065326,39.61,52,28,4.460706222113265,0.37206349904630637,3,1.8212060301507538,9.083474586824213,55.05986987558873,9.083474586824213,40.14477548581158,-10.00648506743011,1,1970.0,0.0013150000013411045,2277.0,0.013092042005155236,2360.0,0.022597707982640713,2346.0,1.1140631660236977,False,2327.0,0.09074841695837677,2360.0,0,0
planted_partition,200,17,3969,200,3969,0.1994472361809045,39.69,53,28,4.825339366303679,0.3578228122671825,3,1.8158793969849247,9.801071833102442,56.149937189738566,9.801071833102442,40.287994619996496,-9.80464659886263,1,1992.0,0.001313250046223402,2310.0,0.021003791014663875,2315.0,0.019925458007492125,2328.0,0.9694829999934882,False,2310.0,0.09165141696576029,2328.0,0,0
planted_partition,200,18,3919,200,3919,0.19693467336683418,39.19,52,26,4.508203633377712,0.3674721385650552,3,1.8232663316582916,8.905705064918324,54.94868150161321,8.905705064918324,39.76337720619415,-9.747310895006036,1,1897.0,0.0012762079713866115,2295.0,0.015875249984674156,2270.0,0.02222958399215713,2309.0,1.0696399579755962,False,2311.0,0.1001118749845773,2309.0,1,0
planted_partition,200,19,3898,200,3898,0.19587939698492463,38.98,50,27,4.453043902770329,0.3647245412966839,3,1.824321608040201,8.766440763719709,53.47225321594599,8.766440763719709,39.5415703652185,-9.552957519786387,1,1959.0,0.0012430420028977096,2242.0,0.022157750034239143,2273.0,0.018937666958663613,2296.0,1.0841782909701578,False,2257.0,0.08493870799429715,2296.0,0,0
planted_partition,200,20,3914,200,3914,0.19668341708542714,39.14,53,28,4.5376645975655805,0.3658246246206947,3,1.8210552763819094,9.009664135903941,55.788254734991696,9.009664135903941,39.688690817695466,-10.000198002353029,1,1951.0,0.0011997079709544778,2296.0,0.017163957993034273,2305.0,0.0206980420043692,2308.0,1.0718873749719933,False,2300.0,0.09824816603213549,2308.0,0,0
planted_partition,200,21,3967,200,3967,0.1993467336683417,39.67,53,25,4.978061871853343,0.36773572717766123,3,1.820753768844221,9.37377941630299,56.129601281404256,9.37377941630299,40.32586427473487,-9.839342038647981,1,1994.0,0.0012201250065118074,2276.0,0.017323833017144352,2335.0,0.018423166999127716,2326.0,0.9678337089717388,False,2303.0,0.09804858395364136,2335.0,0,0
planted_partition,200,22,3891,200,3891,0.19552763819095478,38.91,50,30,4.312992000920011,0.3673731263214943,3,1.8284924623115577,8.635414953913692,53.443471109843806,8.635414953913692,39.385238675694296,-9.947569687753232,1,1983.0,0.0012051669764332473,2259.0,0.012610875011887401,2276.0,0.016514332965016365,2295.0,1.0834467919776216,False,2263.0,0.08409399999072775,2295.0,0,0
planted_partition,200,23,3976,200,3976,0.19979899497487438,39.76,56,24,4.714064064053437,0.3731511741994947,3,1.8184924623115577,8.866266084610526,58.23349066819719,8.866266084610526,40.39502037940982,-9.734908008488258,1,1969.0,0.0012243749806657434,2315.0,0.01537770900176838,2325.0,0.02385191700886935,2338.0,0.9189194579957984,False,2320.0,0.09236945799784735,2338.0,0,0
planted_partition,200,24,4008,200,4008,0.2014070351758794,40.08,53,27,5.1704545254745256,0.36824261411411585,3,1.8142713567839197,9.412897846307468,56.431546618916364,9.412897846307468,40.85060670183003,-9.718958579457839,1,2003.0,0.0014122090069577098,2306.0,0.020045000012032688,2323.0,0.019555458973627537,2350.0,1.0645758750033565,False,2355.0,0.10849087499082088,2350.0,1,0
planted_partition,200,25,3942,200,3942,0.19809045226130653,39.42,52,24,5.073815132619635,0.37585741700261893,3,1.8264824120603016,8.82341925741429,54.93362202577219,8.82341925741429,40.19552351932968,-9.565658406606593,1,1955.0,0.0011972920037806034,2285.0,0.010462915990501642,2292.0,0.01703766599530354,2304.0,1.596709292032756,False,2279.0,0.2132486660266295,2304.0,0,0
planted_partition,200,26,3858,200,3858,0.19386934673366835,38.58,52,25,4.536915251577883,0.3471713344853262,3,1.8230150753768843,9.565016459069607,54.95127227568817,9.565016459069607,39.11096177093562,-9.886094803391643,1,1993.0,0.0012216249597258866,2254.0,0.026388666999991983,2251.0,0.02147525001782924,2267.0,1.0755447499686852,False,2234.0,0.08335637499112636,2267.0,0,0
planted_partition,200,27,3930,200,3930,0.19748743718592965,39.3,53,27,4.948737212663449,0.36729330552078016,3,1.8226130653266333,9.063995079922382,56.06376803226584,9.063995079922382,39.95057747813992,-9.58616060551647,1,1969.0,0.0012039999710395932,2290.0,0.013180125039070845,2293.0,0.02152158401440829,2303.0,1.0675563330296427,False,2298.0,0.09283458301797509,2303.0,0,0
planted_partition,200,28,3954,200,3954,0.19869346733668342,39.54,54,26,4.776860893934425,0.3791223702881952,3,1.8252763819095477,8.683729974934606,56.33741202626183,8.683729974934606,40.1238966891419,-9.788377995793883,1,1997.0,0.0012429170310497284,2306.0,0.015348999993875623,2298.0,0.016965457994956523,2327.0,1.104540291999001,False,2303.0,0.09162774996366352,2327.0,0,0
planted_partition,200,29,3905,200,3905,0.19623115577889447,39.05,52,27,4.735768153108849,0.3617850102680135,3,1.8221608040201005,9.032315457979752,54.847558635012135,9.032315457979752,39.67099135179572,-9.982971632821194,1,1936.0,0.0012462919694371521,2264.0,0.019896207959391177,2266.0,0.021507791010662913,2294.0,1.114384707994759,False,2280.0,0.09087670798180625,2294.0,0,0
random_regular,20,0,30,20,30,0.15789473684210525,3.0,3,3,0.0,0.1,5,2.857894736842105,0.32472324155417215,5.755380835342999,0.32472324155417215,2.9999999999999996,-2.7553808353429976,1,13.0,0.00017974997172132134,24.0,0.00022437499137595296,24.0,0.0003463330212980509,27.0,0.010425375017803162,False,26.0,0.020558291987981647,27.0,0,0
random_regular,20,1,30,20,30,0.15789473684210525,3.0,3,3,0.0,0.15,5,2.8684210526315788,0.3519623754477748,5.630424619019493,0.3519623754477748,3.0,-2.630424619019493,1,16.0,0.00015437498223036528,22.0,0.00018862501019611955,26.0,0.0003065420314669609,26.0,0.009821166982874274,False,26.0,0.020812999980989844,26.0,0,1
random_regular,20,2,30,20,30,0.15789473684210525,3.0,3,3,0.0,0.1,6,2.9263157894736844,0.2703395226183013,5.844621050455734,0.2703395226183013,3.0000000000000004,-2.844621050455733,1,11.0,0.00014945899602025747,28.0,0.0002620830200612545,28.0,0.00029029196593910456,28.0,0.010233999986667186,False,28.0,0.01916841702768579,28.0,0,1
random_regular,20,3,30,20,30,0.15789473684210525,3.0,3,3,0.0,0.05,5,2.694736842105263,0.4832037841134265,5.716500568300161,0.4832037841134265,2.9999999999999996,-2.7165005683001615,1,12.0,0.00014954095240682364,27.0,0.0001984169939532876,27.0,0.0003084579948335886,27.0,0.00896729197120294,False,27.0,0.01747266697930172,27.0,0,1
random_regular,20,4,30,20,30,0.15789473684210525,3.0,3,3,0.0,0.15,6,2.968421052631579,0.20912329159368775,5.4065045853091025,0.20912329159368775,3.0000000000000004,-2.4065045853091034,1,17.0,0.00015962496399879456,25.0,0.00021725002443417907,24.0,0.00030858401441946626,25.0,0.009598625008948147,False,25.0,0.019500416005030274,25.0,0,1
random_regular,20,5,30,20,30,0.15789473684210525,3.0,3,3,0.0,0.1,5,2.705263157894737,0.4212685377474136,5.783091588379581,0.4212685377474136,2.9999999999999996,-2.7830915883795795,1,15.0,0.0001413749996572733,26.0,0.0001906250254251063,26.0,0.0003059590235352516,26.0,0.00862741598393768,False,26.0,0.019339166989084333,26.0,0,1
random_regular,20,6,30,20,30,0.15789473684210525,3.0,3,3,0.0,0.15,5,2.7842105263157895,0.44837128633161194,5.758550518297889,0.44837128633161194,2.999999999999999,-2.75855051829789,1,16.0,0.00014758401084691286,26.0,0.00023483304539695382,27.0,0.00029320799512788653,27.0,0.012404125009197742,False,27.0,0.019968833948951215,27.0,0,1
random_regular,20,7,30,20,30,0.15789473684210525,3.0,3,3,0.0,0.1,5,2.6315789473684212,0.515577386028529,5.517134862873207,0.515577386028529,2.9999999999999996,-2.517134862873208,1,15.0,0.0001525840489193797,24.0,0.0001710419892333448,25.0,0.0002637919969856739,25.0,0.009574291005264968,False,25.0,0.019130959000904113,25.0,0,1
random_regular,20,8,30,20,30,0.15789473684210525,3.0,3,3,0.0,0.1,5,2.636842105263158,0.45377730542003575,5.552647463096833,0.45377730542003575,3.0,-2.5526474630968305,1,16.0,0.00013987504644319415,24.0,0.00020225002663210034,26.0,0.00033191696275025606,26.0,0.007877458003349602,False,26.0,0.0252048330148682,26.0,0,1
random_regular,20,9,30,20,30,0.15789473684210525,3.0,3,3,0.0,0.15,7,3.1,0.18266364023999668,5.774375654086854,0.18266364023999668,3.0000000000000018,-2.7743756540868536,1,15.0,0.00017654098337516189,25.0,0.0002726669772528112,27.0,0.0003267499851062894,27.0,0.011235791957005858,False,27.0,0.018720707972534,27.0,0,1
random_regular,20,10,30,20,30,0.15789473684210525,3.0,3,3,0.0,0.15,5,2.7842105263157895,0.3177902348612478,5.579762690134838,0.3177902348612478,3.0000000000000013,-2.579762690134839,1,15.0,0.0001854169531725347,25.0,0.00019829196389764547,26.0,0.000292833021376282,26.0,0.009786457987502217,False,26.0,0.018771208997350186,26.0,0,1
random_regular,20,11,30,20,30,0.15789473684210525,3.0,3,3,0.0,0.0,5,2.5789473684210527,0.5920640786449842,5.6096376704178645,0.5920640786449842,3.0000000000000004,-2.6096376704178654,1,17.0,0.00014725001528859138,26.0,0.0001782499602995813,26.0,0.00030574999982491136,26.0,0.008446833002381027,False,26.0,0.018950540979858488,26.0,0,1
random_regular,20,12,30,20,30,0.15789473684210525,3.0,3,3,0.0,0.15,6,2.9526315789473685,0.266267887106292,5.547011820297232,0.266267887106292,2.9999999999999996,-2.5470118202972314,1,17.0,0.00013683299766853452,25.0,0.00018395896768197417,26.0,0.00026104197604581714,26.0,0.010426666995044798,False,26.0,0.018441874999552965,26.0,0,1
random_regular,20,13,30,20,30,0.15789473684210525,3.0,3,3,0.0,0.05,5,2.6473684210526316,0.48637882646583896,5.639631757516453,0.48637882646583896,2.9999999999999982,-2.6396317575164527,1,17.0,0.00013358297292143106,24.0,0.00018558301962912083,26.0,0.0002940830308943987,26.0,0.008467917039524764,False,26.0,0.018037709000054747,26.0,0,1
random_regular,20,14,30,20,30,0.15789473684210525,3.0,3,3,0.0,0.05,5,2.6052631578947367,0.5692203099853471,5.657983267025177,0.5692203099853471,3.0,-2.6579832670251813,1,16.0,0.0001397499581798911,25.0,0.00017845898400992155,26.0,0.00030324998078867793,26.0,0.008233874978031963,False,26.0,0.020299417024943978,26.0,0,1
random_regular,20,15,30,20,30,0.15789473684210525,3.0,3,3,0.0,0.0,5,2.6157894736842104,0.5761908249238412,5.791849286679145,0.5761908249238412,2.999999999999999,-2.7918492866791453,1,19.0,0.00013345899060368538,26.0,0.00018224999075755477,28.0,0.0002644579508341849,28.0,0.012686041998676956,False,28.0,0.01930495898704976,28.0,0,1
random_regular,20,16,30,20,30,0.15789473684210525,3.0,3,3,0.0,0.15,6,2.8157894736842106,0.2805018190764359,5.477367320111333,0.2805018190764359,3.0,-2.4773673201113344,1,15.0,0.00013458298053592443,24.0,0.000183124968316406,25.0,0.00027949997456744313,25.0,0.01598591700894758,False,25.0,0.019179291964974254,25.0,0,1
random_regular,20,17,30,20,30,0.15789473684210525,3.0,3,3,0.0,0.2,5,2.7526315789473683,0.38868458757760693,5.41628935847128,0.38868458757760693,2.999999999999999,-2.4162893584712797,1,12.0,0.00013995799235999584,22.0,0.00020095898071303964,25.0,0.0002780419890768826,25.0,0.012605750001966953,False,25.0,0.018598666007164866,25.0,0,1
random_regular,20,18,30,20,30,0.15789473684210525,3.0,3,3,0.0,0.05,5,2.8263157894736843,0.2957140994490438,5.729836508465173,0.2957140994490438,2.9999999999999996,-2.7298365084651715,1,18.0,0.0001634579966776073,27.0,0.00018737500067800283,27.0,0.0002941659768112004,27.0,0.008825625001918525,False,27.0,0.020740834006574005,27.0,0,1
random_regular,20,19,30,20,30,0.15789473684210525,3.0,3,3,0.0,0.1,5,2.7263157894736842,0.4151145492095535,5.576471993382484,0.4151145492095535,2.9999999999999987,-2.576471993382485,1,14.0,0.00012812495697289705,26.0,0.0001978749642148614,26.0,0.0002762909862212837,26.0,0.009535750024951994,False,26.0,0.019145124999340624,26.0,0,1
random_regular,20,20,30,20,30,0.15789473684210525,3.0,3,3,0.0,0.1,6,2.9842105263157896,0.2920773090672918,5.666819475412837,0.2920773090672918,2.999999999999999,-2.6668194754128347,1,12.0,0.00016054196748882532,25.0,0.00022658397210761905,26.0,0.0003485409542918205,26.0,0.00960262503940612,False,26.0,0.018923124996945262,26.0,0,1
random_regular,20,21,30,20,30,0.15789473684210525,3.0,3,3,0.0,0.05,5,2.6578947368421053,0.4686363694488112,5.646038582563337,0.4686363694488112,3.0000000000000004,-2.646038582563336,1,16.0,0.00015604199143126607,24.0,0.00018420798005536199,26.0,0.00027829204918816686,26.0,0.008117624965962023,False,26.0,0.018665958021301776,26.0,0,1
random_regular,20,22,30,20,30,0.15789473684210525,3.0,3,3,0.0,0.15,5,2.636842105263158,0.5857864376269064,5.555643584137959,0.5857864376269064,3.0,-2.55564358413796,1,13.0,0.0001485830289311707,24.0,0.00020345801021903753,25.0,0.0002832919708453119,26.0,0.00818483397597447,False,26.0,0.020166291971690953,26.0,0,1
random_regular,20,23,30,20,30,0.15789473684210525,3.0,3,3,0.0,0.0,5,2.7263157894736842,0.4209826850973091,5.854802304625232,0.4209826850973091,3.000000000000001,-2.8548023046252338,1,13.0,0.00012970896204933524,24.0,0.0001848749816417694,28.0,0.0002802090020850301,28.0,0.008559208014048636,False,28.0,0.018967416021041572,28.0,0,1
random_regular,20,24,30,20,30,0.15789473684210525,3.0,3,3,0.0,0.05,5,2.6526315789473682,0.5162609988800477,5.747459085407538,0.5162609988800477,2.999999999999999,-2.7474590854075402,1,18.0,0.0001379160094074905,25.0,0.00019395799608901143,27.0,0.00031400000443682075,27.0,0.007847916975151747,False,27.0,0.01867883396334946,27.0,0,1
random_regular,20,25,30,20,30,0.15789473684210525,3.0,3,3,0.0,0.1,5,2.905263157894737,0.3569857483948047,5.8666999150649835,0.3569857483948047,3.0000000000000004,-2.8666999150649866,1,15.0,0.00013399997260421515,26.0,0.00016391603276133537,28.0,0.00026341696502640843,28.0,0.008027167001273483,False,28.0,0.01980737497797236,28.0,0,1
random_regular,20,26,30,20,30,0.15789473684210525,3.0,3,3,0.0,0.05,5,2.5894736842105264,0.5126411328228881,5.637985276133515,0.5126411328228881,2.999999999999999,-2.637985276133516,1,22.0,0.0001337910071015358,26.0,0.0001967499847523868,26.0,0.0003482920001260936,26.0,0.00846825004555285,False,26.0,0.021020749991293997,26.0,0,1
random_regular,20,27,30,20,30,0.15789473684210525,3.0,3,3,0.0,0.05,5,2.6,0.5575466040958662,5.655638774020879,0.5575466040958662,2.9999999999999996,-2.655638774020882,1,16.0,0.00014254101552069187,26.0,0.0001891659921966493,26.0,0.00026462500682100654,26.0,0.00929704197915271,False,26.0,0.02014304103795439,26.0,0,1
random_regular,20,28,30,20,30,0.15789473684210525,3.0,3,3,0.0,0.2,5,2.7578947368421054,0.4788163213598762,5.6275566601325995,0.4788163213598762,2.9999999999999996,-2.6275566601325977,1,15.0,0.00016133405733853579,24.0,0.00022437499137595296,26.0,0.0003224170068278909,26.0,0.007866374973673373,False,26.0,0.019931333023123443,26.0,0,1
random_regular,20,29,30,20,30,0.15789473684210525,3.0,3,3,0.0,0.05,5,2.663157894736842,0.4575288006169196,5.790145840868693,0.4575288006169196,3.0,-2.790145840868692,1,20.0,0.00014495797222480178,25.0,0.0002197500434704125,27.0,0.00027662498177960515,27.0,0.009966582991182804,False,27.0,0.01960150001104921,27.0,0,1
random_regular,50,0,75,50,75,0.061224489795918366,3.0,3,3,0.0,0.04,8,4.033469387755102,0.18997658799846417,5.900459123282287,0.18997658799846417,3.000000000000001,-2.9004591232822903,1,32.0,0.00017304200446233153,64.0,0.0003492090036161244,69.0,0.0005632080137729645,70.0,0.08643062500050291,False,69.0,0.021187542006373405,70.0,0,0
random_regular,50,1,75,50,75,0.061224489795918366,3.0,3,3,0.0,0.06,7,3.8448979591836734,0.27691927514437176,5.7052691722988484,0.27691927514437176,2.9999999999999987,-2.705269172298851,1,36.0,0.0001681669964455068,61.0,0.00037295796209946275,66.0,0.0006116660078987479,66.0,0.052757708996068686,False,66.0,0.021459083014633507,66.0,0,1
random_regular,50,2,75,50,75,0.061224489795918366,3.0,3,3,0.0,0.02,7,3.7681632653061223,0.34676721153992934,5.745196844279821,0.34676721153992934,2.999999999999999,-2.7451968442798265,1,35.0,0.00017187499906867743,65.0,0.00036883295979350805,67.0,0.0006825829623267055,68.0,0.05383091705152765,False,67.0,0.022272750036790967,68.0,0,0
random_regular,50,3,75,50,75,0.061224489795918366,3.0,3,3,0.0,0.0,6,3.755918367346939,0.3157010469748081,5.754651455923193,0.3157010469748081,3.000000000000001,-2.7546514559231947,1,42.0,0.000196542008779943,66.0,0.0003190000425092876,68.0,0.0005762079963460565,68.0,0.0885197080206126,False,68.0,0.02165349997812882,68.0,0,1
random_regular,50,4,75,50,75,0.061224489795918366,3.0,3,3,0.0,0.06,7,4.040816326530612,0.20226469216143886,5.721899494436351,0.20226469216143886,3.0000000000000004,-2.721899494436353,1,34.0,0.00020045804558321834,59.0,0.0004107910208404064,66.0,0.0006814580410718918,67.0,0.08462041697930545,False,66.0,0.021653665986377746,67.0,0,0
random_regular,50,5,75,50,75,0.061224489795918366,3.0,3,3,0.0,0.02,7,3.862857142857143,0.2794363799614674,5.76069704029098,0.2794363799614674,2.999999999999999,-2.7606970402909763,1,31.0,0.00017787498654797673,66.0,0.00032408401602879167,67.0,0.0005685839569196105,68.0,0.053114332957193255,False,67.0,0.020990916003938764,68.0,0,0
random_regular,50,6,75,50,75,0.061224489795918366,3.0,3,3,0.0,0.08,8,4.063673469387755,0.186905636150975,5.735516292273085,0.186905636150975,3.0000000000000027,-2.735516292273088,1,37.0,0.0001728339702822268,63.0,0.00031412497628480196,67.0,0.0006171659915708005,66.0,0.06326787499710917,False,66.0,0.020863499958068132,67.0,0,0
random_regular,50,7,75,50,75,0.061224489795918366,3.0,3,3,0.0,0.0,7,3.829387755102041,0.31609338269424936,5.846378614281835,0.31609338269424936,3.0000000000000004,-2.846378614281837,1,38.0,0.00017091701738536358,62.0,0.0004598750383593142,69.0,0.0006540000322274864,69.0,0.21611712500452995,False,69.0,0.022477749967947602,69.0,0,1
random_regular,50,8,75,50,75,0.061224489795918366,3.0,3,3,0.0,0.04,7,3.9926530612244897,0.24648509632375423,5.815908733922953,0.24648509632375423,3.0000000000000013,-2.815908733922951,1,33.0,0.00017079198732972145,65.0,0.00037045800127089024,68.0,0.0006046250346116722,69.0,0.10625399998389184,False,68.0,0.02294312498997897,69.0,0,0
random_regular,50,9,75,50,75,0.061224489795918366,3.0,3,3,0.0,0.12,8,4.266938775510204,0.18873388254780654,5.6937067785058595,0.18873388254780654,2.999999999999999,-2.6937067785058613,1,41.0,0.00018295901827514172,59.0,0.0003494580159895122,65.0,0.000683374993968755,65.0,0.13598658295813948,False,65.0,0.02928850002354011,65.0,0,1
random_regular,50,10,75,50,75,0.061224489795918366,3.0,3,3,0.0,0.04,7,3.84,0.28011722497752434,5.7503951509646525,0.28011722497752434,3.0000000000000004,-2.7503951509646516,1,38.0,0.00019624998094514012,61.0,0.0002918330137617886,68.0,0.0006822909926995635,68.0,0.05741845798911527,False,68.0,0.027151125017553568,68.0,0,1
random_regular,50,11,75,50,75,0.061224489795918366,3.0,3,3,0.0,0.02,8,3.8016326530612243,0.28210095361565546,5.810975787279265,0.28210095361565546,2.9999999999999987,-2.810975787279267,1,38.0,0.00021000002743676305,63.0,0.0003255000337958336,68.0,0.0006997919990681112,68.0,0.06566758296685293,False,68.0,0.024189000017940998,68.0,0,1
random_regular,50,12,75,50,75,0.061224489795918366,3.0,3,3,0.0,0.04,7,3.8857142857142857,0.2998652743893902,5.731454058987798,0.2998652743893902,3.0000000000000004,-2.7314540589877985,1,43.0,0.00021058297716081142,61.0,0.0002878329833038151,67.0,0.0006489589577540755,67.0,0.06345945899374783,False,67.0,0.025268249970395118,67.0,0,1
random_regular,50,13,75,50,75,0.061224489795918366,3.0,3,3,0.0,0.0,7,3.750204081632653,0.3056718072537558,5.788270203994294,0.3056718072537558,3.0000000000000004,-2.7882702039942964,1,37.0,0.00019170797895640135,64.0,0.00041141698602586985,68.0,0.0007026669918559492,69.0,0.0540669999900274,False,68.0,0.02254470798652619,69.0,0,0
random_regular,50,14,75,50,75,0.061224489795918366,3.0,3,3,0.0,0.04,9,4.055510204081632,0.1599168568868867,5.698348309011125,0.1599168568868867,3.0000000000000018,-2.698348309011124,1,32.0,0.00019516603788360953,63.0,0.00035962503170594573,66.0,0.0006200410425662994,66.0,0.08814666600665078,False,66.0,0.0228172920178622,66.0,0,1
random_regular,50,15,75,50,75,0.061224489795918366,3.0,3,3,0.0,0.08,8,3.987755102040816,0.2360653479055943,5.713899478795974,0.2360653479055943,3.0000000000000018,-2.7138994787959727,1,44.0,0.00020804197993129492,63.0,0.00041020900243893266,66.0,0.0006526249926537275,66.0,0.05910937499720603,False,66.0,0.022929417027626187,66.0,0,1
random_regular,50,16,75,50,75,0.061224489795918366,3.0,3,3,0.0,0.06,8,3.8971428571428572,0.2287602381405608,5.744335889494463,0.2287602381405608,2.9999999999999996,-2.744335889494465,1,34.0,0.00018391699995845556,63.0,0.0004044589586555958,68.0,0.0006934170378372073,68.0,0.09635229199193418,False,68.0,0.022637999965809286,68.0,0,1
random_regular,50,17,75,50,75,0.061224489795918366,3.0,3,3,0.0,0.04,8,3.8955102040816327,0.2252433924122298,5.662854149015773,0.2252433924122298,3.0000000000000013,-2.66285414901577,1,45.0,0.0001895829918794334,65.0,0.0003393749939277768,66.0,0.0006516670109704137,66.0,0.08266520901815966,False,66.0,0.023472083965316415,66.0,0,1
random_regular,50,18,75,50,75,0.061224489795918366,3.0,3,3,0.0,0.02,7,3.740408163265306,0.32135130372709797,5.7841976502607775,0.32135130372709797,2.9999999999999996,-2.784197650260775,1,33.0,0.00018604198703542352,61.0,0.00035454099997878075,68.0,0.0006348330061882734,68.0,0.05909729201812297,False,68.0,0.02274683298310265,68.0,0,1
random_regular,50,19,75,50,75,0.061224489795918366,3.0,3,3,0.0,0.02,8,4.0351020408163265,0.24198277598811652,5.810172839906098,0.24198277598811652,3.0,-2.810172839906101,1,35.0,0.00018316699424758554,64.0,0.0003489580121822655,68.0,0.000678958953358233,68.0,0.06551637500524521,False,68.0,0.023062583000864834,68.0,0,1
random_regular,50,20,75,50,75,0.061224489795918366,3.0,3,3,0.0,0.02,8,4.021224489795919,0.16172905558177092,5.796839378328658,0.16172905558177092,3.0000000000000004,-2.7968393783286594,1,38.0,0.0002008749870583415,66.0,0.0004019579500891268,68.0,0.0006708329892717302,68.0,0.05943841696716845,False,67.0,0.023336959013249725,68.0,0,0
random_regular,50,21,75,50,75,0.061224489795918366,3.0,3,3,0.0,0.02,7,4.006530612244898,0.21915370858328098,5.729332475965786,0.21915370858328098,3.0,-2.729332475965787,1,39.0,0.00019745901226997375,64.0,0.0003939589951187372,67.0,0.0006585840019397438,67.0,0.059993833012413234,False,67.0,0.02313262497773394,67.0,0,1
random_regular,50,22,75,50,75,0.061224489795918366,3.0,3,3,0.0,0.02,7,3.806530612244898,0.34827885660135405,5.739514488656145,0.34827885660135405,3.0,-2.7395144886561433,1,27.0,0.00018558395095169544,61.0,0.0004094169707968831,68.0,0.0006672079907730222,68.0,0.05988749995594844,False,68.0,0.023202791053336114,68.0,0,1
random_regular,50,23,75,50,75,0.061224489795918366,3.0,3,3,0.0,0.02,7,3.8546938775510204,0.25319112023388646,5.788359998237464,0.25319112023388646,3.0000000000000004,-2.78835999823747,1,33.0,0.00017975002992898226,62.0,0.0003855830291286111,67.0,0.0006510830135084689,67.0,0.08293412503553554,False,67.0,0.022872792033012956,67.0,0,1
random_regular,50,24,75,50,75,0.061224489795918366,3.0,3,3,0.0,0.02,8,3.947755102040816,0.24845752025487922,5.770490069780906,0.24845752025487922,2.9999999999999987,-2.7704900697809105,1,33.0,0.00018025003373622894,62.0,0.0002904589637182653,66.0,0.0006497920257970691,68.0,0.05430045799585059,False,68.0,0.023016333987470716,68.0,0,1
random_regular,50,25,75,50,75,0.061224489795918366,3.0,3,3,0.0,0.02,7,3.8179591836734694,0.3327791098662955,5.819848747651128,0.3327791098662955,3.0000000000000013,-2.819848747651129,1,39.0,0.00020050001330673695,66.0,0.00045345898251980543,69.0,0.0006728749722242355,69.0,0.05645795800955966,False,69.0,0.023622666019946337,69.0,0,1
random_regular,50,26,75,50,75,0.061224489795918366,3.0,3,3,0.0,0.02,7,3.8179591836734694,0.33606187801960347,5.753869331686766,0.33606187801960347,3.000000000000001,-2.753869331686768,1,29.0,0.0002904589637182653,66.0,0.0004219170077703893,68.0,0.0007707499898970127,68.0,0.13548400002764538,False,68.0,0.024253415991552174,68.0,0,1
random_regular,50,27,75,50,75,0.061224489795918366,3.0,3,3,0.0,0.02,7,3.9657142857142857,0.20788695043721664,5.8143683247894575,0.20788695043721664,2.999999999999999,-2.8143683247894598,1,44.0,0.00021612504497170448,62.0,0.00040550000267103314,68.0,0.0007211660267785192,68.0,0.05989583395421505,False,68.0,0.055608167022001,68.0,0,1
random_regular,50,28,75,50,75,0.061224489795918366,3.0,3,3,0.0,0.06,7,3.843265306122449,0.2865108603397611,5.751366028048098,0.2865108603397611,2.9999999999999982,-2.751366028048099,1,39.0,0.0002280839835293591,65.0,0.00040920794708654284,67.0,0.0007147499709390104,67.0,0.12486533395713195,False,67.0,0.024410000012721866,67.0,0,1
random_regular,50,29,75,50,75,0.061224489795918366,3.0,3,3,0.0,0.0,7,3.9681632653061225,0.2551790155231344,5.849479448528847,0.2551790155231344,3.0000000000000018,-2.8494794485288457,1,37.0,0.00019175000488758087,66.0,0.0004182080156169832,69.0,0.0006501669995486736,69.0,0.07466566597577184,False,69.0,0.04748291603755206,69.0,0,1
random_regular,100,0,150,100,150,0.030303030303030304,3.0,3,3,0.0,0.02,9,4.737575757575757,0.2405323543304375,5.7696392144745445,0.2405323543304375,2.999999999999997,-2.7696392144745445,1,77.0,0.0002680000034160912,126.0,0.0008356670150533319,135.0,0.002259208995383233,135.0,1.834167167020496,False,135.0,0.030078915995545685,135.0,0,1
random_regular,100,1,150,100,150,0.030303030303030304,3.0,3,3,0.0,0.05,10,5.141212121212122,0.14714099395071445,5.7988132745842815,0.14714099395071445,2.9999999999999973,-2.7988132745842815,1,72.0,0.00025758298579603434,127.0,0.0006638329941779375,134.0,0.001525291008874774,135.0,0.5950091249542311,False,130.0,0.042256792017724365,135.0,0,0
random_regular,100,2,150,100,150,0.030303030303030304,3.0,3,3,0.0,0.02,9,4.890909090909091,0.22535461272940638,5.749781654533741,0.22535461272940638,2.9999999999999996,-2.749781654533745,1,81.0,0.00024983397452160716,130.0,0.0006595830200240016,135.0,0.0014637919957749546,134.0,3.7275384580134414,False,135.0,0.02660275000380352,135.0,0,1
random_regular,100,3,150,100,150,0.030303030303030304,3.0,3,3,0.0,0.0,8,4.757575757575758,0.24270847185608307,5.781099646108932,0.24270847185608307,3.000000000000001,-2.781099646108928,1,87.0,0.0002490000333636999,128.0,0.0006857090047560632,135.0,0.001509791996795684,136.0,4.224628624971956,False,135.0,0.02931466599693522,136.0,0,0
random_regular,100,4,150,100,150,0.030303030303030304,3.0,3,3,0.0,0.01,9,4.834343434343435,0.20675612008908678,5.781248897733496,0.20675612008908678,2.9999999999999987,-2.7812488977334833,1,77.0,0.00036508304765447974,128.0,0.0012289999867789447,133.0,0.0027123750187456608,135.0,6.862461791955866,False,134.0,0.03796458401484415,135.0,0,0
random_regular,100,5,150,100,150,0.030303030303030304,3.0,3,3,0.0,0.02,9,4.85979797979798,0.21677830181374177,5.827208406871269,0.21677830181374177,3.000000000000001,-2.8272084068712684,1,81.0,0.0002840000088326633,123.0,0.0009722919785417616,138.0,0.0017813750309869647,136.0,1.9376555829658173,False,137.0,0.03441312495851889,138.0,0,0
random_regular,100,6,150,100,150,0.030303030303030304,3.0,3,3,0.0,0.02,9,4.908888888888889,0.1894385188888441,5.785138373060931,0.1894385188888441,3.000000000000002,-2.78513837306093,1,78.0,0.00024429202312603593,128.0,0.0007529580034315586,135.0,0.0016202920232899487,137.0,2.0419178329757415,False,135.0,0.028666958038229495,137.0,0,0
random_regular,100,7,150,100,150,0.030303030303030304,3.0,3,3,0.0,0.03,9,4.776969696969697,0.21196551300150301,5.751557641607506,0.21196551300150301,2.9999999999999982,-2.751557641607507,1,77.0,0.0002334999735467136,124.0,0.0005424160044640303,134.0,0.0017069579917006195,134.0,3.6773455000366084,False,133.0,0.0337884160107933,134.0,0,0
random_regular,100,8,150,100,150,0.030303030303030304,3.0,3,3,0.0,0.02,9,4.8816161616161615,0.21474068281141956,5.769354645254921,0.21474068281141956,2.9999999999999996,-2.769354645254918,1,81.0,0.0002644170308485627,127.0,0.0006736249779351056,134.0,0.0018096669809892774,135.0,1.7906306669465266,False,136.0,0.043882458994630724,135.0,1,0
random_regular,100,9,150,100,150,0.030303030303030304,3.0,3,3,0.0,0.03,9,4.855353535353536,0.21112317455541074,5.799491095864307,0.21112317455541074,3.0000000000000004,-2.7994910958643087,1,80.0,0.000584250024985522,127.0,0.0013254170189611614,134.0,0.0028559999773278832,135.0,4.679242125013843,False,134.0,0.027407042041886598,135.0,0,0
random_regular,100,10,150,100,150,0.030303030303030304,3.0,3,3,0.0,0.02,10,5.014141414141414,0.15661983499980858,5.8050646117898825,0.15661983499980858,3.000000000000002,-2.8050646117898843,1,67.0,0.00022666697623208165,132.0,0.0008616250124759972,137.0,0.0014215420233085752,137.0,4.435719750006683,False,137.0,0.0330567080527544,137.0,0,1
random_regular,100,11,150,100,150,0.030303030303030304,3.0,3,3,0.0,0.03,9,4.778585858585859,0.25737404446081785,5.734569976129682,0.25737404446081785,3.0,-2.734569976129682,1,64.0,0.000234208011534065,126.0,0.0005496250232681632,133.0,0.001437292026821524,134.0,0.7026337920106016,False,132.0,0.02704804198583588,134.0,0,0
random_regular,100,12,150,100,150,0.030303030303030304,3.0,3,3,0.0,0.01,9,4.691919191919192,0.25414899278917846,5.80643947983356,0.25414899278917846,2.999999999999999,-2.8064394798335592,1,64.0,0.000218625005800277,127.0,0.0006494160043075681,135.0,0.0014085000148043036,137.0,3.936215124966111,False,135.0,0.030802958004642278,137.0,0,0
random_regular,100,13,150,100,150,0.030303030303030304,3.0,3,3,0.0,0.05,10,4.968080808080808,0.1766870426589454,5.783363476005341,0.1766870426589454,3.0000000000000004,-2.7833634760053436,1,83.0,0.00027250003768131137,124.0,0.0007475829916074872,136.0,0.0016037499881349504,134.0,3.9451353329932317,False,134.0,0.027094917022623122,136.0,0,0
random_regular,100,14,150,100,150,0.030303030303030304,3.0,3,3,0.0,0.02,8,4.8791919191919195,0.21699385758182463,5.767253452945288,0.21699385758182463,3.0000000000000004,-2.7672534529452917,1,69.0,0.0002169999643228948,130.0,0.0006494159460999072,134.0,0.0014362080255523324,135.0,3.65154591697501,False,135.0,0.02743508300045505,135.0,0,1
random_regular,100,15,150,100,150,0.030303030303030304,3.0,3,3,0.0,0.02,9,4.99030303030303,0.14131175926946662,5.851831046305144,0.14131175926946662,2.9999999999999996,-2.8518310463051466,1,71.0,0.00023912498727440834,126.0,0.0006498750299215317,136.0,0.001416624989360571,138.0,0.4990946250036359,False,137.0,0.026044624974019825,138.0,0,0
random_regular,100,16,150,100,150,0.030303030303030304,3.0,3,3,0.0,0.02,8,4.747474747474747,0.2382256259700986,5.776381107761962,0.2382256259700986,3.0,-2.7763811077619605,1,73.0,0.00023470900487154722,127.0,0.0006550829857587814,134.0,0.0014180419966578484,135.0,2.4589799579698592,False,135.0,0.026483834022656083,135.0,0,1
random_regular,100,17,150,100,150,0.030303030303030304,3.0,3,3,0.0,0.03,8,4.782828282828283,0.2787050685466696,5.75046129046446,0.2787050685466696,3.000000000000001,-2.750461290464459,1,80.0,0.00021691701840609312,122.0,0.0005322500364854932,135.0,0.0013632499612867832,135.0,5.733215915970504,False,135.0,0.02524120797170326,135.0,0,1
random_regular,100,18,150,100,150,0.030303030303030304,3.0,3,3,0.0,0.01,8,4.7715151515151515,0.22326918087361228,5.747258468761312,0.22326918087361228,3.0000000000000004,-2.747258468761312,1,77.0,0.00022254197392612696,125.0,0.0006512089748866856,133.0,0.001446083013433963,134.0,2.6293960830080323,False,133.0,0.03253333398606628,134.0,0,0
random_regular,100,19,150,100,150,0.030303030303030304,3.0,3,3,0.0,0.02,9,4.905858585858586,0.18761680789919666,5.812970370106318,0.18761680789919666,3.0000000000000013,-2.812970370106319,1,81.0,0.00025041704066097736,128.0,0.0006472920067608356,133.0,0.0014291250263340771,136.0,0.49983783398056403,False,130.0,0.03152600000612438,136.0,0,0
random_regular,100,20,150,100,150,0.030303030303030304,3.0,3,3,0.0,0.01,9,4.748282828282829,0.2661316883561242,5.759395484625086,0.2661316883561242,3.0000000000000004,-2.7593954846250917,1,79.0,0.00026133400388062,121.0,0.0005864169797860086,136.0,0.0015992920380085707,135.0,7.0653592919697985,False,135.0,0.029223958030343056,136.0,0,0
random_regular,100,21,150,100,150,0.030303030303030304,3.0,3,3,0.0,0.02,8,4.734949494949495,0.2615726105625435,5.7711153446001004,0.2615726105625435,2.9999999999999996,-2.7711153446001,1,69.0,0.00022295897360891104,129.0,0.0005588330095633864,134.0,0.0014529170002788305,134.0,0.4586086249910295,False,135.0,0.026354625006206334,134.0,1,0
random_regular,100,22,150,100,150,0.030303030303030304,3.0,3,3,0.0,0.0,9,4.744040404040404,0.2579528945250496,5.803833789032673,0.2579528945250496,3.000000000000001,-2.803833789032672,1,72.0,0.00021537498105317354,122.0,0.0006435000104829669,137.0,0.0014019579975865781,136.0,0.4602445830241777,False,137.0,0.026584875013213605,137.0,0,1
random_regular,100,23,150,100,150,0.030303030303030304,3.0,3,3,0.0,0.02,9,4.85979797979798,0.18270655057016771,5.77658693585334,0.18270655057016771,3.0000000000000013,-2.776586935853341,1,69.0,0.00021841702982783318,125.0,0.0005395839689299464,136.0,0.0014177080010995269,136.0,2.5294732920010574,False,134.0,0.027006292017176747,136.0,0,0
random_regular,100,24,150,100,150,0.030303030303030304,3.0,3,3,0.0,0.04,10,5.122424242424242,0.16045924896010447,5.79179843537296,0.16045924896010447,3.000000000000001,-2.7917984353729577,1,76.0,0.00022679200628772378,127.0,0.0005647919606417418,135.0,0.0014788749977014959,136.0,5.606230916979257,False,135.0,0.026727792050223798,136.0,0,0
random_regular,100,25,150,100,150,0.030303030303030304,3.0,3,3,0.0,0.03,9,4.861818181818182,0.18090127642420167,5.776166307691167,0.18090127642420167,3.0000000000000013,-2.7761663076911662,1,77.0,0.00020870898151770234,128.0,0.0006531249964609742,135.0,0.001346415956504643,136.0,0.9171490409644321,False,135.0,0.02667887497227639,136.0,0,0
random_regular,100,26,150,100,150,0.030303030303030304,3.0,3,3,0.0,0.0,8,4.796363636363636,0.2084294266561093,5.786102590305058,0.2084294266561093,3.000000000000001,-2.786102590305054,1,89.0,0.0002275420119985938,128.0,0.0005391250015236437,134.0,0.0014334580046124756,136.0,2.302530459011905,False,134.0,0.02826733299298212,136.0,0,0
random_regular,100,27,150,100,150,0.030303030303030304,3.0,3,3,0.0,0.0,8,4.754141414141414,0.25329998887768196,5.807038043734809,0.25329998887768196,3.0,-2.807038043734818,1,79.0,0.00023029203293845057,124.0,0.0005421249661594629,138.0,0.0014189580106176436,138.0,2.049915832991246,False,138.0,0.027042125002481043,138.0,0,1
random_regular,100,28,150,100,150,0.030303030303030304,3.0,3,3,0.0,0.01,9,4.980808080808081,0.17901964855200472,5.787364705111243,0.17901964855200472,3.0000000000000004,-2.7873647051112362,1,80.0,0.00021262496011331677,128.0,0.0009691669838503003,136.0,0.0013965839752927423,137.0,0.4498826250201091,False,134.0,0.026638957962859422,137.0,0,0
random_regular,100,29,150,100,150,0.030303030303030304,3.0,3,3,0.0,0.02,9,4.977373737373737,0.20311912108406346,5.752048738508803,0.20311912108406346,3.0000000000000004,-2.7520487385087984,1,80.0,0.00023762497585266829,127.0,0.0005492090131156147,132.0,0.0014392079901881516,133.0,2.284563665976748,False,133.0,0.026810042036231607,133.0,0,1
random_regular,200,0,300,200,300,0.01507537688442211,3.0,3,3,0.0,0.005,11,5.938291457286432,0.15431463729531752,5.816079317913375,0.15431463729531752,3.0000000000000004,-2.816079317913378,1,141.0,0.00033912499202415347,261.0,0.0016844170168042183,274.0,0.004997667041607201,273.0,23.118364416004624,False,274.0,0.036182125040795654,274.0,0,1
random_regular,200,1,300,200,300,0.01507537688442211,3.0,3,3,0.0,0.0,10,5.797135678391959,0.19048338497911724,5.812322562363224,0.19048338497911724,3.0000000000000004,-2.812322562363226,1,142.0,0.00030629202956333756,254.0,0.0014080419787205756,275.0,0.004429374996107072,274.0,25.36324545898242,False,276.0,0.036630083981435746,275.0,1,0
random_regular,200,2,300,200,300,0.01507537688442211,3.0,3,3,0.0,0.01,10,5.796231155778894,0.20027313459890214,5.820003159451138,0.20027313459890214,3.0,-2.8200031594511326,1,143.0,0.00032541598193347454,250.0,0.0012504170299507678,275.0,0.004395125026348978,276.0,24.26984808401903,False,276.0,0.03987679100828245,276.0,0,1
random_regular,200,3,300,200,300,0.01507537688442211,3.0,3,3,0.0,0.005,10,5.780904522613065,0.1953884388018025,5.839961140482816,0.1953884388018025,2.9999999999999996,-2.8399611404828162,1,145.0,0.0003284999984316528,252.0,0.0014170000213198364,275.0,0.004755166999530047,274.0,26.467686207965016,False,276.0,0.039706709038000554,275.0,1,0
random_regular,200,4,300,200,300,0.01507537688442211,3.0,3,3,0.0,0.01,11,5.8166331658291455,0.1767853196254876,5.796051464491308,0.1767853196254876,3.0,-2.7960514644913133,1,168.0,0.0003339170361869037,251.0,0.0011937079834751785,272.0,0.004412790993228555,268.0,14.909215790976305,False,271.0,0.0365988330449909,272.0,0,0
random_regular,200,5,300,200,300,0.01507537688442211,3.0,3,3,0.0,0.01,10,5.806633165829146,0.187248746745044,5.7949908592217145,0.187248746745044,3.0,-2.794990859221716,1,142.0,0.0003479589940980077,252.0,0.0016617090441286564,272.0,0.004492042004130781,270.0,23.39250150002772,False,273.0,0.036559667030815035,272.0,1,0
random_regular,200,6,300,200,300,0.01507537688442211,3.0,3,3,0.0,0.01,10,5.783819095477387,0.21027252528591228,5.784424046671781,0.21027252528591228,3.0000000000000004,-2.7844240466717864,1,141.0,0.00032645801547914743,250.0,0.0011763329966925085,268.0,0.004773665976244956,269.0,23.53859516599914,False,268.0,0.03657950001070276,269.0,0,0
random_regular,200,7,300,200,300,0.01507537688442211,3.0,3,3,0.0,0.0,10,5.832010050251256,0.19609741920872853,5.828456807721238,0.19609741920872853,3.0000000000000018,-2.828456807721225,1,144.0,0.0003291670000180602,258.0,0.0012800839613191783,275.0,0.004729916981887072,271.0,24.277016624982934,False,275.0,0.03621666698018089,275.0,0,1
random_regular,200,8,300,200,300,0.01507537688442211,3.0,3,3,0.0,0.02,10,5.789195979899498,0.19863024956866684,5.801509650599407,0.19863024956866684,3.0000000000000027,-2.801509650599407,1,146.0,0.0003363749710842967,249.0,0.0012467920314520597,270.0,0.0044807090307585895,271.0,21.13731579197338,False,272.0,0.036395000002812594,271.0,1,0
random_regular,200,9,300,200,300,0.01507537688442211,3.0,3,3,0.0,0.01,10,5.822311557788945,0.19109112070562242,5.805634345945064,0.19109112070562242,3.0000000000000018,-2.8056343459450637,1,143.0,0.0003307919832877815,253.0,0.0016345420153811574,271.0,0.004555208026431501,269.0,18.52350462495815,False,272.0,0.03664704196853563,271.0,1,0
random_regular,200,10,300,200,300,0.01507537688442211,3.0,3,3,0.0,0.0,9,5.683718592964824,0.2079226173308024,5.806570438878158,0.2079226173308024,2.999999999999999,-2.806570438878156,1,151.0,0.0003297089715488255,252.0,0.0012302499962970614,269.0,0.004497417015954852,269.0,24.35111541603692,False,269.0,0.047048833104781806,269.0,0,1
random_regular,200,11,300,200,300,0.01507537688442211,3.0,3,3,0.0,0.005,10,5.8235175879396985,0.17912844028909297,5.8035197784128965,0.17912844028909297,2.999999999999999,-2.8035197784128916,1,156.0,0.0003660829970613122,252.0,0.0013147919671609998,276.0,0.00488650007173419,269.0,16.07203604199458,False,275.0,0.03667300008237362,276.0,0,0
random_regular,200,12,300,200,300,0.01507537688442211,3.0,3,3,0.0,0.005,10,5.831708542713568,0.1913296363616843,5.7797769668080115,0.1913296363616843,3.0000000000000018,-2.7797769668080137,1,150.0,0.0003393338993191719,250.0,0.0009592080023139715,271.0,0.004435499897226691,269.0,27.707144499989226,False,267.0,0.05631075007840991,271.0,0,0
random_regular,200,13,300,200,300,0.01507537688442211,3.0,3,3,0.0,0.005,10,5.765979899497488,0.1871560991696158,5.829541346676091,0.1871560991696158,2.999999999999999,-2.829541346676101,1,148.0,0.00037262507248669863,255.0,0.0010772079695016146,276.0,0.004891375079751015,274.0,24.389598582987674,False,276.0,0.03717049991246313,276.0,0,1
random_regular,200,14,300,200,300,0.01507537688442211,3.0,3,3,0.0,0.02,10,5.815477386934673,0.2009345814531168,5.789599409501506,0.2009345814531168,3.0000000000000004,-2.7895994095015113,1,153.0,0.0003969169920310378,250.0,0.0010705830063670874,269.0,0.004955791053362191,269.0,16.743421582970768,False,269.0,0.03674799995496869,269.0,0,1
random_regular,200,15,300,200,300,0.01507537688442211,3.0,3,3,0.0,0.005,10,5.787085427135678,0.1936211745926781,5.791450276641416,0.1936211745926781,3.0,-2.791450276641417,1,163.0,0.0003535420401021838,253.0,0.0010447920067235827,270.0,0.004842041991651058,269.0,18.0937096249545,False,269.0,0.037281000055372715,270.0,0,0
random_regular,200,16,300,200,300,0.01507537688442211,3.0,3,3,0.0,0.0,10,5.758994974874372,0.20245095329494725,5.821558930167054,0.20245095329494725,3.0000000000000013,-2.8215589301670656,1,151.0,0.00034708401653915644,260.0,0.0013299169950187206,275.0,0.004833917017094791,274.0,24.284502417081967,False,275.0,0.04239691700786352,275.0,0,1
random_regular,200,17,300,200,300,0.01507537688442211,3.0,3,3,0.0,0.005,10,5.7853266331658295,0.18557785868763618,5.804475041825,0.18557785868763618,2.9999999999999982,-2.804475041825002,1,132.0,0.00035833404399454594,247.0,0.001231375033967197,271.0,0.005550500005483627,269.0,25.764538875082508,False,267.0,0.04801683290861547,271.0,0,0
random_regular,200,18,300,200,300,0.01507537688442211,3.0,3,3,0.0,0.01,10,5.857839195979899,0.1772720812008874,5.79123663447177,0.1772720812008874,3.000000000000001,-2.791236634471768,1,142.0,0.0003576249582692981,246.0,0.0012693341122940183,272.0,0.005029832944273949,267.0,26.538714166963473,False,273.0,0.05287029198370874,272.0,1,0
random_regular,200,19,300,200,300,0.01507537688442211,3.0,3,3,0.0,0.005,10,5.74643216080402,0.21800330174015398,5.790979344796023,0.21800330174015398,2.9999999999999996,-2.7909793447960216,1,154.0,0.00037591601721942425,248.0,0.001385292038321495,273.0,0.0049332090420648456,270.0,27.046712582930923,False,273.0,0.04555795795749873,273.0,0,1
random_regular,200,20,300,200,300,0.01507537688442211,3.0,3,3,0.0,0.005,10,5.781105527638191,0.21481227525107496,5.78540862978319,0.21481227525107496,3.0000000000000018,-2.7854086297831957,1,149.0,0.0004142080433666706,258.0,0.0016705839661881328,271.0,0.005939542083069682,270.0,26.824399000033736,False,271.0,0.04772029200103134,271.0,0,1
random_regular,200,21,300,200,300,0.01507537688442211,3.0,3,3,0.0,0.005,10,5.774371859296482,0.21821652627638036,5.811399750926852,0.21821652627638036,3.0000000000000013,-2.8113997509268547,1,156.0,0.0003837910480797291,257.0,0.001280957949347794,273.0,0.0049757909728214145,270.0,26.969195166951977,False,273.0,0.04596687504090369,273.0,0,1
random_regular,200,22,300,200,300,0.01507537688442211,3.0,3,3,0.0,0.015,10,5.914321608040201,0.17659872569914672,5.815078167951492,0.17659872569914672,3.0,-2.815078167951489,1,161.0,0.0003637089394032955,252.0,0.0012799169635400176,272.0,0.006038125022314489,270.0,22.96935145801399,False,273.0,0.04461695801001042,272.0,1,0
random_regular,200,23,300,200,300,0.01507537688442211,3.0,3,3,0.0,0.01,10,5.878391959798995,0.1657756750179119,5.824453748890475,0.1657756750179119,3.0,-2.8244537488904715,1,142.0,0.00040954200085252523,252.0,0.0013163749827072024,269.0,0.005036582937464118,269.0,27.380706084077246,False,265.0,0.045490332995541394,269.0,0,0
random_regular,200,24,300,200,300,0.01507537688442211,3.0,3,3,0.0,0.005,10,5.782562814070352,0.19356439965254923,5.817490251510692,0.19356439965254923,3.0,-2.817490251510692,1,149.0,0.00039862492121756077,255.0,0.0015336249489337206,275.0,0.005051083047874272,271.0,26.89202587492764,False,275.0,0.046323750051669776,275.0,0,1
random_regular,200,25,300,200,300,0.01507537688442211,3.0,3,3,0.0,0.005,10,5.789195979899498,0.19244844810098183,5.8202220995412075,0.19244844810098183,2.9999999999999973,-2.820222099541207,1,151.0,0.0003750829491764307,254.0,0.0016545829130336642,271.0,0.005321625038050115,273.0,13.502804625080898,False,275.0,0.044006999931298196,273.0,1,0
random_regular,200,26,300,200,300,0.01507537688442211,3.0,3,3,0.0,0.01,11,5.8594472361809045,0.16232873848601695,5.810442636507153,0.16232873848601695,2.999999999999998,-2.8104426365071506,1,151.0,0.0003724170383065939,256.0,0.0015024159802123904,272.0,0.005059542017988861,269.0,26.72877491696272,False,271.0,0.04574908292852342,272.0,0,0
random_regular,200,27,300,200,300,0.01507537688442211,3.0,3,3,0.0,0.01,11,5.824321608040201,0.1952159913540601,5.803661467894427,0.1952159913540601,2.9999999999999964,-2.8036614678944267,1,141.0,0.00044062500819563866,262.0,0.0018264999380335212,272.0,0.005293458933010697,271.0,26.59099008399062,False,264.0,0.04139575001318008,272.0,0,0
random_regular,200,28,300,200,300,0.01507537688442211,3.0,3,3,0.0,0.01,10,5.786381909547739,0.19259476604554204,5.8072703991784485,0.19259476604554204,2.9999999999999982,-2.807270399178448,1,143.0,0.00033229205291718245,251.0,0.001270415959879756,274.0,0.004935874952934682,272.0,21.105313792009838,False,274.0,0.04331233294215053,274.0,0,1
random_regular,200,29,300,200,300,0.01507537688442211,3.0,3,3,0.0,0.0,10,5.703819095477387,0.20810898141308903,5.804409443795514,0.20810898141308903,2.999999999999999,-2.804409443795515,1,159.0,0.0003605419769883156,255.0,0.0012669169809669256,272.0,0.005574459093622863,271.0,21.24873220792506,False,272.0,0.04183616710361093,272.0,0,1
barabasi_albert,20,0,51,20,51,0.26842105263157895,5.1,11,3,2.188606862823929,0.30752886002886004,3,1.8789473684210527,1.62644971765532,12.3435437693711,1.62644971765532,5.93099877726269,-3.7335085556330143,1,22.0,0.00020870892331004143,35.0,0.00022912502754479647,38.0,0.0004646669840440154,40.0,0.011773040983825922,False,38.0,0.028208374977111816,40.0,0,0
barabasi_albert,20,1,51,20,51,0.26842105263157895,5.1,9,3,1.972308292331602,0.21523809523809523,4,1.9052631578947368,1.623949627163289,11.148218035606575,1.623949627163289,5.879151189767328,-3.8260709404689757,1,27.0,0.00016600009985268116,39.0,0.00026695895940065384,40.0,0.00034087500534951687,40.0,0.011805709102191031,False,40.0,0.027908917050808668,40.0,0,1
barabasi_albert,20,2,51,20,51,0.26842105263157895,5.1,13,2,2.879236009777594,0.4378418803418803,3,1.8578947368421053,1.5684941491977686,14.27351041598133,1.5684941491977686,6.2957289654460835,-3.776833886764298,1,22.0,0.0001670829951763153,38.0,0.00025666598230600357,36.0,0.000466209021396935,39.0,0.010677957907319069,False,39.0,0.027443624916486442,39.0,0,1
barabasi_albert,20,3,51,20,51,0.26842105263157895,5.1,13,3,2.643860813280457,0.40411921411921414,3,1.8894736842105264,1.6024819025874166,14.142810274290676,1.6024819025874166,6.267479521272133,-3.604048788092052,1,23.0,0.000169374980032444,37.0,0.0002533330116420984,38.0,0.0003938750596717,39.0,0.009253332973457873,False,39.0,0.02717579109594226,39.0,0,1
barabasi_albert,20,4,51,20,51,0.26842105263157895,5.1,11,3,2.3,0.37947691197691197,3,1.9,1.6072428499471347,12.442871395422644,1.6072428499471347,6.044648154227933,-3.6706066334423983,1,24.0,0.00016416690777987242,36.0,0.00022662500850856304,38.0,0.0003896250855177641,40.0,0.009693750063888729,False,40.0,0.026964459102600813,40.0,0,1
barabasi_albert,20,5,51,20,51,0.26842105263157895,5.1,12,3,2.5079872407968904,0.31854256854256857,3,1.8789473684210527,1.6777833362218055,13.27026109617095,1.6777833362218055,6.09956836729202,-3.9424164379710698,1,19.0,0.0003910829545930028,40.0,0.00035508302971720695,37.0,0.0005630420055240393,40.0,0.009811250027269125,False,40.0,0.02714520797599107,40.0,0,1
barabasi_albert,20,6,51,20,51,0.26842105263157895,5.1,12,3,2.5079872407968904,0.4126370851370851,3,1.868421052631579,1.6979538679594295,13.235006590896935,1.6979538679594295,6.125817400173228,-3.4549013381455675,1,24.0,0.00015595799777656794,36.0,0.00021766696590930223,38.0,0.0003602909855544567,38.0,0.009650916908867657,False,38.0,0.03111741691827774,38.0,0,1
barabasi_albert,20,7,51,20,51,0.26842105263157895,5.1,11,1,2.467792535850613,0.40431096681096684,4,1.9052631578947368,0.918297259896259,12.481764218987038,0.918297259896259,6.1286633552183805,-3.5702912236582858,1,23.0,0.00016241706907749176,36.0,0.0002359580248594284,39.0,0.001152541022747755,39.0,0.010146958054974675,False,39.0,0.026078165974467993,39.0,0,1
barabasi_albert,20,8,51,20,51,0.26842105263157895,5.1,10,3,2.5670995305986875,0.2938492063492063,3,1.8421052631578947,1.7673146054510358,12.198057380213804,1.7673146054510358,6.108616225900409,-3.964317440629956,1,27.0,0.0001656670356169343,36.0,0.00025287491735070944,40.0,0.0003683749819174409,40.0,0.009704916970804334,False,40.0,0.02594145806506276,40.0,0,1
barabasi_albert,20,9,51,20,51,0.26842105263157895,5.1,13,3,2.4269322199023193,0.4027564102564102,3,1.8736842105263158,1.6133516864085842,14.217699426284717,1.6133516864085842,6.066758605990983,-3.5784035906414258,1,30.0,0.0001622081035748124,33.0,0.00021416600793600082,37.0,0.000363041996024549,38.0,0.010135916993021965,False,38.0,0.026952374959364533,38.0,0,1
barabasi_albert,20,10,51,20,51,0.26842105263157895,5.1,12,2,2.4269322199023193,0.3183838383838384,3,1.8736842105263158,1.4010080167044592,13.268883360799204,1.4010080167044592,6.091987600218778,-3.362091546044681,1,19.0,0.0002905830042436719,36.0,0.00045429100282490253,37.0,0.000682624988257885,39.0,0.00972020800691098,False,37.0,0.02841645898297429,39.0,0,0
barabasi_albert,20,11,51,20,51,0.26842105263157895,5.1,13,2,2.913760456866693,0.5210622710622711,3,1.8578947368421053,1.4466189897069932,14.151768424148274,1.4466189897069932,6.4278535465453075,-3.1842189054780405,1,25.0,0.0001662500435486436,37.0,0.00024266599211841822,36.0,0.0003659999929368496,37.0,0.009707165998406708,False,35.0,0.02549087500665337,37.0,0,0
barabasi_albert,20,12,51,20,51,0.26842105263157895,5.1,14,3,3.1128764832546763,0.5217632367632368,3,1.8526315789473684,1.4627412168107963,15.12016950089695,1.4627412168107963,6.534725340654861,-3.2481498851239534,1,17.0,0.0001691670622676611,35.0,0.00027595798019319773,37.0,0.0003891249652951956,37.0,0.009636707953177392,False,37.0,0.026086291996762156,37.0,0,1
barabasi_albert,20,13,51,20,51,0.26842105263157895,5.1,12,3,2.5865034312755126,0.3789502164502164,3,1.8894736842105264,1.4621431260436324,13.230804680003395,1.4621431260436324,6.204443976347774,-3.595927165560036,1,25.0,0.0001530840527266264,37.0,0.00023979193065315485,36.0,0.0003483330365270376,39.0,0.011076083057560027,False,39.0,0.02521491702646017,39.0,0,1
barabasi_albert,20,14,51,20,51,0.26842105263157895,5.1,10,3,2.5079872407968904,0.3142460317460317,3,1.8368421052631578,1.8099525084816621,12.131585940629243,1.8099525084816621,6.049399519065287,-3.7550028902972525,1,30.0,0.0002073750365525484,36.0,0.00023083295673131943,37.0,0.0004787920042872429,39.0,0.00910933397244662,False,39.0,0.025082124979235232,39.0,0,1
barabasi_albert,20,15,51,20,51,0.26842105263157895,5.1,14,1,2.947880594596735,0.38206043956043956,3,1.831578947368421,0.970464515643671,15.13573971485122,0.970464515643671,6.374887284077481,-3.4582806676050404,1,29.0,0.00020520796533674002,34.0,0.00029337499290704727,38.0,0.00048204197082668543,38.0,0.009089999948628247,False,38.0,0.02537987509276718,38.0,0,1
barabasi_albert,20,16,51,20,51,0.26842105263157895,5.1,11,3,2.2338307903688674,0.3263888888888889,3,1.8421052631578947,1.7472765479036056,12.423071850486824,1.7472765479036056,5.95193914142668,-3.640297022394507,1,22.0,0.00015470804646611214,37.0,0.00023216695990413427,38.0,0.0003535830182954669,39.0,0.010208416962996125,False,39.0,0.025664165965281427,39.0,0,1
barabasi_albert,20,17,51,20,51,0.26842105263157895,5.1,9,3,1.9974984355438177,0.33055555555555555,4,1.9263157894736842,1.47009951140225,10.71570151796982,1.47009951140225,5.804686965262569,-3.837196931722613,1,23.0,0.0001698340056464076,37.0,0.00025129097048193216,39.0,0.0003720830427482724,40.0,0.010507041937671602,False,40.0,0.026516416925005615,40.0,0,1
barabasi_albert,20,18,51,20,51,0.26842105263157895,5.1,14,1,3.047950130825634,0.3851914751914752,3,1.8368421052631578,0.9528251153633253,15.138085560697993,0.9528251153633253,6.471568561377907,-3.3521780037556725,1,21.0,0.00018816697411239147,38.0,0.0002215000567957759,36.0,0.0003809999907389283,38.0,0.009620083030313253,False,38.0,0.024733499973081052,38.0,0,1
barabasi_albert,20,19,51,20,51,0.26842105263157895,5.1,12,3,2.364318083507378,0.3029004329004329,3,1.8631578947368421,1.3169883939589948,13.268452227971276,1.3169883939589948,6.0594413833222625,-3.725606645086694,1,25.0,0.00017895805649459362,35.0,0.00023620796855539083,39.0,0.00044112501200288534,39.0,0.010421374929137528,False,39.0,0.024338832939974964,39.0,0,1
barabasi_albert,20,20,51,20,51,0.26842105263157895,5.1,12,3,2.3853720883753127,0.2902164502164502,3,1.8789473684210527,1.7434279397582095,13.26636189464363,1.7434279397582095,6.102587357346609,-3.58695463128922,1,17.0,0.00017024995759129524,36.0,0.00021075003314763308,37.0,0.00039358309004455805,39.0,0.010047041927464306,False,37.0,0.025888041011057794,39.0,0,0
barabasi_albert,20,21,51,20,51,0.26842105263157895,5.1,15,3,2.99833287011299,0.471017316017316,3,1.8210526315789475,1.6626753802326784,16.108331635703664,1.6626753802326784,6.3592816478074345,-3.7236985541057996,1,26.0,0.00016374990809708834,36.0,0.0002092079957947135,37.0,0.00037274998612701893,38.0,0.0108159160008654,False,37.0,0.0261739999987185,38.0,0,0
barabasi_albert,20,22,51,20,51,0.26842105263157895,5.1,12,3,2.861817604250837,0.4258585858585858,3,1.8368421052631578,1.7764014702781903,13.541572269141922,1.7764014702781903,6.2398831232696494,-3.7626034432888162,1,24.0,0.00020341703202575445,35.0,0.00035104097332805395,38.0,0.0004326669732108712,39.0,0.011029332992620766,False,38.0,0.027236166992224753,39.0,0,0
barabasi_albert,20,23,51,20,51,0.26842105263157895,5.1,11,2,2.5475478405713994,0.3865800865800866,3,1.8894736842105264,1.4331446289684995,12.36584414367162,1.4331446289684995,6.151217157045702,-3.567650693262552,1,28.0,0.00026520807296037674,37.0,0.0002781669609248638,36.0,0.0005655839340761304,39.0,0.011952750035561621,False,39.0,0.025947290938347578,39.0,0,1
barabasi_albert,20,24,51,20,51,0.26842105263157895,5.1,11,2,2.3853720883753127,0.39468253968253963,3,1.868421052631579,1.6383764857403065,12.32006632087592,1.6383764857403065,6.004837717714942,-3.5012897372723435,1,24.0,0.00020462495740503073,38.0,0.00035616697277873755,38.0,0.0004185410216450691,38.0,0.009339165990240872,False,37.0,0.02560241601895541,38.0,0,0
barabasi_albert,20,25,51,20,51,0.26842105263157895,5.1,13,3,2.7730849247724096,0.4713461538461538,3,1.8578947368421053,1.7125675454534306,14.201788865485343,1.7125675454534306,6.231265585631226,-3.461036579185232,1,20.0,0.0001831249101087451,35.0,0.0002536249812692404,39.0,0.0004683330189436674,39.0,0.010364082991145551,False,39.0,0.024203334003686905,39.0,0,1
barabasi_albert,20,26,51,20,51,0.26842105263157895,5.1,10,1,2.6438608132804573,0.28238095238095234,3,1.9,0.9244624811969706,12.009113235985891,0.9244624811969706,6.272166161531489,-3.80066093784868,1,22.0,0.00017137499526143074,39.0,0.0002252080012112856,40.0,0.0003689589211717248,40.0,0.01034449995495379,False,40.0,0.02624408307019621,40.0,0,1
barabasi_albert,20,27,51,20,51,0.26842105263157895,5.1,12,1,2.879236009777594,0.42938311688311687,3,1.8894736842105264,0.95334768220075,13.273222523403495,0.95334768220075,6.452601324195401,-3.531085078593485,1,31.0,0.00019533303566277027,36.0,0.00023399991914629936,36.0,0.0004094999749213457,39.0,0.011369334068149328,False,39.0,0.024296874995343387,39.0,0,1
barabasi_albert,20,28,51,20,51,0.26842105263157895,5.1,12,2,2.6438608132804573,0.4064502164502165,3,1.9105263157894736,1.2207485967235647,13.222425471305888,1.2207485967235647,6.316877899353187,-3.3652898584559505,1,26.0,0.0002012500772252679,37.0,0.0002658329904079437,37.0,0.0004387079970911145,39.0,0.0097024169517681,False,38.0,0.02475729095749557,39.0,0,0
barabasi_albert,20,29,51,20,51,0.26842105263157895,5.1,10,3,2.2781571499789033,0.31916666666666665,3,1.8789473684210527,1.6445299718197774,11.717544043812827,1.6445299718197774,6.018084954107217,-3.6098044797810016,1,29.0,0.0001688329502940178,35.0,0.0002613330725580454,37.0,0.00040858297143131495,39.0,0.01146137504838407,False,39.0,0.0235973329981789,39.0,0,1
barabasi_albert,50,0,141,50,141,0.11510204081632654,5.64,19,3,3.502913073429028,0.1459358974358974,4,2.299591836734694,1.5942823535651722,20.376777248606942,1.5942823535651722,7.5970665957737396,-5.000983906711318,1,72.0,0.0001991660101339221,102.0,0.00043841602746397257,102.0,0.0008428329601883888,113.0,0.045709374942816794,False,113.0,0.030297541990876198,113.0,0,1
barabasi_albert,50,1,141,50,141,0.11510204081632654,5.64,19,3,3.8249705881222145,0.1558988912704083,4,2.269387755102041,1.536477485426034,20.517267128218403,1.536477485426034,7.786737794405283,-5.029212775690379,1,70.0,0.00021058297716081142,105.0,0.00035208300687372684,102.0,0.0007622500415891409,112.0,0.045568250003270805,False,104.0,0.02814741595648229,112.0,0,0
barabasi_albert,50,2,141,50,141,0.11510204081632654,5.64,25,2,4.74872614497825,0.36347192982456134,5,2.2253061224489796,1.2952207554265773,26.214230157892253,1.2952207554265773,8.503097317007281,-5.109698987274451,1,69.0,0.000255499966442585,101.0,0.00038341700565069914,100.0,0.0008440000237897038,107.0,0.04282095795497298,False,106.0,0.02909933403134346,107.0,0,0
barabasi_albert,50,3,141,50,141,0.11510204081632654,5.64,18,3,3.637361681218957,0.22008683473389354,4,2.333877551020408,1.4331743059587032,19.607236415313867,1.4331743059587032,7.9063119454447435,-4.524127512139404,1,72.0,0.00023583299480378628,101.0,0.0005629999795928597,104.0,0.0010572500759735703,105.0,0.05063958291430026,False,104.0,0.030601250007748604,105.0,0,0
barabasi_albert,50,4,141,50,141,0.11510204081632654,5.64,18,3,3.5707702250354894,0.21247720906544437,4,2.3134693877551022,1.4550232260852056,19.456020738166707,1.4550232260852056,7.778161596837851,-4.53663477638233,1,68.0,0.0002805000403895974,99.0,0.0005471669137477875,98.0,0.0009178750915452838,106.0,0.07297729107085615,False,107.0,0.030887458007782698,106.0,1,0
barabasi_albert,50,5,141,50,141,0.11510204081632654,5.64,16,3,3.2909573075322625,0.16466028416028414,4,2.3387755102040817,1.2886801049548484,17.62400459252719,1.2886801049548484,7.515192303623211,-4.509808521865314,1,69.0,0.00021704193204641342,104.0,0.0005478749517351389,104.0,0.0009274999611079693,109.0,0.06048066704533994,False,108.0,0.033664874965325,109.0,0,0
barabasi_albert,50,6,141,50,141,0.11510204081632654,5.64,20,3,3.8872097962420296,0.21351561166731442,4,2.28,1.5257339824513856,21.330185363218433,1.5257339824513856,7.908177697617949,-5.049651405742377,1,72.0,0.00022749998606741428,103.0,0.000636249897070229,102.0,0.0009192079305648804,109.0,0.07673762494232506,False,109.0,0.0344479160849005,109.0,0,1
barabasi_albert,50,7,141,50,141,0.11510204081632654,5.64,17,3,3.5931045072471797,0.22263987319869671,4,2.320816326530612,1.3177200433437875,18.51127162466218,1.3177200433437875,7.758713143499159,-4.533566175427541,1,77.0,0.00022458296734839678,100.0,0.0005059159593656659,102.0,0.0008518330287188292,108.0,0.06482316693291068,False,108.0,0.031550916959531605,108.0,0,1
barabasi_albert,50,8,141,50,141,0.11510204081632654,5.64,19,3,3.9281547831010935,0.26210816084500294,4,2.290612244897959,1.35382361247302,20.7827068967723,1.35382361247302,7.893543206901157,-5.054334020775565,1,68.0,0.00022087490651756525,99.0,0.0007212089840322733,109.0,0.0009423750452697277,111.0,0.07270124997012317,False,111.0,0.032148457947187126,111.0,0,1
barabasi_albert,50,9,141,50,141,0.11510204081632654,5.64,23,3,4.107359248957899,0.2489294087554957,4,2.2612244897959184,1.5792253833828478,24.22160281584972,1.5792253833828478,7.990281529198292,-4.772131898118536,1,80.0,0.00021091708913445473,103.0,0.000552999903447926,104.0,0.0008655419806018472,106.0,0.06668824993539602,False,105.0,0.0362716669915244,106.0,0,0
barabasi_albert,50,10,141,50,141,0.11510204081632654,5.64,17,3,3.7723202409127463,0.2478492847022259,4,2.3077551020408165,1.4659123905666744,18.975369304678203,1.4659123905666744,7.845600617967039,-4.951833901332162,1,63.0,0.00021595903672277927,105.0,0.0004923749947920442,102.0,0.0008311249548569322,109.0,0.07182291697245091,False,109.0,0.031023417017422616,109.0,0,1
barabasi_albert,50,11,141,50,141,0.11510204081632654,5.64,24,3,4.302371439101929,0.32251318653378147,4,2.2375510204081634,1.5818782258235733,25.17000191156632,1.5818782258235733,8.187364315525716,-4.560549791578652,1,75.0,0.00022599997464567423,98.0,0.0004790830425918102,104.0,0.0008852079045027494,106.0,0.050433582975529134,False,98.0,0.03152054199017584,106.0,0,0
barabasi_albert,50,12,141,50,141,0.11510204081632654,5.64,19,3,3.6318590281011733,0.20116607369238948,4,2.3387755102040817,1.4635554514018114,20.272404730896127,1.4635554514018114,7.9193620438447,-4.371961821638115,1,66.0,0.00021691597066819668,103.0,0.0005680000176653266,103.0,0.000813458114862442,107.0,0.060937457950785756,False,107.0,0.030533791985362768,107.0,0,1
barabasi_albert,50,13,141,50,141,0.11510204081632654,5.64,18,3,3.713542782842282,0.23889012947836477,4,2.306938775510204,1.4923801252066933,19.409232996213156,1.4923801252066933,7.833164029888475,-4.660687460601519,1,70.0,0.00022741698194295168,100.0,0.00038004096131771803,101.0,0.0008054589852690697,110.0,0.09348041703924537,False,105.0,0.032177292043343186,110.0,0,0
barabasi_albert,50,14,141,50,141,0.11510204081632654,5.64,24,3,3.8974863694437727,0.2254809007417703,4,2.299591836734694,1.4190083886713338,25.14043897332158,1.4190083886713338,7.939160455687935,-4.746350471014089,1,84.0,0.00023799994960427284,103.0,0.0004792920080944896,108.0,0.0010372090619057417,110.0,0.050038833054713905,False,106.0,0.029369666939601302,110.0,0,0
barabasi_albert,50,15,141,50,141,0.11510204081632654,5.64,24,1,4.01875602643405,0.24415552080769473,4,2.289795918367347,0.9650887600667567,25.15221388940602,0.9650887600667567,8.068976848155172,-4.63679384418797,1,65.0,0.00024437508545815945,99.0,0.0005073329666629434,101.0,0.0009317079093307257,108.0,0.050182542065158486,False,103.0,0.02901924995239824,108.0,0,0
barabasi_albert,50,16,141,50,141,0.11510204081632654,5.64,18,3,3.497198879103103,0.1918543515308221,4,2.2979591836734694,1.5068067196162007,19.49261133822913,1.5068067196162007,7.589070006359323,-4.782774240820842,1,61.0,0.00022525002714246511,101.0,0.00048154196701943874,107.0,0.0007900000782683492,108.0,0.04250033409334719,False,107.0,0.03262279205955565,108.0,0,0
barabasi_albert,50,17,141,50,141,0.11510204081632654,5.64,17,3,3.9987998199459796,0.23740528752293458,4,2.2579591836734694,1.614918852881949,18.647541802624147,1.614918852881949,7.775986501262782,-4.767538926082122,1,72.0,0.0002519169356673956,100.0,0.0005042910343036056,108.0,0.0009203749941661954,109.0,0.046836082939989865,False,108.0,0.031361041008494794,109.0,0,0
barabasi_albert,50,18,141,50,141,0.11510204081632654,5.64,24,1,4.376117000264047,0.26824711748968044,4,2.257142857142857,0.9515110783178019,25.195897367290577,0.9515110783178019,8.343139526554843,-4.85412646441172,1,64.0,0.00029866595286875963,96.0,0.0006384170847013593,103.0,0.0010162090184167027,111.0,0.0714096250012517,False,111.0,0.033059375011362135,111.0,0,1
barabasi_albert,50,19,141,50,141,0.11510204081632654,5.64,23,3,3.9937951875377884,0.24077357907792687,4,2.266122448979592,1.3966099797022016,24.189392428274544,1.3966099797022016,7.894736502084603,-5.207093942805485,1,64.0,0.00022658298257738352,105.0,0.0005177920684218407,107.0,0.0008653749246150255,106.0,0.04605879192240536,False,107.0,0.03324695792980492,107.0,0,1
barabasi_albert,50,20,141,50,141,0.11510204081632654,5.64,19,3,3.6428560224087914,0.1941948168790274,4,2.317551020408163,1.5042527261361462,20.329939610616627,1.5042527261361462,7.743115384328657,-4.712963879932343,1,60.0,0.00023687502834945917,106.0,0.0005043749697506428,110.0,0.0008927499875426292,110.0,0.05643258290365338,False,106.0,0.03232116694562137,110.0,0,0
barabasi_albert,50,21,141,50,141,0.11510204081632654,5.64,22,3,3.5143135887396277,0.22329082029082026,4,2.3420408163265307,1.3557180205019137,23.16062762087276,1.3557180205019137,7.723694333505753,-4.503436328390647,1,71.0,0.00022604200057685375,105.0,0.0006874169921502471,102.0,0.001019042101688683,109.0,0.05209287500474602,False,105.0,0.03170954203233123,109.0,0,0
barabasi_albert,50,22,141,50,141,0.11510204081632654,5.64,23,3,4.073131473448899,0.2574917235738342,4,2.28,1.4195552983829407,24.19227604397674,1.4195552983829407,8.024893275209294,-4.899910909207819,1,77.0,0.0002448749728500843,100.0,0.0005225409986451268,105.0,0.000910624978132546,106.0,0.053663874976336956,False,106.0,0.03156087500974536,106.0,0,1
barabasi_albert,50,23,141,50,141,0.11510204081632654,5.64,16,3,3.735023426968029,0.21433150183150182,4,2.324081632653061,1.3977966478082733,18.083278058153628,1.3977966478082733,7.831940673371674,-4.588586144476543,1,74.0,0.00024449999909847975,100.0,0.0005071669584140182,105.0,0.000858625047840178,111.0,0.05049387493636459,False,106.0,0.03432249999605119,111.0,0,0
barabasi_albert,50,24,141,50,141,0.11510204081632654,5.64,23,2,4.542070012670433,0.35443750935055285,4,2.2155102040816326,1.499805146635409,24.19264291300189,1.499805146635409,8.21812087453209,-4.690313679616365,1,65.0,0.0002465000143274665,105.0,0.0005300830816850066,107.0,0.0009591249981895089,108.0,0.051534708007238805,False,103.0,0.027768832980655134,108.0,0,0
barabasi_albert,50,25,141,50,141,0.11510204081632654,5.64,20,3,3.74571755475503,0.19195344868409883,4,2.3044897959183674,1.3728193288959127,21.388765770293162,1.3728193288959127,7.748436182704616,-4.9736757562641225,1,74.0,0.0002357920166105032,101.0,0.0006155000301077962,105.0,0.0009819999104365706,110.0,0.05242845800239593,False,106.0,0.03192000009585172,110.0,0,0
barabasi_albert,50,26,141,50,141,0.11510204081632654,5.64,22,1,3.8769059828682977,0.25513741813741814,4,2.302857142857143,0.926465219558358,23.179425243008396,0.926465219558358,7.965704538600658,-4.769407198631663,1,69.0,0.00024579197634011507,103.0,0.0005282500060275197,107.0,0.0010147920111194253,108.0,0.05018379201646894,False,104.0,0.030813207966275513,108.0,0,0
barabasi_albert,50,27,141,50,141,0.11510204081632654,5.64,23,1,4.008790341237615,0.2127071286201721,4,2.2848979591836733,0.9639853054530374,24.207815134977714,0.9639853054530374,8.037959469609582,-4.956903983112795,1,66.0,0.0002340000355616212,101.0,0.0005126249743625522,107.0,0.0008593330858275294,108.0,0.047414875007234514,False,109.0,0.028787458082661033,108.0,1,0
barabasi_albert,50,28,141,50,141,0.11510204081632654,5.64,20,2,4.146130726351981,0.2880857274820123,4,2.299591836734694,1.4330951969238457,21.324661259737994,1.4330951969238457,8.275852259771977,-4.913944409354135,1,69.0,0.00024349999148398638,105.0,0.000617208075709641,106.0,0.0009549160022288561,110.0,1.7293142919661477,False,108.0,0.034050957998260856,110.0,0,0
barabasi_albert,50,29,141,50,141,0.11510204081632654,5.64,20,3,3.8562157615984094,0.1999268760135633,4,2.2783673469387753,1.4931696240171566,21.328491952605773,1.4931696240171566,7.90190039428966,-4.655789014261896,1,80.0,0.0002501660492271185,102.0,0.0006133330753073096,104.0,0.0010611669858917594,107.0,0.06493150000460446,False,103.0,0.036113333073444664,107.0,0,0
barabasi_albert,100,0,291,100,291,0.058787878787878785,5.82,30,3,4.602999022376608,0.10459857706318687,4,2.578989898989899,1.513779654241853,31.2325046240831,1.513779654241853,8.955587838001605,-5.816637742457647,1,153.0,0.0003196669276803732,206.0,0.00090487499255687,209.0,0.002200166927650571,225.0,1.9962369999848306,False,215.0,0.03490112500730902,225.0,0,0
barabasi_albert,100,1,291,100,291,0.058787878787878785,5.82,31,3,4.840206607160485,0.1334743692986839,5,2.5804040404040403,1.2995294326743096,32.38098799238479,1.2995294326743096,9.198028709557992,-5.897053815464691,1,153.0,0.00031583395320922136,219.0,0.0011554580414667726,223.0,0.0020769580733031034,227.0,3.0432165829697624,False,218.0,0.035830084001645446,227.0,0,0
barabasi_albert,100,2,291,100,291,0.058787878787878785,5.82,33,3,5.1776056242243875,0.18977595879066467,5,2.573737373737374,1.3578725133069525,34.245157519653866,1.3578725133069525,9.688010160558534,-5.954892544302414,1,141.0,0.0003139160107821226,211.0,0.000914249918423593,209.0,0.0019156669732183218,221.0,5.274580582976341,False,218.0,0.03351774998009205,221.0,0,0
barabasi_albert,100,3,291,100,291,0.058787878787878785,5.82,30,3,4.285743809422117,0.12929770416989306,5,2.6422222222222222,1.3186553462848156,31.199411124515386,1.3186553462848156,9.042417740852537,-5.680154601914403,1,147.0,0.0003019580617547035,206.0,0.0009230419527739286,215.0,0.002042874926701188,223.0,2.8916989590507,False,226.0,0.036382999969646335,223.0,1,0
barabasi_albert,100,4,291,100,291,0.058787878787878785,5.82,27,3,4.883400454601282,0.1487778549573946,4,2.568080808080808,1.4151093535864756,28.46876615477135,1.4151093535864756,9.281597408930331,-5.757784927288025,1,143.0,0.0002953330986201763,207.0,0.0006888330681249499,218.0,0.002787458011880517,220.0,2.1216052080271766,False,219.0,0.03920770902186632,220.0,0,0
barabasi_albert,100,5,291,100,291,0.058787878787878785,5.82,28,3,4.472985580124308,0.14316749366406115,4,2.5965656565656565,1.4311084614897185,29.27102719026434,1.4311084614897185,8.953865870094123,-5.666501476931744,1,140.0,0.00030333397444337606,208.0,0.0009005418978631496,216.0,0.0018388750031590462,225.0,3.5257690420839936,False,225.0,0.03691995795816183,225.0,0,1
barabasi_albert,100,6,291,100,291,0.058787878787878785,5.82,31,3,4.676280573276159,0.13131283027499252,4,2.5935353535353536,1.4279558291895302,32.21895738039247,1.4279558291895302,9.141549048969146,-5.9778096823137075,1,149.0,0.0007294579409062862,206.0,0.0012886669719591737,219.0,0.0022178340004757047,225.0,3.4090909160440788,False,216.0,0.03539579105563462,225.0,0,0
barabasi_albert,100,7,291,100,291,0.058787878787878785,5.82,28,3,4.618181460271999,0.14076022126022125,4,2.584848484848485,1.4275327906236577,29.394537320359937,1.4275327906236577,9.106125352352965,-5.508767522579008,1,151.0,0.00031220808159559965,216.0,0.0011203750036656857,215.0,0.002207250101491809,221.0,0.27391037496272475,False,217.0,0.03549895796459168,221.0,0,0
barabasi_albert,100,8,291,100,291,0.058787878787878785,5.82,28,3,4.674141632428356,0.16238723172252584,4,2.5854545454545454,1.4000202282600474,29.37907616540324,1.4000202282600474,9.074457903474718,-5.831784997295008,1,146.0,0.0002935420488938689,214.0,0.0008992080111056566,211.0,0.0018800419056788087,226.0,7.0328899580053985,False,222.0,0.03895833401475102,226.0,0,0
barabasi_albert,100,9,291,100,291,0.058787878787878785,5.82,33,3,4.93432872840876,0.15018207506288,4,2.5668686868686867,1.469049118052243,34.20996384812108,1.469049118052243,9.264794672636675,-5.865800227043881,1,159.0,0.00031575001776218414,212.0,0.0011295840376988053,213.0,0.0031837919959798455,227.0,3.348721874994226,False,208.0,0.03410129202529788,227.0,0,0
barabasi_albert,100,10,291,100,291,0.058787878787878785,5.82,25,3,4.513047750689106,0.15399209320091672,4,2.6107070707070705,1.4021998635036959,26.505197107261225,1.4021998635036959,9.01827238222837,-5.593762226904735,1,134.0,0.000303708016872406,203.0,0.0008884579874575138,216.0,0.0020539580145850778,217.0,2.4872163749532774,False,220.0,0.03774862491991371,217.0,1,0
barabasi_albert,100,11,291,100,291,0.058787878787878785,5.82,35,3,5.101725198401028,0.20280889664763904,4,2.56,1.451287617612164,36.15654346925044,1.451287617612164,9.568564456880427,-5.6387950074411535,1,150.0,0.00036466598976403475,215.0,0.0011434999760240316,210.0,0.002355000004172325,223.0,0.4623231249861419,False,204.0,0.034571959055028856,223.0,0,0
barabasi_albert,100,12,291,100,291,0.058787878787878785,5.82,24,3,4.227008398382951,0.12744628816092,5,2.6634343434343433,1.3642426819780191,25.427448390162656,1.3642426819780191,9.009405761041092,-5.247059642817617,1,140.0,0.0002718340838328004,213.0,0.001263290992937982,215.0,0.0020196669502183795,222.0,3.17139762500301,False,216.0,0.03517020808067173,222.0,0,0
barabasi_albert,100,13,291,100,291,0.058787878787878785,5.82,27,3,4.689093729069618,0.12549449867746407,4,2.5927272727272728,1.3936370988347728,28.420041519906487,1.3936370988347728,9.164010005973742,-5.731333364736161,1,142.0,0.0003031250089406967,213.0,0.0015457910485565662,212.0,0.002901208004914224,225.0,6.214772917097434,False,217.0,0.03535658400505781,225.0,0,0
barabasi_albert,100,14,291,100,291,0.058787878787878785,5.82,33,3,4.508613977709779,0.09327518276357286,5,2.6121212121212123,1.3514785616706015,34.15291735094149,1.3514785616706015,9.07410637185292,-5.7244467975492075,1,167.0,0.00030554202385246754,214.0,0.001099625020287931,216.0,0.0020080000394955277,225.0,6.623241916997358,False,220.0,0.03946570900734514,225.0,0,0
barabasi_albert,100,15,291,100,291,0.058787878787878785,5.82,40,2,4.996758949559204,0.14830445577814,4,2.5583838383838384,1.252140983669948,41.10605729094222,1.252140983669948,9.375263898414191,-6.196553638796059,1,151.0,0.0003067910438403487,210.0,0.001140124979428947,219.0,0.0020647920900955796,224.0,5.194939292035997,False,224.0,0.036241750000044703,224.0,0,1
barabasi_albert,100,16,291,100,291,0.058787878787878785,5.82,25,3,4.416740879879642,0.12555569251496024,5,2.5947474747474746,1.4001736703565686,26.599301985645933,1.4001736703565686,8.827859219908126,-5.615638909204735,1,140.0,0.0003035829868167639,213.0,0.0009314579656347632,213.0,0.002066000015474856,224.0,6.544359834049828,False,220.0,0.035391957964748144,224.0,0,0
barabasi_albert,100,17,291,100,291,0.058787878787878785,5.82,23,3,4.708248081824068,0.1486604741110731,4,2.5802020202020204,1.4705759737249142,24.757127296200952,1.4705759737249142,8.983225485404674,-5.747496804156144,1,144.0,0.00027666601818054914,212.0,0.0010264579905197024,222.0,0.0017159159760922194,225.0,0.2956326249986887,False,219.0,0.03522441699169576,225.0,0,0
barabasi_albert,100,18,291,100,291,0.058787878787878785,5.82,35,1,5.0505049252525245,0.15196391310787594,5,2.5866666666666664,0.9562990556040393,36.18769267120891,0.9562990556040393,9.641138904155202,-6.029424171247136,1,144.0,0.00029745802748948336,208.0,0.000932042021304369,218.0,0.0018794999923557043,228.0,2.781035333056934,False,226.0,0.037728709052316844,228.0,0,0
barabasi_albert,100,19,291,100,291,0.058787878787878785,5.82,34,3,4.641939249925618,0.13366241502175005,5,2.6014141414141414,1.3882688860917924,35.157851722877155,1.3882688860917924,9.078627347974884,-6.277700390812978,1,150.0,0.0003068329533562064,210.0,0.0008924169233068824,225.0,0.002268292009830475,229.0,2.2698219169396907,False,213.0,0.03420529200229794,229.0,0,0
barabasi_albert,100,20,291,100,291,0.058787878787878785,5.82,29,3,4.439324272904605,0.12152533989415548,5,2.6298989898989897,1.2674872392151009,30.265009395434717,1.2674872392151009,8.966427637957512,-5.527417614231979,1,137.0,0.0002894579665735364,207.0,0.0009024579776450992,211.0,0.0020515830256044865,224.0,3.086803999962285,False,218.0,0.033811333938501775,224.0,0,0
barabasi_albert,100,21,291,100,291,0.058787878787878785,5.82,33,3,4.501955130829271,0.1546045478037166,4,2.6195959595959595,1.3775143822487022,34.16002260452865,1.3775143822487022,9.08211357840976,-5.545692336167808,1,152.0,0.0003105420619249344,211.0,0.000914708012714982,212.0,0.0023272500839084387,221.0,0.24495112500153482,False,207.0,0.03532187489327043,221.0,0,0
barabasi_albert,100,22,291,100,291,0.058787878787878785,5.82,36,3,5.299773580069248,0.1968239898989899,4,2.54989898989899,1.3103512404443096,37.26572365747892,1.3103512404443096,9.700320031471524,-6.121999854993012,1,148.0,0.000310958013869822,215.0,0.0009148749522864819,216.0,0.002277666935697198,217.0,3.340835666982457,False,215.0,0.03314712503924966,217.0,0,0
barabasi_albert,100,23,291,100,291,0.058787878787878785,5.82,30,3,4.893628510624811,0.12355219753201498,4,2.567070707070707,1.457733286358299,31.288295535631327,1.457733286358299,9.264412746088809,-5.6117892557763005,1,146.0,0.00030170800164341927,215.0,0.001103708054870367,220.0,0.0020775829907506704,223.0,2.1978562909644097,False,223.0,0.03873799997381866,223.0,0,1
barabasi_albert,100,24,291,100,291,0.058787878787878785,5.82,39,3,5.662826149547591,0.18533558449347923,4,2.486060606060606,1.411095439957913,40.138432368451646,1.411095439957913,9.79412187457999,-6.227038524267658,1,135.0,0.00029812497086822987,211.0,0.0008946249727159739,211.0,0.002213875064626336,220.0,6.492425165954046,False,207.0,0.03740216698497534,220.0,0,0
barabasi_albert,100,25,291,100,291,0.058787878787878785,5.82,31,3,4.8195020489673,0.1426137938373532,4,2.583030303030303,1.404627608131101,32.27606218201809,1.404627608131101,9.144703640518992,-6.062370857761561,1,145.0,0.0002991659566760063,214.0,0.001318541937507689,222.0,0.002749999985098839,221.0,4.8112298749620095,False,223.0,0.039285624981857836,222.0,1,0
barabasi_albert,100,26,291,100,291,0.058787878787878785,5.82,32,1,4.88749424552091,0.15855364210398165,4,2.5802020202020204,0.9441550318237346,33.227242616617744,0.9441550318237346,9.378860548833432,-5.910500184161314,1,144.0,0.0002930830232799053,203.0,0.0008994160452857614,218.0,0.002872958080843091,227.0,3.71830387506634,False,220.0,0.03443541703745723,227.0,0,0
barabasi_albert,100,27,291,100,291,0.058787878787878785,5.82,36,3,4.800791601392421,0.13083258932330138,5,2.601212121212121,1.2415604132610716,37.14092828776208,1.2415604132610716,9.343843604947804,-6.078065576669553,1,143.0,0.00030212500132620335,207.0,0.0008984169689938426,214.0,0.0026295409770682454,227.0,6.571155666024424,False,221.0,0.038201167015358806,227.0,0,0
barabasi_albert,100,28,291,100,291,0.058787878787878785,5.82,33,2,5.404405610240595,0.19594604835159754,4,2.5246464646464646,1.440239363348467,34.24500673388624,1.440239363348467,9.847254608522832,-5.97934270749967,1,153.0,0.00027125002816319466,218.0,0.0008549169870093465,219.0,0.001890749903395772,227.0,3.651489792042412,False,219.0,0.03824933303985745,227.0,0,0
barabasi_albert,100,29,291,100,291,0.058787878787878785,5.82,33,3,5.044561427914226,0.1600537260862135,4,2.546666666666667,1.4338669238569002,34.272577783476315,1.4338669238569002,9.41399217473041,-5.955827858206133,1,157.0,0.00034054205752909184,213.0,0.0012279999209567904,214.0,0.0020173750817775726,221.0,6.416897249990143,False,212.0,0.034650666057132185,221.0,0,0
barabasi_albert,200,0,591,200,591,0.029698492462311557,5.91,47,3,5.489253136811966,0.0888680311718085,5,2.8608040201005025,1.3673546992286723,48.159948612699395,1.3673546992286723,10.383488788684922,-6.912940390578759,1,294.0,0.00042449997272342443,425.0,0.0027308340650051832,424.0,0.006127334083430469,445.0,29.46688033407554,False,437.0,0.04711962502915412,445.0,0,0
barabasi_albert,200,1,591,200,591,0.029698492462311557,5.91,43,3,5.882337970569186,0.12030067253636562,5,2.8313065326633167,1.3028759311491216,44.344768249890286,1.3028759311491216,10.737217403647538,-6.7429647215124735,1,314.0,0.00046108290553092957,445.0,0.0022327499464154243,437.0,0.006829042104072869,447.0,26.64724608301185,False,442.0,0.04959329194389284,447.0,0,0
barabasi_albert,200,2,591,200,591,0.029698492462311557,5.91,50,3,6.0176324247996416,0.1024587520089541,5,2.8376884422110553,1.3513306746468996,51.201741462327604,1.3513306746468996,11.14755338752397,-7.199284389390763,1,289.0,0.00046733394265174866,428.0,0.0016723329899832606,430.0,0.005720457993447781,449.0,27.760890166973695,False,441.0,0.04881329194176942,449.0,0,0
barabasi_albert,200,3,591,200,591,0.029698492462311557,5.91,43,3,5.178986387315572,0.08646958633901891,5,2.9302010050251255,1.3335582827812114,44.18882292833702,1.3335582827812114,10.47546994417452,-6.999889277386771,1,308.0,0.00043458398431539536,437.0,0.001976707950234413,451.0,0.007283375016413629,460.0,30.92114699992817,False,438.0,0.04723499994724989,460.0,0,0
barabasi_albert,200,4,591,200,591,0.029698492462311557,5.91,39,3,6.014307940237181,0.09333258491065638,5,2.807185929648241,1.3878641289050893,40.92848932586835,1.3878641289050893,10.871961958303096,-7.119906614894239,1,288.0,0.00042808393482118845,436.0,0.0025986250257119536,447.0,0.0069625419564545155,455.0,30.06380458397325,False,449.0,0.05132937501184642,455.0,0,0
barabasi_albert,200,5,591,200,591,0.029698492462311557,5.91,37,3,5.242318189503572,0.08486538089355404,5,2.8949748743718593,1.2029429734430004,38.31861141367705,1.2029429734430004,10.15397402642554,-6.678977108349878,1,294.0,0.0004625410074368119,428.0,0.0020901670213788748,436.0,0.006228125072084367,452.0,30.590220207930543,False,436.0,0.05095970805268735,452.0,0,0
barabasi_albert,200,6,591,200,591,0.029698492462311557,5.91,46,3,5.417739380959553,0.10113289215489829,5,2.8823618090452263,1.2751734111271789,47.177200119954364,1.2751734111271789,10.504708601657448,-6.91313956620607,1,293.0,0.00044295797124505043,417.0,0.002098917029798031,440.0,0.00613175006583333,449.0,28.1861712919781,False,438.0,0.04166562494356185,449.0,0,0
barabasi_albert,200,7,591,200,591,0.029698492462311557,5.91,40,3,5.3676717485330645,0.10045194936129867,5,2.885628140703518,1.3293559074386683,41.33231757835298,1.3293559074386683,10.432125974254763,-6.432642173532603,1,306.0,0.0004284169990569353,432.0,0.0019665840081870556,430.0,0.005135665996931493,451.0,23.14420629106462,False,442.0,0.039054458029568195,451.0,0,0
barabasi_albert,200,8,591,200,591,0.029698492462311557,5.91,38,3,5.3133699287740175,0.09728504041142172,5,2.8906532663316584,1.3293271150152048,39.57856198516795,1.3293271150152048,10.298827611957726,-6.772578807920066,1,295.0,0.00036512501537799835,430.0,0.001902792020700872,431.0,0.004904541070573032,451.0,18.325574125046842,False,451.0,0.038564042071811855,451.0,0,1
barabasi_albert,200,9,591,200,591,0.029698492462311557,5.91,39,3,5.2385016941869935,0.08649720122117925,5,2.909849246231156,1.3170384672325628,40.278435593676036,1.3170384672325628,10.281945970184093,-6.588986229712244,1,321.0,0.0003643749514594674,424.0,0.0017882500542327762,442.0,0.005041999975219369,449.0,23.084969000075944,False,444.0,0.03903416602406651,449.0,0,0
barabasi_albert,200,10,591,200,591,0.029698492462311557,5.91,34,3,5.105085699574494,0.09449676276667456,5,2.9203015075376886,1.313561755720209,35.55297602559982,1.313561755720209,10.235369028824653,-6.439349062994124,1,290.0,0.00037337501998990774,429.0,0.0022861670004203916,454.0,0.004996208939701319,456.0,24.257379042101093,False,449.0,0.04124975006561726,456.0,0,0
barabasi_albert,200,11,591,200,591,0.029698492462311557,5.91,52,3,5.839683210585999,0.12105658287654436,5,2.8608040201005025,1.2856155162583482,53.141945101768364,1.2856155162583482,11.028694949076794,-7.004128312006594,1,305.0,0.0003488330403342843,423.0,0.0018231250578537583,425.0,0.004526540986262262,452.0,22.78261129092425,False,431.0,0.03743620798923075,452.0,0,0
barabasi_albert,200,12,591,200,591,0.029698492462311557,5.91,30,3,4.6831506488687715,0.08873363230278523,5,2.972462311557789,1.3047015636082846,31.56141827260971,1.3047015636082846,9.988862760025782,-6.1281695367111375,1,291.0,0.00036087504122406244,435.0,0.002150834072381258,433.0,0.004514583037234843,451.0,23.19962620793376,False,440.0,0.03912712505552918,451.0,0,0
barabasi_albert,200,13,591,200,591,0.029698492462311557,5.91,42,3,5.448109763945657,0.07794988630949386,5,2.8787437185929647,1.2529991202345474,43.24601369628681,1.2529991202345474,10.511977725200612,-6.8082306461025075,1,276.0,0.00036100007127970457,428.0,0.0015107919462025166,434.0,0.00473108293954283,449.0,21.94524549995549,False,424.0,0.036564292036928236,449.0,0,0
barabasi_albert,200,14,591,200,591,0.029698492462311557,5.91,45,3,5.3546148320864315,0.07625925739852789,5,2.885678391959799,1.3138179633421616,46.164075740394466,1.3138179633421616,10.371895005807897,-6.827421157482794,1,326.0,0.0003595419693738222,424.0,0.0016172080067917705,442.0,0.00442941696383059,456.0,22.990425083087757,False,441.0,0.03780745796393603,456.0,0,0
barabasi_albert,200,15,591,200,591,0.029698492462311557,5.91,55,3,5.5974905091478275,0.10396277529087125,5,2.864321608040201,1.3136878578940134,56.10593612965643,1.3136878578940134,10.624734836312733,-7.310218322524876,1,297.0,0.0003652919549494982,443.0,0.0017234999686479568,433.0,0.00447220797650516,447.0,19.76348824996967,False,452.0,0.03990445798262954,447.0,1,0
barabasi_albert,200,16,591,200,591,0.029698492462311557,5.91,35,3,5.0251268640702,0.07651555489287687,5,2.924572864321608,1.2967256998521481,36.597123559831985,1.2967256998521481,10.035445873712916,-6.509257534879676,1,282.0,0.00037420797161757946,424.0,0.0019277500687167048,441.0,0.004810250014998019,453.0,23.809492207947187,False,442.0,0.03882320795673877,453.0,0,0
barabasi_albert,200,17,591,200,591,0.029698492462311557,5.91,36,3,5.577804227471596,0.10042673911267533,5,2.851105527638191,1.2959598739979707,37.38751683046835,1.2959598739979707,10.332610252138576,-6.8326867707775705,1,309.0,0.0003404170274734497,430.0,0.0014591669896617532,440.0,0.00518774997908622,449.0,23.619966250029393,False,436.0,0.03838129190262407,449.0,0,0
barabasi_albert,200,18,591,200,591,0.029698492462311557,5.91,47,1,5.60195501588508,0.10456956093768012,5,2.884572864321608,0.9622330277373721,48.19645608963768,0.9622330277373721,10.88286032234668,-6.904188556713125,1,297.0,0.0003133330028504133,430.0,0.0017390419961884618,443.0,0.004432625020854175,449.0,23.70460487494711,False,437.0,0.03738999995402992,449.0,0,0
barabasi_albert,200,19,591,200,591,0.029698492462311557,5.91,49,3,5.6693826824443585,0.10030256261983758,5,2.8558793969849248,1.3612111906476,50.143303649635044,1.3612111906476,10.602649751771505,-7.288150517298918,1,297.0,0.00032408302649855614,424.0,0.0017223339527845383,449.0,0.005150542012415826,464.0,24.38602879201062,False,456.0,0.03877158393152058,464.0,0,0
barabasi_albert,200,20,591,200,591,0.029698492462311557,5.91,44,3,5.593916338308968,0.09639941421627468,5,2.8647738693467337,1.251603190796215,45.222901426956916,1.251603190796215,10.605271819224118,-6.598646380001883,1,282.0,0.0003503750776872039,440.0,0.001913374988362193,436.0,0.004486790974624455,453.0,22.881086125038564,False,444.0,0.036624499945901334,453.0,0,0
barabasi_albert,200,21,591,200,591,0.029698492462311557,5.91,45,3,5.2260788359916654,0.07709159522716193,5,2.9045226130653266,1.3199940417957472,46.19685842846269,1.3199940417957472,10.36590669945091,-6.648766989518846,1,301.0,0.00032529199961572886,437.0,0.0016110839787870646,431.0,0.005137542029842734,451.0,19.128315791953355,False,433.0,0.03784574999008328,451.0,0,0
barabasi_albert,200,22,591,200,591,0.029698492462311557,5.91,56,3,6.202572047143024,0.12189103953516217,5,2.8119095477386935,1.390710250890369,57.205398892928194,1.390710250890369,11.167037750104218,-7.642471728983337,1,295.0,0.0003190410789102316,434.0,0.0017857919447124004,434.0,0.004470458021387458,453.0,22.735256167012267,False,435.0,0.045281958067789674,453.0,0,0
barabasi_albert,200,23,591,200,591,0.029698492462311557,5.91,45,3,5.69841205951272,0.10481098571070956,5,2.8577386934673368,1.337624438323405,46.184209975624704,1.337624438323405,10.644404016858235,-6.674545542958782,1,298.0,0.0004117910284548998,420.0,0.002401708043180406,441.0,0.004699000041000545,456.0,23.68475220806431,False,436.0,0.036636458011344075,456.0,0,0
barabasi_albert,200,24,591,200,591,0.029698492462311557,5.91,46,3,6.041680229869834,0.12233789560784664,5,2.8416582914572865,1.2400242760056055,47.26840386512747,1.2400242760056055,11.02070759521942,-6.903204350108332,1,292.0,0.000330084003508091,444.0,0.0021428329637274146,446.0,0.004923999891616404,447.0,23.59323608397972,False,432.0,0.045685708057135344,447.0,0,0
barabasi_albert,200,25,591,200,591,0.029698492462311557,5.91,47,3,5.56973069366913,0.09596699567807475,5,2.8603015075376885,1.333747514408483,48.162893343385534,1.333747514408483,10.469324570974575,-7.088132259371772,1,295.0,0.0003998330794274807,429.0,0.0019394999835640192,441.0,0.005178999970667064,450.0,25.425216584000736,False,438.0,0.03795395907945931,450.0,0,0
barabasi_albert,200,26,591,200,591,0.029698492462311557,5.91,48,1,5.532802183342542,0.0879284385950259,5,2.8665829145728643,0.9558879954416043,49.153520882862765,0.9558879954416043,10.670227621104896,-6.976582748416888,1,281.0,0.00038362503983080387,426.0,0.0025066660018637776,437.0,0.005034541944041848,454.0,24.282896999968216,False,439.0,0.03745008399710059,454.0,0,0
barabasi_albert,200,27,591,200,591,0.029698492462311557,5.91,56,3,5.803610944920413,0.09901491274177034,5,2.8528140703517586,1.3046347154953077,57.1090352031419,1.3046347154953077,10.885279042339096,-7.4661934779129915,1,296.0,0.00037341692950576544,427.0,0.001799291931092739,434.0,0.005122000002302229,452.0,25.46704341704026,False,439.0,0.03848045808263123,452.0,0,0
barabasi_albert,200,28,591,200,591,0.029698492462311557,5.91,51,2,6.114891658893067,0.12637315981320793,5,2.807638190954774,1.3540107825072678,52.16615305576537,1.3540107825072678,11.239856765418171,-7.3388695650635025,1,313.0,0.00038700003642588854,424.0,0.002166665974073112,438.0,0.004755708039738238,455.0,20.59106516605243,False,438.0,0.037121917004697025,455.0,0,0
barabasi_albert,200,29,591,200,591,0.029698492462311557,5.91,46,3,5.725548008706242,0.09952695211477414,5,2.851457286432161,1.3031481965912972,47.24391750551166,1.3031481965912972,10.785318608841205,-7.108943975478651,1,292.0,0.0003607081016525626,431.0,0.0025621249806135893,434.0,0.0051802919479086995,448.0,23.379419832956046,False,433.0,0.03737899998668581,448.0,0,0
watts_strogatz,20,0,60,20,60,0.3157894736842105,6.0,7,5,0.4472135954999579,0.5599999999999999,4,2.0,1.3531826633994037,8.938252646302011,1.3531826633994037,6.055016726476344,-2.7197414019296486,1,31.0,0.00018399988766759634,38.0,0.0002663329942151904,40.0,0.00039495795499533415,42.0,0.00878091691993177,False,42.0,0.020385083043947816,42.0,0,1
watts_strogatz,20,1,60,20,60,0.3157894736842105,6.0,7,5,0.4472135954999579,0.5428571428571429,4,1.9842105263157894,1.3296779253354902,9.249167904402618,1.3296779253354902,6.043451910744479,-3.0316691879004294,1,27.0,0.00013454200234264135,38.0,0.0001960420049726963,41.0,0.0003089169040322304,41.0,0.008847333956509829,False,41.0,0.020461666979826987,41.0,0,1
watts_strogatz,20,2,60,20,60,0.3157894736842105,6.0,7,5,0.5477225575051661,0.46309523809523806,3,1.894736842105263,1.5688612512887257,9.45948975756592,1.5688612512887257,6.05877206971868,-3.1300161428681004,1,28.0,0.00013429089449346066,39.0,0.0002257500309497118,41.0,0.0002809999277815223,42.0,0.00897629198152572,False,42.0,0.020980000030249357,42.0,0,1
watts_strogatz,20,3,60,20,60,0.3157894736842105,6.0,7,5,0.5477225575051661,0.5657142857142856,4,2.031578947368421,1.1051881032556672,9.423644724206401,1.1051881032556672,6.076861004284546,-2.943362998884071,1,30.0,0.0001389170065522194,36.0,0.00019208400044590235,41.0,0.0002863339614123106,41.0,0.008194083929993212,False,41.0,0.022056667017750442,41.0,0,1
watts_strogatz,20,4,60,20,60,0.3157894736842105,6.0,10,4,1.2649110640673518,0.5057936507936508,4,1.8842105263157896,1.5610554689475915,11.428552748136271,1.5610554689475915,6.310648186943729,-3.088005982865104,1,33.0,0.00015162501949816942,42.0,0.00021729199215769768,41.0,0.00040625000838190317,42.0,0.008754750015214086,False,42.0,0.018161582993343472,42.0,0,1
watts_strogatz,20,5,60,20,60,0.3157894736842105,6.0,8,4,0.9486832980505138,0.49869047619047613,4,1.9473684210526316,1.2093836800203859,10.016261156927019,1.2093836800203859,6.2065762396313096,-3.359689833706568,1,31.0,0.00014804198872298002,38.0,0.00021175004076212645,42.0,0.0003510829992592335,43.0,0.01363058399874717,False,43.0,0.020923250005580485,43.0,0,1
watts_strogatz,20,6,60,20,60,0.3157894736842105,6.0,7,5,0.7071067811865476,0.4238095238095238,3,1.831578947368421,1.6697677402978996,9.36679425605607,1.6697677402978996,6.090803720238373,-3.1663118723854087,1,35.0,0.0001337910071015358,40.0,0.00019087502732872963,41.0,0.00031283299904316664,43.0,0.00850895803887397,False,42.0,0.020608084043487906,43.0,0,0
watts_strogatz,20,7,60,20,60,0.3157894736842105,6.0,8,4,0.8944271909999159,0.5088095238095238,4,1.9210526315789473,1.3441515014511274,9.879857059639527,1.3441515014511274,6.15096113627178,-2.9932803053987085,1,32.0,0.00012987502850592136,38.0,0.00019158294890075922,39.0,0.0003185420064255595,41.0,0.008097624988295138,False,41.0,0.020526832900941372,41.0,0,1
watts_strogatz,20,8,60,20,60,0.3157894736842105,6.0,7,5,0.5477225575051661,0.48857142857142855,4,1.9421052631578948,1.5759238564167177,9.552948978389129,1.5759238564167177,6.0710828158788015,-3.2875385650204976,1,36.0,0.00013420905452221632,39.0,0.00019149994477629662,44.0,0.0002844170667231083,44.0,0.008142958045937121,False,44.0,0.02035462495405227,44.0,0,1
watts_strogatz,20,9,60,20,60,0.3157894736842105,6.0,7,5,0.5477225575051661,0.535952380952381,4,1.9842105263157894,1.3289639678574798,9.465220333822982,1.3289639678574798,6.048435929559895,-3.179309845668491,1,27.0,0.00013066595420241356,40.0,0.00022312498185783625,41.0,0.0003125419607385993,43.0,0.008327791932970285,False,42.0,0.020497457939200103,43.0,0,0
watts_strogatz,20,10,60,20,60,0.3157894736842105,6.0,7,5,0.7071067811865476,0.4564285714285714,3,1.8736842105263158,1.551075019805085,9.618660275056722,1.551075019805085,6.112173419854734,-3.070674495541166,1,20.0,0.00012999994214624166,39.0,0.0002246249932795763,41.0,0.0003165000816807151,42.0,0.007879791082814336,False,42.0,0.02364283404313028,42.0,0,1
watts_strogatz,20,11,60,20,60,0.3157894736842105,6.0,7,5,0.7071067811865476,0.5159523809523809,4,1.936842105263158,1.3904993027443733,9.251228963460395,1.3904993027443733,6.1151636514438295,-2.9635215464368656,1,29.0,0.00013233302161097527,40.0,0.0002580409636721015,41.0,0.0003240410005673766,42.0,0.00792262505274266,False,42.0,0.02211204101331532,42.0,0,1
watts_strogatz,20,12,60,20,60,0.3157894736842105,6.0,9,4,1.224744871391589,0.47873015873015873,3,1.8736842105263158,1.3355587516042717,10.519483662225749,1.3355587516042717,6.217066611092256,-3.2295719073696865,1,26.0,0.00013375002890825272,41.0,0.00022279098629951477,41.0,0.0003179169725626707,43.0,0.007819875027053058,False,43.0,0.02328679198399186,43.0,0,1
watts_strogatz,20,13,60,20,60,0.3157894736842105,6.0,8,4,0.7745966692414834,0.4901190476190476,4,1.9157894736842105,1.44950141853822,9.986907190852081,1.44950141853822,6.1002237121801155,-3.1912428884693353,1,31.0,0.0001319169532507658,38.0,0.0001912500010803342,42.0,0.000313374912366271,42.0,0.008274708990938962,False,42.0,0.025733540998771787,42.0,0,1
watts_strogatz,20,14,60,20,60,0.3157894736842105,6.0,7,4,0.9486832980505138,0.45785714285714285,3,1.868421052631579,1.4294760577085672,9.504137103604778,1.4294760577085672,6.160097618407573,-3.176884910582116,1,30.0,0.00013587495777755976,42.0,0.0002350409049540758,42.0,0.0002941669663414359,42.0,0.008661125088110566,False,42.0,0.0221939169568941,42.0,0,1
watts_strogatz,20,15,60,20,60,0.3157894736842105,6.0,8,4,0.7745966692414834,0.4913095238095238,4,1.9157894736842105,1.438727919487665,9.986653622640345,1.438727919487665,6.099437138458611,-3.290397214656729,1,29.0,0.00013212510384619236,39.0,0.0002280831104144454,42.0,0.00032008299604058266,43.0,0.008000625064596534,False,42.0,0.024481625063344836,43.0,0,0
watts_strogatz,20,16,60,20,60,0.3157894736842105,6.0,7,5,0.5477225575051661,0.5173809523809524,3,1.9105263157894736,1.5536615749586093,9.151396700102175,1.5536615749586093,6.067794235084789,-3.031769745191904,1,33.0,0.00013145897537469864,41.0,0.0001913330052047968,41.0,0.0002894579665735364,42.0,0.00803658296354115,False,41.0,0.021865832968614995,42.0,0,0
watts_strogatz,20,17,60,20,60,0.3157894736842105,6.0,8,4,0.9486832980505138,0.5208333333333333,4,1.9263157894736842,1.3245108700786141,9.79274093893576,1.3245108700786141,6.196233140772593,-2.886478514251505,1,33.0,0.00015637499745935202,38.0,0.0001909160055220127,40.0,0.0003185420064255595,42.0,0.008091333089396358,False,41.0,0.02495216706302017,42.0,0,0
watts_strogatz,20,18,60,20,60,0.3157894736842105,6.0,8,5,0.7071067811865476,0.516904761904762,4,1.9578947368421054,1.2191852363405362,9.959494456340764,1.2191852363405362,6.107282376129808,-3.1801681067902683,1,24.0,0.00012758304364979267,39.0,0.00019091705325990915,41.0,0.0003120409091934562,42.0,0.008072291035205126,False,41.0,0.024611958069726825,42.0,0,0
watts_strogatz,20,19,60,20,60,0.3157894736842105,6.0,7,5,0.7071067811865476,0.47071428571428575,4,1.8894736842105264,1.5930701564558027,9.56842739107898,1.5930701564558027,6.079034999972904,-3.2522330597873848,1,28.0,0.0001289999345317483,40.0,0.00022370798978954554,43.0,0.0003178749466314912,43.0,0.007861083024181426,False,43.0,0.023434208007529378,43.0,0,1
watts_strogatz,20,20,60,20,60,0.3157894736842105,6.0,7,5,0.5477225575051661,0.4883333333333333,3,1.9157894736842105,1.5554790460503476,9.24883680398056,1.5554790460503476,6.064538842926288,-2.8598580906485482,1,19.0,0.0001277499832212925,40.0,0.00022445793729275465,43.0,0.0003168330295011401,43.0,0.00787058298010379,False,43.0,0.02303316700272262,43.0,0,1
watts_strogatz,20,21,60,20,60,0.3157894736842105,6.0,8,5,0.6324555320336759,0.5002380952380953,4,1.9473684210526316,1.44765552752316,9.711671226705725,1.44765552752316,6.070591633325935,-2.867729040246427,1,33.0,0.0001332910032942891,40.0,0.00019166700076311827,39.0,0.00031925004441291094,42.0,0.00796054198872298,False,42.0,0.02547154203057289,42.0,0,1
watts_strogatz,20,22,60,20,60,0.3157894736842105,6.0,9,4,1.0,0.4851190476190476,4,1.9157894736842105,1.2508712795427264,10.375885466504352,1.2508712795427264,6.206857825919512,-3.159670842842091,1,29.0,0.0001302079763263464,42.0,0.00022341706790030003,39.0,0.00031579204369336367,42.0,0.007796707912348211,False,39.0,0.02498966606799513,42.0,0,0
watts_strogatz,20,23,60,20,60,0.3157894736842105,6.0,7,4,0.7745966692414834,0.46119047619047615,3,1.8894736842105264,1.5031022964720857,9.825566228255813,1.5031022964720857,6.109759788545116,-3.327554676680996,1,32.0,0.00013458298053592443,42.0,0.00023304205387830734,42.0,0.0003317079972475767,42.0,0.010735415969975293,False,42.0,0.021092959097586572,42.0,0,1
watts_strogatz,20,24,60,20,60,0.3157894736842105,6.0,7,5,0.5477225575051661,0.5085714285714286,3,1.936842105263158,1.5244302799821752,9.329232724268051,1.5244302799821752,6.056013787507548,-3.1543618676503016,1,32.0,0.00012987502850592136,40.0,0.00022149994038045406,41.0,0.0003150409320369363,42.0,0.007983040995895863,False,42.0,0.021186499972827733,42.0,0,1
watts_strogatz,20,25,60,20,60,0.3157894736842105,6.0,8,4,1.0,0.49309523809523814,3,1.9157894736842105,1.6004667289727537,9.775624115217953,1.6004667289727537,6.191686148550823,-3.019176603292761,1,30.0,0.0001336249988526106,40.0,0.000222250004298985,40.0,0.0003137500025331974,42.0,0.007722166017629206,False,41.0,0.02409745892509818,42.0,0,0
watts_strogatz,20,26,60,20,60,0.3157894736842105,6.0,7,5,0.5477225575051661,0.5492857142857143,3,1.9684210526315788,1.3894542099554748,9.39986877360571,1.3894542099554748,6.051032250799733,-3.0240074851917953,1,31.0,0.00013004103675484657,41.0,0.0001890829298645258,40.0,0.00031354196835309267,43.0,0.007930666906759143,False,43.0,0.023704708088189363,43.0,0,1
watts_strogatz,20,27,60,20,60,0.3157894736842105,6.0,7,5,0.31622776601683794,0.5895238095238095,4,2.0736842105263156,1.2500102983573755,8.84477318296814,1.2500102983573755,6.024074195357944,-2.672904257866084,1,25.0,0.00012904196046292782,37.0,0.0001888750120997429,39.0,0.00031512498389929533,41.0,0.008310250006616116,False,39.0,0.02386391698382795,41.0,0,0
watts_strogatz,20,28,60,20,60,0.3157894736842105,6.0,7,4,0.7071067811865476,0.484047619047619,3,1.9210526315789473,1.5184974829810989,9.626027649827204,1.5184974829810989,6.114978790664495,-3.3124615002304503,1,32.0,0.00012974999845027924,38.0,0.00018933298997581005,42.0,0.0002830410376191139,42.0,0.007977540954016149,False,42.0,0.020374624989926815,42.0,0,1
watts_strogatz,20,29,60,20,60,0.3157894736842105,6.0,7,5,0.7071067811865476,0.4807142857142857,3,1.936842105263158,1.432408010313393,9.748689530140453,1.432408010313393,6.155777613284268,-3.336887862923928,1,28.0,0.00013391696847975254,42.0,0.0002907499438151717,43.0,0.0002858750522136688,43.0,0.008107124944217503,False,43.0,0.02098254195880145,43.0,0,1
watts_strogatz,50,0,150,50,150,0.12244897959183673,6.0,7,5,0.4472135954999579,0.5301904761904762,6,3.284081632653061,0.31823515562056215,9.499449640774237,0.31823515562056215,6.069752207073301,-3.1904312695654657,1,81.0,0.0001635829685255885,97.0,0.00031420798040926456,102.0,0.0006560839246958494,106.0,0.06927812506910414,False,103.0,0.022653582971543074,106.0,0,0
watts_strogatz,50,1,150,50,150,0.12244897959183673,6.0,8,5,0.6633249580710799,0.5156190476190476,6,3.023673469387755,0.39213957479082406,10.176853642664664,0.39213957479082406,6.116244937912109,-3.314521028250035,1,75.0,0.0001829169923439622,94.0,0.00045329099521040916,104.0,0.00076954101677984,105.0,0.05393429205287248,False,104.0,0.021101708058267832,105.0,0,0
watts_strogatz,50,2,150,50,150,0.12244897959183673,6.0,8,4,0.8246211251235321,0.46352380952380956,5,2.786122448979592,0.49643852268096555,10.231052813979021,0.49643852268096555,6.142868884411616,-3.4590883904735823,1,73.0,0.00017458305228501558,104.0,0.00043337501119822264,108.0,0.0006834169616922736,108.0,0.0713737920159474,False,107.0,0.021229707985185087,108.0,0,0
watts_strogatz,50,3,150,50,150,0.12244897959183673,6.0,8,3,0.8,0.48452380952380947,6,2.975510204081633,0.46843499065754735,9.953976925157727,0.46843499065754735,6.134223770124903,-3.2020504567806505,1,85.0,0.00017666700296103954,98.0,0.0004278330598026514,102.0,0.0007779579609632492,104.0,0.05424287496134639,False,100.0,0.02096074994187802,104.0,0,0
watts_strogatz,50,4,150,50,150,0.12244897959183673,6.0,10,4,1.0583005244258363,0.4306507936507936,5,2.6783673469387757,0.7139412945883916,11.722566175102799,0.7139412945883916,6.23729251407754,-3.6132438856504283,1,72.0,0.00016716704703867435,101.0,0.00047137506771832705,106.0,0.0007955839391797781,109.0,0.06613404199015349,False,107.0,0.02106841595377773,109.0,0,0
watts_strogatz,50,5,150,50,150,0.12244897959183673,6.0,8,5,0.6928203230275509,0.44085714285714284,5,2.8146938775510204,0.6503643429392072,10.071730552122451,0.6503643429392072,6.081688156433713,-3.598590519787992,1,80.0,0.0001621670089662075,95.0,0.00032670795917510986,108.0,0.0006959160091355443,108.0,0.052758832927793264,False,109.0,0.020724541042000055,108.0,1,0
watts_strogatz,50,6,150,50,150,0.12244897959183673,6.0,8,4,0.7483314773547883,0.4234761904761905,5,2.9355102040816328,0.5476105795759696,10.166427549617065,0.5476105795759696,6.169758116828004,-3.6765986732437095,1,68.0,0.00017387501429766417,103.0,0.0004402500344440341,106.0,0.00069650006480515,110.0,0.060572000104002655,False,108.0,0.02287541702389717,110.0,0,0
watts_strogatz,50,7,150,50,150,0.12244897959183673,6.0,7,5,0.4898979485566356,0.5134285714285715,6,3.0587755102040814,0.43524705368898114,9.489908801567665,0.43524705368898114,6.059154132810109,-3.109398252710148,1,76.0,0.00016616703942418098,96.0,0.00035212503280490637,99.0,0.0007093750173225999,103.0,0.05366270907688886,False,102.0,0.021750375046394765,103.0,0,0
watts_strogatz,50,8,150,50,150,0.12244897959183673,6.0,8,5,0.7483314773547883,0.4343333333333333,6,2.776326530612245,0.6261511849486734,10.120720522355038,0.6261511849486734,6.141048608878655,-3.411166853818373,1,76.0,0.00017424998804926872,99.0,0.0004256248939782381,106.0,0.0007944160606712103,109.0,0.05271066597197205,False,99.0,0.02439433301333338,109.0,0,0
watts_strogatz,50,9,150,50,150,0.12244897959183673,6.0,8,4,0.6928203230275509,0.5079047619047619,6,2.951020408163265,0.5011674574591205,10.023693945200586,0.5011674574591205,6.100791408749629,-3.1199906807025544,1,75.0,0.00017245800700038671,96.0,0.0003393329679965973,103.0,0.000692834029905498,104.0,0.05938866606447846,False,103.0,0.02265245805028826,104.0,0,0
watts_strogatz,50,10,150,50,150,0.12244897959183673,6.0,8,4,0.7745966692414834,0.47276190476190477,5,2.8816326530612244,0.4651394884782555,9.924445471494922,0.4651394884782555,6.129805127794769,-3.3148407251385787,1,66.0,0.0001728750066831708,103.0,0.00035149999894201756,103.0,0.0007154589984565973,106.0,0.07924708409700543,False,104.0,0.02341804199386388,106.0,0,0
watts_strogatz,50,11,150,50,150,0.12244897959183673,6.0,8,4,0.8246211251235321,0.4695238095238095,6,2.9183673469387754,0.5136375334936687,10.219632667022124,0.5136375334936687,6.138657415321775,-3.3735647804881994,1,71.0,0.0001729580108076334,97.0,0.000333750038407743,103.0,0.000814375001937151,106.0,0.05953308299649507,False,104.0,0.023864249931648374,106.0,0,0
watts_strogatz,50,12,150,50,150,0.12244897959183673,6.0,8,5,0.8944271909999159,0.38995238095238094,5,2.6579591836734693,0.7248314602668086,10.54752737826056,0.7248314602668086,6.215219995704969,-3.534976793293961,1,72.0,0.000171625055372715,106.0,0.0005105420714244246,106.0,0.0007012500427663326,109.0,0.04423858399968594,False,106.0,0.024083583964966238,109.0,0,0
watts_strogatz,50,13,150,50,150,0.12244897959183673,6.0,8,4,0.6928203230275509,0.5177142857142857,6,3.0873469387755104,0.3802729615735307,9.901142607022054,0.3802729615735307,6.116603483648625,-3.2228073627069267,1,71.0,0.00016829196829348803,93.0,0.0003333750646561384,105.0,0.0006942080799490213,105.0,0.05285433295648545,False,105.0,0.024398042005486786,105.0,0,1
watts_strogatz,50,14,150,50,150,0.12244897959183673,6.0,7,4,0.7483314773547883,0.4633333333333334,6,2.902857142857143,0.45983294144798204,9.96247158579954,0.45983294144798204,6.115229466832024,-3.5380169292886445,1,82.0,0.00016024999786168337,99.0,0.00039904098957777023,107.0,0.0006485830526798964,108.0,0.05179649998899549,False,108.0,0.025439374963752925,108.0,0,1
watts_strogatz,50,15,150,50,150,0.12244897959183673,6.0,7,5,0.6324555320336759,0.5082857142857143,6,3.1477551020408163,0.38089744116441937,9.984801387079255,0.38089744116441937,6.093870026771397,-3.4278020224641064,1,74.0,0.00017220794688910246,101.0,0.0004233329091221094,103.0,0.0006895000115036964,104.0,0.06323170801624656,False,104.0,0.02268275001551956,104.0,0,1
watts_strogatz,50,16,150,50,150,0.12244897959183673,6.0,8,5,0.6928203230275509,0.4908095238095238,7,2.984489795918367,0.37812946790963087,10.066125747980601,0.37812946790963087,6.113464078727902,-3.3602327509508636,1,87.0,0.00017816608306020498,100.0,0.00042520801071077585,104.0,0.0007327920757234097,106.0,0.060453707934357226,False,105.0,0.02228812500834465,106.0,0,0
watts_strogatz,50,17,150,50,150,0.12244897959183673,6.0,8,5,0.7211102550927979,0.45919047619047615,6,3.015510204081633,0.40606301648802323,10.044676324386172,0.40606301648802323,6.09495116553229,-3.49819627394327,1,80.0,0.00017179094720631838,101.0,0.0005205420311540365,106.0,0.0007298329146578908,107.0,0.06213412492070347,False,107.0,0.023102832958102226,107.0,0,1
watts_strogatz,50,18,150,50,150,0.12244897959183673,6.0,8,5,0.6928203230275509,0.46214285714285713,6,2.953469387755102,0.4885504020249093,10.088028188924387,0.4885504020249093,6.144932297164745,-3.4323110577033233,1,76.0,0.00017924990970641375,97.0,0.0005357909249141812,106.0,0.0007348330691456795,107.0,0.05356783396564424,False,106.0,0.023506790981628,107.0,0,0
watts_strogatz,50,19,150,50,150,0.12244897959183673,6.0,8,5,0.6633249580710799,0.4766666666666666,6,2.9820408163265304,0.450122429932724,10.138678998181918,0.450122429932724,6.099668160081646,-3.455103867377604,1,70.0,0.0001694579841569066,97.0,0.00033075001556426287,102.0,0.0006927089998498559,107.0,0.05339787492994219,False,104.0,0.0250841659726575,107.0,0,0
watts_strogatz,50,20,150,50,150,0.12244897959183673,6.0,8,4,0.8717797887081347,0.43990476190476185,5,2.8889795918367347,0.5909148533482699,10.077359405579488,0.5909148533482699,6.166228849183635,-3.291409262612358,1,77.0,0.00017812498845160007,95.0,0.0004226249875500798,104.0,0.0006876670522615314,106.0,0.05341508309356868,False,105.0,0.025368790957145393,106.0,0,0
watts_strogatz,50,21,150,50,150,0.12244897959183673,6.0,7,5,0.6,0.5136190476190476,7,3.1787755102040816,0.36849602012701843,9.623683441473736,0.36849602012701843,6.0999068934909095,-3.4338641834907775,1,87.0,0.0001855409936979413,103.0,0.0006333750206977129,106.0,0.0007405830547213554,107.0,0.12522441695909947,False,106.0,0.02824862499255687,107.0,0,0
watts_strogatz,50,22,150,50,150,0.12244897959183673,6.0,7,4,0.8,0.4492380952380952,6,2.9069387755102043,0.43076718328713137,9.854915350742838,0.43076718328713137,6.129052637570092,-3.3892547540236575,1,74.0,0.00016016606241464615,101.0,0.0004020839696750045,107.0,0.0006538750603795052,107.0,0.07655879098456353,False,107.0,0.023784957942552865,107.0,0,1
watts_strogatz,50,23,150,50,150,0.12244897959183673,6.0,7,4,0.6324555320336759,0.4483809523809523,6,2.8881632653061224,0.48564996516305076,10.015873860956678,0.48564996516305076,6.090022404513806,-3.7405245005505714,1,65.0,0.00016666692681610584,99.0,0.0004265829920768738,105.0,0.0006961670005694032,109.0,0.05205166607629508,False,109.0,0.023039584048092365,109.0,0,1
watts_strogatz,50,24,150,50,150,0.12244897959183673,6.0,7,5,0.565685424949238,0.502095238095238,6,2.9551020408163264,0.49336824088111064,9.398442869305539,0.49336824088111064,6.071919242323898,-3.2953250283468534,1,77.0,0.00017983303405344486,93.0,0.00035975000355392694,104.0,0.0009157499298453331,106.0,0.07844895799644291,False,103.0,0.023279541986994445,106.0,0,0
watts_strogatz,50,25,150,50,150,0.12244897959183673,6.0,8,5,0.6928203230275509,0.4638095238095238,6,2.994285714285714,0.48393234880988933,9.941585492189034,0.48393234880988933,6.113221949847933,-3.3259436978302985,1,75.0,0.00017166708130389452,103.0,0.0004241249989718199,105.0,0.0007631249027326703,109.0,0.057396250078454614,False,104.0,0.02307058300357312,109.0,0,0
watts_strogatz,50,26,150,50,150,0.12244897959183673,6.0,8,4,0.7483314773547883,0.4681428571428572,6,2.8212244897959184,0.5807683587194234,10.300595513306193,0.5807683587194234,6.1614382614526395,-3.461449795083186,1,84.0,0.00017741706687957048,100.0,0.00045370799489319324,103.0,0.0006994169671088457,106.0,0.05291404202580452,False,104.0,0.02558008406776935,106.0,0,0
watts_strogatz,50,27,150,50,150,0.12244897959183673,6.0,7,5,0.5291502622129182,0.5371428571428571,6,3.183673469387755,0.40835925514949467,9.57903524470945,0.40835925514949467,6.072394930961392,-3.1840661146823037,1,65.0,0.00017066695727407932,95.0,0.0005044590216130018,103.0,0.0006075829733163118,105.0,0.052504457999020815,False,101.0,0.026290958980098367,105.0,0,0
watts_strogatz,50,28,150,50,150,0.12244897959183673,6.0,8,4,0.7483314773547883,0.4460952380952381,5,2.7722448979591836,0.61004437441684,10.046748248983773,0.61004437441684,6.125456975885273,-3.3819104025794773,1,75.0,0.00015954195987433195,97.0,0.0003987089730799198,105.0,0.0007340000011026859,107.0,0.06894224998541176,False,107.0,0.02298158290795982,107.0,0,1
watts_strogatz,50,29,150,50,150,0.12244897959183673,6.0,8,4,0.7211102550927979,0.44152380952380954,5,2.746938775510204,0.570572775561349,9.89114419742815,0.570572775561349,6.112523988842576,-3.2471360541709964,1,61.0,0.00017479201778769493,99.0,0.0004409999819472432,100.0,0.0008038339437916875,107.0,0.052822208032011986,False,104.0,0.022351749939844012,107.0,0,0
watts_strogatz,100,0,300,100,300,0.06060606060606061,6.0,8,4,0.6164414002968976,0.5013095238095238,8,4.027676767676768,0.18215622037599094,10.07947031056018,0.18215622037599094,6.108713586941535,-3.366640533412976,1,156.0,0.00023274996783584356,199.0,0.0007839159807190299,208.0,0.0016669579781591892,212.0,5.654665749985725,False,209.0,0.028761915978975594,212.0,0,0
watts_strogatz,100,1,300,100,300,0.06060606060606061,6.0,8,4,0.7615773105863908,0.48180952380952374,7,3.7670707070707072,0.29089099750740555,10.116056451774378,0.29089099750740555,6.145236889299037,-3.301021670827061,1,147.0,0.00020345801021903753,200.0,0.0008863749681040645,208.0,0.0014222910394892097,212.0,0.4503857500385493,False,209.0,0.027559208101592958,212.0,0,0
watts_strogatz,100,2,300,100,300,0.06060606060606061,6.0,8,5,0.6782329983125268,0.4544047619047619,8,3.7896969696969696,0.26517305285269616,10.385150033675604,0.26517305285269616,6.10343830026966,-3.6106258285869677,1,149.0,0.00021483295131474733,193.0,0.0007191249169409275,204.0,0.0016068750992417336,213.0,5.58526979200542,False,211.0,0.028399250004440546,213.0,0,0
watts_strogatz,100,3,300,100,300,0.06060606060606061,6.0,8,4,0.7211102550927979,0.48202380952380947,7,3.7418181818181817,0.2914744838680392,10.744320054654894,0.2914744838680392,6.142946175874731,-3.6653810698666742,1,150.0,0.00020654092077165842,193.0,0.0007068330887705088,206.0,0.0016163330292329192,214.0,3.8258536669891328,False,213.0,0.029287500074133277,214.0,0,0
watts_strogatz,100,4,300,100,300,0.06060606060606061,6.0,9,4,0.8366600265340756,0.40423809523809523,6,3.4535353535353535,0.4017596390180385,10.885307892607802,0.4017596390180385,6.179827736406107,-3.851132051016248,1,147.0,0.00023312505800276995,205.0,0.0007854170398786664,217.0,0.0017657920252531767,217.0,0.34237170801497996,False,216.0,0.027655749931000173,217.0,0,0
watts_strogatz,100,5,300,100,300,0.06060606060606061,6.0,8,5,0.7483314773547883,0.4130952380952381,7,3.5347474747474745,0.3948069052899396,10.229790711468429,0.3948069052899396,6.124740640810171,-3.662407459527683,1,156.0,0.00022341706790030003,201.0,0.0007064159726724029,217.0,0.0016138339415192604,219.0,2.5105785409687087,False,213.0,0.029158457997255027,219.0,0,0
watts_strogatz,100,6,300,100,300,0.06060606060606061,6.0,8,4,0.7874007874011811,0.46245238095238095,7,3.7476767676767677,0.2877885696427079,10.635699957260524,0.2877885696427079,6.154868430635925,-3.4839943222235754,1,146.0,0.00023616605903953314,200.0,0.000866499962285161,206.0,0.0016116249607875943,216.0,5.537660000030883,False,210.0,0.02966841694433242,216.0,0,0
watts_strogatz,100,7,300,100,300,0.06060606060606061,6.0,8,4,0.6164414002968976,0.48757142857142854,8,3.958181818181818,0.1962916026423443,10.102658825213869,0.1962916026423443,6.177091724472278,-3.350361554797371,1,154.0,0.00021049997303634882,194.0,0.0007221249397844076,209.0,0.0015920830192044377,212.0,5.623973999987356,False,209.0,0.029280415968969464,212.0,0,0
watts_strogatz,100,8,300,100,300,0.06060606060606061,6.0,8,4,0.7348469228349535,0.4545952380952381,7,3.6846464646464647,0.32289967142715414,10.493684719920944,0.32289967142715414,6.111627997899369,-3.4494755810652316,1,147.0,0.00020783301442861557,196.0,0.0005599999567493796,209.0,0.0014414590550586581,211.0,0.5821442499291152,False,209.0,0.02785629197023809,211.0,0,0
watts_strogatz,100,9,300,100,300,0.06060606060606061,6.0,8,4,0.6164414002968976,0.4690714285714286,6,3.7395959595959596,0.3496355870305917,10.064915252412359,0.3496355870305917,6.133723171658957,-3.4092991682110285,1,146.0,0.00020308292005211115,199.0,0.0007247499888762832,208.0,0.0014331670245155692,212.0,4.841365667060018,False,214.0,0.029150665970519185,212.0,1,0
watts_strogatz,100,10,300,100,300,0.06060606060606061,6.0,8,4,0.7348469228349535,0.47338095238095235,8,3.7896969696969696,0.29679887244558584,10.629439582291525,0.29679887244558584,6.103078553198339,-3.540319759585165,1,138.0,0.00020700006280094385,187.0,0.0007236249512061477,203.0,0.0015636670868843794,211.0,5.625734166009352,False,205.0,0.030141792027279735,211.0,0,0
watts_strogatz,100,11,300,100,300,0.06060606060606061,6.0,8,4,0.8,0.4496428571428572,7,3.601818181818182,0.28054601000080914,10.236520223877433,0.28054601000080914,6.130641311939048,-3.4450092287554726,1,138.0,0.0002032080665230751,195.0,0.0007272500079125166,209.0,0.0016034169821068645,212.0,0.44583283399697393,False,210.0,0.028092707972973585,212.0,0,0
watts_strogatz,100,12,300,100,300,0.06060606060606061,6.0,9,4,0.7483314773547883,0.4415952380952381,7,3.6436363636363636,0.37892213278958253,10.818976026857557,0.37892213278958253,6.127291315104321,-3.621000588420816,1,156.0,0.00023291702382266521,193.0,0.0009605829836800694,214.0,0.001579499919898808,217.0,0.44814237498212606,False,213.0,0.026787790935486555,217.0,0,0
watts_strogatz,100,13,300,100,300,0.06060606060606061,6.0,8,4,0.7348469228349535,0.45507142857142857,6,3.5327272727272727,0.3883009608936121,10.368497619935457,0.3883009608936121,6.15160897005901,-3.569615248014044,1,139.0,0.00020608294289559126,202.0,0.00072825001552701,208.0,0.0014247499639168382,213.0,0.4739805000135675,False,210.0,0.02778316696640104,213.0,0,0
watts_strogatz,100,14,300,100,300,0.06060606060606061,6.0,9,4,0.848528137423857,0.4504920634920635,7,3.5894949494949495,0.34775106545985557,10.97792245156647,0.34775106545985557,6.186823990148633,-3.5776187418265586,1,154.0,0.00022383301984518766,197.0,0.0005336659960448742,211.0,0.001611917046830058,215.0,2.0577443341026083,False,213.0,0.029825042001903057,215.0,0,0
watts_strogatz,100,15,300,100,300,0.06060606060606061,6.0,8,4,0.7348469228349535,0.5001428571428571,8,3.8656565656565656,0.23612535929555967,10.023688939772486,0.23612535929555967,6.145502392516184,-3.320500273286403,1,147.0,0.00022912491112947464,195.0,0.000729665975086391,204.0,0.0014867919962853193,213.0,4.847116208053194,False,206.0,0.02970620896667242,213.0,0,0
watts_strogatz,100,16,300,100,300,0.06060606060606061,6.0,8,4,0.6324555320336759,0.48911904761904756,7,3.7195959595959596,0.2881635223211854,10.259733973334138,0.2881635223211854,6.109651742919984,-3.5756414492305058,1,154.0,0.00020716700237244368,197.0,0.0007215410005301237,210.0,0.0014304169453680515,213.0,1.4291921659605578,False,211.0,0.029013582970947027,213.0,0,0
watts_strogatz,100,17,300,100,300,0.06060606060606061,6.0,8,4,0.8,0.44942857142857146,7,3.6951515151515153,0.28131824566339303,10.069540736109394,0.28131824566339303,6.142825611401115,-3.5090757558305024,1,142.0,0.00020250002853572369,203.0,0.0007224170258268714,210.0,0.0014272500993683934,216.0,2.0307089580455795,False,212.0,0.029743041028268635,216.0,0,0
watts_strogatz,100,18,300,100,300,0.06060606060606061,6.0,8,3,0.7745966692414834,0.4867142857142857,8,3.797979797979798,0.26935039220268364,10.245054580690956,0.26935039220268364,6.125401503133975,-3.453275893177268,1,147.0,0.00023216695990413427,187.0,0.0006906669586896896,204.0,0.0014760000631213188,211.0,5.530018332996406,False,210.0,0.028861874947324395,211.0,0,0
watts_strogatz,100,19,300,100,300,0.06060606060606061,6.0,8,4,0.7874007874011811,0.45476190476190476,7,3.753939393939394,0.2582656163848053,10.518892242080515,0.2582656163848053,6.130937421051825,-3.4516990709253648,1,146.0,0.00023308303207159042,194.0,0.0005981669528409839,205.0,0.0015836670063436031,213.0,0.39446204202249646,False,204.0,0.02678916696459055,213.0,0,0
watts_strogatz,100,20,300,100,300,0.06060606060606061,6.0,8,4,0.7745966692414834,0.4212619047619047,7,3.5313131313131314,0.32972689449744264,10.317738235712053,0.32972689449744264,6.167244707358895,-3.7326992827796643,1,143.0,0.0002292500576004386,201.0,0.0007572920294478536,208.0,0.0016789999790489674,213.0,5.405978541006334,False,215.0,0.030046458006836474,213.0,1,0
watts_strogatz,100,21,300,100,300,0.06060606060606061,6.0,9,4,0.7745966692414834,0.46509523809523806,7,3.639393939393939,0.33448563621708566,10.85301664268818,0.33448563621708566,6.150221651870224,-3.443368065250856,1,160.0,0.00020991696510463953,196.0,0.0008851250167936087,204.0,0.0014361250214278698,210.0,0.5521935410797596,False,204.0,0.026779499952681363,210.0,0,0
watts_strogatz,100,22,300,100,300,0.06060606060606061,6.0,7,4,0.648074069840786,0.431952380952381,7,3.7066666666666666,0.2832038782314362,10.12757916363615,0.2832038782314362,6.151492641222084,-3.7192974136170807,1,145.0,0.00021104200277477503,203.0,0.0008880000095814466,205.0,0.0014380000066012144,213.0,0.3592205410823226,False,208.0,0.02691283298190683,213.0,0,0
watts_strogatz,100,23,300,100,300,0.06060606060606061,6.0,8,4,0.7071067811865476,0.47419047619047616,7,3.694141414141414,0.3385757300440333,10.493921560684377,0.3385757300440333,6.135704376040494,-3.4857458892629136,1,149.0,0.00022799998987466097,191.0,0.0006999579491093755,206.0,0.001619374961592257,214.0,4.28615758405067,False,210.0,0.027755916002206504,214.0,0,0
watts_strogatz,100,24,300,100,300,0.06060606060606061,6.0,8,4,0.6928203230275509,0.49409523809523814,8,3.932121212121212,0.25030770821866233,10.047823106651972,0.25030770821866233,6.127223924350913,-3.3797402800420207,1,147.0,0.00023087498266249895,189.0,0.0009617500472813845,207.0,0.001762624946422875,209.0,0.537343707983382,False,202.0,0.026572459028102458,209.0,0,0
watts_strogatz,100,25,300,100,300,0.06060606060606061,6.0,8,3,0.8602325267042626,0.4691428571428571,7,3.7151515151515153,0.26267321495796525,10.473850651735422,0.26267321495796525,6.238197407034261,-3.36621941945935,1,157.0,0.00023208290804177523,200.0,0.0007839159807190299,207.0,0.0017568339826539159,214.0,0.4242956249509007,False,206.0,0.02752279199194163,214.0,0,0
watts_strogatz,100,26,300,100,300,0.06060606060606061,6.0,8,4,0.7071067811865476,0.4786190476190476,8,3.8646464646464644,0.26322437111961794,10.17843040217048,0.26322437111961794,6.128542864784328,-3.3148343387195323,1,159.0,0.00023150001652538776,193.0,0.0007760829757899046,205.0,0.0015811669873073697,213.0,1.4303520419634879,False,206.0,0.028247207985259593,213.0,0,0
watts_strogatz,100,27,300,100,300,0.06060606060606061,6.0,8,4,0.7071067811865476,0.48516666666666663,7,3.697171717171717,0.3123356946313768,10.057706448306572,0.3123356946313768,6.115232042644802,-3.377891571726097,1,149.0,0.0002359580248594284,199.0,0.0007747500203549862,208.0,0.0015826659509912133,213.0,0.36881849996279925,False,210.0,0.027826125035062432,213.0,0,0
watts_strogatz,100,28,300,100,300,0.06060606060606061,6.0,8,3,0.8831760866327847,0.44166666666666665,7,3.557979797979798,0.39094566496264715,10.330767059819875,0.39094566496264715,6.1792107800874385,-3.4781374304152046,1,150.0,0.0002122080186381936,199.0,0.0007198329549282789,207.0,0.0016110000433400273,212.0,0.4974860419752076,False,210.0,0.027510082931257784,212.0,0,0
watts_strogatz,100,29,300,100,300,0.06060606060606061,6.0,9,5,0.7745966692414834,0.43703968253968256,7,3.523030303030303,0.417050158552123,10.998493084053642,0.417050158552123,6.142987706566529,-3.7505992543801088,1,129.0,0.0002335000317543745,200.0,0.0010132499737665057,211.0,0.0018337080255150795,215.0,4.404677249956876,False,214.0,0.03065895801410079,215.0,0,0
watts_strogatz,200,0,600,200,600,0.03015075376884422,6.0,8,3,0.7211102550927979,0.4807857142857143,9,4.631005025125628,0.21454885973631072,10.405030075100838,0.21454885973631072,6.171812378353573,-3.396091337303515,1,301.0,0.00030375004280358553,392.0,0.0013025000225752592,417.0,0.004173750057816505,424.0,22.369844041997567,False,413.0,0.037690666038542986,424.0,0,0
watts_strogatz,200,1,600,200,600,0.03015075376884422,6.0,8,4,0.7071067811865476,0.4537023809523809,10,4.532361809045226,0.21007028631971753,10.776139588404526,0.21007028631971753,6.129702649501586,-3.671958698622509,1,286.0,0.0003539170138537884,403.0,0.0016544159734621644,412.0,0.00461408297996968,422.0,21.824010750046,False,420.0,0.03578654199372977,422.0,0,0
watts_strogatz,200,2,600,200,600,0.03015075376884422,6.0,8,4,0.7071067811865476,0.45846428571428566,9,4.543165829145729,0.2011839919186085,10.68447016005321,0.2011839919186085,6.157828186474406,-3.630433505097678,1,288.0,0.0003715419443324208,401.0,0.001465542009100318,414.0,0.005049417028203607,425.0,21.398836332955398,False,414.0,0.035532584064640105,425.0,0,0
watts_strogatz,200,3,600,200,600,0.03015075376884422,6.0,9,4,0.7,0.46417063492063493,8,4.426281407035176,0.26536252759250134,10.755909883810661,0.26536252759250134,6.120968008193501,-3.5142129038008023,1,297.0,0.0003473750548437238,396.0,0.0017860829830169678,415.0,0.005055290996097028,430.0,24.306912582949735,False,411.0,0.037589000072330236,430.0,0,0
watts_strogatz,200,4,600,200,600,0.03015075376884422,6.0,9,4,0.7681145747868608,0.43322222222222223,8,4.325477386934673,0.26744851855636265,11.037230579615747,0.26744851855636265,6.1268785923198,-3.7104006520565154,1,302.0,0.00032670795917510986,397.0,0.0012890000361949205,421.0,0.004640165949240327,424.0,23.454034583992325,False,422.0,0.03728162497282028,424.0,0,0
watts_strogatz,200,5,600,200,600,0.03015075376884422,6.0,8,4,0.7615773105863908,0.4453928571428571,8,4.360452261306532,0.272527426539584,10.64620136654338,0.272527426539584,6.137754057258176,-3.715869022583327,1,296.0,0.0003136249724775553,396.0,0.001279250020161271,417.0,0.004266667063347995,427.0,23.85144537501037,False,411.0,0.03710770909674466,427.0,0,0
watts_strogatz,200,6,600,200,600,0.03015075376884422,6.0,8,5,0.6244997998398398,0.4699047619047619,8,4.707939698492463,0.1903253831488248,10.240569899853295,0.1903253831488248,6.122563578389422,-3.455656868873072,1,292.0,0.0003209160640835762,394.0,0.0013556249905377626,419.0,0.004734250018373132,422.0,21.69557141594123,False,420.0,0.036823166999965906,422.0,0,0
watts_strogatz,200,7,600,200,600,0.03015075376884422,6.0,9,4,0.6782329983125268,0.4650714285714285,9,4.582060301507537,0.17870138540755515,10.825725946352325,0.17870138540755515,6.1349774316500785,-3.6196117464928,1,307.0,0.00034979195334017277,396.0,0.0013640830293297768,415.0,0.004687541979365051,424.0,23.902665000059642,False,418.0,0.03573566605336964,424.0,0,0
watts_strogatz,200,8,600,200,600,0.03015075376884422,6.0,8,4,0.7874007874011811,0.44694047619047617,9,4.48497487437186,0.23835303979823258,10.640355526871781,0.23835303979823258,6.146567763851797,-3.6369109693828046,1,299.0,0.0003771670162677765,395.0,0.0017365419771522284,419.0,0.0046566660748794675,427.0,22.73774900007993,False,422.0,0.03696716693229973,427.0,0,0
watts_strogatz,200,9,600,200,600,0.03015075376884422,6.0,8,4,0.7071067811865476,0.47270238095238093,9,4.58859296482412,0.18748504071329652,10.335553370013244,0.18748504071329652,6.159182877436505,-3.42099681372624,1,291.0,0.00034954200964421034,402.0,0.0018918750574812293,416.0,0.005284290993586183,423.0,22.37601312494371,False,417.0,0.03697245800867677,423.0,0,0
watts_strogatz,200,10,600,200,600,0.03015075376884422,6.0,9,4,0.7348469228349535,0.4665833333333333,9,4.625427135678392,0.18553831107863958,10.740140112779653,0.18553831107863958,6.1898002929465115,-3.5947265495857255,1,289.0,0.000354000017978251,396.0,0.00178770802449435,416.0,0.0055722909746691585,425.0,22.22197391698137,False,413.0,0.040910542011260986,425.0,0,0
watts_strogatz,200,11,600,200,600,0.03015075376884422,6.0,9,4,0.812403840463596,0.43698809523809523,8,4.311206030150754,0.2646089076840331,11.044651610885948,0.2646089076840331,6.163356924243619,-3.7703746867173002,1,289.0,0.00035737501457333565,395.0,0.0014743749052286148,422.0,0.004599375068210065,432.0,25.144598499988206,False,423.0,0.03947383305057883,432.0,0,0
watts_strogatz,200,12,600,200,600,0.03015075376884422,6.0,9,4,0.806225774829855,0.46098015873015874,8,4.512412060301507,0.25948037840886634,10.802385584960772,0.25948037840886634,6.163490935973074,-3.587567663064722,1,302.0,0.0003393749939277768,398.0,0.001688209013082087,421.0,0.0043829589849337935,423.0,21.704156375024468,False,417.0,0.037040417082607746,423.0,0,0
watts_strogatz,200,13,600,200,600,0.03015075376884422,6.0,8,4,0.7416198487095663,0.44152380952380954,8,4.37321608040201,0.2913126084384312,10.485227131512367,0.2913126084384312,6.121647006517656,-3.756928755652439,1,287.0,0.0003189169801771641,410.0,0.0018343750853091478,416.0,0.0046327500604093075,428.0,23.247426499961875,False,422.0,0.03620249999221414,428.0,0,0
watts_strogatz,200,14,600,200,600,0.03015075376884422,6.0,8,5,0.648074069840786,0.45407142857142857,9,4.589296482412061,0.24025487352593317,10.31800160199569,0.24025487352593317,6.143624775458705,-3.554011202265918,1,310.0,0.00034829089418053627,400.0,0.0016540419310331345,419.0,0.0047640829579904675,428.0,23.30027050001081,False,419.0,0.037554083042778075,428.0,0,0
watts_strogatz,200,15,600,200,600,0.03015075376884422,6.0,9,4,0.7211102550927979,0.4734285714285714,10,4.716532663316583,0.14540960950383508,10.65618654730411,0.14540960950383508,6.170925424168166,-3.576900787297127,1,310.0,0.0003393330844119191,388.0,0.0022100000642240047,411.0,0.005601792014203966,421.0,22.64536412502639,False,415.0,0.03678366693202406,421.0,0,0
watts_strogatz,200,16,600,200,600,0.03015075376884422,6.0,9,4,0.7937253933193772,0.45324999999999993,9,4.336733668341709,0.2475844513847521,10.803568749545425,0.2475844513847521,6.142844085923171,-3.5738969792161766,1,300.0,0.00033062498550862074,400.0,0.0013722500298172235,420.0,0.0048263330245390534,426.0,15.620651209028438,False,413.0,0.03692691703327,426.0,0,0
watts_strogatz,200,17,600,200,600,0.03015075376884422,6.0,9,4,0.7483314773547883,0.450031746031746,9,4.434472361809045,0.26658751860155727,11.077681032507915,0.26658751860155727,6.147634331118168,-3.7199215527032377,1,286.0,0.00035979202948510647,401.0,0.001436999998986721,414.0,0.005141749978065491,424.0,23.29874437500257,False,421.0,0.037321707932278514,424.0,0,0
watts_strogatz,200,18,600,200,600,0.03015075376884422,6.0,9,4,0.8366600265340756,0.4570515873015873,8,4.426281407035176,0.23681922202029912,10.77953244681354,0.23681922202029912,6.153163534499705,-3.527020507714391,1,282.0,0.0003393329679965973,395.0,0.0013739169808104634,416.0,0.005053292028605938,426.0,24.972551624989137,False,418.0,0.037370125064626336,426.0,0,0
watts_strogatz,200,19,600,200,600,0.03015075376884422,6.0,9,4,0.7348469228349535,0.4459325396825397,8,4.3952763819095475,0.27615809364456634,10.939924248206182,0.27615809364456634,6.1669670803947785,-3.549579173058718,1,290.0,0.00031174998730421066,393.0,0.0021390420151874423,418.0,0.004935292061418295,425.0,21.92987433297094,False,424.0,0.03767395799513906,425.0,0,0
watts_strogatz,200,20,600,200,600,0.03015075376884422,6.0,9,4,0.8888194417315589,0.4210079365079365,8,4.239698492462312,0.3110560412231626,11.089846949458252,0.3110560412231626,6.201180352961422,-3.725663275667562,1,295.0,0.0004009170224890113,399.0,0.002038791077211499,420.0,0.004813374951481819,428.0,24.596285540959798,False,420.0,0.038108292035758495,428.0,0,0
watts_strogatz,200,21,600,200,600,0.03015075376884422,6.0,9,4,0.7745966692414834,0.45528571428571424,8,4.505628140703518,0.24156683282379648,10.712909663066341,0.24156683282379648,6.164381739037955,-3.6876526423951295,1,334.0,0.000394499977119267,398.0,0.0015909170033410192,414.0,0.005222875042818487,421.0,19.233578499988653,False,414.0,0.03744391701184213,421.0,0,0
watts_strogatz,200,22,600,200,600,0.03015075376884422,6.0,8,4,0.7280109889280518,0.4501309523809524,8,4.401959798994975,0.2739584178900642,10.29799104045546,0.2739584178900642,6.132961929308787,-3.521791436937787,1,288.0,0.00033962505403906107,396.0,0.0018014999805018306,420.0,0.004803666961379349,428.0,21.799481375026517,False,416.0,0.03790875000413507,428.0,0,0
watts_strogatz,200,23,600,200,600,0.03015075376884422,6.0,8,3,0.7280109889280518,0.46689285714285716,8,4.502814070351759,0.22448117550950436,10.398272183358616,0.22448117550950436,6.14260983644017,-3.622209781593713,1,291.0,0.0003228329587727785,395.0,0.001702000037766993,416.0,0.004795999964699149,421.0,22.47050070797559,False,416.0,0.038530874997377396,421.0,0,0
watts_strogatz,200,24,600,200,600,0.03015075376884422,6.0,8,4,0.7416198487095663,0.46026190476190476,8,4.500703517587939,0.21706087261740928,10.425625697440129,0.21706087261740928,6.1408696307967245,-3.4132086183678894,1,306.0,0.0003714999184012413,396.0,0.0016752909868955612,413.0,0.004385625012218952,424.0,21.775348208029754,False,418.0,0.04660804208833724,424.0,0,0
watts_strogatz,200,25,600,200,600,0.03015075376884422,6.0,8,4,0.714142842854285,0.46945238095238095,8,4.576834170854271,0.21208400851903525,10.473149230017293,0.21208400851903525,6.122618569215331,-3.5637786252968247,1,318.0,0.00038220908027142286,404.0,0.0018838329706341028,412.0,0.0048650410026311874,424.0,24.27986316604074,False,410.0,0.03713449998758733,424.0,0,0
watts_strogatz,200,26,600,200,600,0.03015075376884422,6.0,8,4,0.7615773105863908,0.4425595238095238,8,4.347487437185929,0.27325701254350787,10.652218469661133,0.27325701254350787,6.140237040326247,-3.7235891713644715,1,312.0,0.0003440419677644968,405.0,0.0014910000609233975,423.0,0.005200957995839417,425.0,23.348610792076215,False,417.0,0.036296833073720336,425.0,0,0
watts_strogatz,200,27,600,200,600,0.03015075376884422,6.0,8,4,0.6633249580710799,0.47102380952380957,9,4.690100502512562,0.19443590751862908,10.210927243889675,0.19443590751862908,6.111918012823361,-3.4355436196911966,1,306.0,0.0003404580056667328,395.0,0.0017808339325711131,405.0,0.005725750001147389,421.0,21.90980691695586,False,412.0,0.03865079197566956,421.0,0,0
watts_strogatz,200,28,600,200,600,0.03015075376884422,6.0,9,4,0.8,0.42127380952380955,8,4.280452261306532,0.27981722432773537,10.878714538848504,0.27981722432773537,6.160079221864127,-3.6763903042240593,1,307.0,0.00037404196336865425,411.0,0.0019505000673234463,418.0,0.0059922500513494015,430.0,24.348676834022626,False,422.0,0.03628895804286003,430.0,0,0
watts_strogatz,200,29,600,200,600,0.03015075376884422,6.0,9,4,0.848528137423857,0.4226309523809524,8,4.236884422110553,0.2555462435019292,11.042679812359504,0.2555462435019292,6.14873987663409,-3.6638951189348834,1,292.0,0.00035779201425611973,401.0,0.001461499952711165,417.0,0.004863334004767239,429.0,21.14878279203549,False,413.0,0.03571991599164903,429.0,0,0
