family,n,instance,m,prop_n,prop_m,prop_density,prop_avg_degree,prop_max_degree,prop_min_degree,prop_degree_std,prop_clustering_coeff,prop_diameter,prop_avg_path_length,prop_spectral_gap,prop_lambda_max_laplacian,prop_algebraic_connectivity,prop_spectral_radius,prop_lambda_min_adj,prop_n_components,random_cut,random_time,greedy_cut,greedy_time,spectral_cut,spectral_time,gw_cut,gw_time,gw_fallback,gnn_cut,gnn_time,best_classical_cut,gnn_wins,gnn_ties
erdos_renyi,20,0,25,20,25,0.13157894736842105,2.5,5,1,1.2041594578792296,0.21000000000000002,9,3.7,0.07771855129713974,7.030589751306405,0.07771855129713974,3.2710504263194875,-2.8027885224546494,1,9.0,0.00033466698369011283,20.0,0.0006147500243969262,22.0,0.0003154579899273813,22.0,0.026323041005525738,False,22.0,0.023047124966979027,22.0,0,1
erdos_renyi,20,1,27,20,27,0.14210526315789473,2.7,6,1,1.5524174696260025,0.045,6,2.857894736842105,0.18343755989569757,8.150034561218364,0.18343755989569757,3.6698071554743414,-3.181271212429405,1,15.0,0.00012262497330084443,21.0,0.00015716598136350513,24.0,0.0002454170025885105,24.0,0.009202375018503517,False,24.0,0.022273375012446195,24.0,0,1
erdos_renyi,20,2,37,20,37,0.19473684210526315,3.7,9,1,1.76351920885484,0.255,6,2.3473684210526318,0.42216086195284763,10.257723142260982,0.42216086195284763,4.58604810716034,-3.0044420204596904,1,7.0,0.00012158299796283245,29.0,0.00016245798906311393,28.0,0.0002787080011330545,29.0,0.008213708992116153,False,29.0,0.024133333994541317,29.0,0,1
erdos_renyi,20,3,22,20,22,0.11578947368421053,2.2,4,1,1.0770329614269007,0.03333333333333333,9,3.8526315789473684,0.07354443976710104,5.766296531879128,0.07354443976710104,2.8164072666971816,-2.5572359468951165,1,11.0,0.00011750002158805728,18.0,0.0001450419658794999,21.0,0.00023308402160182595,21.0,0.010680667008273304,False,20.0,0.02280979201896116,21.0,0,0
erdos_renyi,20,4,39,20,39,0.20526315789473684,3.9,6,2,1.2609520212918492,0.18833333333333332,4,2.1736842105263157,0.8716970740580074,8.049656928268579,0.8716970740580074,4.32891458602883,-3.3464917161302994,1,24.0,0.00012550002429634333,33.0,0.00016587501158937812,33.0,0.00028008397202938795,34.0,0.008561790979001671,False,34.0,0.024111667007673532,34.0,0,1
erdos_renyi,20,5,30,20,30,0.15789473684210525,3.0,7,1,1.70293863659264,0.25476190476190474,6,2.594736842105263,0.29567132563836573,8.766509802152063,0.29567132563836573,3.843799739036153,-3.3668458434899886,1,16.0,0.00012029102072119713,25.0,0.0001723750028759241,25.0,0.0002371249720454216,25.0,0.012215834052767605,False,25.0,0.023408582957927138,25.0,0,1
erdos_renyi,20,6,27,20,27,0.14210526315789473,2.7,6,1,1.2688577540449522,0.09333333333333334,7,2.973684210526316,0.16785258817584703,7.272907531711996,0.16785258817584703,3.5255423834769033,-2.667923508575565,1,13.0,0.00011925003491342068,23.0,0.00015029101632535458,23.0,0.00025275000371038914,23.0,0.006998499971814454,False,23.0,0.023746624996419996,23.0,0,1
erdos_renyi,20,7,21,20,21,0.11052631578947368,2.1,5,1,1.0908712114635715,0.03,10,4.026315789473684,0.07324072523433385,6.258960445815409,0.07324072523433385,2.81128373989505,-2.2946750547081542,1,10.0,0.00011683400953188539,18.0,0.00014241604367271066,19.0,0.00022841698955744505,20.0,0.010318625019863248,False,19.0,0.023215916007757187,20.0,0,0
erdos_renyi,20,8,24,20,24,0.12631578947368421,2.4,4,1,1.1135528725660047,0.075,7,3.5105263157894737,0.09842251595358655,5.749791709512228,0.09842251595358655,2.9519540252408745,-2.4225068378564756,1,15.0,0.00012099999003112316,21.0,0.000147709040902555,21.0,0.0002448330051265657,22.0,0.01230433298042044,False,21.0,0.023644582950510085,22.0,0,0
erdos_renyi,20,9,28,20,28,0.14736842105263157,2.8,5,1,1.1224972160321824,0.39,8,3.642105263157895,0.09007689509429385,6.437251769979147,0.09007689509429385,3.651639636973004,-2.2078649981571203,1,13.0,0.00011804100358858705,22.0,0.00015095900744199753,22.0,0.00024070905055850744,23.0,0.008389667025767267,False,22.0,0.02414129103999585,23.0,0,0
erdos_renyi,20,10,39,20,39,0.20526315789473684,3.9,10,2,2.364318083507378,0.2978174603174603,4,2.168421052631579,0.773690436725319,11.197219920384732,0.773690436725319,5.312606017520849,-3.3455814400833983,1,16.0,0.00012195901945233345,32.0,0.00018570903921499848,32.0,0.00029091699980199337,32.0,0.007352249987889081,False,30.0,0.024047332990448922,32.0,0,0
erdos_renyi,20,11,28,20,28,0.14736842105263157,2.8,6,1,1.2884098726725126,0.35333333333333333,7,3.305263157894737,0.10475537471098581,7.620412405694924,0.10475537471098581,3.643340813095077,-2.849970143532314,1,17.0,0.00011970801278948784,20.0,0.00015291600720956922,23.0,0.00026041700039058924,23.0,0.0071678750100545585,False,23.0,0.02443900000071153,23.0,0,1
erdos_renyi,20,12,26,20,26,0.1368421052631579,2.6,6,1,1.2806248474865698,0.13666666666666666,6,2.9842105263157896,0.2687556746097007,7.441430314029688,0.2687556746097007,3.3333427055257108,-2.798103118422999,1,12.0,0.0001207909663207829,22.0,0.00015400000847876072,23.0,0.000254125043284148,23.0,0.010956458980217576,False,23.0,0.02419766702223569,23.0,0,1
erdos_renyi,20,13,23,20,23,0.12105263157894737,2.3,4,1,1.004987562112089,0.0,7,3.163157894736842,0.19664571744522225,6.103172909347029,0.19664571744522225,2.7793431005316633,-2.5802800857747217,1,16.0,0.00011995801469311118,19.0,0.00014533300418406725,21.0,0.0002565000322647393,22.0,0.007997540989890695,False,20.0,0.023176750051788986,22.0,0,0
erdos_renyi,20,14,30,20,30,0.15789473684210525,3.0,7,1,1.51657508881031,0.03404761904761905,6,2.5473684210526315,0.40834474993960584,8.665498942402772,0.40834474993960584,3.7800096913933015,-3.3581509019489264,1,17.0,0.0001230830093845725,27.0,0.00017516600200906396,27.0,0.00024162500631064177,27.0,0.007212334021460265,False,27.0,0.021549415949266404,27.0,0,1
erdos_renyi,20,15,23,20,23,0.12105263157894737,2.3,4,1,0.9539392014169458,0.041666666666666664,8,3.6157894736842104,0.10682331942324448,6.030891601424413,0.10682331942324448,2.878132899520757,-2.5985589604273747,1,13.0,0.0001170419855043292,18.0,0.0001414999715052545,22.0,0.00024349999148398638,22.0,0.008359833038412035,False,21.0,0.02360708301421255,22.0,0,0
erdos_renyi,20,16,26,20,26,0.1368421052631579,2.6,5,1,1.2806248474865698,0.05499999999999999,7,3.0157894736842104,0.17147089903146348,6.714043703095336,0.17147089903146348,3.3908831283269323,-2.684121096361824,1,12.0,0.00012174999574199319,19.0,0.00014779099728912115,23.0,0.00023720902390778065,23.0,0.007655624998733401,False,23.0,0.024196207989007235,23.0,0,1
erdos_renyi,20,17,27,20,27,0.14210526315789473,2.7,6,1,1.3076696830622019,0.07833333333333334,6,2.8842105263157896,0.26804420619761693,7.51639765185131,0.26804420619761693,3.5428114328901668,-2.7415209070516577,1,14.0,0.0001211669878102839,22.0,0.00015075004193931818,22.0,0.000253707985393703,23.0,0.008618791995104402,False,23.0,0.02375599998049438,23.0,0,1
erdos_renyi,20,18,35,20,35,0.18421052631578946,3.5,6,1,1.3228756555322954,0.09333333333333334,6,2.3684210526315788,0.5133370414977119,8.226990954041831,0.5133370414977119,4.103800870032845,-3.0276290676448805,1,17.0,0.000126665981952101,28.0,0.00016404199413955212,28.0,0.00026341696502640843,29.0,0.007004540995694697,False,28.0,0.019979707954917103,29.0,0,0
erdos_renyi,20,19,24,20,24,0.12631578947368421,2.4,5,1,1.019803902718557,0.03333333333333333,10,3.8789473684210525,0.06588094434122423,6.625947268509432,0.06588094434122423,3.0630041066940366,-2.684756226238024,1,11.0,0.00011858396464958787,21.0,0.0001462079817429185,22.0,0.00024633295834064484,22.0,0.010277000023052096,False,21.0,0.018690916011109948,22.0,0,0
erdos_renyi,20,20,38,20,38,0.2,3.8,6,2,1.469693845669907,0.255,5,2.3789473684210525,0.5451190137745038,8.281892179254207,0.5451190137745038,4.6766379771770055,-2.776275505599118,1,12.0,0.00012195901945233345,26.0,0.00018391699995845556,28.0,0.00027237500762566924,29.0,0.008076291007455438,False,29.0,0.018241749959997833,29.0,0,1
erdos_renyi,20,21,26,20,26,0.1368421052631579,2.6,6,1,1.3564659966250536,0.3516666666666667,7,3.2578947368421054,0.11676170796515851,7.183822979321966,0.11676170796515851,3.207751170522013,-2.5920380931292453,1,15.0,0.00011783296940848231,19.0,0.0001474579912610352,21.0,0.00022954196901991963,22.0,0.008019333006814122,False,22.0,0.019272415956947953,22.0,0,1
erdos_renyi,20,22,37,20,37,0.19473684210526315,3.7,9,1,2.027313493271329,0.19,4,2.2578947368421054,0.5808374325026066,10.379372891178125,0.5808374325026066,4.879982103822823,-3.219324267647338,1,16.0,0.00012199999764561653,30.0,0.00018395797815173864,28.0,0.00026524998247623444,30.0,0.007133333012461662,False,28.0,0.021490750019438565,30.0,0,0
erdos_renyi,20,23,27,20,27,0.14210526315789473,2.7,6,1,1.2688577540449522,0.13,5,2.778947368421053,0.34124426285642606,7.467303323051017,0.34124426285642606,3.4017831967215995,-2.691295371429108,1,15.0,0.00011954200454056263,22.0,0.00014858396025374532,22.0,0.0002513339859433472,24.0,0.00837700004922226,False,23.0,0.023206416983157396,24.0,0,0
erdos_renyi,20,24,32,20,32,0.16842105263157894,3.2,5,2,0.9273618495495703,0.27999999999999997,6,2.610526315789474,0.3875328132587302,7.0001709371356124,0.3875328132587302,3.5236942673641867,-2.892736361089147,1,14.0,0.00012554199201986194,24.0,0.00016300001880154014,25.0,0.00025287497555837035,27.0,0.007525207998696715,False,27.0,0.019942249986343086,27.0,0,1
erdos_renyi,20,25,32,20,32,0.16842105263157894,3.2,6,1,1.4352700094407325,0.12166666666666666,5,2.4,0.5318545152102135,7.748628200229772,0.5318545152102135,3.7564129310834193,-3.11924239463784,1,18.0,0.00011958298273384571,27.0,0.00019104202510789037,26.0,0.0002428340376354754,28.0,0.007241917017381638,False,26.0,0.02336591697530821,28.0,0,0
erdos_renyi,20,26,24,20,24,0.12631578947368421,2.4,5,1,1.1135528725660044,0.0,6,2.9842105263157896,0.22192517719391897,6.352779481868814,0.22192517719391897,2.885760349620379,-2.520748114163527,1,14.0,0.00012312497710809112,20.0,0.00015191599959507585,20.0,0.0002572920056991279,22.0,0.008395792043302208,False,21.0,0.02283616695785895,22.0,0,0
erdos_renyi,20,27,22,20,22,0.11578947368421053,2.2,6,1,1.3266499161421599,0.03666666666666667,8,3.3789473684210525,0.11307285086937337,7.2776329127596195,0.11307285086937337,3.068402689780555,-2.6221920999683417,1,12.0,0.0001242909929715097,19.0,0.00015045801410451531,21.0,0.00025762495351955295,21.0,0.010495290975086391,False,20.0,0.023427874955814332,21.0,0,0
erdos_renyi,20,28,32,20,32,0.16842105263157894,3.2,6,1,1.32664991614216,0.25166666666666665,5,2.6052631578947367,0.33084104056958535,7.88373176983859,0.33084104056958535,3.818631899890003,-3.0398068099262128,1,14.0,0.00012141698971390724,23.0,0.0001585420104674995,26.0,0.0002648339723236859,27.0,0.008130250032991171,False,27.0,0.021471292013302445,27.0,0,1
erdos_renyi,20,29,30,20,30,0.15789473684210525,3.0,7,1,1.449137674618944,0.03476190476190476,7,2.873684210526316,0.20573262262115685,8.637795508791173,0.20573262262115685,3.922728912699438,-3.3925936564014423,1,16.0,0.00012104195775464177,24.0,0.00015300000086426735,27.0,0.0002570839715190232,27.0,0.006945000030100346,False,27.0,0.019965166982728988,27.0,0,1
erdos_renyi,50,0,183,50,183,0.1493877551020408,7.32,13,3,2.2929457036746426,0.14625252525252525,4,2.1420408163265305,2.255173567528472,15.647320658649692,2.255173567528472,8.1420944252768,-4.555210041237662,1,88.0,0.000162916025146842,126.0,0.0004509590216912329,130.0,0.0019366249907761812,135.0,0.03624795802170411,False,135.0,0.026921499986201525,135.0,0,1
erdos_renyi,50,1,174,50,174,0.14204081632653062,6.96,13,2,2.7346663416219537,0.15884115884115885,4,2.2114285714285713,1.4462865434669665,15.354760688045895,1.4462865434669665,8.030409770252716,-4.936267085542832,1,89.0,0.00016066600801423192,120.0,0.0004303749883547425,129.0,0.0007720410358160734,131.0,0.035695249971468,False,131.0,0.027713166025932878,131.0,0,1
erdos_renyi,50,2,214,50,214,0.17469387755102042,8.56,17,4,2.6469605210505125,0.19680673901262136,3,2.008979591836735,3.0539431853521073,18.68812173145126,3.0539431853521073,9.297129695178192,-5.012746370969957,1,97.0,0.00016499997582286596,140.0,0.00039125001057982445,146.0,0.0008459590026177466,154.0,0.03117258398560807,False,147.0,0.028596999996807426,154.0,0,0
erdos_renyi,50,3,163,50,163,0.13306122448979593,6.52,12,2,1.8680471086136987,0.1122164502164502,4,2.230204081632653,1.6245749726049754,13.682971902889772,1.6245749726049754,7.068377397055036,-4.455422949609889,1,75.0,0.00015629205154255033,115.0,0.00041858304757624865,120.0,0.0007436670130118728,123.0,0.034816249972209334,False,123.0,0.023685207997914404,123.0,0,1
erdos_renyi,50,4,179,50,179,0.14612244897959184,7.16,14,3,2.532666578924277,0.171030192030192,4,2.146938775510204,1.923683903169059,15.827343806909838,1.923683903169059,8.012514244126091,-4.846295704666447,1,77.0,0.00019175000488758087,124.0,0.00047858402831479907,126.0,0.0007995839696377516,132.0,0.035545207967516035,False,131.0,0.02867812500335276,132.0,0,0
erdos_renyi,50,5,189,50,189,0.15428571428571428,7.56,15,3,2.8224811779709,0.18574347874347874,4,2.1053061224489795,1.972693720106946,16.770976957516908,1.972693720106946,8.60060113598107,-5.013159485067723,1,90.0,0.00016904197400435805,125.0,0.0005667500081472099,137.0,0.0008965829620137811,140.0,0.035719458013772964,False,135.0,0.028074625006411225,140.0,0,0
erdos_renyi,50,6,200,50,200,0.16326530612244897,8.0,13,4,2.32379000772445,0.16042857142857142,3,2.0538775510204084,2.68949498185479,15.99511868377484,2.68949498185479,8.747023635332745,-4.904089237614675,1,97.0,0.00016650004545226693,137.0,0.0004765000194311142,143.0,0.0007185839931480587,146.0,0.03597512503620237,False,146.0,0.0275248329853639,146.0,0,1
erdos_renyi,50,7,179,50,179,0.14612244897959184,7.16,15,2,2.9418361613115027,0.1501181041181041,4,2.1330612244897957,1.659611977612819,16.901063097516843,1.659611977612819,8.31996168888153,-4.760452184737647,1,101.0,0.00016070902347564697,128.0,0.00044187501771375537,125.0,0.0006793750217184424,131.0,0.030215792008675635,False,129.0,0.027288583980407566,131.0,0,0
erdos_renyi,50,8,168,50,168,0.13714285714285715,6.72,12,2,2.1169789795838785,0.1482005772005772,4,2.204081632653061,1.5113113330667591,14.138027817150443,1.5113113330667591,7.437453835710457,-4.406278592697813,1,93.0,0.00016216596122831106,120.0,0.0005135000101290643,118.0,0.0007535000331699848,124.0,0.04732412501471117,False,124.0,0.02691254101227969,124.0,0,1
erdos_renyi,50,9,182,50,182,0.14857142857142858,7.28,12,1,2.416940214403327,0.1402005772005772,4,2.1575510204081634,0.8229201059873674,15.117411113726046,0.8229201059873674,8.14733852079597,-5.010525761002686,1,83.0,0.00016270799096673727,131.0,0.0004536659689620137,132.0,0.0006980830221436918,135.0,0.035242416022811085,False,134.0,0.026831833994947374,135.0,0,0
erdos_renyi,50,10,182,50,182,0.14857142857142858,7.28,14,2,2.5771301868551384,0.13965145965145964,4,2.1216326530612246,1.5953684196358702,15.965913961639918,1.5953684196358702,8.218504679581901,-5.33981235233229,1,92.0,0.00016283296281471848,127.0,0.0004472919972613454,135.0,0.0007834589923731983,136.0,0.03537066699936986,False,133.0,0.025763124984223396,136.0,0,0
erdos_renyi,50,11,167,50,167,0.1363265306122449,6.68,12,2,2.3953287874527787,0.11947763347763347,4,2.20734693877551,1.5752336927402273,14.02618631604346,1.5752336927402273,7.496163360144818,-4.560371441303695,1,88.0,0.0001629159669391811,117.0,0.0004368330119177699,124.0,0.0006777499802410603,124.0,0.03585300000850111,False,124.0,0.023461500008124858,124.0,0,1
erdos_renyi,50,12,180,50,180,0.1469387755102041,7.2,12,1,2.4657656011875906,0.133004329004329,4,2.1518367346938776,0.8945119470239318,14.848032038041907,0.8945119470239318,8.074404034168111,-4.668070508207528,1,87.0,0.0001778329606167972,123.0,0.0004456249880604446,125.0,0.0007048329571262002,132.0,0.037195916986092925,False,126.0,0.027522917021997273,132.0,0,0
erdos_renyi,50,13,177,50,177,0.14448979591836736,7.08,14,2,2.3395726105423615,0.14622066822066823,4,2.1518367346938776,1.7045731168345972,15.789553258330796,1.7045731168345972,7.860730648911144,-4.548395439450862,1,82.0,0.00016195798525586724,123.0,0.00044412497663870454,124.0,0.000687791034579277,134.0,0.035533083020709455,False,131.0,0.027341792010702193,134.0,0,0
erdos_renyi,50,14,167,50,167,0.1363265306122449,6.68,12,2,2.4774180107523236,0.147011544011544,4,2.236734693877551,1.3535536941475224,14.009885944041663,1.3535536941475224,7.604797438094929,-4.701486391187754,1,89.0,0.0001568330335430801,120.0,0.0006840419955551624,122.0,0.0006655830075033009,124.0,0.03538491600193083,False,124.0,0.0267929169931449,124.0,0,1
erdos_renyi,50,15,201,50,201,0.16408163265306122,8.04,13,3,2.6302851556437754,0.15684970584970584,4,2.053061224489796,2.342080113610813,15.89162823854872,2.342080113610813,8.879141270433397,-5.3853663165113215,1,101.0,0.00016658398089930415,135.0,0.0005832079914398491,151.0,0.0010172500042244792,151.0,0.03638620802666992,False,145.0,0.027582917013205588,151.0,0,0
erdos_renyi,50,16,197,50,197,0.16081632653061226,7.88,13,3,2.2417850030723283,0.14768387168387168,4,2.0718367346938775,2.307557649096461,15.869334167833214,2.307557649096461,8.580097294805826,-4.914218665144845,1,103.0,0.00016358395805582404,140.0,0.0005761670181527734,143.0,0.0008169170469045639,144.0,0.03547162498580292,False,142.0,0.027592582977376878,144.0,0,0
erdos_renyi,50,17,178,50,178,0.14530612244897959,7.12,12,2,2.303388807822075,0.14036652236652236,4,2.153469387755102,1.7407488823290733,14.479818539110381,1.7407488823290733,7.962057846773589,-4.777386062760095,1,88.0,0.00016412499826401472,120.0,0.0004433330032043159,122.0,0.0006867920164950192,132.0,0.03478337498381734,False,125.0,0.026175000006332994,132.0,0,0
erdos_renyi,50,18,210,50,210,0.17142857142857143,8.4,16,3,3.039736830714133,0.20065079365079364,3,2.0351020408163265,2.2438060464636735,17.805495617849363,2.2438060464636735,9.472995554860201,-4.8076769870672695,1,91.0,0.00016654195496812463,148.0,0.0008199170115403831,137.0,0.0008624999900348485,151.0,0.0417462500045076,False,150.0,0.027516167028807104,151.0,0,0
erdos_renyi,50,19,188,50,188,0.15346938775510205,7.52,15,2,2.4432764886520726,0.18086724386724387,4,2.109387755102041,1.6211348548381375,16.70822431799595,1.6211348548381375,8.308775322873567,-4.86810025260944,1,82.0,0.00015962502220645547,125.0,0.0004575419588945806,135.0,0.0007979579968377948,139.0,0.029755541996564716,False,139.0,0.027292459039017558,139.0,0,1
erdos_renyi,50,20,212,50,212,0.1730612244897959,8.48,13,4,2.183941391154992,0.17217837717837717,3,2.0171428571428573,2.9207083461109957,15.611331903289813,2.9207083461109957,9.068010857286435,-4.98111601601896,1,98.0,0.00016912503633648157,139.0,0.0007101669907569885,146.0,0.0008461669785901904,155.0,0.03549645800376311,False,153.0,0.02752716699615121,155.0,0,0
erdos_renyi,50,21,169,50,169,0.13795918367346938,6.76,15,1,2.796855377026134,0.15651948051948053,4,2.2457142857142856,0.8252648611265629,16.66627010474928,0.8252648611265629,8.035671989073803,-4.933229557285754,1,88.0,0.0001626670127734542,119.0,0.00042504200246185064,123.0,0.0008450829773209989,126.0,0.03508291702019051,False,120.0,0.027103915985208005,126.0,0,0
erdos_renyi,50,22,186,50,186,0.15183673469387754,7.44,14,1,2.757970268150112,0.14601609501609503,4,2.1355102040816325,0.9213172212466201,16.086011973777804,0.9213172212466201,8.497780583245996,-4.853620656058333,1,91.0,0.0001610000035725534,130.0,0.0005529170157387853,134.0,0.0006970840040594339,136.0,0.03514420898864046,False,134.0,0.026863708975724876,136.0,0,0
erdos_renyi,50,23,163,50,163,0.13306122448979593,6.52,13,2,2.351510153071851,0.11138372738372737,4,2.239183673469388,1.5884212231876507,15.022382609854986,1.5884212231876507,7.476534706791062,-4.597005368003251,1,77.0,0.00015862495638430119,113.0,0.0004124999977648258,120.0,0.0007475419552065432,124.0,0.034869291994255036,False,122.0,0.027129125024657696,124.0,0,0
erdos_renyi,50,24,185,50,185,0.1510204081632653,7.4,12,3,1.928730152198591,0.12373593073593073,4,2.140408163265306,1.9567836094981355,14.592492960463911,1.9567836094981355,7.990122414308703,-5.236358586604691,1,82.0,0.0001573750050738454,125.0,0.000551957986317575,131.0,0.0006917919963598251,142.0,0.03012470802059397,False,142.0,0.027194000023882836,142.0,0,1
erdos_renyi,50,25,190,50,190,0.15510204081632653,7.6,13,4,2.5219040425836985,0.1663910533910534,4,2.1028571428571428,2.147609129473482,15.41850340527145,2.147609129473482,8.495400299546947,-5.103752776543021,1,107.0,0.00016316701658070087,136.0,0.0004622500273399055,134.0,0.0007039580377750099,141.0,0.035492333001457155,False,135.0,0.02769770799204707,141.0,0,0
erdos_renyi,50,26,169,50,169,0.13795918367346938,6.76,11,2,2.0548479262466115,0.11465512265512265,4,2.190204081632653,1.6774736144744555,13.039741958539153,1.6774736144744555,7.348608512703624,-4.579635820671357,1,81.0,0.00015599996550008655,120.0,0.0005190829979255795,126.0,0.0006705840351060033,130.0,0.031164832995273173,False,130.0,0.027000917005352676,130.0,0,1
erdos_renyi,50,27,156,50,156,0.1273469387755102,6.24,12,3,2.371160053644629,0.12242279942279943,4,2.2742857142857145,1.508733519926449,14.397032324992988,1.508733519926449,7.156912814303677,-4.402764790711232,1,79.0,0.0001645830343477428,118.0,0.0006558329914696515,117.0,0.0006514580454677343,118.0,0.038698040996678174,False,118.0,0.02622137503931299,118.0,0,1
erdos_renyi,50,28,164,50,164,0.13387755102040816,6.56,12,1,2.662029301115974,0.09941847041847042,5,2.28734693877551,0.8973804411697321,14.687852739156252,0.8973804411697321,7.7020438248605165,-4.970174928496246,1,88.0,0.00015879201237112284,118.0,0.0004177920054644346,118.0,0.0006677499623037875,127.0,0.035853790992405266,False,124.0,0.026986125041730702,127.0,0,0
erdos_renyi,50,29,181,50,181,0.14775510204081632,7.24,14,1,2.702295320648726,0.14361827061827062,4,2.1608163265306124,0.904661617711128,15.798629040823986,0.904661617711128,8.407733536096462,-5.049243222752506,1,89.0,0.00016083300579339266,130.0,0.0004544170224107802,129.0,0.0007839159807190299,134.0,0.0373889590264298,False,131.0,0.027630041993688792,134.0,0,0
erdos_renyi,100,0,732,100,732,0.1478787878787879,14.64,21,8,3.0050623953588715,0.16180732391103908,3,1.948888888888889,6.184356460230303,25.177915664704113,6.184356460230303,15.308518575115936,-7.015934487441881,1,391.0,0.00029733398696407676,468.0,0.001403625006787479,485.0,0.0025182499666698277,488.0,0.18524954200256616,False,490.0,0.03913849999662489,488.0,1,0
erdos_renyi,100,1,751,100,751,0.15171717171717172,15.02,24,6,3.80783402999658,0.15711172093935588,3,1.9418181818181819,5.273873065765408,27.219934345777553,5.273873065765408,16.028208434976307,-7.009244665325875,1,384.0,0.00029445800464600325,492.0,0.0025369159993715584,492.0,0.002463374985381961,500.0,0.13494833302684128,False,496.0,0.03841683303471655,500.0,0,0
erdos_renyi,100,2,816,100,816,0.16484848484848486,16.32,29,7,4.032071427938746,0.17126451400434742,3,1.8903030303030304,6.326262327569323,31.00114119195963,6.326262327569323,17.330914238099872,-6.980833032439216,1,424.0,0.00031395803671330214,525.0,0.0019436670118011534,526.0,0.0026003330131061375,539.0,0.13724854198517278,False,532.0,0.03921262500807643,539.0,0,0
erdos_renyi,100,3,691,100,691,0.1395959595959596,13.82,23,7,3.047556398165586,0.13898569686471826,3,1.9763636363636363,5.899741176936133,25.298601829880496,5.899741176936133,14.496760164437443,-6.838904053293229,1,368.0,0.00028549996204674244,449.0,0.0016709999763406813,462.0,0.002355917007662356,468.0,0.15522758301813155,False,469.0,0.036799499997869134,468.0,1,0
erdos_renyi,100,4,732,100,732,0.1478787878787879,14.64,24,7,3.5482953653832148,0.1459931325610421,3,1.9426262626262627,6.008576087859177,26.53140209615371,6.008576087859177,15.506557552173241,-7.086144085853119,1,368.0,0.00029254105174914,476.0,0.0014110830379649997,479.0,0.0024333749897778034,491.0,0.1343009170377627,False,492.0,0.03825512499315664,491.0,1,0
erdos_renyi,100,5,697,100,697,0.1408080808080808,13.94,26,3,3.5037693988046645,0.14255909463773242,3,1.9723232323232323,2.7689326787085804,27.86917140987536,2.7689326787085804,14.818280579333013,-7.1334487350374935,1,351.0,0.00028304202714934945,464.0,0.0016974579775705934,454.0,0.0026906669954769313,482.0,0.15582500002346933,False,479.0,0.037626624980475754,482.0,0,0
erdos_renyi,100,6,766,100,766,0.15474747474747474,15.32,25,4,3.773274440058661,0.16739184921956493,3,1.9296969696969697,3.697839303562943,27.881480089236337,3.697839303562943,16.265061898384538,-7.362373815703036,1,397.0,0.00030229100957512856,493.0,0.0018389580072835088,502.0,0.002494584012310952,509.0,0.13841304200468585,False,511.0,0.03836341598071158,509.0,1,0
erdos_renyi,100,7,751,100,751,0.15171717171717172,15.02,25,7,3.4841928764062415,0.15537207025561448,3,1.936969696969697,6.10385089283595,27.441939462413345,6.10385089283595,15.829449530869734,-7.40770353956559,1,373.0,0.00029741699108853936,469.0,0.0014260000316426158,500.0,0.002462124975863844,504.0,0.13370733300689608,False,504.0,0.03897783299908042,504.0,0,1
erdos_renyi,100,8,721,100,721,0.14565656565656565,14.42,26,7,3.4761472926215307,0.15105489553222087,3,1.9606060606060607,6.010307445846152,28.207577602933537,6.010307445846152,15.271733871304313,-6.696102111114253,1,359.0,0.00028662499971687794,465.0,0.0020970830228179693,477.0,0.0024007500032894313,480.0,0.1390963330049999,False,472.0,0.03787020803429186,480.0,0,0
erdos_renyi,100,9,783,100,783,0.15818181818181817,15.66,29,8,3.7342201327720357,0.1620506465331278,3,1.9113131313131313,6.892726758230389,30.872312019219997,6.892726758230389,16.555106591605146,-7.365739843304859,1,374.0,0.0002989170025102794,506.0,0.0018719580257311463,494.0,0.0029010000289417803,515.0,0.13736325001809746,False,516.0,0.038588167051784694,515.0,1,0
erdos_renyi,100,10,752,100,752,0.15191919191919193,15.04,28,6,4.287003615580467,0.1636228555588631,3,1.937171717171717,5.344659161029792,30.223818034586177,5.344659161029792,16.33964773839166,-7.0316703199624335,1,381.0,0.00029450003057718277,494.0,0.0021688329870812595,493.0,0.003559415985364467,498.0,0.13306920800823718,False,492.0,0.03816070797620341,498.0,0,0
erdos_renyi,100,11,697,100,697,0.1408080808080808,13.94,22,7,3.1235236512631053,0.13403562253020457,3,1.975151515151515,5.797999264619186,24.874724418942172,5.797999264619186,14.67860056678473,-6.941058450154587,1,365.0,0.00028904201462864876,465.0,0.0020308750099502504,460.0,0.002357583027333021,473.0,0.1332612080150284,False,471.0,0.03767933399649337,473.0,0,0
erdos_renyi,100,12,745,100,745,0.1505050505050505,14.9,23,8,3.398529093593286,0.15493635287029417,3,1.9347474747474747,6.453949917596765,26.139484455265798,6.453949917596765,15.76085027562782,-7.144356489301382,1,374.0,0.00029141700360924006,478.0,0.0025309999473392963,501.0,0.00284512504003942,510.0,0.13274225004715845,False,492.0,0.03991066600428894,510.0,0,0
erdos_renyi,100,13,730,100,730,0.14747474747474748,14.6,25,5,3.57211421989835,0.1444224707883612,3,1.9515151515151514,4.451591094407894,27.718464761577486,4.451591094407894,15.52642219307982,-6.956486201576459,1,369.0,0.00029275001725181937,468.0,0.0024737920030020177,485.0,0.002782207971904427,483.0,0.278320082987193,False,489.0,0.03725579101592302,485.0,1,0
erdos_renyi,100,14,746,100,746,0.1507070707070707,14.92,24,9,3.061633550900565,0.13923683129511638,3,1.9244444444444444,7.176813296164835,26.904685699362624,7.176813296164835,15.574575628818852,-7.193946802565755,1,364.0,0.0002948329783976078,483.0,0.002538874978199601,493.0,0.0024677500477992,495.0,0.13233170798048377,False,493.0,0.035372457990888506,495.0,0,0
erdos_renyi,100,15,725,100,725,0.14646464646464646,14.5,26,6,3.670149860700514,0.1547304255667158,3,1.9597979797979799,5.103521695026209,28.00368484932261,5.103521695026209,15.48940179675856,-7.217469929370489,1,382.0,0.00029558298410847783,478.0,0.0021173330023884773,476.0,0.0031336669926531613,487.0,0.15737570804776624,False,489.0,0.039217624987941235,487.0,1,0
erdos_renyi,100,16,776,100,776,0.15676767676767678,15.52,25,8,3.3331066589594758,0.153699220278383,3,1.9183838383838383,6.9504873146936434,27.381546660683526,6.9504873146936434,16.303738656536012,-7.103809460237851,1,389.0,0.0003001250443048775,487.0,0.003405958996154368,497.0,0.002148957981262356,516.0,0.13505070802057162,False,513.0,0.039146624971181154,516.0,0,0
erdos_renyi,100,17,743,100,743,0.1501010101010101,14.86,24,8,3.6028322192408573,0.15029611129362105,3,1.9444444444444444,6.423145260567728,26.84441024277884,6.423145260567728,15.798003882786952,-7.419242915393661,1,384.0,0.00029250001534819603,489.0,0.0025057499879039824,494.0,0.0024454169906675816,499.0,0.1569312500068918,False,496.0,0.038573707977775484,499.0,0,0
erdos_renyi,100,18,805,100,805,0.16262626262626262,16.1,26,8,3.8065732621348563,0.16501949675711283,3,1.8997979797979798,6.750596871294773,28.441878460784384,6.750596871294773,17.033189245119758,-7.1712752742694645,1,411.0,0.0003062079777009785,520.0,0.0019132079905830324,523.0,0.0025824999902397394,529.0,0.1845499579794705,False,533.0,0.03891854197718203,529.0,1,0
erdos_renyi,100,19,737,100,737,0.14888888888888888,14.74,27,6,3.6017218104678768,0.15917662904118013,3,1.9517171717171717,5.285618511566848,28.99575016309359,5.285618511566848,15.659641459962643,-7.003451626131199,1,368.0,0.00029737502336502075,476.0,0.0021527920034714043,493.0,0.002831290999893099,492.0,0.133761000004597,False,487.0,0.0387785829952918,493.0,0,0
erdos_renyi,100,20,754,100,754,0.15232323232323233,15.08,22,7,3.3156598136720845,0.14646583859896553,3,1.9305050505050505,5.888082141066818,25.5753383943076,5.888082141066818,15.815030390148593,-7.331964239897168,1,376.0,0.0002935000229626894,492.0,0.0018090420053340495,508.0,0.0021009579650126398,511.0,0.1346467910334468,False,510.0,0.0394293749704957,511.0,0,0
erdos_renyi,100,21,700,100,700,0.1414141414141414,14.0,27,7,3.331666249791536,0.13539871967271347,3,1.9658585858585857,5.879673818071507,28.861739341951214,5.879673818071507,14.813282438328255,-6.84250784283844,1,368.0,0.0002864160342141986,452.0,0.0016866669757291675,467.0,0.0026884159888140857,470.0,0.1574199580354616,False,473.0,0.03772679198300466,470.0,1,0
erdos_renyi,100,22,768,100,768,0.15515151515151515,15.36,23,9,3.6729279873147527,0.1484324576912745,3,1.9266666666666667,6.855567284188461,26.739236200842395,6.855567284188461,16.280839214428813,-7.226777142373479,1,402.0,0.00030037498800083995,497.0,0.002227458986453712,500.0,0.0021345829591155052,512.0,0.13552954199258238,False,514.0,0.03785770898684859,512.0,1,0
erdos_renyi,100,23,733,100,733,0.1480808080808081,14.66,24,5,3.5950521553935766,0.1523601966750439,3,1.949090909090909,4.5802920040194905,26.770388423535955,4.5802920040194905,15.573633569484137,-7.193370138520902,1,374.0,0.00029683299362659454,472.0,0.0017578749684616923,484.0,0.002777624991722405,498.0,0.13447158300550655,False,479.0,0.037296790978871286,498.0,0,0
erdos_renyi,100,24,754,100,754,0.15232323232323233,15.08,25,4,3.695077807029238,0.15167461267662508,3,1.9393939393939394,3.66399580851709,27.25848921508988,3.66399580851709,16.01257693564576,-6.986245938124813,1,396.0,0.00030466599855571985,490.0,0.0021722910460084677,484.0,0.002860290987882763,501.0,0.13625841599423438,False,494.0,0.03576762496959418,501.0,0,0
erdos_renyi,100,25,745,100,745,0.1505050505050505,14.9,24,6,3.357082066318904,0.14361533189817616,3,1.943030303030303,5.131583007449403,26.722224737608357,5.131583007449403,15.677326524998069,-7.020778349036278,1,387.0,0.00029683299362659454,491.0,0.0028889590175822377,486.0,0.0024465829483233392,500.0,0.13528883398976177,False,500.0,0.038968333043158054,500.0,0,1
erdos_renyi,100,26,729,100,729,0.14727272727272728,14.58,22,7,3.332206476195615,0.13984424656870476,3,1.9543434343434343,5.785722698888651,25.01448481156549,5.785722698888651,15.357195016818391,-7.114699898179694,1,359.0,0.00028916698647662997,483.0,0.0017530409968458116,491.0,0.003477041027508676,499.0,0.13302354101324454,False,484.0,0.03841712500434369,499.0,0,0
erdos_renyi,100,27,751,100,751,0.15171717171717172,15.02,24,7,3.611038631751258,0.15676591306272286,3,1.9325252525252525,6.156814304878797,26.704633380413775,6.156814304878797,15.843460312092176,-7.0213511413668845,1,352.0,0.0002873340272344649,485.0,0.001810166984796524,482.0,0.0024754159967415035,496.0,0.15772754099452868,False,498.0,0.038944915984757245,496.0,1,0
erdos_renyi,100,28,794,100,794,0.1604040404040404,15.88,25,7,3.9529229691457433,0.16622639658168667,3,1.9056565656565656,6.3427679856938886,28.19181069513616,6.3427679856938886,16.85548739554939,-6.935547503639871,1,394.0,0.00030324998078867793,521.0,0.0030820000101812184,510.0,0.0025607910356484354,523.0,0.13560350000625476,False,516.0,0.03911020798841491,523.0,0,0
erdos_renyi,100,29,746,100,746,0.1507070707070707,14.92,23,8,3.198999843701153,0.14773651886543931,3,1.937979797979798,6.6817189089121864,25.624001000061305,6.6817189089121864,15.667108094010931,-7.082102685544416,1,356.0,0.0002905420260503888,469.0,0.0014216250274330378,494.0,0.002451874956022948,499.0,0.15633341600187123,False,496.0,0.035090124991256744,499.0,0,0
erdos_renyi,200,0,2934,200,2934,0.14743718592964825,29.34,42,15,4.682349837421378,0.1469145312621697,3,1.8622613065326634,14.10090013173074,45.86325894464875,14.10090013173074,30.093818006054946,-10.15499592524083,1,1518.0,0.000794457970187068,1790.0,0.006867250020150095,1819.0,0.011347167019266635,1806.0,0.6163553749793209,False,1796.0,0.0801806669915095,1819.0,0,0
erdos_renyi,200,1,2989,200,2989,0.15020100502512562,29.89,46,13,5.101754600135134,0.15411173360786326,3,1.860854271356784,12.111225279651615,48.80155998231237,12.111225279651615,30.80687955528206,-9.73496362888168,1,1500.0,0.0007844159845262766,1809.0,0.01528087496990338,1836.0,0.012153457966633141,1828.0,0.6103378750267439,False,1831.0,0.07631262502400205,1836.0,0,0
erdos_renyi,200,2,3137,200,3137,0.15763819095477388,31.37,45,16,5.425228105803479,0.1625115581188453,3,1.8493467336683418,14.790975199991518,48.456818226538324,14.790975199991518,32.33423435963449,-9.94737738953096,1,1533.0,0.0008190419757738709,1891.0,0.006949500006157905,1896.0,0.011097875016275793,1908.0,0.6084206670057029,False,1918.0,0.08454291598172858,1908.0,1,0
erdos_renyi,200,3,2831,200,2831,0.1422613065326633,28.31,43,16,5.244416078077711,0.14320515203951378,3,1.8739195979899497,14.582213197458385,46.60824380192888,14.582213197458385,29.281274763830545,-10.055776573986279,1,1373.0,0.0007449580007232726,1737.0,0.006300083012320101,1757.0,0.011695583001710474,1759.0,0.6147650000057183,False,1765.0,0.07423187501262873,1759.0,1,0
erdos_renyi,200,4,3034,200,3034,0.15246231155778894,30.34,45,17,5.341760009584856,0.1526381919787899,3,1.8550251256281407,15.709566561758116,48.85226484439993,15.709566561758116,31.272596300763624,-10.430140409378076,1,1556.0,0.0008050420437939465,1849.0,0.014086165989283472,1855.0,0.012322082999162376,1865.0,0.7068686250131577,False,1871.0,0.07697845803340897,1865.0,1,0
erdos_renyi,200,5,2944,200,2944,0.1479396984924623,29.44,46,15,5.270332057849865,0.15158062492118082,3,1.8639195979899497,13.902037920538513,48.90448750053508,13.902037920538513,30.385272009008972,-10.13038679981456,1,1449.0,0.0007747500203549862,1788.0,0.00797625002451241,1818.0,0.01244395796675235,1824.0,0.7320372919784859,False,1827.0,0.07864691695431247,1824.0,1,0
erdos_renyi,200,6,2997,200,2997,0.15060301507537688,29.97,47,17,5.3450070158981084,0.15395594059451118,3,1.8580904522613064,15.808862412257115,49.78851465359071,15.808862412257115,30.929638012072964,-10.07957630926433,1,1509.0,0.0007910410058684647,1797.0,0.008037791994865984,1829.0,0.012151416973210871,1836.0,1.1905577500001527,False,1843.0,0.07774374994914979,1836.0,1,0
erdos_renyi,200,7,2971,200,2971,0.1492964824120603,29.71,43,16,5.30621333909597,0.15483430929933278,3,1.8625125628140704,14.488530332032745,47.16826728392242,14.488530332032745,30.661647886648417,-10.540989164036802,1,1488.0,0.0007812079857103527,1775.0,0.007996875036042184,1833.0,0.01067033299477771,1840.0,8.019471000006888,False,1840.0,0.07677941699512303,1840.0,0,1
erdos_renyi,200,8,2912,200,2912,0.14633165829145728,29.12,46,16,4.84413046892835,0.14656846154402609,3,1.8650753768844222,14.815508230391314,48.47766250257331,14.815508230391314,29.93061118609743,-9.822309376755712,1,1467.0,0.0007708749617449939,1774.0,0.007859416014980525,1797.0,0.011924582999199629,1805.0,0.7053354590316303,False,1812.0,0.0759828329901211,1805.0,1,0
erdos_renyi,200,9,3042,200,3042,0.1528643216080402,30.42,47,16,5.309764589885319,0.15617891622643318,3,1.8560301507537689,14.784229664775093,49.75081820219387,14.784229664775093,31.370870123555825,-10.334700685584183,1,1539.0,0.0008019999950192869,1876.0,0.014135707984678447,1839.0,0.01094654097687453,1869.0,0.738436833024025,False,1847.0,0.07846662495285273,1876.0,0,0
erdos_renyi,200,10,3006,200,3006,0.15105527638190955,30.06,46,18,4.9067708322276475,0.15111488009659876,3,1.8587939698492462,16.229193666024177,49.0689266138658,16.229193666024177,30.882408352431916,-10.474765005038927,1,1498.0,0.0007911659777164459,1822.0,0.008107916975859553,1844.0,0.01216620800551027,1860.0,0.7320010000257753,False,1866.0,0.07884287502383813,1860.0,1,0
erdos_renyi,200,11,2916,200,2916,0.1465326633165829,29.16,47,17,5.225361231532228,0.1482049096576956,3,1.8660301507537689,15.66114670434838,49.53516410067834,15.66114670434838,30.11166019275486,-10.135977502293674,1,1464.0,0.0007674159714952111,1786.0,0.007835958967916667,1807.0,0.017505375028122216,1811.0,0.7062327080057003,False,1789.0,0.07635370799107477,1811.0,0,0
erdos_renyi,200,12,2949,200,2949,0.14819095477386934,29.49,41,18,5.002989106524218,0.14953711802176853,3,1.8619095477386935,16.245385677065926,45.27961924244283,16.245385677065926,30.346948490358237,-9.988545548119385,1,1349.0,0.0007402920164167881,1794.0,0.009392915992066264,1811.0,0.010602958034723997,1827.0,0.6377617079997435,False,1829.0,0.07623570802388713,1827.0,1,0
erdos_renyi,200,13,2914,200,2914,0.1464321608040201,29.14,43,17,5.223064234718926,0.14758035344620357,3,1.8658793969849246,14.795143019313448,46.29855533642562,14.795143019313448,30.07853799985857,-9.755062922375,1,1469.0,0.0007755419937893748,1774.0,0.009219333005603403,1784.0,0.014631666999775916,1803.0,0.7147355419583619,False,1806.0,0.0778312089969404,1803.0,1,0
erdos_renyi,200,14,3034,200,3034,0.15246231155778894,30.34,46,19,5.452008804101475,0.15616555741523747,3,1.8548241206030152,17.384889495298975,48.956332779114035,17.384889495298975,31.319613659119742,-9.898342601129507,1,1512.0,0.0007936669862829149,1843.0,0.008146834035869688,1850.0,0.013990458042826504,1861.0,0.6332470420165919,False,1853.0,0.07724945899099112,1861.0,0,0
erdos_renyi,200,15,3007,200,3007,0.15110552763819096,30.07,43,19,4.9401518195294365,0.15185540343661375,3,1.8578391959798994,16.896336886128267,46.12919975515562,16.896336886128267,30.895881204118247,-9.90447318980166,1,1560.0,0.0007979999645613134,1810.0,0.009499915991909802,1847.0,0.012174959003459662,1847.0,0.6173596659791656,False,1837.0,0.07535154098877683,1847.0,0,0
erdos_renyi,200,16,3026,200,3026,0.1520603015075377,30.26,45,19,4.803373814310104,0.15086853309767942,3,1.855175879396985,17.014495275141066,47.83581239175393,17.014495275141066,31.05475693451116,-9.900161012628853,1,1499.0,0.0007842909544706345,1811.0,0.008132541959639639,1847.0,0.01233612495707348,1853.0,0.6068452500039712,False,1853.0,0.16826029098592699,1853.0,0,1
erdos_renyi,200,17,3072,200,3072,0.15437185929648242,30.72,44,17,4.82095426238416,0.15452411694218687,3,1.8516582914572863,15.929176984237994,47.93935842261904,15.929176984237994,31.464375408615865,-9.905910279534176,1,1542.0,0.0008059589890763164,1873.0,0.011366375023499131,1875.0,0.012482458958402276,1890.0,0.6172094580251724,False,1886.0,0.07868858298752457,1890.0,0,0
erdos_renyi,200,18,3133,200,3133,0.15743718592964825,31.33,46,12,5.117724103544465,0.15661716789507735,3,1.8492964824120603,11.450416503397467,48.73127838066864,11.450416503397467,32.17359426801861,-10.369022008448063,1,1549.0,0.0008090409683063626,1901.0,0.00996637501521036,1928.0,0.012611957965418696,1934.0,0.7165336250327528,False,1935.0,0.08012612501624972,1934.0,1,0
erdos_renyi,200,19,2997,200,2997,0.15060301507537688,29.97,42,16,5.040743992705839,0.15076258039582607,3,1.8593467336683418,14.844516910429917,46.199004952573866,14.844516910429917,30.823345466097003,-10.238188073957303,1,1502.0,0.0007890000124461949,1804.0,0.009475583035964519,1852.0,0.009467458992730826,1859.0,0.7311476659961045,False,1877.0,0.07733504200587049,1859.0,1,0
erdos_renyi,200,20,2954,200,2954,0.14844221105527639,29.54,43,19,5.194073545878996,0.15177928500240667,3,1.8614070351758794,17.127598742039993,46.74696098772075,17.127598742039993,30.464885645207282,-9.66958148296647,1,1460.0,0.0007753330282866955,1801.0,0.012232541979756206,1798.0,0.010660125000867993,1816.0,0.7334597080480307,False,1821.0,0.0764405409572646,1816.0,1,0
erdos_renyi,200,21,2842,200,2842,0.1428140703517588,28.42,49,15,5.138443344048857,0.1438585443383647,3,1.870753768844221,13.723691136222032,51.145986478822564,13.723691136222032,29.369803846551733,-10.158411930211143,1,1447.0,0.000762708019465208,1731.0,0.0063222909811884165,1766.0,0.011760582972783595,1790.0,0.7362671250011772,False,1762.0,0.07232412503799424,1790.0,0,0
erdos_renyi,200,22,2937,200,2937,0.14758793969849246,29.37,43,15,5.22140785612463,0.1475408489408706,3,1.8636683417085427,13.958243736947352,46.264889229657044,13.958243736947352,30.302689388852016,-9.828077423448125,1,1494.0,0.0007830830290913582,1785.0,0.007934625027701259,1811.0,0.012049333017785102,1809.0,0.6087252500001341,False,1812.0,0.07475537498248741,1811.0,1,0
erdos_renyi,200,23,2999,200,2999,0.1507035175879397,29.99,43,16,4.95781201741252,0.14997927128133332,3,1.857788944723618,14.987767025921963,46.38283938112524,14.987767025921963,30.827511816667318,-9.923347475530969,1,1500.0,0.0007847499800845981,1794.0,0.006613416015170515,1846.0,0.012334958009887487,1844.0,0.6053315420285799,False,1855.0,0.07497841597069055,1846.0,1,0
erdos_renyi,200,24,3047,200,3047,0.15311557788944724,30.47,49,18,5.237279828307821,0.1539982020523658,3,1.8547738693467337,16.08978410926648,51.317277403359384,16.08978410926648,31.405274863072123,-9.94434663028923,1,1536.0,0.000800957961473614,1835.0,0.011137166002299637,1849.0,0.015382584009785205,1872.0,0.6129248330253176,False,1876.0,0.0771585829788819,1872.0,1,0
erdos_renyi,200,25,3031,200,3031,0.15231155778894473,30.31,48,17,4.928884255082482,0.15523518707997078,3,1.8549246231155778,15.674005536490954,50.54026502044093,15.674005536490954,31.128076858567397,-9.813427795470176,1,1505.0,0.0007916250033304095,1859.0,0.009634583024308085,1850.0,0.013798207975924015,1862.0,0.6125704579753801,False,1847.0,0.07690420799190179,1862.0,0,0
erdos_renyi,200,26,2948,200,2948,0.14814070351758793,29.48,42,16,4.86719631821031,0.14782296484588942,3,1.862110552763819,14.853594446108984,46.10743491207808,14.853594446108984,30.29685527411599,-9.903169373845882,1,1493.0,0.0007845410145819187,1793.0,0.009383832977619022,1812.0,0.012031333986669779,1819.0,0.6070200410322286,False,1813.0,0.0769960840116255,1819.0,0,0
erdos_renyi,200,27,2953,200,2953,0.14839195979899497,29.53,40,18,4.753851070448042,0.15001030309179972,3,1.8618090452261307,16.474875164885276,44.641956064926134,16.474875164885276,30.304812306064285,-10.199638019026196,1,1513.0,0.0007872499991208315,1786.0,0.010803458048030734,1827.0,0.015006957983132452,1851.0,0.7122851670137607,False,1850.0,0.07605508400592953,1851.0,0,0
erdos_renyi,200,28,2981,200,2981,0.14979899497487437,29.81,44,20,4.751199848459334,0.15046319334716626,3,1.859748743718593,17.161730757218006,47.090985461570625,17.161730757218006,30.569646935017726,-9.944244429399264,1,1487.0,0.000783249968662858,1803.0,0.008018459018785506,1800.0,0.01211274997331202,1854.0,0.6248320000013337,False,1836.0,0.07616020797286183,1854.0,0,0
erdos_renyi,200,29,3017,200,3017,0.15160804020100502,30.17,42,17,4.868377553148482,0.1495659279104412,3,1.8558291457286433,15.871723249492453,46.11033062438096,15.871723249492453,30.95748960070305,-9.879597175537166,1,1497.0,0.0007857499876990914,1840.0,0.009595791983883828,1831.0,0.010824707977008075,1852.0,0.6223532090079971,False,1854.0,0.07860245904885232,1852.0,1,0
planted_partition,20,0,31,20,31,0.1631578947368421,3.1,5,1,1.2206555615733703,0.35833333333333334,6,2.8105263157894735,0.2480717228833038,6.74979055618006,0.2480717228833038,3.6348614483541146,-2.6718623664460788,1,16.0,0.00012562499614432454,25.0,0.00017358397599309683,25.0,0.00026237504789605737,25.0,0.11360262497328222,False,25.0,0.022946500044781715,25.0,0,1
planted_partition,20,1,37,20,37,0.19473684210526315,3.7,7,1,1.4866068747318506,0.26,5,2.4947368421052634,0.32780609153604556,8.390588922902353,0.32780609153604556,4.5283305873278215,-2.7903031332553723,1,16.0,0.00012520799646154046,28.0,0.0002097089891321957,29.0,0.00026883400278165936,30.0,0.0091876249643974,False,29.0,0.024534250027500093,30.0,0,0
planted_partition,20,2,35,20,35,0.18421052631578946,3.5,6,1,1.4317821063276353,0.2033333333333333,6,3.0210526315789474,0.11448895409138318,8.079531347222042,0.11448895409138318,4.5558674510893,-3.1006283901582057,1,13.0,0.0001206250162795186,26.0,0.00015829101903364062,29.0,0.0002633329713717103,29.0,0.007101625029463321,False,29.0,0.023954792006406933,29.0,0,1
planted_partition,20,3,34,20,34,0.17894736842105263,3.4,5,1,1.1575836902790226,0.25,5,2.6578947368421053,0.339985004105665,7.221127782962141,0.339985004105665,3.8636411384180214,-2.8675475768812353,1,16.0,0.00012045801850035787,23.0,0.00017737498274073005,27.0,0.0002636670251376927,29.0,0.0089053749688901,False,29.0,0.024231625022366643,29.0,0,1
planted_partition,20,4,46,20,46,0.24210526315789474,4.6,8,1,1.6852299546352718,0.37214285714285716,5,2.2473684210526317,0.4789124480064301,9.426688428517085,0.4789124480064301,5.502551128380847,-3.1324832384448382,1,21.0,0.00012408301699906588,31.0,0.00019758398411795497,35.0,0.00028500001644715667,35.0,0.008874083985574543,False,32.0,0.023406875028740615,35.0,0,0
planted_partition,20,5,35,20,35,0.18421052631578946,3.5,6,1,1.161895003862225,0.4533333333333333,6,2.805263157894737,0.2223130515367595,7.6702558583007985,0.2223130515367595,3.8515136614913006,-2.9837582642489293,1,20.0,0.00012050004443153739,28.0,0.0001562919933348894,27.0,0.00026108301244676113,28.0,0.00838524999562651,False,27.0,0.02406387496739626,28.0,0,0
planted_partition,20,6,36,20,36,0.18947368421052632,3.6,6,2,1.1575836902790226,0.4,6,3.1157894736842104,0.1121711801371834,7.50464675738578,0.1121711801371834,4.252826850623365,-2.9069882519267893,1,22.0,0.0001194169744849205,24.0,0.00015487498603761196,28.0,0.00026983401039615273,29.0,0.01212491700425744,False,27.0,0.022820374986622483,29.0,0,0
planted_partition,20,7,36,20,36,0.18947368421052632,3.6,6,1,1.3928388277184118,0.42833333333333334,5,2.5631578947368423,0.31849776375074723,7.801453906362659,0.31849776375074723,4.2037704497475765,-2.935863029966384,1,18.0,0.00012224999954923987,28.0,0.00018158298917114735,27.0,0.0002484159776940942,28.0,0.03460870904382318,False,28.0,0.023929000017233193,28.0,0,1
planted_partition,20,8,38,20,38,0.2,3.8,8,2,1.4696938456699067,0.5266666666666666,5,2.6789473684210527,0.20234455779364982,9.251220775373774,0.20234455779364982,4.704371139374617,-2.646547659551728,1,25.0,0.0001212499919347465,27.0,0.00018316699424758554,27.0,0.0002673749695532024,29.0,0.011644374986644834,False,29.0,0.024336415983270854,29.0,0,1
planted_partition,20,9,37,20,37,0.19473684210526315,3.7,7,1,1.7349351572897473,0.3142857142857143,4,2.3473684210526318,0.4012080044454366,8.747337046365669,0.4012080044454366,4.595063480668015,-2.9074264293316907,1,18.0,0.00012375001097097993,23.0,0.00016150000737980008,29.0,0.0002717080060392618,30.0,0.008758457959629595,False,29.0,0.023597374965902418,30.0,0,0
planted_partition,20,10,34,20,34,0.17894736842105263,3.4,7,1,1.42828568570857,0.34285714285714286,9,3.778947368421053,0.07047234391835087,8.036305063462901,0.07047234391835087,4.6905625302089575,-2.9302103851519954,1,18.0,0.00012041698209941387,27.0,0.0001573750050738454,26.0,0.00026408402482047677,28.0,0.010827084013726562,False,25.0,0.024374375003390014,28.0,0,0
planted_partition,20,11,28,20,28,0.14736842105263157,2.8,5,1,1.2083045973594573,0.2816666666666666,6,2.8684210526315788,0.24813038609598195,7.191799595396059,0.24813038609598195,3.330740481438754,-2.8895086969502244,1,21.0,0.00012066698400303721,24.0,0.00015166698722168803,24.0,0.00025287503376603127,24.0,0.008710459049325436,False,23.0,0.024119457986671478,24.0,0,0
planted_partition,20,12,44,20,44,0.23157894736842105,4.4,7,1,1.4628738838327795,0.41238095238095235,4,2.2,0.5184681644151049,8.88438886050825,0.5184681644151049,5.02718174545905,-3.0643989535270246,1,22.0,0.00012429204070940614,29.0,0.0001680420245975256,33.0,0.00025654095225036144,35.0,0.007960666029248387,False,33.0,0.024347250000573695,35.0,0,0
planted_partition,20,13,41,20,41,0.21578947368421053,4.1,8,1,1.9467922333931784,0.42404761904761906,4,2.1736842105263157,0.7698027295685368,9.94360709469617,0.7698027295685368,4.942210753918971,-3.0999144437499764,1,21.0,0.00012041698209941387,29.0,0.00016475003212690353,30.0,0.0002727080136537552,32.0,0.007935333997011185,False,32.0,0.023941083054523915,32.0,0,1
planted_partition,20,14,42,20,42,0.22105263157894736,4.2,6,1,1.4352700094407322,0.4616666666666666,5,2.389473684210526,0.4452266325117004,8.38146318083647,0.4452266325117004,4.884563109149883,-2.99732678574369,1,22.0,0.0001235000090673566,30.0,0.00019104202510789037,30.0,0.0002739580231718719,32.0,0.007836999953724444,False,32.0,0.024106834025587887,32.0,0,1
planted_partition,20,15,36,20,36,0.18947368421052632,3.6,6,1,1.392838827718412,0.20666666666666664,5,2.4157894736842107,0.42596245367740043,7.965422305534794,0.42596245367740043,4.255555171804075,-3.006195253783733,1,22.0,0.00012437498662620783,28.0,0.00015829200856387615,28.0,0.00026633398374542594,29.0,0.007201750006061047,False,29.0,0.02346666605444625,29.0,0,1
planted_partition,20,16,38,20,38,0.2,3.8,6,1,1.469693845669907,0.3783333333333333,5,2.357894736842105,0.4666033909369261,8.215288727209467,0.4666033909369261,4.375050157821755,-2.976963801846199,1,16.0,0.00012145895743742585,29.0,0.00016495800809934735,28.0,0.00027662498177960515,30.0,0.008100082981400192,False,30.0,0.024175916973035783,30.0,0,1
planted_partition,20,17,40,20,40,0.21052631578947367,4.0,8,2,1.70293863659264,0.385,5,2.3526315789473684,0.43851124721317253,9.434122225162959,0.43851124721317253,4.7151473139047955,-2.920775712028602,1,22.0,0.00012412498472258449,30.0,0.00019120803335681558,30.0,0.0002734999870881438,31.0,0.008109083981253207,False,29.0,0.02143166703172028,31.0,0,0
planted_partition,20,18,36,20,36,0.18947368421052632,3.6,6,1,1.4628738838327793,0.4033333333333333,5,2.6789473684210527,0.2683384684401631,7.739049628372996,0.2683384684401631,4.276534110247731,-2.961693630432772,1,17.0,0.0001247919863089919,28.0,0.00016045902157202363,30.0,0.00026608299231156707,30.0,0.013326750020496547,False,27.0,0.023859500011894852,30.0,0,0
planted_partition,20,19,34,20,34,0.17894736842105263,3.4,5,1,1.1135528725660044,0.315,5,2.5157894736842104,0.44378273182570105,7.120132674215554,0.44378273182570105,3.802507082717659,-2.7697174676094467,1,18.0,0.00012391700875014067,23.0,0.00015654199523851275,27.0,0.0002650410169735551,27.0,0.00787362497067079,False,26.0,0.021942791994661093,27.0,0,0
planted_partition,20,20,31,20,31,0.1631578947368421,3.1,7,1,1.3,0.35547619047619045,7,2.957894736842105,0.2061792902305579,8.356922314705502,0.2061792902305579,3.7344598135832037,-2.827643782457718,1,11.0,0.00012154103023931384,26.0,0.00017141597345471382,25.0,0.00025779101997613907,26.0,0.010754041955806315,False,25.0,0.02334308298304677,26.0,0,0
planted_partition,20,21,36,20,36,0.18947368421052632,3.6,6,1,1.2409673645990857,0.25666666666666665,5,2.526315789473684,0.37682266519235236,7.9961316149088075,0.37682266519235236,4.090382052917265,-3.0933689908125146,1,19.0,0.00011995795648545027,27.0,0.00016029103426262736,27.0,0.0002467499580234289,29.0,0.007312458008527756,False,28.0,0.023975124990101904,29.0,0,0
planted_partition,20,22,41,20,41,0.21578947368421053,4.1,8,2,1.5132745950421556,0.6913095238095238,7,2.9526315789473685,0.13627079961148927,9.192733097389649,0.13627079961148927,5.048771115258148,-2.6644475651270088,1,15.0,0.00012070900993421674,29.0,0.00018558400915935636,30.0,0.0002757079782895744,31.0,0.00809266697615385,False,28.0,0.021534750005230308,31.0,0,0
planted_partition,20,23,28,20,28,0.14736842105263157,2.8,5,1,1.1224972160321824,0.23166666666666663,7,3.2526315789473683,0.14968680959757094,6.488347043616944,0.14968680959757094,3.3027548385546934,-2.777578735598856,1,13.0,0.00011437502689659595,23.0,0.00016729196067899466,24.0,0.00023616699036210775,24.0,0.011655791022349149,False,24.0,0.02318791695870459,24.0,0,1
planted_partition,20,24,36,20,36,0.18947368421052632,3.6,6,1,1.2806248474865698,0.29333333333333333,5,2.4,0.530827086381886,7.803772540043133,0.530827086381886,4.126346035456056,-3.0629445356857117,1,16.0,0.00012104201596230268,28.0,0.00018129200907424092,28.0,0.000272583041805774,29.0,0.008047749986872077,False,28.0,0.023662917024921626,29.0,0,0
planted_partition,20,25,34,20,34,0.17894736842105263,3.4,7,1,1.42828568570857,0.3861904761904762,7,3.0631578947368423,0.12135893613727275,8.422912819914993,0.12135893613727275,4.045393050265834,-2.9089383950903547,1,15.0,0.00011920899851247668,24.0,0.0001568750012665987,27.0,0.00026237498968839645,28.0,0.10522712505189702,False,28.0,0.023287291987799108,28.0,0,1
planted_partition,20,26,37,20,37,0.19473684210526315,3.7,6,1,1.0535653752852738,0.2033333333333333,4,2.4842105263157896,0.4534995426642118,7.732234835257487,0.4534995426642118,4.25962132492675,-3.110458517122525,1,22.0,0.00012700003571808338,31.0,0.0001842500059865415,31.0,0.00027133297407999635,31.0,0.0090472919982858,False,28.0,0.020539792021736503,31.0,0,0
planted_partition,20,27,34,20,34,0.17894736842105263,3.4,6,1,1.5620499351813308,0.315,5,2.6894736842105265,0.31749618804121843,8.103523117473856,0.31749618804121843,4.432011869579954,-2.73986174724889,1,19.0,0.00012212496949359775,25.0,0.00016141601372510195,27.0,0.0002423750120215118,27.0,0.06839608302107081,False,25.0,0.020040583971422166,27.0,0,0
planted_partition,20,28,34,20,34,0.17894736842105263,3.4,5,1,1.019803902718557,0.49833333333333335,9,3.668421052631579,0.07927123044447146,6.370501952022536,0.07927123044447146,3.7495403477936597,-2.4315776500592134,1,20.0,0.00012112502008676529,24.0,0.00015858298866078258,25.0,0.0002632500254549086,26.0,0.008003291964996606,False,26.0,0.023550332989543676,26.0,0,1
planted_partition,20,29,43,20,43,0.22631578947368422,4.3,7,1,1.4177446878757824,0.3161904761904762,4,2.236842105263158,0.6325031680076144,8.903298015720262,0.6325031680076144,4.945632310673534,-3.2783368906007975,1,23.0,0.00012199999764561653,31.0,0.00016850000247359276,34.0,0.00027954200049862266,34.0,0.007202874985523522,False,34.0,0.023452334047760814,34.0,0,1
planted_partition,50,0,245,50,245,0.2,9.8,16,3,2.4,0.36356970806970806,4,2.045714285714286,1.7498848366949433,18.447883371852587,1.7498848366949433,10.401919812582454,-4.669366727147203,1,130.0,0.00017508299788460135,159.0,0.0005460420507006347,162.0,0.0009102079784497619,165.0,0.03670050000073388,False,164.0,0.027357041952200234,165.0,0,0
planted_partition,50,1,232,50,232,0.1893877551020408,9.28,15,5,2.1821090715177367,0.37232889332889335,4,2.122448979591837,1.6017649387802273,16.786292168991835,1.6017649387802273,9.815091803505746,-4.476405721736327,1,115.0,0.00016974995378404856,156.0,0.0006407499895431101,152.0,0.0008856250206008554,160.0,0.03521262505091727,False,158.0,0.028309708985034376,160.0,0,0
planted_partition,50,2,249,50,249,0.20326530612244897,9.96,16,4,2.1905250512148906,0.3854323454323454,4,2.08,1.5873283395083702,17.729698901784577,1.5873283395083702,10.744603598959339,-5.001448773954602,1,120.0,0.0001724159810692072,168.0,0.0006767080049030483,161.0,0.0009144580108113587,173.0,0.03672704100608826,False,164.0,0.028575000003911555,173.0,0,0
planted_partition,50,3,241,50,241,0.19673469387755102,9.64,16,5,2.3559286916203552,0.3770182595182595,4,2.088979591836735,1.6519896965876375,17.740694883273196,1.6519896965876375,10.266226452911804,-4.750168103121639,1,120.0,0.00017216696869581938,161.0,0.0005373749881982803,158.0,0.0009010409703478217,167.0,0.036894834018312395,False,161.0,0.027817290974780917,167.0,0,0
planted_partition,50,4,245,50,245,0.2,9.8,14,5,2.08806130178211,0.36394605394605395,4,2.0742857142857143,1.7057754847400215,16.655073095445882,1.7057754847400215,10.271495727513326,-5.283475587384158,1,133.0,0.00017429102445021272,165.0,0.0005435830098576844,172.0,0.0009064169717021286,172.0,0.03631933400174603,False,172.0,0.028387749975081533,172.0,0,1
planted_partition,50,5,242,50,242,0.19755102040816327,9.68,14,4,2.318965286501719,0.3700927960927961,4,2.1020408163265305,1.2098205032599647,16.763325129940007,1.2098205032599647,10.279188263753861,-4.896943171568178,1,132.0,0.00017395796021446586,164.0,0.0006612500292249024,164.0,0.0007793750264681876,167.0,0.0480327500263229,False,168.0,0.027845333970617503,167.0,1,0
planted_partition,50,6,238,50,238,0.19428571428571428,9.52,14,5,2.193080025899648,0.3785914085914086,4,2.1175510204081633,1.3173977740895992,17.0009944063459,1.3173977740895992,10.045314053936142,-4.957158320403728,1,117.0,0.0001687500043772161,153.0,0.0005377080524340272,161.0,0.0008848750148899853,162.0,0.03648825001437217,False,162.0,0.028927042032592,162.0,0,1
planted_partition,50,7,245,50,245,0.2,9.8,16,5,2.6381811916545836,0.3690627150627151,4,2.0506122448979593,1.7749719144621199,17.98396045205743,1.7749719144621199,11.032594526499938,-4.715589558348076,1,118.0,0.0001688330085016787,162.0,0.0006690419977530837,164.0,0.0009012079681269825,165.0,0.05593541695270687,False,164.0,0.027396957972086966,165.0,0,0
planted_partition,50,8,229,50,229,0.18693877551020407,9.16,14,3,2.4113066996962456,0.3416974136974137,4,2.1330612244897957,1.4663937626342656,16.57984567967017,1.4663937626342656,9.984837827662949,-4.9177547109713045,1,110.0,0.00016791699454188347,158.0,0.0008725000079721212,159.0,0.0007600830285809934,164.0,0.04886354104382917,False,164.0,0.028251375013496727,164.0,0,1
planted_partition,50,9,234,50,234,0.1910204081632653,9.36,16,5,2.2606193841511666,0.3936359751359751,4,2.1314285714285712,1.4339257545074793,17.66406131127779,1.4339257545074793,10.002930751130997,-4.6618481731398544,1,121.0,0.0001723330351524055,154.0,0.0005877919611521065,156.0,0.001059791014995426,158.0,0.03690125001594424,False,155.0,0.027039167005568743,158.0,0,0
planted_partition,50,10,219,50,219,0.17877551020408164,8.76,14,4,2.168501786948768,0.38153091353091356,4,2.246530612244898,0.7847919921515754,15.97090755872395,0.7847919921515754,9.308298530695353,-4.5881555109833085,1,88.0,0.00016087503172457218,140.0,0.000724625017028302,151.0,0.0009546670480631292,152.0,0.03642908297479153,False,151.0,0.02884945902042091,152.0,0,0
planted_partition,50,11,230,50,230,0.18775510204081633,9.2,15,5,2.3065125189341593,0.3381867021867022,4,2.1175510204081633,1.5343538852507643,17.11294621864443,1.5343538852507643,9.85072584650106,-4.864190074154289,1,113.0,0.00016658403910696507,146.0,0.0005197920254431665,156.0,0.0008689999813213944,161.0,0.04815879202215001,False,155.0,0.027162832964677364,161.0,0,0
planted_partition,50,12,247,50,247,0.2016326530612245,9.88,14,6,2.2058105086339577,0.370038406038406,4,2.0514285714285716,1.7503938803859014,16.754678064113232,1.7503938803859014,10.380598291611332,-4.847779528027036,1,123.0,0.00017187499906867743,165.0,0.0006714999908581376,168.0,0.0009064999758265913,170.0,0.03667599998880178,False,170.0,0.02596854098374024,170.0,0,1
planted_partition,50,13,241,50,241,0.19673469387755102,9.64,15,4,2.7695486996982015,0.375014763014763,4,2.0995918367346937,1.6139417755051708,17.258373040722898,1.6139417755051708,10.686142930518871,-4.648723866443226,1,107.0,0.0001658330438658595,158.0,0.0006608329713344574,155.0,0.0007791250245645642,165.0,0.03655954200075939,False,163.0,0.028655208996497095,165.0,0,0
planted_partition,50,14,229,50,229,0.18693877551020407,9.16,13,4,2.185040045399626,0.35025263625263625,4,2.1248979591836736,1.667414993057932,15.697001633648862,1.667414993057932,9.743514875938663,-4.798998163914547,1,111.0,0.0001682080328464508,151.0,0.0005182499880902469,152.0,0.0007605419959872961,157.0,0.048633665952365845,False,155.0,0.02861462498549372,157.0,0,0
planted_partition,50,15,233,50,233,0.19020408163265307,9.32,14,4,2.1488601629701267,0.3283513153513154,4,2.103673469387755,1.8624180182718881,15.877992410932325,1.8624180182718881,10.181900800676274,-4.800552851003418,1,125.0,0.00017212500097230077,156.0,0.0005250000394880772,159.0,0.0008868750301189721,162.0,0.03727362502831966,False,158.0,0.028863457962870598,162.0,0,0
planted_partition,50,16,248,50,248,0.20244897959183675,9.92,17,6,2.4886944368483648,0.40610421604539254,4,2.116734693877551,1.3184798153257298,18.416496722058202,1.3184798153257298,11.302145924796722,-4.513011233340375,1,118.0,0.0001723750028759241,163.0,0.0006747079896740615,156.0,0.0010278340196236968,170.0,0.0367031249916181,False,157.0,0.0283837920287624,170.0,0,0
planted_partition,50,17,231,50,231,0.18857142857142858,9.24,13,5,1.985547783358537,0.3241335331335331,4,2.0514285714285716,1.9688209973762691,15.361466333191803,1.9688209973762691,9.628525136110046,-4.873934785270011,1,114.0,0.00016741699073463678,150.0,0.0007556249620392919,156.0,0.0009956249850802124,164.0,0.041802374995313585,False,163.0,0.029141833947505802,164.0,0,0
planted_partition,50,18,261,50,261,0.21306122448979592,10.44,14,5,2.0411761315476915,0.35613186813186815,3,1.9730612244897958,2.5909024031845758,16.70597648433744,2.5909024031845758,10.84587549553017,-4.867165724294117,1,123.0,0.00017520802794024348,164.0,0.0005760830244980752,175.0,0.000943250022828579,177.0,0.036727249971590936,False,172.0,0.028918708965647966,177.0,0,0
planted_partition,50,19,245,50,245,0.2,9.8,17,5,2.537715508089904,0.3665524442877384,4,2.045714285714286,1.8015652772459188,18.7253149450274,1.8015652772459188,10.679280852435529,-4.7353675791780665,1,107.0,0.00016841699834913015,157.0,0.000544416019693017,162.0,0.0009055410046130419,166.0,0.04830916703213006,False,166.0,0.025571624981239438,166.0,0,1
planted_partition,50,20,219,50,219,0.17877551020408164,8.76,16,4,2.4458945193936716,0.3772272727272727,4,2.1951020408163266,1.1696607748113703,17.75348992014907,1.1696607748113703,9.480626884257916,-4.517512774430072,1,112.0,0.00016537494957447052,145.0,0.0007165829883888364,145.0,0.0007432920392602682,151.0,0.03635329200187698,False,149.0,0.027426499989815056,151.0,0,0
planted_partition,50,21,239,50,239,0.19510204081632654,9.56,14,6,2.0313542280951395,0.32026506826506823,4,2.057959183673469,1.9708971861748075,16.838657852033478,1.9708971861748075,10.050049388263577,-5.278326680965835,1,139.0,0.0002293750294484198,164.0,0.0005965839955024421,163.0,0.000962125021032989,166.0,0.03698129201075062,False,167.0,0.02811904199188575,166.0,1,0
planted_partition,50,22,249,50,249,0.20326530612244897,9.96,15,5,2.52950588060198,0.35566355866355864,4,2.0375510204081633,1.7908569032151385,17.334693814023204,1.7908569032151385,10.845504348961526,-4.7149468475599985,1,118.0,0.00017154199304059148,161.0,0.0005549160414375365,164.0,0.0010404580389149487,172.0,0.049031542032025754,False,167.0,0.025380292034242302,172.0,0,0
planted_partition,50,23,233,50,233,0.19020408163265307,9.32,15,5,2.436719105682885,0.33243811743811746,4,2.0979591836734692,1.845014527358779,17.12797247899983,1.845014527358779,10.090298392855708,-4.802831941594043,1,105.0,0.00016654201317578554,154.0,0.0005276669980958104,156.0,0.0008805000106804073,162.0,0.03644366702064872,False,160.0,0.02680712501751259,162.0,0,0
planted_partition,50,24,241,50,241,0.19673469387755102,9.64,16,6,2.1611108254784157,0.32658114108114106,3,2.045714285714286,2.0509088007653946,17.728579098223744,2.0509088007653946,10.274796221182212,-4.912453667365138,1,122.0,0.0001699170097708702,158.0,0.0005392080056481063,166.0,0.0009012080263346434,168.0,0.036517208034638315,False,167.0,0.028791750024538487,168.0,0,0
planted_partition,50,25,230,50,230,0.18775510204081633,9.2,14,5,2.2,0.3749005439005439,4,2.1314285714285712,1.656829666520377,15.90613807186873,1.656829666520377,9.924020648471442,-4.581139899784521,1,118.0,0.00017179199494421482,156.0,0.0006367910536937416,149.0,0.0007589170127175748,159.0,0.049231542041525245,False,153.0,0.02878141700057313,159.0,0,0
planted_partition,50,26,242,50,242,0.19755102040816327,9.68,16,5,2.2842066456430774,0.3555429015429016,4,2.057142857142857,1.955770553924438,17.72157268615797,1.955770553924438,10.253338807792806,-4.946046094468425,1,128.0,0.0001718329731374979,160.0,0.0007834999705664814,167.0,0.0009042919846251607,171.0,0.04863420804031193,False,163.0,0.028454250015784055,171.0,0,0
planted_partition,50,27,237,50,237,0.19346938775510203,9.48,17,3,2.692508124407427,0.39369572584278467,4,2.1314285714285712,1.3416549600623349,18.69615392068462,1.3416549600623349,10.82416008154188,-4.668624593866532,1,114.0,0.00016799999866634607,155.0,0.000536833016667515,159.0,0.0010069590061903,162.0,0.048703957989346236,False,161.0,0.02895816700765863,162.0,0,0
planted_partition,50,28,253,50,253,0.20653061224489797,10.12,15,6,2.312055362658948,0.3944820734820735,4,2.0261224489795917,1.9094528216616231,17.417567399690313,1.9094528216616231,10.634680827497345,-4.575688749456209,1,126.0,0.00017274997662752867,164.0,0.0005574999959208071,162.0,0.00091833301121369,169.0,0.03659175004577264,False,168.0,0.027944459056016058,169.0,0,0
planted_partition,50,29,252,50,252,0.2057142857142857,10.08,15,7,2.0769207977195467,0.3701478521478521,3,2.036734693877551,2.095141021549134,16.950558412256232,2.095141021549134,10.531131472880038,-4.978205597278372,1,132.0,0.00017179199494421482,172.0,0.0005584169994108379,170.0,0.0009229159913957119,173.0,0.04224729200359434,False,172.0,0.029908332973718643,173.0,0,0
planted_partition,100,0,942,100,942,0.1903030303030303,18.84,26,11,3.164553681010957,0.3495725384903606,3,1.9395959595959595,3.787268286042016,28.81471613855708,3.787268286042016,19.448974383413606,-6.801164204141431,1,492.0,0.0003327500307932496,595.0,0.002635125012602657,577.0,0.0028499169857241213,595.0,0.1626902089919895,False,588.0,0.03969291603425518,595.0,0,0
planted_partition,100,1,988,100,988,0.1995959595959596,19.76,26,12,3.215960198758685,0.3568359304244013,3,1.8933333333333333,4.5200021469836,29.67725983845965,4.5200021469836,20.3698543908504,-6.797015109426729,1,453.0,0.00033070804784074426,604.0,0.00324008398456499,620.0,0.0029329159879125655,616.0,0.13998020900180563,False,612.0,0.03583995799999684,620.0,0,0
planted_partition,100,2,996,100,996,0.2012121212121212,19.92,29,13,3.497656358191868,0.36932070362788544,3,1.8911111111111112,4.635349359972911,31.460346213036797,4.635349359972911,20.643963547270417,-6.706420023548547,1,502.0,0.00036991701927036047,604.0,0.003265291976276785,605.0,0.0034428329672664404,621.0,0.28777624998474494,False,615.0,0.04071920900605619,621.0,0,0
planted_partition,100,3,977,100,977,0.19737373737373737,19.54,29,11,3.424675167077894,0.35864688716626625,3,1.9052525252525252,4.637276360324431,31.260944593945524,4.637276360324431,20.194081871366627,-6.71398846276456,1,503.0,0.00033845799043774605,595.0,0.003199333033990115,598.0,0.003375082975253463,612.0,0.16170395904919133,False,603.0,0.037768958020024,612.0,0,0
planted_partition,100,4,998,100,998,0.2016161616161616,19.96,30,12,3.5522387307161662,0.37242967671244764,3,1.8965656565656566,4.12849265713628,32.25944731273914,4.12849265713628,20.73689238122924,-6.823829807480692,1,505.0,0.0003410839708521962,615.0,0.0022963329683989286,617.0,0.00341187504818663,625.0,0.1913939579972066,False,618.0,0.041439708962570876,625.0,0,0
planted_partition,100,5,976,100,976,0.19717171717171716,19.52,28,10,3.17011040817193,0.3484916527149533,3,1.9008080808080807,4.6439176945151175,30.26276915328884,4.6439176945151175,20.024113133119762,-6.980922035970037,1,522.0,0.0003421250148676336,597.0,0.002238707966171205,608.0,0.0033757080091163516,615.0,0.160849874955602,False,602.0,0.039884000027086586,615.0,0,0
planted_partition,100,6,970,100,970,0.19595959595959597,19.4,27,11,3.234192325759246,0.3622266107974077,3,1.9131313131313132,4.253260764987136,29.755914383989378,4.253260764987136,20.020272543261605,-6.996754188278713,1,492.0,0.00033895898377522826,610.0,0.004111416987143457,612.0,0.0038112079491838813,614.0,0.16140350000932813,False,591.0,0.03382133395643905,614.0,0,0
planted_partition,100,7,964,100,964,0.19474747474747475,19.28,26,11,3.1243559336285616,0.36767360443433267,3,1.928080808080808,4.068691664317458,29.04973987342239,4.068691664317458,19.81497799568748,-6.75080704870989,1,477.0,0.00033416703809052706,599.0,0.0022250000038184226,594.0,0.0028717080131173134,603.0,0.2099883749615401,False,604.0,0.037034833047073334,603.0,1,0
planted_partition,100,8,969,100,969,0.19575757575757577,19.38,28,14,2.982549245192777,0.3534482910365735,3,1.914949494949495,4.329397566039113,30.392539576629545,4.329397566039113,19.845449294490894,-6.903769586548246,1,477.0,0.00033733301097527146,572.0,0.0022307089529931545,591.0,0.0033533750101923943,611.0,0.16157720796763897,False,611.0,0.034216292027849704,611.0,0,1
planted_partition,100,9,993,100,993,0.2006060606060606,19.86,28,11,3.085514543799786,0.368937324955995,3,1.899191919191919,4.469992352215261,30.040992629716392,4.469992352215261,20.331548067196966,-6.920278056913492,1,486.0,0.0003376249806024134,595.0,0.002774125023279339,612.0,0.0034307080204598606,622.0,0.18823820899706334,False,610.0,0.03745883301598951,622.0,0,0
planted_partition,100,10,980,100,980,0.19797979797979798,19.6,26,12,3.003331483536241,0.39035470510629344,3,1.9323232323232322,3.9579922064307977,29.270643011408698,3.9579922064307977,20.071104537862656,-6.635654435346064,1,469.0,0.0003654159954749048,601.0,0.0022798749851062894,606.0,0.0035625830059871078,614.0,0.16538037499412894,False,599.0,0.034093749942258,614.0,0,0
planted_partition,100,11,969,100,969,0.19575757575757577,19.38,28,9,3.2581589893680754,0.37080831051436114,3,1.931111111111111,3.7344974744687303,30.414589609797616,3.7344974744687303,20.006505258234075,-6.614573402147784,1,479.0,0.00033491698559373617,587.0,0.0022399169974960387,586.0,0.002886875008698553,604.0,0.16153429099358618,False,601.0,0.03569445898756385,604.0,0,0
planted_partition,100,12,951,100,951,0.1921212121212121,19.02,29,9,3.5971655508191445,0.36644547961198737,3,1.9387878787878787,3.7788525557111887,31.201143787352716,3.7788525557111887,19.791301518965437,-6.791516378314611,1,479.0,0.0003343750140629709,588.0,0.0040437920251861215,586.0,0.002857165993191302,597.0,0.16952520800987259,False,587.0,0.03469887498067692,597.0,0,0
planted_partition,100,13,972,100,972,0.19636363636363635,19.44,27,12,3.281219285570533,0.36746013649731507,3,1.9359595959595959,3.9363246577122277,30.13780494630991,3.9363246577122277,20.06290472626451,-7.506647466259533,1,493.0,0.00034070899710059166,610.0,0.0022441669716499746,628.0,0.00335612497292459,621.0,0.16003991599427536,False,614.0,0.035006374993827194,628.0,0,0
planted_partition,100,14,934,100,934,0.18868686868686868,18.68,26,10,3.692912130013386,0.3563853902666933,3,1.9446464646464647,4.0320204072959775,28.906523420266794,4.0320204072959775,19.400496919505386,-6.830181063302971,1,466.0,0.0003345410223118961,585.0,0.0026254580006934702,585.0,0.0032759589958004653,595.0,0.13688316702609882,False,595.0,0.037028833001386374,595.0,0,1
planted_partition,100,15,1006,100,1006,0.20323232323232324,20.12,29,13,3.2039975031201258,0.3945394688119891,3,1.9072727272727272,3.890409086282137,31.160083082182886,3.890409086282137,20.70252317897043,-6.545417415508786,1,502.0,0.00036524998722597957,601.0,0.0023529999889433384,617.0,0.004042625019792467,626.0,0.16464329103473574,False,626.0,0.04523449996486306,626.0,0,1
planted_partition,100,16,1007,100,1007,0.20343434343434344,20.14,31,11,3.5525202321732103,0.38137134435311987,3,1.8993939393939394,4.242877248900785,33.502632177110826,4.242877248900785,21.040315003223682,-6.746853233700703,1,495.0,0.00041512498864904046,607.0,0.004281667002942413,612.0,0.00715791602851823,628.0,0.17835570801980793,False,606.0,0.03531558404210955,628.0,0,0
planted_partition,100,17,966,100,966,0.19515151515151516,19.32,29,10,3.9009742372899616,0.3689062154458769,3,1.917171717171717,3.991028215202295,31.55122184255113,3.991028215202295,20.17292596390064,-6.7315405356780085,1,491.0,0.0003899579751305282,586.0,0.0023410419817082584,586.0,0.0031495410366915166,606.0,0.17205529200145975,False,597.0,0.03664291702443734,606.0,0,0
planted_partition,100,18,1009,100,1009,0.20383838383838385,20.18,28,13,3.491074333210337,0.384424054043801,3,1.9044444444444444,4.331286251631108,31.086343775273797,4.331286251631108,20.76613804757657,-6.7950004889924935,1,489.0,0.000394917035009712,617.0,0.003731124976184219,629.0,0.0034541249624453485,634.0,0.17553266597678885,False,618.0,0.042390374990645796,634.0,0,0
planted_partition,100,19,940,100,940,0.1898989898989899,18.8,27,12,3.249615361854384,0.346466571300304,3,1.9343434343434343,3.8188199651160293,29.62214613823558,3.8188199651160293,19.376759674924365,-7.137607653374889,1,450.0,0.0005210420349612832,583.0,0.002868208975996822,589.0,0.005255458992905915,608.0,0.3493376660044305,False,602.0,0.033582207979634404,608.0,0,0
planted_partition,100,20,988,100,988,0.1995959595959596,19.76,26,13,3.2128492028104896,0.37883982604494115,3,1.9115151515151516,3.725189293106748,29.93476582324627,3.725189293106748,20.484613371473287,-7.047051368145747,1,486.0,0.00033945898758247495,604.0,0.003235790994949639,614.0,0.0034070409601554275,621.0,0.16189304197905585,False,607.0,0.034582249994855374,621.0,0,0
planted_partition,100,21,950,100,950,0.1919191919191919,19.0,26,8,3.2649655434629015,0.35797764598064774,3,1.9456565656565656,3.712565709260012,29.09056082319557,3.712565709260012,19.637882513203344,-6.674725415798826,1,483.0,0.00034366699401289225,586.0,0.002652208029758185,584.0,0.0028670409810729325,597.0,0.1394399160053581,False,586.0,0.036462082993239164,597.0,0,0
planted_partition,100,22,968,100,968,0.19555555555555557,19.36,29,11,3.3867978977199096,0.36832480796442646,3,1.9292929292929293,4.003190347362828,31.41912937912778,4.003190347362828,20.01023760724699,-7.022278552299528,1,482.0,0.00033741601509973407,597.0,0.0022378750145435333,595.0,0.0028940829797647893,612.0,0.1404727500048466,False,602.0,0.035537792020477355,612.0,0,0
planted_partition,100,23,962,100,962,0.19434343434343435,19.24,29,10,3.2407406560846552,0.3520668115524647,3,1.9177777777777778,4.346976929205467,31.186879230473487,4.346976929205467,19.778604356913824,-7.144643683190781,1,485.0,0.0003441250300966203,592.0,0.0017712920089252293,590.0,0.003384249983355403,606.0,0.1393423750414513,False,599.0,0.034383082995191216,606.0,0,0
planted_partition,100,24,934,100,934,0.18868686868686868,18.68,26,10,3.563369192211214,0.35807134938766383,3,1.9448484848484848,3.781610472605875,29.27967093691066,3.781610472605875,19.392821919165414,-7.097563306661257,1,455.0,0.00033295899629592896,569.0,0.002658999990671873,565.0,0.0028552080038934946,593.0,0.18864862498594448,False,595.0,0.038716333045158535,593.0,1,0
planted_partition,100,25,992,100,992,0.20040404040404042,19.84,30,13,3.1167932238119356,0.40827101071452193,3,1.9319191919191918,3.5745728764042335,31.855457948913106,3.5745728764042335,20.351545784148172,-6.725908649080816,1,513.0,0.00035912502789869905,612.0,0.003303457982838154,599.0,0.0034864579793065786,623.0,0.16881258401554078,False,611.0,0.037117458996362984,623.0,0,0
planted_partition,100,26,961,100,961,0.19414141414141414,19.22,27,10,3.57653463564943,0.34782884983529755,3,1.9004040404040403,4.271470105547299,29.563762345920942,4.271470105547299,19.87881190141009,-6.700926677086076,1,488.0,0.00035137502709403634,597.0,0.0022805409971624613,601.0,0.004323249973822385,606.0,0.1655898749595508,False,592.0,0.0404239579802379,606.0,0,0
planted_partition,100,27,991,100,991,0.20020202020202021,19.82,29,11,3.359702367770098,0.37534389700644105,3,1.9008080808080807,4.2655762208306705,31.369914958098487,4.2655762208306705,20.417375256517737,-6.531975043719927,1,512.0,0.00036562501918524504,598.0,0.0023509999737143517,605.0,0.003037917020265013,617.0,0.21805899997707456,False,600.0,0.03638083301484585,617.0,0,0
planted_partition,100,28,1019,100,1019,0.20585858585858585,20.38,29,13,3.414029876846423,0.36693758617803207,3,1.878787878787879,4.65006757710582,31.763960517701996,4.65006757710582,21.191723715534692,-6.727855535855257,1,512.0,0.00036570796510204673,621.0,0.004449374973773956,625.0,0.004114417009986937,628.0,0.1938568329787813,False,617.0,0.038680249999742955,628.0,0,0
planted_partition,100,29,991,100,991,0.20020202020202021,19.82,29,13,3.4040564037630165,0.36604619288762374,3,1.898989898989899,4.414828953642739,31.37402532924373,4.414828953642739,20.393162267064433,-6.829645877448385,1,499.0,0.0003534169518388808,598.0,0.0018195410375483334,612.0,0.0029849589918740094,627.0,0.22363774996483698,False,600.0,0.03634395799599588,627.0,0,0
planted_partition,200,0,3946,200,3946,0.19829145728643216,39.46,55,29,4.571476785460033,0.36142533056303316,3,1.8228643216080402,9.316636313716831,57.422175747901825,9.316636313716831,40.015860158330305,-9.908169462493042,1,1957.0,0.0011454580235294998,2286.0,0.014341166999656707,2290.0,0.0165549170342274,2319.0,0.7881698329583742,False,2294.0,0.08072887500748038,2319.0,0,0
planted_partition,200,1,3966,200,3966,0.1992964824120603,39.66,50,29,4.310962769498247,0.367313302216024,3,1.8190954773869348,9.127405495020442,53.7030165147698,9.127405495020442,40.134726546748595,-9.606800196501442,1,1971.0,0.0009654170135036111,2291.0,0.010448375018313527,2309.0,0.018907415971625596,2321.0,1.3085959169548005,False,2326.0,0.07678450003731996,2321.0,1,0
planted_partition,200,2,3930,200,3930,0.19748743718592965,39.3,49,29,4.064480286580316,0.36837499587970507,3,1.8216582914572865,8.572614939367519,53.18739734277432,8.572614939367519,39.734988290674146,-9.868152536174975,1,2008.0,0.0009687920100986958,2292.0,0.010368874995037913,2306.0,0.015331333968788385,2299.0,0.7773652499890886,False,2298.0,0.0867387920152396,2306.0,0,0
planted_partition,200,3,3899,200,3899,0.19592964824120604,38.99,54,27,5.108806122764887,0.35909901863909055,3,1.8230150753768843,9.406689473709536,56.48249959909611,9.406689473709536,39.65681080762353,-9.726578037016644,1,1969.0,0.0009523329790681601,2261.0,0.010222540993709117,2309.0,0.02939275000244379,2292.0,0.9583972919499502,False,2266.0,0.07905037503223866,2309.0,0,0
planted_partition,200,4,3955,200,3955,0.19874371859296483,39.55,55,29,4.461782155148322,0.3685469560442858,3,1.82,9.282751587299344,57.37433053765893,9.282751587299344,40.06297068687542,-9.888069187934438,1,1962.0,0.0009546249639242887,2272.0,0.010358957981225103,2325.0,0.016817249997984618,2325.0,0.9621245830203407,False,2306.0,0.07712258299579844,2325.0,0,0
planted_partition,200,5,3970,200,3970,0.19949748743718593,39.7,50,26,4.836320915737499,0.3634778164255338,3,1.8173869346733669,9.599566168204486,53.87041358475567,9.599566168204486,40.30891501542855,-10.093999426542528,1,1995.0,0.000970749999396503,2305.0,0.008584916009567678,2345.0,0.013150083017535508,2337.0,0.8750068329973146,False,2308.0,0.07670895801857114,2345.0,0,0
planted_partition,200,6,4006,200,4006,0.20130653266331658,40.06,54,27,4.949383800030061,0.371019933642831,3,1.8173869346733669,9.485141912670995,56.90535912237592,9.485141912670995,40.69199941824351,-9.44532891538566,1,2011.0,0.0009671669686213136,2303.0,0.012437500001396984,2327.0,0.011379707953892648,2334.0,0.7545930410269648,False,2342.0,0.0831465829978697,2334.0,1,0
planted_partition,200,7,3932,200,3932,0.19758793969849245,39.32,51,28,4.602999022376608,0.37306142804939346,3,1.8239195979899498,8.562988132503992,54.36463078749236,8.562988132503992,39.90063152897078,-9.545124490153015,1,1964.0,0.0009480830049142241,2296.0,0.01592162501765415,2264.0,0.016721541993319988,2310.0,7.599343999987468,False,2287.0,0.17224087502108887,2310.0,0,0
planted_partition,200,8,3907,200,3907,0.1963316582914573,39.07,53,27,5.143452148119977,0.373730461782499,3,1.8292964824120603,8.552653258520612,55.569653853203405,8.552653258520612,39.782140981758104,-9.657045954576777,1,1951.0,0.0009632500004954636,2281.0,0.015933666960336268,2272.0,0.014859375020023435,2302.0,0.7777198749827221,False,2267.0,0.0765836660284549,2302.0,0,0
planted_partition,200,9,4020,200,4020,0.2020100502512563,40.2,52,29,4.82078831727758,0.3742717619637461,3,1.813819095477387,9.309893479616106,55.082163581622204,9.309893479616106,40.794290068942956,-9.510078602126748,1,2013.0,0.0009937919676303864,2335.0,0.014429334027227014,2322.0,0.015174874977674335,2342.0,1.275235416018404,False,2349.0,0.07948766701156273,2342.0,1,0
planted_partition,200,10,3944,200,3944,0.19819095477386936,39.44,51,27,4.898612048325526,0.37207179289944114,3,1.8250251256281407,8.661056904436533,54.379886586949006,8.661056904436533,40.13711176871034,-9.546834768196867,1,1963.0,0.0009544169879518449,2293.0,0.015922874968964607,2288.0,0.014947457995731384,2313.0,11.50216041697422,False,2293.0,0.07747775001917034,2313.0,0,0
planted_partition,200,11,3973,200,3973,0.19964824120603014,39.73,54,26,4.659087893568869,0.3641477083701033,3,1.8148241206030151,9.399908764703948,56.417842610084,9.399908764703948,40.2730500371403,-9.56532669239175,1,1995.0,0.0009673340246081352,2293.0,0.01042079197941348,2310.0,0.015012332994956523,2320.0,0.8533586669946089,False,2308.0,0.07159791595768183,2320.0,0,0
planted_partition,200,12,3968,200,3968,0.19939698492462313,39.68,57,29,4.870071868052873,0.365314587258759,3,1.8175879396984924,9.177465443164861,59.35373112022407,9.177465443164861,40.3314816909889,-10.026005970169383,1,1890.0,0.0009415829554200172,2297.0,0.0123619589721784,2325.0,0.013150500017218292,2329.0,0.867438375018537,False,2282.0,0.07413733302382752,2329.0,0,0
planted_partition,200,13,3887,200,3887,0.19532663316582916,38.87,52,29,4.44444597222196,0.3640457450399359,3,1.8291959798994974,8.888018587599722,54.48801410401863,8.888018587599722,39.395498808157,-9.56428090047498,1,1894.0,0.0009638750343583524,2263.0,0.012089541996829212,2252.0,0.0168780839885585,2272.0,0.8961795840295963,False,2256.0,0.08913783298339695,2272.0,0,0
planted_partition,200,14,3869,200,3869,0.19442211055276382,38.69,52,28,4.894272162436412,0.3603351628967369,3,1.825678391959799,8.85455811468449,55.30882256309958,8.85455811468449,39.39646972900686,-9.880440744834214,1,1939.0,0.0011812919983640313,2251.0,0.020409459015354514,2274.0,0.029023291019257158,2287.0,0.8959919170010835,False,2240.0,0.0707892089849338,2287.0,0,0
planted_partition,200,15,4008,200,4008,0.2014070351758794,40.08,56,30,4.685466892423849,0.36918584828427986,3,1.8137688442211055,9.347881714867412,58.24641209135345,9.347881714867412,40.66145879480116,-9.738320411577316,1,1999.0,0.0009657919872552156,2318.0,0.01620291598374024,2355.0,0.017021959007252008,2349.0,0.7543130409903824,False,2295.0,0.07693974999710917,2355.0,0,0
planted_partition,200,16,3961,200,3961,0.19904522613065326,39.61,52,28,4.460706222113265,0.37206349904630637,3,1.8212060301507538,9.083474586824213,55.05986987558873,9.083474586824213,40.14477548581158,-10.00648506743011,1,1970.0,0.0009516659774817526,2277.0,0.010425374959595501,2360.0,0.016809541964903474,2346.0,0.8809954169555567,False,2332.0,0.08647795900469646,2360.0,0,0
planted_partition,200,17,3969,200,3969,0.1994472361809045,39.69,53,28,4.825339366303679,0.3578228122671825,3,1.8158793969849247,9.801071833102442,56.149937189738566,9.801071833102442,40.287994619996496,-9.80464659886263,1,1992.0,0.0009614169830456376,2310.0,0.016067165997810662,2315.0,0.015051708032842726,2328.0,0.7771283329930156,False,2320.0,0.07814129203325137,2328.0,0,0
planted_partition,200,18,3919,200,3919,0.19693467336683418,39.19,52,26,4.508203633377712,0.3674721385650552,3,1.8232663316582916,8.905705064918324,54.94868150161321,8.905705064918324,39.76337720619415,-9.747310895006036,1,1897.0,0.000933125033043325,2295.0,0.012170290981885046,2270.0,0.016642542032059282,2309.0,0.8671182919642888,False,2306.0,0.08671704196603969,2309.0,0,0
planted_partition,200,19,3898,200,3898,0.19587939698492463,38.98,50,27,4.453043902770329,0.3647245412966839,3,1.824321608040201,8.766440763719709,53.47225321594599,8.766440763719709,39.5415703652185,-9.552957519786387,1,1959.0,0.0009466249612160027,2242.0,0.01757137494860217,2273.0,0.014893790998030454,2296.0,0.8782648339984007,False,2277.0,0.08209566597361118,2296.0,0,0
planted_partition,200,20,3914,200,3914,0.19668341708542714,39.14,53,28,4.5376645975655805,0.3658246246206947,3,1.8210552763819094,9.009664135903941,55.788254734991696,9.009664135903941,39.688690817695466,-10.000198002353029,1,1951.0,0.000953042006585747,2296.0,0.013983958982862532,2305.0,0.016658207983709872,2308.0,0.8618485420010984,False,2282.0,0.07694445800734684,2308.0,0,0
planted_partition,200,21,3967,200,3967,0.1993467336683417,39.67,53,25,4.978061871853343,0.36773572717766123,3,1.820753768844221,9.37377941630299,56.129601281404256,9.37377941630299,40.32586427473487,-9.839342038647981,1,1994.0,0.0009775420185178518,2276.0,0.014164249994792044,2335.0,0.014970999967772514,2326.0,0.7539708749973215,False,2298.0,0.07985208398895338,2335.0,0,0
planted_partition,200,22,3891,200,3891,0.19552763819095478,38.91,50,30,4.312992000920011,0.3673731263214943,3,1.8284924623115577,8.635414953913692,53.443471109843806,8.635414953913692,39.385238675694296,-9.947569687753232,1,1983.0,0.0009521249448880553,2259.0,0.010205791040789336,2276.0,0.012927542033139616,2295.0,0.8794290830264799,False,2289.0,0.07765137497335672,2295.0,0,0
planted_partition,200,23,3976,200,3976,0.19979899497487438,39.76,56,24,4.714064064053437,0.3731511741994947,3,1.8184924623115577,8.866266084610526,58.23349066819719,8.866266084610526,40.39502037940982,-9.734908008488258,1,1969.0,0.000958458986133337,2315.0,0.012431750015821308,2325.0,0.01876137498766184,2338.0,0.7541766670183279,False,2309.0,0.07542820897651836,2338.0,0,0
planted_partition,200,24,4008,200,4008,0.2014070351758794,40.08,53,27,5.1704545254745256,0.36824261411411585,3,1.8142713567839197,9.412897846307468,56.431546618916364,9.412897846307468,40.85060670183003,-9.718958579457839,1,2003.0,0.0009786660084500909,2306.0,0.016200667014345527,2323.0,0.015064125007484108,2350.0,0.8622644169954583,False,2280.0,0.07685499999206513,2350.0,0,0
planted_partition,200,25,3942,200,3942,0.19809045226130653,39.42,52,24,5.073815132619635,0.37585741700261893,3,1.8264824120603016,8.82341925741429,54.93362202577219,8.82341925741429,40.19552351932968,-9.565658406606593,1,1955.0,0.0009483749745413661,2285.0,0.008487624989356846,2292.0,0.013006207998842001,2304.0,1.2855218749609776,False,2314.0,0.1836432499694638,2304.0,1,0
planted_partition,200,26,3858,200,3858,0.19386934673366835,38.58,52,25,4.536915251577883,0.3471713344853262,3,1.8230150753768843,9.565016459069607,54.95127227568817,9.565016459069607,39.11096177093562,-9.886094803391643,1,1993.0,0.000955916999373585,2254.0,0.021079041005577892,2251.0,0.01661449996754527,2267.0,0.8717344580218196,False,2280.0,0.08963166701141745,2267.0,1,0
planted_partition,200,27,3930,200,3930,0.19748743718592965,39.3,53,27,4.948737212663449,0.36729330552078016,3,1.8226130653266333,9.063995079922382,56.06376803226584,9.063995079922382,39.95057747813992,-9.58616060551647,1,1969.0,0.0009660000214353204,2290.0,0.010405333014205098,2293.0,0.016814790957141668,2303.0,0.858049749978818,False,2292.0,0.07912904099794105,2303.0,0,0
planted_partition,200,28,3954,200,3954,0.19869346733668342,39.54,54,26,4.776860893934425,0.3791223702881952,3,1.8252763819095477,8.683729974934606,56.33741202626183,8.683729974934606,40.1238966891419,-9.788377995793883,1,1997.0,0.0009705419652163982,2306.0,0.012381209002342075,2298.0,0.013130249979440123,2327.0,0.8842400829889812,False,2324.0,0.08134195901220664,2327.0,0,0
planted_partition,200,29,3905,200,3905,0.19623115577889447,39.05,52,27,4.735768153108849,0.3617850102680135,3,1.8221608040201005,9.032315457979752,54.847558635012135,9.032315457979752,39.67099135179572,-9.982971632821194,1,1936.0,0.0009583330247551203,2264.0,0.015953209018334746,2266.0,0.016743291984312236,2294.0,0.8830856250133365,False,2265.0,0.07473404204938561,2294.0,0,0
random_regular,20,0,30,20,30,0.15789473684210525,3.0,3,3,0.0,0.1,5,2.857894736842105,0.32472324155417215,5.755380835342999,0.32472324155417215,2.9999999999999996,-2.7553808353429976,1,13.0,0.0001230830093845725,24.0,0.0001722089946269989,24.0,0.00026770803378894925,27.0,0.00859812501585111,False,27.0,0.02000662498176098,27.0,0,1
random_regular,20,1,30,20,30,0.15789473684210525,3.0,3,3,0.0,0.15,5,2.8684210526315788,0.3519623754477748,5.630424619019493,0.3519623754477748,3.0,-2.630424619019493,1,16.0,0.00011725001968443394,22.0,0.00015304196858778596,26.0,0.0002407079446129501,26.0,0.007741332985460758,False,26.0,0.02253933303290978,26.0,0,1
random_regular,20,2,30,20,30,0.15789473684210525,3.0,3,3,0.0,0.1,6,2.9263157894736844,0.2703395226183013,5.844621050455734,0.2703395226183013,3.0000000000000004,-2.844621050455733,1,11.0,0.00013537501217797399,28.0,0.00022562500089406967,28.0,0.00024216703604906797,28.0,0.008314499980770051,False,28.0,0.024606374965514988,28.0,0,1
random_regular,20,3,30,20,30,0.15789473684210525,3.0,3,3,0.0,0.05,5,2.694736842105263,0.4832037841134265,5.716500568300161,0.4832037841134265,2.9999999999999996,-2.7165005683001615,1,12.0,0.00011849997099488974,27.0,0.0001717080012895167,27.0,0.0002609160146676004,27.0,0.007466583047062159,False,26.0,0.024244542000815272,27.0,0,0
random_regular,20,4,30,20,30,0.15789473684210525,3.0,3,3,0.0,0.15,6,2.968421052631579,0.20912329159368775,5.4065045853091025,0.20912329159368775,3.0000000000000004,-2.4065045853091034,1,17.0,0.00011850002920255065,25.0,0.00017200002912431955,24.0,0.0002574159880168736,25.0,0.007830957998521626,False,25.0,0.0239534160355106,25.0,0,1
random_regular,20,5,30,20,30,0.15789473684210525,3.0,3,3,0.0,0.1,5,2.705263157894737,0.4212685377474136,5.783091588379581,0.4212685377474136,2.9999999999999996,-2.7830915883795795,1,15.0,0.00011754198931157589,26.0,0.0001734999823383987,26.0,0.00025583303067833185,26.0,0.007018040982075036,False,26.0,0.023757625021971762,26.0,0,1
random_regular,20,6,30,20,30,0.15789473684210525,3.0,3,3,0.0,0.15,5,2.7842105263157895,0.44837128633161194,5.758550518297889,0.44837128633161194,2.999999999999999,-2.75855051829789,1,16.0,0.00012129097012802958,26.0,0.00020479102386161685,27.0,0.00023383396910503507,27.0,0.01049945899285376,False,27.0,0.02240437502041459,27.0,0,1
random_regular,20,7,30,20,30,0.15789473684210525,3.0,3,3,0.0,0.1,5,2.6315789473684212,0.515577386028529,5.517134862873207,0.515577386028529,2.9999999999999996,-2.517134862873208,1,15.0,0.0001206250162795186,24.0,0.00015154201537370682,25.0,0.00024129200028255582,25.0,0.008304750022944063,False,25.0,0.02401487500173971,25.0,0,1
random_regular,20,8,30,20,30,0.15789473684210525,3.0,3,3,0.0,0.1,5,2.636842105263158,0.45377730542003575,5.552647463096833,0.45377730542003575,3.0,-2.5526474630968305,1,16.0,0.00011733296560123563,24.0,0.00015329202869907022,26.0,0.0002359169884584844,26.0,0.006829083024058491,False,25.0,0.02297799999359995,26.0,0,0
random_regular,20,9,30,20,30,0.15789473684210525,3.0,3,3,0.0,0.15,7,3.1,0.18266364023999668,5.774375654086854,0.18266364023999668,3.0000000000000018,-2.7743756540868536,1,15.0,0.00011879100929945707,25.0,0.00018816697411239147,27.0,0.00024304201360791922,27.0,0.009095415996853262,False,25.0,0.024334541987627745,27.0,0,0
random_regular,20,10,30,20,30,0.15789473684210525,3.0,3,3,0.0,0.15,5,2.7842105263157895,0.3177902348612478,5.579762690134838,0.3177902348612478,3.0000000000000013,-2.579762690134839,1,15.0,0.0001231659553013742,25.0,0.00017270800890401006,26.0,0.00024158298037946224,26.0,0.008273915969766676,False,25.0,0.022586499981116503,26.0,0,0
random_regular,20,11,30,20,30,0.15789473684210525,3.0,3,3,0.0,0.0,5,2.5789473684210527,0.5920640786449842,5.6096376704178645,0.5920640786449842,3.0000000000000004,-2.6096376704178654,1,17.0,0.00012387504102662206,26.0,0.0001539999502710998,26.0,0.0002598330029286444,26.0,0.007119791000150144,False,26.0,0.023240041977260262,26.0,0,1
random_regular,20,12,30,20,30,0.15789473684210525,3.0,3,3,0.0,0.15,6,2.9526315789473685,0.266267887106292,5.547011820297232,0.266267887106292,2.9999999999999996,-2.5470118202972314,1,17.0,0.00011995801469311118,25.0,0.00017283298075199127,26.0,0.00023795804008841515,26.0,0.008769207983277738,False,25.0,0.024437874963041395,26.0,0,0
random_regular,20,13,30,20,30,0.15789473684210525,3.0,3,3,0.0,0.05,5,2.6473684210526316,0.48637882646583896,5.639631757516453,0.48637882646583896,2.9999999999999982,-2.6396317575164527,1,17.0,0.00012429204070940614,24.0,0.00017149996710941195,26.0,0.00023683399194851518,26.0,0.006944291002582759,False,26.0,0.024248791974969208,26.0,0,1
random_regular,20,14,30,20,30,0.15789473684210525,3.0,3,3,0.0,0.05,5,2.6052631578947367,0.5692203099853471,5.657983267025177,0.5692203099853471,3.0,-2.6579832670251813,1,16.0,0.00011979200644418597,25.0,0.00015658396296203136,26.0,0.00025983399245887995,26.0,0.007001000049058348,False,26.0,0.024368332989979535,26.0,0,1
random_regular,20,15,30,20,30,0.15789473684210525,3.0,3,3,0.0,0.0,5,2.6157894736842104,0.5761908249238412,5.791849286679145,0.5761908249238412,2.999999999999999,-2.7918492866791453,1,19.0,0.00011874997289851308,26.0,0.00017141597345471382,28.0,0.00024166697403416038,28.0,0.010445541993249208,False,28.0,0.02422900003148243,28.0,0,1
random_regular,20,16,30,20,30,0.15789473684210525,3.0,3,3,0.0,0.15,6,2.8157894736842106,0.2805018190764359,5.477367320111333,0.2805018190764359,3.0,-2.4773673201113344,1,15.0,0.0001230000052601099,24.0,0.00017541705165058374,25.0,0.0002538749831728637,25.0,0.013373958005104214,False,25.0,0.024075624998658895,25.0,0,1
random_regular,20,17,30,20,30,0.15789473684210525,3.0,3,3,0.0,0.2,5,2.7526315789473683,0.38868458757760693,5.41628935847128,0.38868458757760693,2.999999999999999,-2.4162893584712797,1,12.0,0.00011970900231972337,22.0,0.0001711249933578074,25.0,0.00025749998167157173,25.0,0.010921415989287198,False,25.0,0.02009654196444899,25.0,0,1
random_regular,20,18,30,20,30,0.15789473684210525,3.0,3,3,0.0,0.05,5,2.8263157894736843,0.2957140994490438,5.729836508465173,0.2957140994490438,2.9999999999999996,-2.7298365084651715,1,18.0,0.00012045801850035787,27.0,0.0001545000122860074,27.0,0.00023754098219797015,27.0,0.007418917026370764,False,27.0,0.01958324998850003,27.0,0,1
random_regular,20,19,30,20,30,0.15789473684210525,3.0,3,3,0.0,0.1,5,2.7263157894736842,0.4151145492095535,5.576471993382484,0.4151145492095535,2.9999999999999987,-2.576471993382485,1,14.0,0.00011683302000164986,26.0,0.00018845900194719434,26.0,0.0002550830249674618,26.0,0.007991125050466508,False,26.0,0.019027332949917763,26.0,0,1
random_regular,20,20,30,20,30,0.15789473684210525,3.0,3,3,0.0,0.1,6,2.9842105263157896,0.2920773090672918,5.666819475412837,0.2920773090672918,2.999999999999999,-2.6668194754128347,1,12.0,0.00012024998432025313,25.0,0.00017254101112484932,26.0,0.0002533329534344375,26.0,0.008345249982085079,False,26.0,0.024573625007178634,26.0,0,1
random_regular,20,21,30,20,30,0.15789473684210525,3.0,3,3,0.0,0.05,5,2.6578947368421053,0.4686363694488112,5.646038582563337,0.4686363694488112,3.0000000000000004,-2.646038582563336,1,16.0,0.00012637494364753366,24.0,0.0001734999823383987,26.0,0.0002596250269562006,26.0,0.007180416956543922,False,26.0,0.023997917014639825,26.0,0,1
random_regular,20,22,30,20,30,0.15789473684210525,3.0,3,3,0.0,0.15,5,2.636842105263158,0.5857864376269064,5.555643584137959,0.5857864376269064,3.0,-2.55564358413796,1,13.0,0.00012116599828004837,24.0,0.00017495796782895923,25.0,0.00025575002655386925,26.0,0.007188791991211474,False,26.0,0.024026792030781507,26.0,0,1
random_regular,20,23,30,20,30,0.15789473684210525,3.0,3,3,0.0,0.0,5,2.7263157894736842,0.4209826850973091,5.854802304625232,0.4209826850973091,3.000000000000001,-2.8548023046252338,1,13.0,0.00011779199121519923,24.0,0.00017037498764693737,28.0,0.0002567499759607017,28.0,0.006869041011668742,False,28.0,0.024014999973587692,28.0,0,1
random_regular,20,24,30,20,30,0.15789473684210525,3.0,3,3,0.0,0.05,5,2.6526315789473682,0.5162609988800477,5.747459085407538,0.5162609988800477,2.999999999999999,-2.7474590854075402,1,18.0,0.00011908297892659903,25.0,0.00017508299788460135,27.0,0.0002524580340832472,27.0,0.006978666002396494,False,26.0,0.024221750034485012,27.0,0,0
random_regular,20,25,30,20,30,0.15789473684210525,3.0,3,3,0.0,0.1,5,2.905263157894737,0.3569857483948047,5.8666999150649835,0.3569857483948047,3.0000000000000004,-2.8666999150649866,1,15.0,0.00012070802040398121,26.0,0.00015591701958328485,28.0,0.00024266703985631466,28.0,0.007116749999113381,False,26.0,0.02380045800236985,28.0,0,0
random_regular,20,26,30,20,30,0.15789473684210525,3.0,3,3,0.0,0.05,5,2.5894736842105264,0.5126411328228881,5.637985276133515,0.5126411328228881,2.999999999999999,-2.637985276133516,1,22.0,0.0001212499919347465,26.0,0.00017041695537045598,26.0,0.0002536250394769013,26.0,0.00710258400067687,False,26.0,0.024508458969648927,26.0,0,1
random_regular,20,27,30,20,30,0.15789473684210525,3.0,3,3,0.0,0.05,5,2.6,0.5575466040958662,5.655638774020879,0.5575466040958662,2.9999999999999996,-2.655638774020882,1,16.0,0.00012137502199038863,26.0,0.00017716700676828623,26.0,0.0002471249899826944,26.0,0.008070416050031781,False,26.0,0.022128582990262657,26.0,0,1
random_regular,20,28,30,20,30,0.15789473684210525,3.0,3,3,0.0,0.2,5,2.7578947368421054,0.4788163213598762,5.6275566601325995,0.4788163213598762,2.9999999999999996,-2.6275566601325977,1,15.0,0.00012108299415558577,24.0,0.00017083296552300453,26.0,0.00025645800633355975,26.0,0.0069004170363768935,False,25.0,0.024436374951619655,26.0,0,0
random_regular,20,29,30,20,30,0.15789473684210525,3.0,3,3,0.0,0.05,5,2.663157894736842,0.4575288006169196,5.790145840868693,0.4575288006169196,3.0,-2.790145840868692,1,20.0,0.00012095802230760455,25.0,0.00018979195738211274,27.0,0.0002573750098235905,27.0,0.008866125019267201,False,26.0,0.023818917048629373,27.0,0,0
random_regular,50,0,75,50,75,0.061224489795918366,3.0,3,3,0.0,0.04,8,4.033469387755102,0.18997658799846417,5.900459123282287,0.18997658799846417,3.000000000000001,-2.9004591232822903,1,32.0,0.00013929203851148486,64.0,0.000317458005156368,69.0,0.0005262079648673534,70.0,0.07404420798411593,False,69.0,0.025925124995410442,70.0,0,0
random_regular,50,1,75,50,75,0.061224489795918366,3.0,3,3,0.0,0.06,7,3.8448979591836734,0.27691927514437176,5.7052691722988484,0.27691927514437176,2.9999999999999987,-2.705269172298851,1,36.0,0.000137166993226856,61.0,0.000316707999445498,66.0,0.0005160840228199959,66.0,0.045031667046714574,False,65.0,0.02648616599617526,66.0,0,0
random_regular,50,2,75,50,75,0.061224489795918366,3.0,3,3,0.0,0.02,7,3.7681632653061223,0.34676721153992934,5.745196844279821,0.34676721153992934,2.999999999999999,-2.7451968442798265,1,35.0,0.00013970903819426894,65.0,0.00032116699730977416,67.0,0.0005175410187803209,68.0,0.04460729198763147,False,67.0,0.025511750020086765,68.0,0,0
random_regular,50,3,75,50,75,0.061224489795918366,3.0,3,3,0.0,0.0,6,3.755918367346939,0.3157010469748081,5.754651455923193,0.3157010469748081,3.000000000000001,-2.7546514559231947,1,42.0,0.00014041602844372392,66.0,0.0002745829988270998,68.0,0.00047374999849125743,68.0,0.07409129198640585,False,67.0,0.025701166014187038,68.0,0,0
random_regular,50,4,75,50,75,0.061224489795918366,3.0,3,3,0.0,0.06,7,4.040816326530612,0.20226469216143886,5.721899494436351,0.20226469216143886,3.0000000000000004,-2.721899494436353,1,34.0,0.00013887498062103987,59.0,0.0002739999908953905,66.0,0.0005086670280434191,67.0,0.07198700000299141,False,67.0,0.026359334005974233,67.0,0,1
random_regular,50,5,75,50,75,0.061224489795918366,3.0,3,3,0.0,0.02,7,3.862857142857143,0.2794363799614674,5.76069704029098,0.2794363799614674,2.999999999999999,-2.7606970402909763,1,31.0,0.0001377919688820839,66.0,0.0002769579878076911,67.0,0.00047704100143164396,68.0,0.044977374956943095,False,68.0,0.026166750001721084,68.0,0,1
random_regular,50,6,75,50,75,0.061224489795918366,3.0,3,3,0.0,0.08,8,4.063673469387755,0.186905636150975,5.735516292273085,0.186905636150975,3.0000000000000027,-2.735516292273088,1,37.0,0.00013875000877305865,63.0,0.00027204095385968685,67.0,0.0005139170098118484,66.0,0.0531250829808414,False,65.0,0.02528466598596424,67.0,0,0
random_regular,50,7,75,50,75,0.061224489795918366,3.0,3,3,0.0,0.0,7,3.829387755102041,0.31609338269424936,5.846378614281835,0.31609338269424936,3.0000000000000004,-2.846378614281837,1,38.0,0.00014266697689890862,62.0,0.0003173750010319054,69.0,0.0004760830197483301,69.0,0.18056412501027808,False,68.0,0.027346500020939857,69.0,0,0
random_regular,50,8,75,50,75,0.061224489795918366,3.0,3,3,0.0,0.04,7,3.9926530612244897,0.24648509632375423,5.815908733922953,0.24648509632375423,3.0000000000000013,-2.815908733922951,1,33.0,0.00014012499013915658,65.0,0.00032354198629036546,68.0,0.0004972500028088689,69.0,0.08913395798299462,False,69.0,0.025253625004552305,69.0,0,1
random_regular,50,9,75,50,75,0.061224489795918366,3.0,3,3,0.0,0.12,8,4.266938775510204,0.18873388254780654,5.6937067785058595,0.18873388254780654,2.999999999999999,-2.6937067785058613,1,41.0,0.0001621670089662075,59.0,0.00030645797960460186,65.0,0.0005818339996039867,65.0,0.11364462500205263,False,65.0,0.022299624979496002,65.0,0,1
random_regular,50,10,75,50,75,0.061224489795918366,3.0,3,3,0.0,0.04,7,3.84,0.28011722497752434,5.7503951509646525,0.28011722497752434,3.0000000000000004,-2.7503951509646516,1,38.0,0.00013929203851148486,61.0,0.00023212499218061566,68.0,0.000516125001013279,68.0,0.045717834029346704,False,66.0,0.022733666002750397,68.0,0,0
random_regular,50,11,75,50,75,0.061224489795918366,3.0,3,3,0.0,0.02,8,3.8016326530612243,0.28210095361565546,5.810975787279265,0.28210095361565546,2.9999999999999987,-2.810975787279267,1,38.0,0.00013829197268933058,63.0,0.000274707970675081,68.0,0.0005187909700907767,68.0,0.051662499958183616,False,68.0,0.022754125006031245,68.0,0,1
random_regular,50,12,75,50,75,0.061224489795918366,3.0,3,3,0.0,0.04,7,3.8857142857142857,0.2998652743893902,5.731454058987798,0.2998652743893902,3.0000000000000004,-2.7314540589877985,1,43.0,0.00013883301289752126,61.0,0.00022987497504800558,67.0,0.0005122910370118916,67.0,0.05061416601529345,False,66.0,0.02414895803667605,67.0,0,0
random_regular,50,13,75,50,75,0.061224489795918366,3.0,3,3,0.0,0.0,7,3.750204081632653,0.3056718072537558,5.788270203994294,0.3056718072537558,3.0000000000000004,-2.7882702039942964,1,37.0,0.00014049996389076114,64.0,0.0003167919931001961,68.0,0.0005152079975232482,69.0,0.04515133396489546,False,67.0,0.0253331660060212,69.0,0,0
random_regular,50,14,75,50,75,0.061224489795918366,3.0,3,3,0.0,0.04,9,4.055510204081632,0.1599168568868867,5.698348309011125,0.1599168568868867,3.0000000000000018,-2.698348309011124,1,32.0,0.0001373749691992998,63.0,0.00027662498177960515,66.0,0.0004717920091934502,66.0,0.07584945799317211,False,66.0,0.025683416984975338,66.0,0,1
random_regular,50,15,75,50,75,0.061224489795918366,3.0,3,3,0.0,0.08,8,3.987755102040816,0.2360653479055943,5.713899478795974,0.2360653479055943,3.0000000000000018,-2.7138994787959727,1,44.0,0.00014100002590566874,63.0,0.00031695800134912133,66.0,0.0004736669943667948,66.0,0.05044041702058166,False,66.0,0.02539812499890104,66.0,0,1
random_regular,50,16,75,50,75,0.061224489795918366,3.0,3,3,0.0,0.06,8,3.8971428571428572,0.2287602381405608,5.744335889494463,0.2287602381405608,2.9999999999999996,-2.744335889494465,1,34.0,0.0001374159473925829,63.0,0.0003202080260962248,68.0,0.0005189999938011169,68.0,0.08260562503710389,False,66.0,0.02606929198373109,68.0,0,0
random_regular,50,17,75,50,75,0.061224489795918366,3.0,3,3,0.0,0.04,8,3.8955102040816327,0.2252433924122298,5.662854149015773,0.2252433924122298,3.0000000000000013,-2.66285414901577,1,45.0,0.00014004198601469398,65.0,0.0002752909786067903,66.0,0.0005170000367797911,66.0,0.06626787496497855,False,66.0,0.022981791000347584,66.0,0,1
random_regular,50,18,75,50,75,0.061224489795918366,3.0,3,3,0.0,0.02,7,3.740408163265306,0.32135130372709797,5.7841976502607775,0.32135130372709797,2.9999999999999996,-2.784197650260775,1,33.0,0.00013950001448392868,61.0,0.0002768330159597099,68.0,0.00047625001752749085,68.0,0.049316000018734485,False,67.0,0.022994791972450912,68.0,0,0
random_regular,50,19,75,50,75,0.061224489795918366,3.0,3,3,0.0,0.02,8,4.0351020408163265,0.24198277598811652,5.810172839906098,0.24198277598811652,3.0,-2.810172839906101,1,35.0,0.00013716600369662046,64.0,0.0002762089716270566,68.0,0.0005111249629408121,68.0,0.05581958300899714,False,68.0,0.024856000032741576,68.0,0,1
random_regular,50,20,75,50,75,0.061224489795918366,3.0,3,3,0.0,0.02,8,4.021224489795919,0.16172905558177092,5.796839378328658,0.16172905558177092,3.0000000000000004,-2.7968393783286594,1,38.0,0.0001432910212315619,66.0,0.00032304198248311877,68.0,0.000512958038598299,68.0,0.05060079199029133,False,68.0,0.026512624986935407,68.0,0,1
random_regular,50,21,75,50,75,0.061224489795918366,3.0,3,3,0.0,0.02,7,4.006530612244898,0.21915370858328098,5.729332475965786,0.21915370858328098,3.0,-2.729332475965787,1,39.0,0.0001425000373274088,64.0,0.0003147919778712094,67.0,0.000520082947332412,67.0,0.05074337497353554,False,67.0,0.024162249988876283,67.0,0,1
random_regular,50,22,75,50,75,0.061224489795918366,3.0,3,3,0.0,0.02,7,3.806530612244898,0.34827885660135405,5.739514488656145,0.34827885660135405,3.0,-2.7395144886561433,1,27.0,0.00014062505215406418,61.0,0.00031733402283862233,68.0,0.0005207909853197634,68.0,0.050255041976924986,False,67.0,0.0260048329946585,68.0,0,0
random_regular,50,23,75,50,75,0.061224489795918366,3.0,3,3,0.0,0.02,7,3.8546938775510204,0.25319112023388646,5.788359998237464,0.25319112023388646,3.0000000000000004,-2.78835999823747,1,33.0,0.0001397080486640334,62.0,0.0003201250219717622,67.0,0.0005128749762661755,67.0,0.07023866602685302,False,66.0,0.025743625010363758,67.0,0,0
random_regular,50,24,75,50,75,0.061224489795918366,3.0,3,3,0.0,0.02,8,3.947755102040816,0.24845752025487922,5.770490069780906,0.24845752025487922,2.9999999999999987,-2.7704900697809105,1,33.0,0.0001391249825246632,62.0,0.00023025000700727105,66.0,0.0005153330275788903,68.0,0.04606200003763661,False,67.0,0.026579958968795836,68.0,0,0
random_regular,50,25,75,50,75,0.061224489795918366,3.0,3,3,0.0,0.02,7,3.8179591836734694,0.3327791098662955,5.819848747651128,0.3327791098662955,3.0000000000000013,-2.819848747651129,1,39.0,0.0001402500201947987,66.0,0.0003626249963417649,69.0,0.0005162910092622042,69.0,0.0476036659674719,False,69.0,0.025633374985773116,69.0,0,1
random_regular,50,26,75,50,75,0.061224489795918366,3.0,3,3,0.0,0.02,7,3.8179591836734694,0.33606187801960347,5.753869331686766,0.33606187801960347,3.000000000000001,-2.753869331686768,1,29.0,0.00014066603034734726,66.0,0.00031937501626089215,68.0,0.0004736250266432762,68.0,0.0619779170374386,False,67.0,0.026115500018931925,68.0,0,0
random_regular,50,27,75,50,75,0.061224489795918366,3.0,3,3,0.0,0.02,7,3.9657142857142857,0.20788695043721664,5.8143683247894575,0.20788695043721664,2.999999999999999,-2.8143683247894598,1,44.0,0.0001432910212315619,62.0,0.0003160000196658075,68.0,0.000558166007976979,68.0,0.04514524998376146,False,67.0,0.026287959015462548,68.0,0,0
random_regular,50,28,75,50,75,0.061224489795918366,3.0,3,3,0.0,0.06,7,3.843265306122449,0.2865108603397611,5.751366028048098,0.2865108603397611,2.9999999999999982,-2.751366028048099,1,39.0,0.00013929203851148486,65.0,0.000317084020934999,67.0,0.00047099997755140066,67.0,0.06714366597589105,False,67.0,0.025966625020373613,67.0,0,1
random_regular,50,29,75,50,75,0.061224489795918366,3.0,3,3,0.0,0.0,7,3.9681632653061225,0.2551790155231344,5.849479448528847,0.2551790155231344,3.0000000000000018,-2.8494794485288457,1,37.0,0.00014062499394640326,66.0,0.0003208750276826322,69.0,0.0004924589884467423,69.0,0.050455041986424476,False,69.0,0.02634079201379791,69.0,0,1
random_regular,100,0,150,100,150,0.030303030303030304,3.0,3,3,0.0,0.02,9,4.737575757575757,0.2405323543304375,5.7696392144745445,0.2405323543304375,2.999999999999997,-2.7696392144745445,1,77.0,0.00016887497622519732,126.0,0.0004377500154078007,135.0,0.0011459579691290855,135.0,1.1535076249856502,False,132.0,0.028088958002626896,135.0,0,0
random_regular,100,1,150,100,150,0.030303030303030304,3.0,3,3,0.0,0.05,10,5.141212121212122,0.14714099395071445,5.7988132745842815,0.14714099395071445,2.9999999999999973,-2.7988132745842815,1,72.0,0.000174832995980978,127.0,0.000534999999217689,134.0,0.0011661250027827919,135.0,0.3347065419657156,False,132.0,0.029336582985706627,135.0,0,0
random_regular,100,2,150,100,150,0.030303030303030304,3.0,3,3,0.0,0.02,9,4.890909090909091,0.22535461272940638,5.749781654533741,0.22535461272940638,2.9999999999999996,-2.749781654533745,1,81.0,0.00016979197971522808,130.0,0.000530291988980025,135.0,0.0011523750144988298,134.0,2.516156250028871,False,134.0,0.03008533298270777,135.0,0,0
random_regular,100,3,150,100,150,0.030303030303030304,3.0,3,3,0.0,0.0,8,4.757575757575758,0.24270847185608307,5.781099646108932,0.24270847185608307,3.000000000000001,-2.781099646108928,1,87.0,0.00017495802603662014,128.0,0.0005357080372050405,135.0,0.0011457080254331231,136.0,3.0879841249552555,False,136.0,0.029429167043417692,136.0,0,1
random_regular,100,4,150,100,150,0.030303030303030304,3.0,3,3,0.0,0.01,9,4.834343434343435,0.20675612008908678,5.781248897733496,0.20675612008908678,2.9999999999999987,-2.7812488977334833,1,77.0,0.00017279095482081175,128.0,0.0005318330368027091,133.0,0.0011392919695936143,135.0,5.055818417051341,False,135.0,0.029414332995656878,135.0,0,1
random_regular,100,5,150,100,150,0.030303030303030304,3.0,3,3,0.0,0.02,9,4.85979797979798,0.21677830181374177,5.827208406871269,0.21677830181374177,3.000000000000001,-2.8272084068712684,1,81.0,0.00017216603737324476,123.0,0.000795917003415525,138.0,0.0011467919684946537,136.0,1.4643072499893606,False,136.0,0.028970042010769248,138.0,0,0
random_regular,100,6,150,100,150,0.030303030303030304,3.0,3,3,0.0,0.02,9,4.908888888888889,0.1894385188888441,5.785138373060931,0.1894385188888441,3.000000000000002,-2.78513837306093,1,78.0,0.00016983301611617208,128.0,0.0006201660144142807,135.0,0.00123141601216048,137.0,1.5363114170031622,False,136.0,0.02979812497505918,137.0,0,0
random_regular,100,7,150,100,150,0.030303030303030304,3.0,3,3,0.0,0.03,9,4.776969696969697,0.21196551300150301,5.751557641607506,0.21196551300150301,2.9999999999999982,-2.751557641607507,1,77.0,0.00017012498574331403,124.0,0.00044279202120378613,134.0,0.001146665948908776,134.0,2.7301334589719772,False,134.0,0.02830758399795741,134.0,0,1
random_regular,100,8,150,100,150,0.030303030303030304,3.0,3,3,0.0,0.02,9,4.8816161616161615,0.21474068281141956,5.769354645254921,0.21474068281141956,2.9999999999999996,-2.769354645254918,1,81.0,0.0001712910016067326,127.0,0.0005333749577403069,134.0,0.0011428329744376242,135.0,1.1749617910245433,False,136.0,0.025146584026515484,135.0,1,0
random_regular,100,9,150,100,150,0.030303030303030304,3.0,3,3,0.0,0.03,9,4.855353535353536,0.21112317455541074,5.799491095864307,0.21112317455541074,3.0000000000000004,-2.7994910958643087,1,80.0,0.00018279196228832006,127.0,0.00045616598799824715,134.0,0.0011569579946808517,135.0,3.670349250023719,False,135.0,0.030339165998157114,135.0,0,1
random_regular,100,10,150,100,150,0.030303030303030304,3.0,3,3,0.0,0.02,10,5.014141414141414,0.15661983499980858,5.8050646117898825,0.15661983499980858,3.000000000000002,-2.8050646117898843,1,67.0,0.00016974995378404856,132.0,0.0007091249572113156,137.0,0.0011527080205269158,137.0,3.6368062080000527,False,135.0,0.031169749971013516,137.0,0,0
random_regular,100,11,150,100,150,0.030303030303030304,3.0,3,3,0.0,0.03,9,4.778585858585859,0.25737404446081785,5.734569976129682,0.25737404446081785,3.0,-2.734569976129682,1,64.0,0.0001717080012895167,126.0,0.00044587498996406794,133.0,0.0011343329679220915,134.0,0.5697409579879604,False,131.0,0.027539874950889498,134.0,0,0
random_regular,100,12,150,100,150,0.030303030303030304,3.0,3,3,0.0,0.01,9,4.691919191919192,0.25414899278917846,5.80643947983356,0.25414899278917846,2.999999999999999,-2.8064394798335592,1,64.0,0.0001681250287219882,127.0,0.0005322909564711154,135.0,0.0011457920190878212,137.0,3.10098479205044,False,137.0,0.03007879195502028,137.0,0,1
random_regular,100,13,150,100,150,0.030303030303030304,3.0,3,3,0.0,0.05,10,4.968080808080808,0.1766870426589454,5.783363476005341,0.1766870426589454,3.0000000000000004,-2.7833634760053436,1,83.0,0.0001710419892333448,124.0,0.0005282910424284637,136.0,0.0011923749698325992,134.0,3.2359755000215955,False,135.0,0.030603041988797486,136.0,0,0
random_regular,100,14,150,100,150,0.030303030303030304,3.0,3,3,0.0,0.02,8,4.8791919191919195,0.21699385758182463,5.767253452945288,0.21699385758182463,3.0000000000000004,-2.7672534529452917,1,69.0,0.0001692089717835188,130.0,0.0005364580429159105,134.0,0.0011396670015528798,135.0,2.9411502499715425,False,135.0,0.029601166024804115,135.0,0,1
random_regular,100,15,150,100,150,0.030303030303030304,3.0,3,3,0.0,0.02,9,4.99030303030303,0.14131175926946662,5.851831046305144,0.14131175926946662,2.9999999999999996,-2.8518310463051466,1,71.0,0.00016845797654241323,126.0,0.0005340829957276583,136.0,0.0011253749835304916,138.0,0.4138604999752715,False,137.0,0.028305165993515402,138.0,0,0
random_regular,100,16,150,100,150,0.030303030303030304,3.0,3,3,0.0,0.02,8,4.747474747474747,0.2382256259700986,5.776381107761962,0.2382256259700986,3.0,-2.7763811077619605,1,73.0,0.00017129199113696814,127.0,0.000532458012457937,134.0,0.0011284159845672548,135.0,2.034304292057641,False,134.0,0.02713241701712832,135.0,0,0
random_regular,100,17,150,100,150,0.030303030303030304,3.0,3,3,0.0,0.03,8,4.782828282828283,0.2787050685466696,5.75046129046446,0.2787050685466696,3.000000000000001,-2.750461290464459,1,80.0,0.00017054204363375902,122.0,0.0004450830165296793,135.0,0.0010625830036588013,135.0,4.757086208963301,False,135.0,0.027541208022739738,135.0,0,1
random_regular,100,18,150,100,150,0.030303030303030304,3.0,3,3,0.0,0.01,8,4.7715151515151515,0.22326918087361228,5.747258468761312,0.22326918087361228,3.0000000000000004,-2.747258468761312,1,77.0,0.0001931249862536788,125.0,0.0005697499727830291,133.0,0.0012235000031068921,134.0,1.9195787500357255,False,133.0,0.031566457997541875,134.0,0,0
random_regular,100,19,150,100,150,0.030303030303030304,3.0,3,3,0.0,0.02,9,4.905858585858586,0.18761680789919666,5.812970370106318,0.18761680789919666,3.0000000000000013,-2.812970370106319,1,81.0,0.00017266697250306606,128.0,0.0005325410165823996,133.0,0.0011498330277390778,136.0,0.39073012495646253,False,134.0,0.027324749971739948,136.0,0,0
random_regular,100,20,150,100,150,0.030303030303030304,3.0,3,3,0.0,0.01,9,4.748282828282829,0.2661316883561242,5.759395484625086,0.2661316883561242,3.0000000000000004,-2.7593954846250917,1,79.0,0.00020970799960196018,121.0,0.0004533340106718242,136.0,0.0012117080041207373,135.0,4.783389958029147,False,135.0,0.029039750050287694,136.0,0,0
random_regular,100,21,150,100,150,0.030303030303030304,3.0,3,3,0.0,0.02,8,4.734949494949495,0.2615726105625435,5.7711153446001004,0.2615726105625435,2.9999999999999996,-2.7711153446001,1,69.0,0.00017675000708550215,129.0,0.00045133300591260195,134.0,0.0011583750019781291,134.0,0.3634282919811085,False,135.0,0.02949387504486367,134.0,1,0
random_regular,100,22,150,100,150,0.030303030303030304,3.0,3,3,0.0,0.0,9,4.744040404040404,0.2579528945250496,5.803833789032673,0.2579528945250496,3.000000000000001,-2.803833789032672,1,72.0,0.00017562502762302756,122.0,0.0005321249482221901,137.0,0.001142083026934415,136.0,0.3743064590380527,False,138.0,0.023435833980329335,137.0,1,0
random_regular,100,23,150,100,150,0.030303030303030304,3.0,3,3,0.0,0.02,9,4.85979797979798,0.18270655057016771,5.77658693585334,0.18270655057016771,3.0000000000000013,-2.776586935853341,1,69.0,0.00017370801651850343,125.0,0.00044383294880390167,136.0,0.001161583000794053,136.0,2.074018957966473,False,135.0,0.02980099996784702,136.0,0,0
random_regular,100,24,150,100,150,0.030303030303030304,3.0,3,3,0.0,0.04,10,5.122424242424242,0.16045924896010447,5.79179843537296,0.16045924896010447,3.000000000000001,-2.7917984353729577,1,76.0,0.00017287494847550988,127.0,0.0004437500028871,135.0,0.0011409999569877982,136.0,4.628438790969085,False,135.0,0.031076707993634045,136.0,0,0
random_regular,100,25,150,100,150,0.030303030303030304,3.0,3,3,0.0,0.03,9,4.861818181818182,0.18090127642420167,5.776166307691167,0.18090127642420167,3.0000000000000013,-2.7761663076911662,1,77.0,0.0001728750066831708,128.0,0.0005359160131774843,135.0,0.001144541020039469,136.0,0.7531463750055991,False,136.0,0.029955999983940274,136.0,0,1
random_regular,100,26,150,100,150,0.030303030303030304,3.0,3,3,0.0,0.0,8,4.796363636363636,0.2084294266561093,5.786102590305058,0.2084294266561093,3.000000000000001,-2.786102590305054,1,89.0,0.00017570803174749017,128.0,0.0004420829936861992,134.0,0.0011527499882504344,136.0,1.8776245000190102,False,135.0,0.029745583015028387,136.0,0,0
random_regular,100,27,150,100,150,0.030303030303030304,3.0,3,3,0.0,0.0,8,4.754141414141414,0.25329998887768196,5.807038043734809,0.25329998887768196,3.0,-2.807038043734818,1,79.0,0.00017108296742662787,124.0,0.0004568750155158341,138.0,0.0011452920152805746,138.0,1.6973755829967558,False,136.0,0.028000625025015324,138.0,0,0
random_regular,100,28,150,100,150,0.030303030303030304,3.0,3,3,0.0,0.01,9,4.980808080808081,0.17901964855200472,5.787364705111243,0.17901964855200472,3.0000000000000004,-2.7873647051112362,1,80.0,0.00018075003754347563,128.0,0.0007094999891705811,136.0,0.001151458011008799,137.0,0.37143524998100474,False,137.0,0.0291578330215998,137.0,0,1
random_regular,100,29,150,100,150,0.030303030303030304,3.0,3,3,0.0,0.02,9,4.977373737373737,0.20311912108406346,5.752048738508803,0.20311912108406346,3.0000000000000004,-2.7520487385087984,1,80.0,0.0001715420512482524,127.0,0.00044345902279019356,132.0,0.0011417499626986682,133.0,1.8875687909894623,False,132.0,0.02994041598867625,133.0,0,0
random_regular,200,0,300,200,300,0.01507537688442211,3.0,3,3,0.0,0.005,11,5.938291457286432,0.15431463729531752,5.816079317913375,0.15431463729531752,3.0000000000000004,-2.816079317913378,1,141.0,0.00023020798107609153,261.0,0.0011345830280333757,274.0,0.0035697079729288816,273.0,18.26210783299757,False,273.0,0.035688208998180926,274.0,0,0
random_regular,200,1,300,200,300,0.01507537688442211,3.0,3,3,0.0,0.0,10,5.797135678391959,0.19048338497911724,5.812322562363224,0.19048338497911724,3.0000000000000004,-2.812322562363226,1,142.0,0.00023200002033263445,254.0,0.0011374580208212137,275.0,0.0035412910510785878,274.0,20.971578041964676,False,272.0,0.035896665998734534,275.0,0,0
random_regular,200,2,300,200,300,0.01507537688442211,3.0,3,3,0.0,0.01,10,5.796231155778894,0.20027313459890214,5.820003159451138,0.20027313459890214,3.0,-2.8200031594511326,1,143.0,0.00022899999748915434,250.0,0.0009567090310156345,275.0,0.003538374963682145,276.0,18.52689791697776,False,276.0,0.03587637504097074,276.0,0,1
random_regular,200,3,300,200,300,0.01507537688442211,3.0,3,3,0.0,0.005,10,5.780904522613065,0.1953884388018025,5.839961140482816,0.1953884388018025,2.9999999999999996,-2.8399611404828162,1,145.0,0.00023033301113173366,252.0,0.001135875005275011,275.0,0.0035289159859530628,274.0,18.496402624994516,False,270.0,0.0311259159934707,275.0,0,0
random_regular,200,4,300,200,300,0.01507537688442211,3.0,3,3,0.0,0.01,11,5.8166331658291455,0.1767853196254876,5.796051464491308,0.1767853196254876,3.0,-2.7960514644913133,1,168.0,0.00025445903884246945,251.0,0.0009680409566499293,272.0,0.0035939160152338445,268.0,11.828389000031166,False,273.0,0.03395170799922198,272.0,1,0
random_regular,200,5,300,200,300,0.01507537688442211,3.0,3,3,0.0,0.01,10,5.806633165829146,0.187248746745044,5.7949908592217145,0.187248746745044,3.0,-2.794990859221716,1,142.0,0.00022862496552988887,252.0,0.001309917017351836,272.0,0.003545040963217616,270.0,21.035791209025774,False,270.0,0.03903120802715421,272.0,0,0
random_regular,200,6,300,200,300,0.01507537688442211,3.0,3,3,0.0,0.01,10,5.783819095477387,0.21027252528591228,5.784424046671781,0.21027252528591228,3.0000000000000004,-2.7844240466717864,1,141.0,0.0002997079864144325,250.0,0.000987374980468303,268.0,0.0039876659866422415,269.0,19.71113900002092,False,272.0,0.035056125023402274,269.0,1,0
random_regular,200,7,300,200,300,0.01507537688442211,3.0,3,3,0.0,0.0,10,5.832010050251256,0.19609741920872853,5.828456807721238,0.19609741920872853,3.0000000000000018,-2.828456807721225,1,144.0,0.00023362500360235572,258.0,0.000969708024058491,275.0,0.0035562500124797225,271.0,19.31644533301005,False,269.0,0.03316700004506856,275.0,0,0
random_regular,200,8,300,200,300,0.01507537688442211,3.0,3,3,0.0,0.02,10,5.789195979899498,0.19863024956866684,5.801509650599407,0.19863024956866684,3.0000000000000027,-2.801509650599407,1,146.0,0.00026112498017027974,249.0,0.0009676669724285603,270.0,0.0035988750169053674,271.0,16.880748499999754,False,272.0,0.03399199998239055,271.0,1,0
random_regular,200,9,300,200,300,0.01507537688442211,3.0,3,3,0.0,0.01,10,5.822311557788945,0.19109112070562242,5.805634345945064,0.19109112070562242,3.0000000000000018,-2.8056343459450637,1,143.0,0.00023508298909291625,253.0,0.0013174159685149789,271.0,0.003553458023816347,269.0,14.668219290964771,False,271.0,0.03274495800724253,271.0,0,1
random_regular,200,10,300,200,300,0.01507537688442211,3.0,3,3,0.0,0.0,9,5.683718592964824,0.2079226173308024,5.806570438878158,0.2079226173308024,2.999999999999999,-2.806570438878156,1,151.0,0.0002340420032851398,252.0,0.0009734999621286988,269.0,0.0035657499684020877,269.0,19.474409834016114,False,272.0,0.04150562500581145,269.0,1,0
random_regular,200,11,300,200,300,0.01507537688442211,3.0,3,3,0.0,0.005,10,5.8235175879396985,0.17912844028909297,5.8035197784128965,0.17912844028909297,2.999999999999999,-2.8035197784128916,1,156.0,0.0002667090157046914,252.0,0.0009664170211181045,276.0,0.003565333958249539,269.0,12.461596500012092,False,273.0,0.041744416987057775,276.0,0,0
random_regular,200,12,300,200,300,0.01507537688442211,3.0,3,3,0.0,0.005,10,5.831708542713568,0.1913296363616843,5.7797769668080115,0.1913296363616843,3.0000000000000018,-2.7797769668080137,1,150.0,0.00026691704988479614,250.0,0.0007934999885037541,271.0,0.003606166981626302,269.0,20.25836720794905,False,261.0,0.04042104200925678,271.0,0,0
random_regular,200,13,300,200,300,0.01507537688442211,3.0,3,3,0.0,0.005,10,5.765979899497488,0.1871560991696158,5.829541346676091,0.1871560991696158,2.999999999999999,-2.829541346676101,1,148.0,0.0002906250301748514,255.0,0.0009245830005966127,276.0,0.004156749986577779,274.0,20.072929165966343,False,275.0,0.040860333014279604,276.0,0,0
random_regular,200,14,300,200,300,0.01507537688442211,3.0,3,3,0.0,0.02,10,5.815477386934673,0.2009345814531168,5.789599409501506,0.2009345814531168,3.0000000000000004,-2.7895994095015113,1,153.0,0.00026058300863951445,250.0,0.0007874590228311718,269.0,0.003651958948466927,269.0,13.724320042005274,False,270.0,0.0443952499772422,269.0,1,0
random_regular,200,15,300,200,300,0.01507537688442211,3.0,3,3,0.0,0.005,10,5.787085427135678,0.1936211745926781,5.791450276641416,0.1936211745926781,3.0,-2.791450276641417,1,163.0,0.00026629201602190733,253.0,0.0007870420231483877,270.0,0.0036005839938297868,269.0,14.928690625005402,False,272.0,0.041724000009708107,270.0,1,0
random_regular,200,16,300,200,300,0.01507537688442211,3.0,3,3,0.0,0.0,10,5.758994974874372,0.20245095329494725,5.821558930167054,0.20245095329494725,3.0000000000000013,-2.8215589301670656,1,151.0,0.0002630419912748039,260.0,0.0009670419967733324,275.0,0.0035845839884132147,274.0,20.10844483296387,False,274.0,0.04409312503412366,275.0,0,0
random_regular,200,17,300,200,300,0.01507537688442211,3.0,3,3,0.0,0.005,10,5.7853266331658295,0.18557785868763618,5.804475041825,0.18557785868763618,2.9999999999999982,-2.804475041825002,1,132.0,0.00026483298279345036,247.0,0.0009737089858390391,271.0,0.0035743750049732625,269.0,20.071241250028834,False,270.0,0.04109108401462436,271.0,0,0
random_regular,200,18,300,200,300,0.01507537688442211,3.0,3,3,0.0,0.01,10,5.857839195979899,0.1772720812008874,5.79123663447177,0.1772720812008874,3.000000000000001,-2.791236634471768,1,142.0,0.00026579195400699973,246.0,0.0009674589964561164,272.0,0.004139208002015948,267.0,19.658118499966804,False,270.0,0.04323000001022592,272.0,0,0
random_regular,200,19,300,200,300,0.01507537688442211,3.0,3,3,0.0,0.005,10,5.74643216080402,0.21800330174015398,5.790979344796023,0.21800330174015398,2.9999999999999996,-2.7909793447960216,1,154.0,0.00026895798509940505,248.0,0.000980874989181757,273.0,0.004034583980683237,270.0,20.148041750013363,False,271.0,0.04241987498244271,273.0,0,0
random_regular,200,20,300,200,300,0.01507537688442211,3.0,3,3,0.0,0.005,10,5.781105527638191,0.21481227525107496,5.78540862978319,0.21481227525107496,3.0000000000000018,-2.7854086297831957,1,149.0,0.00026237498968839645,258.0,0.0015505420160479844,271.0,0.0039127920172177255,270.0,19.938647708040662,False,269.0,0.04089008300798014,271.0,0,0
random_regular,200,21,300,200,300,0.01507537688442211,3.0,3,3,0.0,0.005,10,5.774371859296482,0.21821652627638036,5.811399750926852,0.21821652627638036,3.0000000000000013,-2.8113997509268547,1,156.0,0.00026079098461195827,257.0,0.0009579170146025717,273.0,0.00363595801172778,270.0,20.00558641704265,False,273.0,0.04039370798273012,273.0,0,1
random_regular,200,22,300,200,300,0.01507537688442211,3.0,3,3,0.0,0.015,10,5.914321608040201,0.17659872569914672,5.815078167951492,0.17659872569914672,3.0,-2.815078167951489,1,161.0,0.000322124978993088,252.0,0.0009871250367723405,272.0,0.003863624995574355,270.0,17.207058707950637,False,270.0,0.04246833402430639,272.0,0,0
random_regular,200,23,300,200,300,0.01507537688442211,3.0,3,3,0.0,0.01,10,5.878391959798995,0.1657756750179119,5.824453748890475,0.1657756750179119,3.0,-2.8244537488904715,1,142.0,0.00026524998247623444,252.0,0.0009600829798728228,269.0,0.004012749996036291,269.0,20.50514366599964,False,273.0,0.04346587503096089,269.0,1,0
random_regular,200,24,300,200,300,0.01507537688442211,3.0,3,3,0.0,0.005,10,5.782562814070352,0.19356439965254923,5.817490251510692,0.19356439965254923,3.0,-2.817490251510692,1,149.0,0.00026166700990870595,255.0,0.0011359580093994737,275.0,0.003589125000871718,271.0,20.36245812504785,False,274.0,0.042664417007472366,275.0,0,0
random_regular,200,25,300,200,300,0.01507537688442211,3.0,3,3,0.0,0.005,10,5.789195979899498,0.19244844810098183,5.8202220995412075,0.19244844810098183,2.9999999999999973,-2.820222099541207,1,151.0,0.00026245799381285906,254.0,0.0007881250348873436,271.0,0.0035781670012511313,273.0,10.044477750023361,False,275.0,0.043207500013522804,273.0,1,0
random_regular,200,26,300,200,300,0.01507537688442211,3.0,3,3,0.0,0.01,11,5.8594472361809045,0.16232873848601695,5.810442636507153,0.16232873848601695,2.999999999999998,-2.8104426365071506,1,151.0,0.00026104203425347805,256.0,0.0011302090133540332,272.0,0.0037360829883255064,269.0,20.334554708038922,False,272.0,0.04620237502967939,272.0,0,1
random_regular,200,27,300,200,300,0.01507537688442211,3.0,3,3,0.0,0.01,11,5.824321608040201,0.1952159913540601,5.803661467894427,0.1952159913540601,2.9999999999999964,-2.8036614678944267,1,141.0,0.00032304105116054416,262.0,0.0013540000072680414,272.0,0.003927042009308934,271.0,20.22765504202107,False,271.0,0.04237929102964699,272.0,0,0
random_regular,200,28,300,200,300,0.01507537688442211,3.0,3,3,0.0,0.01,10,5.786381909547739,0.19259476604554204,5.8072703991784485,0.19259476604554204,2.9999999999999982,-2.807270399178448,1,143.0,0.0003512079711072147,251.0,0.0009746249997988343,274.0,0.0037102080532349646,272.0,15.997851332998835,False,272.0,0.044831209001131356,274.0,0,0
random_regular,200,29,300,200,300,0.01507537688442211,3.0,3,3,0.0,0.0,10,5.703819095477387,0.20810898141308903,5.804409443795514,0.20810898141308903,2.999999999999999,-2.804409443795515,1,159.0,0.00026225001784041524,255.0,0.0009622919606044888,272.0,0.003602666954975575,271.0,16.088124457979575,False,272.0,0.041370042017661035,272.0,0,1
barabasi_albert,20,0,51,20,51,0.26842105263157895,5.1,11,3,2.188606862823929,0.30752886002886004,3,1.8789473684210527,1.62644971765532,12.3435437693711,1.62644971765532,5.93099877726269,-3.7335085556330143,1,22.0,0.0001568339648656547,35.0,0.0001807080116122961,38.0,0.0003370000049471855,40.0,0.008032249985262752,False,40.0,0.027073375007603317,40.0,0,1
barabasi_albert,20,1,51,20,51,0.26842105263157895,5.1,9,3,1.972308292331602,0.21523809523809523,4,1.9052631578947368,1.623949627163289,11.148218035606575,1.623949627163289,5.879151189767328,-3.8260709404689757,1,27.0,0.00015166704542934895,39.0,0.00023666699416935444,40.0,0.000606624991632998,40.0,0.00908729201182723,False,40.0,0.03190466697560623,40.0,0,1
barabasi_albert,20,2,51,20,51,0.26842105263157895,5.1,13,2,2.879236009777594,0.4378418803418803,3,1.8578947368421053,1.5684941491977686,14.27351041598133,1.5684941491977686,6.2957289654460835,-3.776833886764298,1,22.0,0.00013062497600913048,38.0,0.00021462503354996443,36.0,0.00035145797301083803,39.0,0.0081384580116719,False,39.0,0.030423125019297004,39.0,0,1
barabasi_albert,20,3,51,20,51,0.26842105263157895,5.1,13,3,2.643860813280457,0.40411921411921414,3,1.8894736842105264,1.6024819025874166,14.142810274290676,1.6024819025874166,6.267479521272133,-3.604048788092052,1,23.0,0.00013991596642881632,37.0,0.00021645898232236505,38.0,0.0007573750335723162,39.0,0.008293167047668248,False,35.0,0.032384791993536055,39.0,0,0
barabasi_albert,20,4,51,20,51,0.26842105263157895,5.1,11,3,2.3,0.37947691197691197,3,1.9,1.6072428499471347,12.442871395422644,1.6072428499471347,6.044648154227933,-3.6706066334423983,1,24.0,0.00014725001528859138,36.0,0.0001994590274989605,38.0,0.0003109159879386425,40.0,0.008150666020810604,False,40.0,0.030467292002867907,40.0,0,1
barabasi_albert,20,5,51,20,51,0.26842105263157895,5.1,12,3,2.5079872407968904,0.31854256854256857,3,1.8789473684210527,1.6777833362218055,13.27026109617095,1.6777833362218055,6.09956836729202,-3.9424164379710698,1,19.0,0.00013562501408159733,40.0,0.0002210829989053309,37.0,0.0006192909786477685,40.0,0.008755291986744851,False,38.0,0.03261741698952392,40.0,0,0
barabasi_albert,20,6,51,20,51,0.26842105263157895,5.1,12,3,2.5079872407968904,0.4126370851370851,3,1.868421052631579,1.6979538679594295,13.235006590896935,1.6979538679594295,6.125817400173228,-3.4549013381455675,1,24.0,0.00015295803314074874,36.0,0.00019033404532819986,38.0,0.0003179999766871333,38.0,0.008349791984073818,False,37.0,0.029756125004496425,38.0,0,0
barabasi_albert,20,7,51,20,51,0.26842105263157895,5.1,11,1,2.467792535850613,0.40431096681096684,4,1.9052631578947368,0.918297259896259,12.481764218987038,0.918297259896259,6.1286633552183805,-3.5702912236582858,1,23.0,0.00013537501217797399,36.0,0.0001941670197993517,39.0,0.00041983299888670444,39.0,0.009259166021365672,False,39.0,0.03139362495858222,39.0,0,1
barabasi_albert,20,8,51,20,51,0.26842105263157895,5.1,10,3,2.5670995305986875,0.2938492063492063,3,1.8421052631578947,1.7673146054510358,12.198057380213804,1.7673146054510358,6.108616225900409,-3.964317440629956,1,27.0,0.00015249999705702066,36.0,0.00022195902420207858,40.0,0.0003285830025561154,40.0,0.008357542043086141,False,40.0,0.030706542020197958,40.0,0,1
barabasi_albert,20,9,51,20,51,0.26842105263157895,5.1,13,3,2.4269322199023193,0.4027564102564102,3,1.8736842105263158,1.6133516864085842,14.217699426284717,1.6133516864085842,6.066758605990983,-3.5784035906414258,1,30.0,0.00013420800678431988,33.0,0.0001996250357478857,37.0,0.00034320796839892864,38.0,0.008937124977819622,False,38.0,0.03291970898862928,38.0,0,1
barabasi_albert,20,10,51,20,51,0.26842105263157895,5.1,12,2,2.4269322199023193,0.3183838383838384,3,1.8736842105263158,1.4010080167044592,13.268883360799204,1.4010080167044592,6.091987600218778,-3.362091546044681,1,19.0,0.0001354580163024366,36.0,0.00027487502666190267,37.0,0.0003397500258870423,39.0,0.008064165944233537,False,37.0,0.029449958994518965,39.0,0,0
barabasi_albert,20,11,51,20,51,0.26842105263157895,5.1,13,2,2.913760456866693,0.5210622710622711,3,1.8578947368421053,1.4466189897069932,14.151768424148274,1.4466189897069932,6.4278535465453075,-3.1842189054780405,1,25.0,0.0001312919775955379,37.0,0.00021599995670840144,36.0,0.00031945802038535476,37.0,0.008858749992214143,False,35.0,0.031230458000209183,37.0,0,0
barabasi_albert,20,12,51,20,51,0.26842105263157895,5.1,14,3,3.1128764832546763,0.5217632367632368,3,1.8526315789473684,1.4627412168107963,15.12016950089695,1.4627412168107963,6.534725340654861,-3.2481498851239534,1,17.0,0.00013166700955480337,35.0,0.0002158329589292407,37.0,0.00031104101799428463,37.0,0.007600667013321072,False,37.0,0.028552207979373634,37.0,0,1
barabasi_albert,20,13,51,20,51,0.26842105263157895,5.1,12,3,2.5865034312755126,0.3789502164502164,3,1.8894736842105264,1.4621431260436324,13.230804680003395,1.4621431260436324,6.204443976347774,-3.595927165560036,1,25.0,0.00012795801740139723,37.0,0.00020891602616757154,36.0,0.0002963750157505274,39.0,0.008144334016833454,False,38.0,0.027969625021796674,39.0,0,0
barabasi_albert,20,14,51,20,51,0.26842105263157895,5.1,10,3,2.5079872407968904,0.3142460317460317,3,1.8368421052631578,1.8099525084816621,12.131585940629243,1.8099525084816621,6.049399519065287,-3.7550028902972525,1,30.0,0.00020541599951684475,36.0,0.0005635409615933895,37.0,0.000458208960480988,39.0,0.008303332957439125,False,39.0,0.031944540969561785,39.0,0,1
barabasi_albert,20,15,51,20,51,0.26842105263157895,5.1,14,1,2.947880594596735,0.38206043956043956,3,1.831578947368421,0.970464515643671,15.13573971485122,0.970464515643671,6.374887284077481,-3.4582806676050404,1,29.0,0.0001335839624516666,34.0,0.00018745899433270097,38.0,0.00034024997148662806,38.0,0.007972916995640844,False,38.0,0.02946733304997906,38.0,0,1
barabasi_albert,20,16,51,20,51,0.26842105263157895,5.1,11,3,2.2338307903688674,0.3263888888888889,3,1.8421052631578947,1.7472765479036056,12.423071850486824,1.7472765479036056,5.95193914142668,-3.640297022394507,1,22.0,0.00013608398148790002,37.0,0.0002198750153183937,38.0,0.0003143330104649067,39.0,0.00905774999409914,False,39.0,0.03337754198582843,39.0,0,1
barabasi_albert,20,17,51,20,51,0.26842105263157895,5.1,9,3,1.9974984355438177,0.33055555555555555,4,1.9263157894736842,1.47009951140225,10.71570151796982,1.47009951140225,5.804686965262569,-3.837196931722613,1,23.0,0.00013687502359971404,37.0,0.0002198750153183937,39.0,0.00031649996526539326,40.0,0.007994832994882017,False,38.0,0.029835790977813303,40.0,0,0
barabasi_albert,20,18,51,20,51,0.26842105263157895,5.1,14,1,3.047950130825634,0.3851914751914752,3,1.8368421052631578,0.9528251153633253,15.138085560697993,0.9528251153633253,6.471568561377907,-3.3521780037556725,1,21.0,0.00013624998973682523,38.0,0.00019099999917671084,36.0,0.0003103329800069332,38.0,0.008866249991115183,False,38.0,0.032991417043376714,38.0,0,1
barabasi_albert,20,19,51,20,51,0.26842105263157895,5.1,12,3,2.364318083507378,0.3029004329004329,3,1.8631578947368421,1.3169883939589948,13.268452227971276,1.3169883939589948,6.0594413833222625,-3.725606645086694,1,25.0,0.00013470795238390565,35.0,0.00018804200226441026,39.0,0.00032883300445973873,39.0,0.00828262499999255,False,38.0,0.029307416989468038,39.0,0,0
barabasi_albert,20,20,51,20,51,0.26842105263157895,5.1,12,3,2.3853720883753127,0.2902164502164502,3,1.8789473684210527,1.7434279397582095,13.26636189464363,1.7434279397582095,6.102587357346609,-3.58695463128922,1,17.0,0.0001414999715052545,36.0,0.00019183295080438256,37.0,0.00032991700572893023,39.0,0.009396916022524238,False,39.0,0.02745241700904444,39.0,0,1
barabasi_albert,20,21,51,20,51,0.26842105263157895,5.1,15,3,2.99833287011299,0.471017316017316,3,1.8210526315789475,1.6626753802326784,16.108331635703664,1.6626753802326784,6.3592816478074345,-3.7236985541057996,1,26.0,0.000165749981533736,36.0,0.00019200000679120421,37.0,0.00036554201506078243,38.0,0.008355208032298833,False,37.0,0.030035417003091425,38.0,0,0
barabasi_albert,20,22,51,20,51,0.26842105263157895,5.1,12,3,2.861817604250837,0.4258585858585858,3,1.8368421052631578,1.7764014702781903,13.541572269141922,1.7764014702781903,6.2398831232696494,-3.7626034432888162,1,24.0,0.00013745803153142333,35.0,0.0001977090141735971,38.0,0.00032012496376410127,39.0,0.008410874987021089,False,38.0,0.028780333988834172,39.0,0,0
barabasi_albert,20,23,51,20,51,0.26842105263157895,5.1,11,2,2.5475478405713994,0.3865800865800866,3,1.8894736842105264,1.4331446289684995,12.36584414367162,1.4331446289684995,6.151217157045702,-3.567650693262552,1,28.0,0.00021208298858255148,37.0,0.00038533296901732683,36.0,0.0004005000228062272,39.0,0.008317875035572797,False,39.0,0.03146470902720466,39.0,0,1
barabasi_albert,20,24,51,20,51,0.26842105263157895,5.1,11,2,2.3853720883753127,0.39468253968253963,3,1.868421052631579,1.6383764857403065,12.32006632087592,1.6383764857403065,6.004837717714942,-3.5012897372723435,1,24.0,0.00013500003842636943,38.0,0.0002503329887986183,38.0,0.00032120803371071815,38.0,0.008002916991245002,False,38.0,0.03078899998217821,38.0,0,1
barabasi_albert,20,25,51,20,51,0.26842105263157895,5.1,13,3,2.7730849247724096,0.4713461538461538,3,1.8578947368421053,1.7125675454534306,14.201788865485343,1.7125675454534306,6.231265585631226,-3.461036579185232,1,20.0,0.00013216602383181453,35.0,0.00019162497483193874,39.0,0.0003108750097453594,39.0,0.008917667029891163,False,39.0,0.032254167017526925,39.0,0,1
barabasi_albert,20,26,51,20,51,0.26842105263157895,5.1,10,1,2.6438608132804573,0.28238095238095234,3,1.9,0.9244624811969706,12.009113235985891,0.9244624811969706,6.272166161531489,-3.80066093784868,1,22.0,0.0001344159827567637,39.0,0.00018995796563103795,40.0,0.0003035829868167639,40.0,0.008143916027620435,False,40.0,0.03063058399129659,40.0,0,1
barabasi_albert,20,27,51,20,51,0.26842105263157895,5.1,12,1,2.879236009777594,0.42938311688311687,3,1.8894736842105264,0.95334768220075,13.273222523403495,0.95334768220075,6.452601324195401,-3.531085078593485,1,31.0,0.00013704196317121387,36.0,0.00018804101273417473,36.0,0.0003172499709762633,39.0,0.009210208023432642,False,36.0,0.03070733300410211,39.0,0,0
barabasi_albert,20,28,51,20,51,0.26842105263157895,5.1,12,2,2.6438608132804573,0.4064502164502165,3,1.9105263157894736,1.2207485967235647,13.222425471305888,1.2207485967235647,6.316877899353187,-3.3652898584559505,1,26.0,0.00013170798774808645,37.0,0.0002138749696314335,37.0,0.0003421250148676336,39.0,0.007976832974236459,False,39.0,0.03154187503969297,39.0,0,1
barabasi_albert,20,29,51,20,51,0.26842105263157895,5.1,10,3,2.2781571499789033,0.31916666666666665,3,1.8789473684210527,1.6445299718197774,11.717544043812827,1.6445299718197774,6.018084954107217,-3.6098044797810016,1,29.0,0.00013349996879696846,35.0,0.0002145419712178409,37.0,0.0003113750135526061,39.0,0.009624625032301992,False,39.0,0.0320364169892855,39.0,0,1
barabasi_albert,50,0,141,50,141,0.11510204081632654,5.64,19,3,3.502913073429028,0.1459358974358974,4,2.299591836734694,1.5942823535651722,20.376777248606942,1.5942823535651722,7.5970665957737396,-5.000983906711318,1,72.0,0.00016233400674536824,102.0,0.00039254105649888515,102.0,0.0007169579621404409,113.0,0.035672583035193384,False,113.0,0.0334492499823682,113.0,0,1
barabasi_albert,50,1,141,50,141,0.11510204081632654,5.64,19,3,3.8249705881222145,0.1558988912704083,4,2.269387755102041,1.536477485426034,20.517267128218403,1.536477485426034,7.786737794405283,-5.029212775690379,1,70.0,0.00035975000355392694,105.0,0.00036158302100375295,102.0,0.0007792499964125454,112.0,0.03704612504225224,False,109.0,0.03507058398099616,112.0,0,0
barabasi_albert,50,2,141,50,141,0.11510204081632654,5.64,25,2,4.74872614497825,0.36347192982456134,5,2.2253061224489796,1.2952207554265773,26.214230157892253,1.2952207554265773,8.503097317007281,-5.109698987274451,1,69.0,0.00015820801490917802,101.0,0.00030820799292996526,100.0,0.000632417039014399,107.0,0.03540583298308775,False,106.0,0.0308742499910295,107.0,0,0
barabasi_albert,50,3,141,50,141,0.11510204081632654,5.64,18,3,3.637361681218957,0.22008683473389354,4,2.333877551020408,1.4331743059587032,19.607236415313867,1.4331743059587032,7.9063119454447435,-4.524127512139404,1,72.0,0.0001569580053910613,101.0,0.00037937500746920705,104.0,0.0006359590333886445,105.0,0.03958504198817536,False,102.0,0.030667999992147088,105.0,0,0
barabasi_albert,50,4,141,50,141,0.11510204081632654,5.64,18,3,3.5707702250354894,0.21247720906544437,4,2.3134693877551022,1.4550232260852056,19.456020738166707,1.4550232260852056,7.778161596837851,-4.53663477638233,1,68.0,0.00018637499306350946,99.0,0.00038820802001282573,98.0,0.0007172499899752438,106.0,0.05435041699092835,False,102.0,0.03437220898922533,106.0,0,0
barabasi_albert,50,5,141,50,141,0.11510204081632654,5.64,16,3,3.2909573075322625,0.16466028416028414,4,2.3387755102040817,1.2886801049548484,17.62400459252719,1.2886801049548484,7.515192303623211,-4.509808521865314,1,69.0,0.0001574170310050249,104.0,0.0003864159807562828,104.0,0.0006393750081770122,109.0,0.04347166698426008,False,106.0,0.034781624970491976,109.0,0,0
barabasi_albert,50,6,141,50,141,0.11510204081632654,5.64,20,3,3.8872097962420296,0.21351561166731442,4,2.28,1.5257339824513856,21.330185363218433,1.5257339824513856,7.908177697617949,-5.049651405742377,1,72.0,0.00016029103426262736,103.0,0.00046445801854133606,102.0,0.0006382080027833581,109.0,0.05669933301396668,False,105.0,0.03135616600047797,109.0,0,0
barabasi_albert,50,7,141,50,141,0.11510204081632654,5.64,17,3,3.5931045072471797,0.22263987319869671,4,2.320816326530612,1.3177200433437875,18.51127162466218,1.3177200433437875,7.758713143499159,-4.533566175427541,1,77.0,0.00020420801592990756,100.0,0.0004028749535791576,102.0,0.0006690839654766023,108.0,0.048580249946098775,False,104.0,0.02878445800160989,108.0,0,0
barabasi_albert,50,8,141,50,141,0.11510204081632654,5.64,19,3,3.9281547831010935,0.26210816084500294,4,2.290612244897959,1.35382361247302,20.7827068967723,1.35382361247302,7.893543206901157,-5.054334020775565,1,68.0,0.00020662503084167838,99.0,0.0005485420115292072,109.0,0.0007283339509740472,111.0,0.05401745898416266,False,99.0,0.03574437502538785,111.0,0,0
barabasi_albert,50,9,141,50,141,0.11510204081632654,5.64,23,3,4.107359248957899,0.2489294087554957,4,2.2612244897959184,1.5792253833828478,24.22160281584972,1.5792253833828478,7.990281529198292,-4.772131898118536,1,80.0,0.00018191704293712974,103.0,0.00048733397852629423,104.0,0.001097499975003302,106.0,0.06014633399900049,False,108.0,0.03385404101572931,106.0,1,0
barabasi_albert,50,10,141,50,141,0.11510204081632654,5.64,17,3,3.7723202409127463,0.2478492847022259,4,2.3077551020408165,1.4659123905666744,18.975369304678203,1.4659123905666744,7.845600617967039,-4.951833901332162,1,63.0,0.0001558329677209258,105.0,0.0003777919919230044,102.0,0.0006300000241026282,109.0,0.060412458027713,False,107.0,0.03411616600351408,109.0,0,0
barabasi_albert,50,11,141,50,141,0.11510204081632654,5.64,24,3,4.302371439101929,0.32251318653378147,4,2.2375510204081634,1.5818782258235733,25.17000191156632,1.5818782258235733,8.187364315525716,-4.560549791578652,1,75.0,0.00016679201507940888,98.0,0.0003850000211969018,104.0,0.0007209169561974704,106.0,0.03815233398927376,False,104.0,0.03200337500311434,106.0,0,0
barabasi_albert,50,12,141,50,141,0.11510204081632654,5.64,19,3,3.6318590281011733,0.20116607369238948,4,2.3387755102040817,1.4635554514018114,20.272404730896127,1.4635554514018114,7.9193620438447,-4.371961821638115,1,66.0,0.00019950000569224358,103.0,0.00048691697884351015,103.0,0.0007465829839929938,107.0,0.04689645901089534,False,109.0,0.03308337496127933,107.0,1,0
barabasi_albert,50,13,141,50,141,0.11510204081632654,5.64,18,3,3.713542782842282,0.23889012947836477,4,2.306938775510204,1.4923801252066933,19.409232996213156,1.4923801252066933,7.833164029888475,-4.660687460601519,1,70.0,0.00022008398082107306,100.0,0.00033849995816126466,101.0,0.0006993749993853271,110.0,0.07332600001245737,False,109.0,0.03259412501938641,110.0,0,0
barabasi_albert,50,14,141,50,141,0.11510204081632654,5.64,24,3,3.8974863694437727,0.2254809007417703,4,2.299591836734694,1.4190083886713338,25.14043897332158,1.4190083886713338,7.939160455687935,-4.746350471014089,1,84.0,0.00016137503553181887,103.0,0.0003797909594140947,108.0,0.0007920830394141376,110.0,0.03851079201558605,False,104.0,0.03016841597855091,110.0,0,0
barabasi_albert,50,15,141,50,141,0.11510204081632654,5.64,24,1,4.01875602643405,0.24415552080769473,4,2.289795918367347,0.9650887600667567,25.15221388940602,0.9650887600667567,8.068976848155172,-4.63679384418797,1,65.0,0.0002251670230180025,99.0,0.0003988330136053264,101.0,0.000750333012547344,108.0,0.037179167033173144,False,107.0,0.035758875019382685,108.0,0,0
barabasi_albert,50,16,141,50,141,0.11510204081632654,5.64,18,3,3.497198879103103,0.1918543515308221,4,2.2979591836734694,1.5068067196162007,19.49261133822913,1.5068067196162007,7.589070006359323,-4.782774240820842,1,61.0,0.00016300001880154014,101.0,0.0003971249680034816,107.0,0.0006495410343632102,108.0,0.032500125002115965,False,109.0,0.031251833017449826,108.0,1,0
barabasi_albert,50,17,141,50,141,0.11510204081632654,5.64,17,3,3.9987998199459796,0.23740528752293458,4,2.2579591836734694,1.614918852881949,18.647541802624147,1.614918852881949,7.775986501262782,-4.767538926082122,1,72.0,0.00015783298294991255,100.0,0.00037820899160578847,108.0,0.0006261670496314764,109.0,0.03686550003476441,False,105.0,0.03167770802974701,109.0,0,0
barabasi_albert,50,18,141,50,141,0.11510204081632654,5.64,24,1,4.376117000264047,0.26824711748968044,4,2.257142857142857,0.9515110783178019,25.195897367290577,0.9515110783178019,8.343139526554843,-4.85412646441172,1,64.0,0.0001934590400196612,96.0,0.0004825000069104135,103.0,0.0006544999778270721,111.0,0.053179292008280754,False,104.0,0.03539233299670741,111.0,0,0
barabasi_albert,50,19,141,50,141,0.11510204081632654,5.64,23,3,3.9937951875377884,0.24077357907792687,4,2.266122448979592,1.3966099797022016,24.189392428274544,1.3966099797022016,7.894736502084603,-5.207093942805485,1,64.0,0.00016212498303502798,105.0,0.0003874170361086726,107.0,0.0006452079978771508,106.0,0.03309283300768584,False,102.0,0.034500291978474706,107.0,0,0
barabasi_albert,50,20,141,50,141,0.11510204081632654,5.64,19,3,3.6428560224087914,0.1941948168790274,4,2.317551020408163,1.5042527261361462,20.329939610616627,1.5042527261361462,7.743115384328657,-4.712963879932343,1,60.0,0.00020599999697878957,106.0,0.00041108299046754837,110.0,0.0008254999993368983,110.0,0.03669866599375382,False,111.0,0.03548670798772946,110.0,1,0
barabasi_albert,50,21,141,50,141,0.11510204081632654,5.64,22,3,3.5143135887396277,0.22329082029082026,4,2.3420408163265307,1.3557180205019137,23.16062762087276,1.3557180205019137,7.723694333505753,-4.503436328390647,1,71.0,0.00016279099509119987,105.0,0.0005412499886006117,102.0,0.0007174169877544045,109.0,0.03821666695876047,False,109.0,0.03263858304126188,109.0,0,1
barabasi_albert,50,22,141,50,141,0.11510204081632654,5.64,23,3,4.073131473448899,0.2574917235738342,4,2.28,1.4195552983829407,24.19227604397674,1.4195552983829407,8.024893275209294,-4.899910909207819,1,77.0,0.00020529195899143815,100.0,0.0004045420209877193,105.0,0.0007004999788478017,106.0,0.038420624972786754,False,105.0,0.03368979197693989,106.0,0,0
barabasi_albert,50,23,141,50,141,0.11510204081632654,5.64,16,3,3.735023426968029,0.21433150183150182,4,2.324081632653061,1.3977966478082733,18.083278058153628,1.3977966478082733,7.831940673371674,-4.588586144476543,1,74.0,0.00015833298675715923,100.0,0.000380458019208163,105.0,0.0006311250035651028,111.0,0.03808333398774266,False,108.0,0.02629120898200199,111.0,0,0
barabasi_albert,50,24,141,50,141,0.11510204081632654,5.64,23,2,4.542070012670433,0.35443750935055285,4,2.2155102040816326,1.499805146635409,24.19264291300189,1.499805146635409,8.21812087453209,-4.690313679616365,1,65.0,0.0001604580320417881,105.0,0.000387999985832721,107.0,0.0007124159601517022,108.0,0.03953608399024233,False,100.0,0.030256250000093132,108.0,0,0
barabasi_albert,50,25,141,50,141,0.11510204081632654,5.64,20,3,3.74571755475503,0.19195344868409883,4,2.3044897959183674,1.3728193288959127,21.388765770293162,1.3728193288959127,7.748436182704616,-4.9736757562641225,1,74.0,0.00018816703232005239,101.0,0.000470208004117012,105.0,0.0007212500204332173,110.0,0.038158582989126444,False,107.0,0.03233916696626693,110.0,0,0
barabasi_albert,50,26,141,50,141,0.11510204081632654,5.64,22,1,3.8769059828682977,0.25513741813741814,4,2.302857142857143,0.926465219558358,23.179425243008396,0.926465219558358,7.965704538600658,-4.769407198631663,1,69.0,0.00015854195225983858,103.0,0.0003819580306299031,107.0,0.0007085420074872673,108.0,0.038016040984075516,False,108.0,0.03303629101719707,108.0,0,1
barabasi_albert,50,27,141,50,141,0.11510204081632654,5.64,23,1,4.008790341237615,0.2127071286201721,4,2.2848979591836733,0.9639853054530374,24.207815134977714,0.9639853054530374,8.037959469609582,-4.956903983112795,1,66.0,0.0001901250216178596,101.0,0.0004030829877592623,107.0,0.0006709999870508909,108.0,0.03555916697951034,False,107.0,0.035532208043150604,108.0,0,0
barabasi_albert,50,28,141,50,141,0.11510204081632654,5.64,20,2,4.146130726351981,0.2880857274820123,4,2.299591836734694,1.4330951969238457,21.324661259737994,1.4330951969238457,8.275852259771977,-4.913944409354135,1,69.0,0.000162874988745898,105.0,0.000466583005618304,106.0,0.0007249170448631048,110.0,1.1866181670338847,False,110.0,0.03379612497519702,110.0,0,1
barabasi_albert,50,29,141,50,141,0.11510204081632654,5.64,20,3,3.8562157615984094,0.1999268760135633,4,2.2783673469387753,1.4931696240171566,21.328491952605773,1.4931696240171566,7.90190039428966,-4.655789014261896,1,80.0,0.00018333300249651074,102.0,0.00046929100062698126,104.0,0.0007306669722311199,107.0,0.04159904201515019,False,107.0,0.03507387498393655,107.0,0,1
barabasi_albert,100,0,291,100,291,0.058787878787878785,5.82,30,3,4.602999022376608,0.10459857706318687,4,2.578989898989899,1.513779654241853,31.2325046240831,1.513779654241853,8.955587838001605,-5.816637742457647,1,153.0,0.00023820798378437757,206.0,0.0006901249871589243,209.0,0.0013923750375397503,225.0,1.4502547499723732,False,226.0,0.03748674999224022,225.0,1,0
barabasi_albert,100,1,291,100,291,0.058787878787878785,5.82,31,3,4.840206607160485,0.1334743692986839,5,2.5804040404040403,1.2995294326743096,32.38098799238479,1.2995294326743096,9.198028709557992,-5.897053815464691,1,153.0,0.00022954202722758055,219.0,0.0008365419926121831,223.0,0.0015316249919123948,227.0,2.322723583027255,False,223.0,0.036085792002268136,227.0,0,0
barabasi_albert,100,2,291,100,291,0.058787878787878785,5.82,33,3,5.1776056242243875,0.18977595879066467,5,2.573737373737374,1.3578725133069525,34.245157519653866,1.3578725133069525,9.688010160558534,-5.954892544302414,1,141.0,0.00022237503435462713,211.0,0.0006726670544594526,209.0,0.001371084013953805,221.0,4.1139755000476725,False,223.0,0.040635042008943856,221.0,1,0
barabasi_albert,100,3,291,100,291,0.058787878787878785,5.82,30,3,4.285743809422117,0.12929770416989306,5,2.6422222222222222,1.3186553462848156,31.199411124515386,1.3186553462848156,9.042417740852537,-5.680154601914403,1,147.0,0.0002352090086787939,206.0,0.0006813330110162497,215.0,0.0015243329689837992,223.0,2.2247328750090674,False,213.0,0.03762891603400931,223.0,0,0
barabasi_albert,100,4,291,100,291,0.058787878787878785,5.82,27,3,4.883400454601282,0.1487778549573946,4,2.568080808080808,1.4151093535864756,28.46876615477135,1.4151093535864756,9.281597408930331,-5.757784927288025,1,143.0,0.0002282079658471048,207.0,0.000534999999217689,218.0,0.0015483340248465538,220.0,1.616831541992724,False,223.0,0.0392784999567084,220.0,1,0
barabasi_albert,100,5,291,100,291,0.058787878787878785,5.82,28,3,4.472985580124308,0.14316749366406115,4,2.5965656565656565,1.4311084614897185,29.27102719026434,1.4311084614897185,8.953865870094123,-5.666501476931744,1,140.0,0.0002306660171598196,208.0,0.0006777090020477772,216.0,0.001376916014123708,225.0,2.568420374998823,False,218.0,0.039267250045668334,225.0,0,0
barabasi_albert,100,6,291,100,291,0.058787878787878785,5.82,31,3,4.676280573276159,0.13131283027499252,4,2.5935353535353536,1.4279558291895302,32.21895738039247,1.4279558291895302,9.141549048969146,-5.9778096823137075,1,149.0,0.00023037497885525227,206.0,0.0008748340187594295,219.0,0.001374000043142587,225.0,2.6631885419483297,False,220.0,0.036128624982666224,225.0,0,0
barabasi_albert,100,7,291,100,291,0.058787878787878785,5.82,28,3,4.618181460271999,0.14076022126022125,4,2.584848484848485,1.4275327906236577,29.394537320359937,1.4275327906236577,9.106125352352965,-5.508767522579008,1,151.0,0.0002513750223442912,216.0,0.0008383329841308296,215.0,0.0015677089686505497,221.0,0.20879212504951283,False,221.0,0.038317249971441925,221.0,0,1
barabasi_albert,100,8,291,100,291,0.058787878787878785,5.82,28,3,4.674141632428356,0.16238723172252584,4,2.5854545454545454,1.4000202282600474,29.37907616540324,1.4000202282600474,9.074457903474718,-5.831784997295008,1,146.0,0.00022924999939277768,214.0,0.0006898330175317824,211.0,0.0013888339744880795,226.0,5.1602644579834305,False,217.0,0.03685149998636916,226.0,0,0
barabasi_albert,100,9,291,100,291,0.058787878787878785,5.82,33,3,4.93432872840876,0.15018207506288,4,2.5668686868686867,1.469049118052243,34.20996384812108,1.469049118052243,9.264794672636675,-5.865800227043881,1,159.0,0.0002657079603523016,212.0,0.000861832988448441,213.0,0.0016180420061573386,227.0,2.6008259169757366,False,221.0,0.03205020900350064,227.0,0,0
barabasi_albert,100,10,291,100,291,0.058787878787878785,5.82,25,3,4.513047750689106,0.15399209320091672,4,2.6107070707070705,1.4021998635036959,26.505197107261225,1.4021998635036959,9.01827238222837,-5.593762226904735,1,134.0,0.0002146660117432475,203.0,0.000675459043122828,216.0,0.0015124580240808427,217.0,1.8951274169958197,False,217.0,0.035105541988741606,217.0,0,1
barabasi_albert,100,11,291,100,291,0.058787878787878785,5.82,35,3,5.101725198401028,0.20280889664763904,4,2.56,1.451287617612164,36.15654346925044,1.451287617612164,9.568564456880427,-5.6387950074411535,1,150.0,0.00025504198856651783,215.0,0.0008757499745115638,210.0,0.001749041024595499,223.0,0.35162229201523587,False,216.0,0.03658158303005621,223.0,0,0
barabasi_albert,100,12,291,100,291,0.058787878787878785,5.82,24,3,4.227008398382951,0.12744628816092,5,2.6634343434343433,1.3642426819780191,25.427448390162656,1.3642426819780191,9.009405761041092,-5.247059642817617,1,140.0,0.0002384160179644823,213.0,0.0010151250171475112,215.0,0.0017940839752554893,222.0,2.4427125829970464,False,220.0,0.03304316702997312,222.0,0,0
barabasi_albert,100,13,291,100,291,0.058787878787878785,5.82,27,3,4.689093729069618,0.12549449867746407,4,2.5927272727272728,1.3936370988347728,28.420041519906487,1.3936370988347728,9.164010005973742,-5.731333364736161,1,142.0,0.00022966699907556176,213.0,0.0009770000469870865,212.0,0.0016718750121071935,225.0,4.832756916992366,False,224.0,0.036770083010196686,225.0,0,0
barabasi_albert,100,14,291,100,291,0.058787878787878785,5.82,33,3,4.508613977709779,0.09327518276357286,5,2.6121212121212123,1.3514785616706015,34.15291735094149,1.3514785616706015,9.07410637185292,-5.7244467975492075,1,167.0,0.0002715419977903366,214.0,0.0008565000025555491,216.0,0.00161295902216807,225.0,5.114780250005424,False,213.0,0.03313495800830424,225.0,0,0
barabasi_albert,100,15,291,100,291,0.058787878787878785,5.82,40,2,4.996758949559204,0.14830445577814,4,2.5583838383838384,1.252140983669948,41.10605729094222,1.252140983669948,9.375263898414191,-6.196553638796059,1,151.0,0.00022370897931978106,210.0,0.000846249982714653,219.0,0.0015508749638684094,224.0,3.993573124986142,False,225.0,0.03967604198260233,224.0,1,0
barabasi_albert,100,16,291,100,291,0.058787878787878785,5.82,25,3,4.416740879879642,0.12555569251496024,5,2.5947474747474746,1.4001736703565686,26.599301985645933,1.4001736703565686,8.827859219908126,-5.615638909204735,1,140.0,0.00024029199266806245,213.0,0.0006830419879406691,213.0,0.0015642920043319464,224.0,5.090361709007993,False,221.0,0.0348710420075804,224.0,0,0
barabasi_albert,100,17,291,100,291,0.058787878787878785,5.82,23,3,4.708248081824068,0.1486604741110731,4,2.5802020202020204,1.4705759737249142,24.757127296200952,1.4705759737249142,8.983225485404674,-5.747496804156144,1,144.0,0.0002288329997099936,212.0,0.0008319999906234443,222.0,0.001369957986753434,225.0,0.23003408301156014,False,221.0,0.03937562502687797,225.0,0,0
barabasi_albert,100,18,291,100,291,0.058787878787878785,5.82,35,1,5.0505049252525245,0.15196391310787594,5,2.5866666666666664,0.9562990556040393,36.18769267120891,0.9562990556040393,9.641138904155202,-6.029424171247136,1,144.0,0.00023741601034998894,208.0,0.0006794999935664237,218.0,0.0014034159830771387,228.0,2.2144302910310216,False,224.0,0.03482341702328995,228.0,0,0
barabasi_albert,100,19,291,100,291,0.058787878787878785,5.82,34,3,4.641939249925618,0.13366241502175005,5,2.6014141414141414,1.3882688860917924,35.157851722877155,1.3882688860917924,9.078627347974884,-6.277700390812978,1,150.0,0.00022837502183392644,210.0,0.0006726669962517917,225.0,0.0016699589905329049,229.0,1.748203666007612,False,229.0,0.034756958950310946,229.0,0,1
barabasi_albert,100,20,291,100,291,0.058787878787878785,5.82,29,3,4.439324272904605,0.12152533989415548,5,2.6298989898989897,1.2674872392151009,30.265009395434717,1.2674872392151009,8.966427637957512,-5.527417614231979,1,137.0,0.00022441701730713248,207.0,0.00067904096795246,211.0,0.0015192499849945307,224.0,2.3647442079964094,False,224.0,0.03884779196232557,224.0,0,1
barabasi_albert,100,21,291,100,291,0.058787878787878785,5.82,33,3,4.501955130829271,0.1546045478037166,4,2.6195959595959595,1.3775143822487022,34.16002260452865,1.3775143822487022,9.08211357840976,-5.545692336167808,1,152.0,0.00023875001352280378,211.0,0.0006822500145062804,212.0,0.0016888329992070794,221.0,0.18601733300602064,False,218.0,0.03821724996669218,221.0,0,0
barabasi_albert,100,22,291,100,291,0.058787878787878785,5.82,36,3,5.299773580069248,0.1968239898989899,4,2.54989898989899,1.3103512404443096,37.26572365747892,1.3103512404443096,9.700320031471524,-6.121999854993012,1,148.0,0.0002322089858353138,215.0,0.0006832919898442924,216.0,0.0016809169901534915,217.0,2.5743424159591086,False,219.0,0.038980041979812086,217.0,1,0
barabasi_albert,100,23,291,100,291,0.058787878787878785,5.82,30,3,4.893628510624811,0.12355219753201498,4,2.567070707070707,1.457733286358299,31.288295535631327,1.457733286358299,9.264412746088809,-5.6117892557763005,1,146.0,0.00024216703604906797,215.0,0.0008400839869864285,220.0,0.001524624996818602,223.0,1.713846625003498,False,226.0,0.03662037500180304,223.0,1,0
barabasi_albert,100,24,291,100,291,0.058787878787878785,5.82,39,3,5.662826149547591,0.18533558449347923,4,2.486060606060606,1.411095439957913,40.138432368451646,1.411095439957913,9.79412187457999,-6.227038524267658,1,135.0,0.00023229100042954087,211.0,0.0007161249523051083,211.0,0.001669083023443818,220.0,4.9866207909653895,False,222.0,0.03664241702063009,220.0,1,0
barabasi_albert,100,25,291,100,291,0.058787878787878785,5.82,31,3,4.8195020489673,0.1426137938373532,4,2.583030303030303,1.404627608131101,32.27606218201809,1.404627608131101,9.144703640518992,-6.062370857761561,1,145.0,0.00023495795903727412,214.0,0.0006802080315537751,222.0,0.001526750042103231,221.0,3.736897583003156,False,223.0,0.03550504200393334,222.0,1,0
barabasi_albert,100,26,291,100,291,0.058787878787878785,5.82,32,1,4.88749424552091,0.15855364210398165,4,2.5802020202020204,0.9441550318237346,33.227242616617744,0.9441550318237346,9.378860548833432,-5.910500184161314,1,144.0,0.0002259159809909761,203.0,0.000677625008393079,218.0,0.0015446249744854867,227.0,2.88223970902618,False,220.0,0.040280999965034425,227.0,0,0
barabasi_albert,100,27,291,100,291,0.058787878787878785,5.82,36,3,4.800791601392421,0.13083258932330138,5,2.601212121212121,1.2415604132610716,37.14092828776208,1.2415604132610716,9.343843604947804,-6.078065576669553,1,143.0,0.00023149995831772685,207.0,0.0006814169464632869,214.0,0.0015463749878108501,227.0,5.167130707995966,False,220.0,0.03949287498835474,227.0,0,0
barabasi_albert,100,28,291,100,291,0.058787878787878785,5.82,33,2,5.404405610240595,0.19594604835159754,4,2.5246464646464646,1.440239363348467,34.24500673388624,1.440239363348467,9.847254608522832,-5.97934270749967,1,153.0,0.0002357500488869846,218.0,0.00068770901998505,219.0,0.0015268329880200326,227.0,2.732376333035063,False,228.0,0.039430333010386676,227.0,1,0
barabasi_albert,100,29,291,100,291,0.058787878787878785,5.82,33,3,5.044561427914226,0.1600537260862135,4,2.546666666666667,1.4338669238569002,34.272577783476315,1.4338669238569002,9.41399217473041,-5.955827858206133,1,157.0,0.00023979198886081576,213.0,0.0008387499838136137,214.0,0.0014101670240052044,221.0,4.853919582965318,False,219.0,0.035342250019311905,221.0,0,0
barabasi_albert,200,0,591,200,591,0.029698492462311557,5.91,47,3,5.489253136811966,0.0888680311718085,5,2.8608040201005025,1.3673546992286723,48.159948612699395,1.3673546992286723,10.383488788684922,-6.912940390578759,1,294.0,0.0003255000337958336,425.0,0.0015736670466139913,424.0,0.00415970798349008,445.0,23.046331458026543,False,445.0,0.04687458398984745,445.0,0,1
barabasi_albert,200,1,591,200,591,0.029698492462311557,5.91,43,3,5.882337970569186,0.12030067253636562,5,2.8313065326633167,1.3028759311491216,44.344768249890286,1.3028759311491216,10.737217403647538,-6.7429647215124735,1,314.0,0.0003216660115867853,445.0,0.002036707999650389,437.0,0.004607457958627492,447.0,20.405738459026907,False,439.0,0.0425731249852106,447.0,0,0
barabasi_albert,200,2,591,200,591,0.029698492462311557,5.91,50,3,6.0176324247996416,0.1024587520089541,5,2.8376884422110553,1.3513306746468996,51.201741462327604,1.3513306746468996,11.14755338752397,-7.199284389390763,1,289.0,0.0003137090243399143,428.0,0.0012584169744513929,430.0,0.004635750025045127,449.0,20.26078641600907,False,449.0,0.045722250011749566,449.0,0,1
barabasi_albert,200,3,591,200,591,0.029698492462311557,5.91,43,3,5.178986387315572,0.08646958633901891,5,2.9302010050251255,1.3335582827812114,44.18882292833702,1.3335582827812114,10.47546994417452,-6.999889277386771,1,308.0,0.00035904196556657553,437.0,0.0016221249825321138,451.0,0.00489562499569729,460.0,23.73707154201111,False,446.0,0.047374124987982213,460.0,0,0
barabasi_albert,200,4,591,200,591,0.029698492462311557,5.91,39,3,6.014307940237181,0.09333258491065638,5,2.807185929648241,1.3878641289050893,40.92848932586835,1.3878641289050893,10.871961958303096,-7.119906614894239,1,288.0,0.0003286250284872949,436.0,0.0018989999662153423,447.0,0.004193125001620501,455.0,22.81603066698881,False,456.0,0.04523241694550961,455.0,1,0
barabasi_albert,200,5,591,200,591,0.029698492462311557,5.91,37,3,5.242318189503572,0.08486538089355404,5,2.8949748743718593,1.2029429734430004,38.31861141367705,1.2029429734430004,10.15397402642554,-6.678977108349878,1,294.0,0.00033525004982948303,428.0,0.002045750035904348,436.0,0.00489937502425164,452.0,23.25770245800959,False,449.0,0.04732945800060406,452.0,0,0
barabasi_albert,200,6,591,200,591,0.029698492462311557,5.91,46,3,5.417739380959553,0.10113289215489829,5,2.8823618090452263,1.2751734111271789,47.177200119954364,1.2751734111271789,10.504708601657448,-6.91313956620607,1,293.0,0.00032245798502117395,417.0,0.0015912919770926237,440.0,0.004563792026601732,449.0,21.58170224999776,False,441.0,0.041729999997187406,449.0,0,0
barabasi_albert,200,7,591,200,591,0.029698492462311557,5.91,40,3,5.3676717485330645,0.10045194936129867,5,2.885628140703518,1.3293559074386683,41.33231757835298,1.3293559074386683,10.432125974254763,-6.432642173532603,1,306.0,0.00032154202926903963,432.0,0.0015920419828034937,430.0,0.004535916959866881,451.0,21.514055916981306,False,440.0,0.04288470803294331,451.0,0,0
barabasi_albert,200,8,591,200,591,0.029698492462311557,5.91,38,3,5.3133699287740175,0.09728504041142172,5,2.8906532663316584,1.3293271150152048,39.57856198516795,1.3293271150152048,10.298827611957726,-6.772578807920066,1,295.0,0.00034779199631884694,430.0,0.0016347499913536012,431.0,0.004466290993150324,451.0,17.331720375048462,False,442.0,0.04773704195395112,451.0,0,0
barabasi_albert,200,9,591,200,591,0.029698492462311557,5.91,39,3,5.2385016941869935,0.08649720122117925,5,2.909849246231156,1.3170384672325628,40.278435593676036,1.3170384672325628,10.281945970184093,-6.588986229712244,1,321.0,0.00032545800786465406,424.0,0.0015915829571895301,442.0,0.004681708989664912,449.0,22.023896500002593,False,451.0,0.04430920898448676,449.0,1,0
barabasi_albert,200,10,591,200,591,0.029698492462311557,5.91,34,3,5.105085699574494,0.09449676276667456,5,2.9203015075376886,1.313561755720209,35.55297602559982,1.313561755720209,10.235369028824653,-6.439349062994124,1,290.0,0.0003185000387020409,429.0,0.001903249998576939,454.0,0.004738999996334314,456.0,23.306682125024963,False,458.0,0.04595529200742021,456.0,1,0
barabasi_albert,200,11,591,200,591,0.029698492462311557,5.91,52,3,5.839683210585999,0.12105658287654436,5,2.8608040201005025,1.2856155162583482,53.141945101768364,1.2856155162583482,11.028694949076794,-7.004128312006594,1,305.0,0.00037341698771342635,423.0,0.0016667500021867454,425.0,0.004380625032354146,452.0,21.835782166046556,False,441.0,0.044179624994285405,452.0,0,0
barabasi_albert,200,12,591,200,591,0.029698492462311557,5.91,30,3,4.6831506488687715,0.08873363230278523,5,2.972462311557789,1.3047015636082846,31.56141827260971,1.3047015636082846,9.988862760025782,-6.1281695367111375,1,291.0,0.0003190420102328062,435.0,0.001984249975066632,433.0,0.005301500030327588,451.0,22.282626790984068,False,456.0,0.049023250001482666,451.0,1,0
barabasi_albert,200,13,591,200,591,0.029698492462311557,5.91,42,3,5.448109763945657,0.07794988630949386,5,2.8787437185929647,1.2529991202345474,43.24601369628681,1.2529991202345474,10.511977725200612,-6.8082306461025075,1,276.0,0.0003209580318070948,428.0,0.0012658750056289136,434.0,0.004710334003902972,449.0,21.023188541003037,False,449.0,0.045714166946709156,449.0,0,1
barabasi_albert,200,14,591,200,591,0.029698492462311557,5.91,45,3,5.3546148320864315,0.07625925739852789,5,2.885678391959799,1.3138179633421616,46.164075740394466,1.3138179633421616,10.371895005807897,-6.827421157482794,1,326.0,0.0003337920061312616,424.0,0.0019705420127138495,442.0,0.004457708972040564,456.0,22.08727745799115,False,453.0,0.04916562500875443,456.0,0,0
barabasi_albert,200,15,591,200,591,0.029698492462311557,5.91,55,3,5.5974905091478275,0.10396277529087125,5,2.864321608040201,1.3136878578940134,56.10593612965643,1.3136878578940134,10.624734836312733,-7.310218322524876,1,297.0,0.00039958301931619644,443.0,0.0016531660221517086,433.0,0.004314541001804173,447.0,18.603135292010847,False,426.0,0.04526304197497666,447.0,0,0
barabasi_albert,200,16,591,200,591,0.029698492462311557,5.91,35,3,5.0251268640702,0.07651555489287687,5,2.924572864321608,1.2967256998521481,36.597123559831985,1.2967256998521481,10.035445873712916,-6.509257534879676,1,282.0,0.000499500019941479,424.0,0.0017965000006370246,441.0,0.004561709007248282,453.0,22.807447709026746,False,455.0,0.04625033400952816,453.0,1,0
barabasi_albert,200,17,591,200,591,0.029698492462311557,5.91,36,3,5.577804227471596,0.10042673911267533,5,2.851105527638191,1.2959598739979707,37.38751683046835,1.2959598739979707,10.332610252138576,-6.8326867707775705,1,309.0,0.0003482909523881972,430.0,0.0012706669513136148,440.0,0.00456212495919317,449.0,22.716772917017806,False,440.0,0.04400366701884195,449.0,0,0
barabasi_albert,200,18,591,200,591,0.029698492462311557,5.91,47,1,5.60195501588508,0.10456956093768012,5,2.884572864321608,0.9622330277373721,48.19645608963768,0.9622330277373721,10.88286032234668,-6.904188556713125,1,297.0,0.00032237498089671135,430.0,0.0015868329792283475,443.0,0.004757083021104336,449.0,22.79913466697326,False,456.0,0.04713370796525851,449.0,1,0
barabasi_albert,200,19,591,200,591,0.029698492462311557,5.91,49,3,5.6693826824443585,0.10030256261983758,5,2.8558793969849248,1.3612111906476,50.143303649635044,1.3612111906476,10.602649751771505,-7.288150517298918,1,297.0,0.0003149579861201346,424.0,0.0015632500289939344,449.0,0.004442750010639429,464.0,23.341259417007677,False,447.0,0.044067125010769814,464.0,0,0
barabasi_albert,200,20,591,200,591,0.029698492462311557,5.91,44,3,5.593916338308968,0.09639941421627468,5,2.8647738693467337,1.251603190796215,45.222901426956916,1.251603190796215,10.605271819224118,-6.598646380001883,1,282.0,0.0003165419911965728,440.0,0.0015772499609738588,436.0,0.0038383329520002007,453.0,21.9510642500245,False,449.0,0.047286583052482456,453.0,0,0
barabasi_albert,200,21,591,200,591,0.029698492462311557,5.91,45,3,5.2260788359916654,0.07709159522716193,5,2.9045226130653266,1.3199940417957472,46.19685842846269,1.3199940417957472,10.36590669945091,-6.648766989518846,1,301.0,0.00032508402364328504,437.0,0.0016042079660110176,431.0,0.004807749995961785,451.0,18.52661929203896,False,443.0,0.043955333007033914,451.0,0,0
barabasi_albert,200,22,591,200,591,0.029698492462311557,5.91,56,3,6.202572047143024,0.12189103953516217,5,2.8119095477386935,1.390710250890369,57.205398892928194,1.390710250890369,11.167037750104218,-7.642471728983337,1,295.0,0.00032125000143423676,434.0,0.0015845829620957375,434.0,0.004342082946095616,453.0,21.969507750007324,False,438.0,0.047583832987584174,453.0,0,0
barabasi_albert,200,23,591,200,591,0.029698492462311557,5.91,45,3,5.69841205951272,0.10481098571070956,5,2.8577386934673368,1.337624438323405,46.184209975624704,1.337624438323405,10.644404016858235,-6.674545542958782,1,298.0,0.0003202090156264603,420.0,0.002221957955043763,441.0,0.004707832995336503,456.0,22.576614457997493,False,443.0,0.04450912500033155,456.0,0,0
barabasi_albert,200,24,591,200,591,0.029698492462311557,5.91,46,3,6.041680229869834,0.12233789560784664,5,2.8416582914572865,1.2400242760056055,47.26840386512747,1.2400242760056055,11.02070759521942,-6.903204350108332,1,292.0,0.00035391596611589193,444.0,0.001903874974232167,446.0,0.004564457980450243,447.0,23.384379082999658,False,446.0,0.050164957996457815,447.0,0,0
barabasi_albert,200,25,591,200,591,0.029698492462311557,5.91,47,3,5.56973069366913,0.09596699567807475,5,2.8603015075376885,1.333747514408483,48.162893343385534,1.333747514408483,10.469324570974575,-7.088132259371772,1,295.0,0.00034791696816682816,429.0,0.0016304170130752027,441.0,0.00425637501757592,450.0,24.035934792016633,False,447.0,0.04307041596621275,450.0,0,0
barabasi_albert,200,26,591,200,591,0.029698492462311557,5.91,48,1,5.532802183342542,0.0879284385950259,5,2.8665829145728643,0.9558879954416043,49.153520882862765,0.9558879954416043,10.670227621104896,-6.976582748416888,1,281.0,0.0003268749569542706,426.0,0.002277666993904859,437.0,0.004432499990798533,454.0,23.509169167024083,False,442.0,0.037413917016237974,454.0,0,0
barabasi_albert,200,27,591,200,591,0.029698492462311557,5.91,56,3,5.803610944920413,0.09901491274177034,5,2.8528140703517586,1.3046347154953077,57.1090352031419,1.3046347154953077,10.885279042339096,-7.4661934779129915,1,296.0,0.00033495802199468017,427.0,0.0015788330347277224,434.0,0.004280916997231543,452.0,23.77492945897393,False,454.0,0.04303591599455103,452.0,1,0
barabasi_albert,200,28,591,200,591,0.029698492462311557,5.91,51,2,6.114891658893067,0.12637315981320793,5,2.807638190954774,1.3540107825072678,52.16615305576537,1.3540107825072678,11.239856765418171,-7.3388695650635025,1,313.0,0.0003578329924494028,424.0,0.001994249993003905,438.0,0.004511874984018505,455.0,20.077592957997695,False,446.0,0.044370542047545314,455.0,0,0
barabasi_albert,200,29,591,200,591,0.029698492462311557,5.91,46,3,5.725548008706242,0.09952695211477414,5,2.851457286432161,1.3031481965912972,47.24391750551166,1.3031481965912972,10.785318608841205,-7.108943975478651,1,292.0,0.0003201669896952808,431.0,0.002215708955191076,434.0,0.005024790996685624,448.0,22.479892375005875,False,437.0,0.043438624998088926,448.0,0,0
watts_strogatz,20,0,60,20,60,0.3157894736842105,6.0,7,5,0.4472135954999579,0.5599999999999999,4,2.0,1.3531826633994037,8.938252646302011,1.3531826633994037,6.055016726476344,-2.7197414019296486,1,31.0,0.0001692920341156423,38.0,0.00025029201060533524,40.0,0.0003665830008685589,42.0,0.008675292017869651,False,39.0,0.026384374999906868,42.0,0,0
watts_strogatz,20,1,60,20,60,0.3157894736842105,6.0,7,5,0.4472135954999579,0.5428571428571429,4,1.9842105263157894,1.3296779253354902,9.249167904402618,1.3296779253354902,6.043451910744479,-3.0316691879004294,1,27.0,0.0003419159911572933,38.0,0.00023895897902548313,41.0,0.0003321670228615403,41.0,0.008492916997056454,False,41.0,0.029669458977878094,41.0,0,1
watts_strogatz,20,2,60,20,60,0.3157894736842105,6.0,7,5,0.5477225575051661,0.46309523809523806,3,1.894736842105263,1.5688612512887257,9.45948975756592,1.5688612512887257,6.05877206971868,-3.1300161428681004,1,28.0,0.00013120798394083977,39.0,0.00023004197282716632,41.0,0.00028920796466991305,42.0,0.008088291040621698,False,42.0,0.02770212502218783,42.0,0,1
watts_strogatz,20,3,60,20,60,0.3157894736842105,6.0,7,5,0.5477225575051661,0.5657142857142856,4,2.031578947368421,1.1051881032556672,9.423644724206401,1.1051881032556672,6.076861004284546,-2.943362998884071,1,30.0,0.00013066601241007447,36.0,0.00019175000488758087,41.0,0.0002828749711625278,41.0,0.008212832966819406,False,41.0,0.02748108300147578,41.0,0,1
watts_strogatz,20,4,60,20,60,0.3157894736842105,6.0,10,4,1.2649110640673518,0.5057936507936508,4,1.8842105263157896,1.5610554689475915,11.428552748136271,1.5610554689475915,6.310648186943729,-3.088005982865104,1,33.0,0.00013524998212233186,42.0,0.00019908399553969502,41.0,0.000369583023712039,42.0,0.008880457957275212,False,40.0,0.03023666702210903,42.0,0,0
watts_strogatz,20,5,60,20,60,0.3157894736842105,6.0,8,4,0.9486832980505138,0.49869047619047613,4,1.9473684210526316,1.2093836800203859,10.016261156927019,1.2093836800203859,6.2065762396313096,-3.359689833706568,1,31.0,0.00013633398339152336,38.0,0.0001973329926840961,42.0,0.0003322080010548234,43.0,0.012850875034928322,False,42.0,0.02738691697595641,43.0,0,0
watts_strogatz,20,6,60,20,60,0.3157894736842105,6.0,7,5,0.7071067811865476,0.4238095238095238,3,1.831578947368421,1.6697677402978996,9.36679425605607,1.6697677402978996,6.090803720238373,-3.1663118723854087,1,35.0,0.0001378749730065465,40.0,0.00020070804748684168,41.0,0.0003607919788919389,43.0,0.008972500043455511,False,42.0,0.030071624962147325,43.0,0,0
watts_strogatz,20,7,60,20,60,0.3157894736842105,6.0,8,4,0.8944271909999159,0.5088095238095238,4,1.9210526315789473,1.3441515014511274,9.879857059639527,1.3441515014511274,6.15096113627178,-2.9932803053987085,1,32.0,0.0001377919688820839,38.0,0.00019325001630932093,39.0,0.00032708299113437533,41.0,0.007882709032855928,False,41.0,0.026458832959178835,41.0,0,1
watts_strogatz,20,8,60,20,60,0.3157894736842105,6.0,7,5,0.5477225575051661,0.48857142857142855,4,1.9421052631578948,1.5759238564167177,9.552948978389129,1.5759238564167177,6.0710828158788015,-3.2875385650204976,1,36.0,0.00013100000796839595,39.0,0.0001883750082924962,44.0,0.00028658303199335933,44.0,0.008250374987255782,False,44.0,0.027064999972935766,44.0,0,1
watts_strogatz,20,9,60,20,60,0.3157894736842105,6.0,7,5,0.5477225575051661,0.535952380952381,4,1.9842105263157894,1.3289639678574798,9.465220333822982,1.3289639678574798,6.048435929559895,-3.179309845668491,1,27.0,0.00012799998512491584,40.0,0.0002197920111939311,41.0,0.0003124589566141367,43.0,0.00807454198366031,False,43.0,0.02720937499543652,43.0,0,1
watts_strogatz,20,10,60,20,60,0.3157894736842105,6.0,7,5,0.7071067811865476,0.4564285714285714,3,1.8736842105263158,1.551075019805085,9.618660275056722,1.551075019805085,6.112173419854734,-3.070674495541166,1,20.0,0.0001330830273218453,39.0,0.0002583750174380839,41.0,0.0006170420092530549,42.0,0.00853791699046269,False,42.0,0.029739083955064416,42.0,0,1
watts_strogatz,20,11,60,20,60,0.3157894736842105,6.0,7,5,0.7071067811865476,0.5159523809523809,4,1.936842105263158,1.3904993027443733,9.251228963460395,1.3904993027443733,6.1151636514438295,-2.9635215464368656,1,29.0,0.00013150001177564263,40.0,0.00026050000451505184,41.0,0.0003227909910492599,42.0,0.007945290999487042,False,40.0,0.027875458006747067,42.0,0,0
watts_strogatz,20,12,60,20,60,0.3157894736842105,6.0,9,4,1.224744871391589,0.47873015873015873,3,1.8736842105263158,1.3355587516042717,10.519483662225749,1.3355587516042717,6.217066611092256,-3.2295719073696865,1,26.0,0.00012845895253121853,41.0,0.00022320798598229885,41.0,0.00031820801086723804,43.0,0.008128917019348592,False,42.0,0.027290458034258336,43.0,0,0
watts_strogatz,20,13,60,20,60,0.3157894736842105,6.0,8,4,0.7745966692414834,0.4901190476190476,4,1.9157894736842105,1.44950141853822,9.986907190852081,1.44950141853822,6.1002237121801155,-3.1912428884693353,1,31.0,0.00013391702668741345,38.0,0.0001984999980777502,42.0,0.00032900000223889947,42.0,0.00913758302340284,False,42.0,0.027535124972928315,42.0,0,1
watts_strogatz,20,14,60,20,60,0.3157894736842105,6.0,7,4,0.9486832980505138,0.45785714285714285,3,1.868421052631579,1.4294760577085672,9.504137103604778,1.4294760577085672,6.160097618407573,-3.176884910582116,1,30.0,0.00016120797954499722,42.0,0.00023866596166044474,42.0,0.00031166599364951253,42.0,0.008984874992165715,False,42.0,0.027999125013593584,42.0,0,1
watts_strogatz,20,15,60,20,60,0.3157894736842105,6.0,8,4,0.7745966692414834,0.4913095238095238,4,1.9157894736842105,1.438727919487665,9.986653622640345,1.438727919487665,6.099437138458611,-3.290397214656729,1,29.0,0.00012870796490460634,39.0,0.00022274994989857078,42.0,0.00032008299604058266,43.0,0.008672250027302653,False,42.0,0.02507904201047495,43.0,0,0
watts_strogatz,20,16,60,20,60,0.3157894736842105,6.0,7,5,0.5477225575051661,0.5173809523809524,3,1.9105263157894736,1.5536615749586093,9.151396700102175,1.5536615749586093,6.067794235084789,-3.031769745191904,1,33.0,0.00013233302161097527,41.0,0.000189665996003896,41.0,0.00028266600565984845,42.0,0.008199333038646728,False,41.0,0.02732016600202769,42.0,0,0
watts_strogatz,20,17,60,20,60,0.3157894736842105,6.0,8,4,0.9486832980505138,0.5208333333333333,4,1.9263157894736842,1.3245108700786141,9.79274093893576,1.3245108700786141,6.196233140772593,-2.886478514251505,1,33.0,0.00013666599988937378,38.0,0.00019783404422923923,40.0,0.0003311660257168114,42.0,0.008966957975644618,False,41.0,0.028548499976750463,42.0,0,0
watts_strogatz,20,18,60,20,60,0.3157894736842105,6.0,8,5,0.7071067811865476,0.516904761904762,4,1.9578947368421054,1.2191852363405362,9.959494456340764,1.2191852363405362,6.107282376129808,-3.1801681067902683,1,24.0,0.0001420830376446247,39.0,0.00020187499467283487,41.0,0.0003337920061312616,42.0,0.008206915983464569,False,41.0,0.027358249993994832,42.0,0,0
watts_strogatz,20,19,60,20,60,0.3157894736842105,6.0,7,5,0.7071067811865476,0.47071428571428575,4,1.8894736842105264,1.5930701564558027,9.56842739107898,1.5930701564558027,6.079034999972904,-3.2522330597873848,1,28.0,0.00012683396926149726,40.0,0.00021866598399356008,43.0,0.0003179999766871333,43.0,0.008083624998107553,False,43.0,0.02598983299685642,43.0,0,1
watts_strogatz,20,20,60,20,60,0.3157894736842105,6.0,7,5,0.5477225575051661,0.4883333333333333,3,1.9157894736842105,1.5554790460503476,9.24883680398056,1.5554790460503476,6.064538842926288,-2.8598580906485482,1,19.0,0.00012954202247783542,40.0,0.00021916598780080676,43.0,0.00033229199470952153,43.0,0.008050167001783848,False,41.0,0.02707808295963332,43.0,0,0
watts_strogatz,20,21,60,20,60,0.3157894736842105,6.0,8,5,0.6324555320336759,0.5002380952380953,4,1.9473684210526316,1.44765552752316,9.711671226705725,1.44765552752316,6.070591633325935,-2.867729040246427,1,33.0,0.0001347920042462647,40.0,0.00019720802083611488,39.0,0.00032945803832262754,42.0,0.009007374988868833,False,41.0,0.027745375002268702,42.0,0,0
watts_strogatz,20,22,60,20,60,0.3157894736842105,6.0,9,4,1.0,0.4851190476190476,4,1.9157894736842105,1.2508712795427264,10.375885466504352,1.2508712795427264,6.206857825919512,-3.159670842842091,1,29.0,0.00018412497593089938,42.0,0.00023595901438966393,39.0,0.00034733302891254425,42.0,0.008028333017136902,False,42.0,0.02754749997984618,42.0,0,1
watts_strogatz,20,23,60,20,60,0.3157894736842105,6.0,7,4,0.7745966692414834,0.46119047619047615,3,1.8894736842105264,1.5031022964720857,9.825566228255813,1.5031022964720857,6.109759788545116,-3.327554676680996,1,32.0,0.0001293340465053916,42.0,0.00022145803086459637,42.0,0.0003172499709762633,42.0,0.010594749997835606,False,42.0,0.026009208988398314,42.0,0,1
watts_strogatz,20,24,60,20,60,0.3157894736842105,6.0,7,5,0.5477225575051661,0.5085714285714286,3,1.936842105263158,1.5244302799821752,9.329232724268051,1.5244302799821752,6.056013787507548,-3.1543618676503016,1,32.0,0.00013050000416114926,40.0,0.00023029098520055413,41.0,0.0003161659697070718,42.0,0.008186584047507495,False,41.0,0.02733008295763284,42.0,0,0
watts_strogatz,20,25,60,20,60,0.3157894736842105,6.0,8,4,1.0,0.49309523809523814,3,1.9157894736842105,1.6004667289727537,9.775624115217953,1.6004667289727537,6.191686148550823,-3.019176603292761,1,30.0,0.00013591599417850375,40.0,0.00025575002655386925,40.0,0.0005817089695483446,42.0,0.00843808299396187,False,40.0,0.030389665975235403,42.0,0,0
watts_strogatz,20,26,60,20,60,0.3157894736842105,6.0,7,5,0.5477225575051661,0.5492857142857143,3,1.9684210526315788,1.3894542099554748,9.39986877360571,1.3894542099554748,6.051032250799733,-3.0240074851917953,1,31.0,0.00013599998783320189,41.0,0.00019845797214657068,40.0,0.00032962497789412737,43.0,0.008228375052567571,False,43.0,0.027021291956771165,43.0,0,1
watts_strogatz,20,27,60,20,60,0.3157894736842105,6.0,7,5,0.31622776601683794,0.5895238095238095,4,2.0736842105263156,1.2500102983573755,8.84477318296814,1.2500102983573755,6.024074195357944,-2.672904257866084,1,25.0,0.00012987497029826045,37.0,0.00018920801812782884,39.0,0.0003137909807264805,41.0,0.008409583009779453,False,41.0,0.024965832999441773,41.0,0,1
watts_strogatz,20,28,60,20,60,0.3157894736842105,6.0,7,4,0.7071067811865476,0.484047619047619,3,1.9210526315789473,1.5184974829810989,9.626027649827204,1.5184974829810989,6.114978790664495,-3.3124615002304503,1,32.0,0.00012937502469867468,38.0,0.0001878330367617309,42.0,0.00027954200049862266,42.0,0.008147165994159877,False,42.0,0.027226083038840443,42.0,0,1
watts_strogatz,20,29,60,20,60,0.3157894736842105,6.0,7,5,0.7071067811865476,0.4807142857142857,3,1.936842105263158,1.432408010313393,9.748689530140453,1.432408010313393,6.155777613284268,-3.336887862923928,1,28.0,0.0001365420175716281,42.0,0.00035329197999089956,43.0,0.0007144160335883498,43.0,0.00843079196056351,False,43.0,0.02952704200288281,43.0,0,1
watts_strogatz,50,0,150,50,150,0.12244897959183673,6.0,7,5,0.4472135954999579,0.5301904761904762,6,3.284081632653061,0.31823515562056215,9.499449640774237,0.31823515562056215,6.069752207073301,-3.1904312695654657,1,81.0,0.0001602090196684003,97.0,0.0003171669668518007,102.0,0.0006580830086022615,106.0,0.06362441595410928,False,106.0,0.030134540982544422,106.0,0,1
watts_strogatz,50,1,150,50,150,0.12244897959183673,6.0,8,5,0.6633249580710799,0.5156190476190476,6,3.023673469387755,0.39213957479082406,10.176853642664664,0.39213957479082406,6.116244937912109,-3.314521028250035,1,75.0,0.00017874996410682797,94.0,0.00039600004674866796,104.0,0.0006635839818045497,105.0,0.050061625021044165,False,105.0,0.03229391702916473,105.0,0,1
watts_strogatz,50,2,150,50,150,0.12244897959183673,6.0,8,4,0.8246211251235321,0.46352380952380956,5,2.786122448979592,0.49643852268096555,10.231052813979021,0.49643852268096555,6.142868884411616,-3.4590883904735823,1,73.0,0.00015929201617836952,104.0,0.00039829197339713573,108.0,0.0006506250356324017,108.0,0.06777545803925022,False,107.0,0.030446792021393776,108.0,0,0
watts_strogatz,50,3,150,50,150,0.12244897959183673,6.0,8,3,0.8,0.48452380952380947,6,2.975510204081633,0.46843499065754735,9.953976925157727,0.46843499065754735,6.134223770124903,-3.2020504567806505,1,85.0,0.0001610000035725534,98.0,0.00039499998092651367,102.0,0.0007254169904626906,104.0,0.05063179100397974,False,101.0,0.02919916604878381,104.0,0,0
watts_strogatz,50,4,150,50,150,0.12244897959183673,6.0,10,4,1.0583005244258363,0.4306507936507936,5,2.6783673469387757,0.7139412945883916,11.722566175102799,0.7139412945883916,6.23729251407754,-3.6132438856504283,1,72.0,0.00015729200094938278,101.0,0.0003975419676862657,106.0,0.0007328750216402113,109.0,0.06231454201042652,False,105.0,0.03221450001001358,109.0,0,0
watts_strogatz,50,5,150,50,150,0.12244897959183673,6.0,8,5,0.6928203230275509,0.44085714285714284,5,2.8146938775510204,0.6503643429392072,10.071730552122451,0.6503643429392072,6.081688156433713,-3.598590519787992,1,80.0,0.00015879201237112284,95.0,0.00031154201133176684,108.0,0.0006474590045399964,108.0,0.05040516599547118,False,107.0,0.029961332969833165,108.0,0,0
watts_strogatz,50,6,150,50,150,0.12244897959183673,6.0,8,4,0.7483314773547883,0.4234761904761905,5,2.9355102040816328,0.5476105795759696,10.166427549617065,0.5476105795759696,6.169758116828004,-3.6765986732437095,1,68.0,0.0001551249879412353,103.0,0.0003917499561794102,106.0,0.0006520830211229622,110.0,0.05774337501497939,False,106.0,0.029482792015187442,110.0,0,0
watts_strogatz,50,7,150,50,150,0.12244897959183673,6.0,7,5,0.4898979485566356,0.5134285714285715,6,3.0587755102040814,0.43524705368898114,9.489908801567665,0.43524705368898114,6.059154132810109,-3.109398252710148,1,76.0,0.00019333302043378353,96.0,0.00032175000524148345,99.0,0.0006747079896740615,103.0,0.05075370898703113,False,102.0,0.02812550001544878,103.0,0,0
watts_strogatz,50,8,150,50,150,0.12244897959183673,6.0,8,5,0.7483314773547883,0.4343333333333333,6,2.776326530612245,0.6261511849486734,10.120720522355038,0.6261511849486734,6.141048608878655,-3.411166853818373,1,76.0,0.00019399996381253004,99.0,0.0004045420209877193,106.0,0.0007552499882876873,109.0,0.05041962501127273,False,109.0,0.029308500001206994,109.0,0,1
watts_strogatz,50,9,150,50,150,0.12244897959183673,6.0,8,4,0.6928203230275509,0.5079047619047619,6,2.951020408163265,0.5011674574591205,10.023693945200586,0.5011674574591205,6.100791408749629,-3.1199906807025544,1,75.0,0.00018637499306350946,96.0,0.00032783299684524536,103.0,0.0006919159786775708,104.0,0.05658724997192621,False,101.0,0.029979333048686385,104.0,0,0
watts_strogatz,50,10,150,50,150,0.12244897959183673,6.0,8,4,0.7745966692414834,0.47276190476190477,5,2.8816326530612244,0.4651394884782555,9.924445471494922,0.4651394884782555,6.129805127794769,-3.3148407251385787,1,66.0,0.00015641696518287063,103.0,0.00031629198929294944,103.0,0.0006520419847220182,106.0,0.07441875000949949,False,106.0,0.029285790980793536,106.0,0,1
watts_strogatz,50,11,150,50,150,0.12244897959183673,6.0,8,4,0.8246211251235321,0.4695238095238095,6,2.9183673469387754,0.5136375334936687,10.219632667022124,0.5136375334936687,6.138657415321775,-3.3735647804881994,1,71.0,0.00020574999507516623,97.0,0.00032412499422207475,103.0,0.0007595000206492841,106.0,0.05700091598555446,False,106.0,0.031119333987589926,106.0,0,1
watts_strogatz,50,12,150,50,150,0.12244897959183673,6.0,8,5,0.8944271909999159,0.38995238095238094,5,2.6579591836734693,0.7248314602668086,10.54752737826056,0.7248314602668086,6.215219995704969,-3.534976793293961,1,72.0,0.00015954195987433195,106.0,0.0004762920434586704,106.0,0.0006542080081999302,109.0,0.04351279197726399,False,108.0,0.030435208056587726,109.0,0,0
watts_strogatz,50,13,150,50,150,0.12244897959183673,6.0,8,4,0.6928203230275509,0.5177142857142857,6,3.0873469387755104,0.3802729615735307,9.901142607022054,0.3802729615735307,6.116603483648625,-3.2228073627069267,1,71.0,0.00017495901556685567,93.0,0.00031991704599931836,105.0,0.0006665000109933317,105.0,0.05021504097385332,False,104.0,0.032718125032261014,105.0,0,0
watts_strogatz,50,14,150,50,150,0.12244897959183673,6.0,7,4,0.7483314773547883,0.4633333333333334,6,2.902857142857143,0.45983294144798204,9.96247158579954,0.45983294144798204,6.115229466832024,-3.5380169292886445,1,82.0,0.00016883399803191423,99.0,0.00040016701677814126,107.0,0.0006632919539697468,108.0,0.04996112501248717,False,108.0,0.028489415999501944,108.0,0,1
watts_strogatz,50,15,150,50,150,0.12244897959183673,6.0,7,5,0.6324555320336759,0.5082857142857143,6,3.1477551020408163,0.38089744116441937,9.984801387079255,0.38089744116441937,6.093870026771397,-3.4278020224641064,1,74.0,0.00015791598707437515,101.0,0.0003939999733120203,103.0,0.0006520000169984996,104.0,0.05971183301880956,False,103.0,0.02901912498055026,104.0,0,0
watts_strogatz,50,16,150,50,150,0.12244897959183673,6.0,8,5,0.6928203230275509,0.4908095238095238,7,2.984489795918367,0.37812946790963087,10.066125747980601,0.37812946790963087,6.113464078727902,-3.3602327509508636,1,87.0,0.00022379198344424367,100.0,0.00040737498784437776,104.0,0.000712334003765136,106.0,0.056077832996379584,False,105.0,0.031978415965568274,106.0,0,0
watts_strogatz,50,17,150,50,150,0.12244897959183673,6.0,8,5,0.7211102550927979,0.45919047619047615,6,3.015510204081633,0.40606301648802323,10.044676324386172,0.40606301648802323,6.09495116553229,-3.49819627394327,1,80.0,0.0001646660384722054,101.0,0.0004778329748660326,106.0,0.0006653750315308571,107.0,0.05777712498093024,False,106.0,0.028918208030518144,107.0,0,0
watts_strogatz,50,18,150,50,150,0.12244897959183673,6.0,8,5,0.6928203230275509,0.46214285714285713,6,2.953469387755102,0.4885504020249093,10.088028188924387,0.4885504020249093,6.144932297164745,-3.4323110577033233,1,76.0,0.00018945802003145218,97.0,0.0004789169761352241,106.0,0.0006674160249531269,107.0,0.050917915999889374,False,103.0,0.02921445795800537,107.0,0,0
watts_strogatz,50,19,150,50,150,0.12244897959183673,6.0,8,5,0.6633249580710799,0.4766666666666666,6,2.9820408163265304,0.450122429932724,10.138678998181918,0.450122429932724,6.099668160081646,-3.455103867377604,1,70.0,0.00018266704864799976,97.0,0.0003194590099155903,102.0,0.0006570409750565886,107.0,0.049855208955705166,False,107.0,0.028290582995396107,107.0,0,1
watts_strogatz,50,20,150,50,150,0.12244897959183673,6.0,8,4,0.8717797887081347,0.43990476190476185,5,2.8889795918367347,0.5909148533482699,10.077359405579488,0.5909148533482699,6.166228849183635,-3.291409262612358,1,77.0,0.00019649998284876347,95.0,0.00041441695066168904,104.0,0.0006834169616922736,106.0,0.0507566659944132,False,104.0,0.029516958980821073,106.0,0,0
watts_strogatz,50,21,150,50,150,0.12244897959183673,6.0,7,5,0.6,0.5136190476190476,7,3.1787755102040816,0.36849602012701843,9.623683441473736,0.36849602012701843,6.0999068934909095,-3.4338641834907775,1,87.0,0.00018508400535210967,103.0,0.0005619159783236682,106.0,0.0006721249665133655,107.0,0.1189459579763934,False,100.0,0.031488291977439076,107.0,0,0
watts_strogatz,50,22,150,50,150,0.12244897959183673,6.0,7,4,0.8,0.4492380952380952,6,2.9069387755102043,0.43076718328713137,9.854915350742838,0.43076718328713137,6.129052637570092,-3.3892547540236575,1,74.0,0.00016783300088718534,101.0,0.0004017080063931644,107.0,0.0006582909845747054,107.0,0.07273308304138482,False,104.0,0.029916750034317374,107.0,0,0
watts_strogatz,50,23,150,50,150,0.12244897959183673,6.0,7,4,0.6324555320336759,0.4483809523809523,6,2.8881632653061224,0.48564996516305076,10.015873860956678,0.48564996516305076,6.090022404513806,-3.7405245005505714,1,65.0,0.0001586660509929061,99.0,0.00040145800448954105,105.0,0.000652582966722548,109.0,0.04987012501806021,False,105.0,0.032552958000451326,109.0,0,0
watts_strogatz,50,24,150,50,150,0.12244897959183673,6.0,7,5,0.565685424949238,0.502095238095238,6,2.9551020408163264,0.49336824088111064,9.398442869305539,0.49336824088111064,6.071919242323898,-3.2953250283468534,1,77.0,0.0002090419875457883,93.0,0.00032295804703608155,104.0,0.000900916988030076,106.0,0.07437870802823454,False,105.0,0.030380957992747426,106.0,0,0
watts_strogatz,50,25,150,50,150,0.12244897959183673,6.0,8,5,0.6928203230275509,0.4638095238095238,6,2.994285714285714,0.48393234880988933,9.941585492189034,0.48393234880988933,6.113221949847933,-3.3259436978302985,1,75.0,0.00015841599088162184,103.0,0.0003933749976567924,105.0,0.0007220419938676059,109.0,0.056256124982610345,False,108.0,0.02997166698332876,109.0,0,0
watts_strogatz,50,26,150,50,150,0.12244897959183673,6.0,8,4,0.7483314773547883,0.4681428571428572,6,2.8212244897959184,0.5807683587194234,10.300595513306193,0.5807683587194234,6.1614382614526395,-3.461449795083186,1,84.0,0.00020841596415266395,100.0,0.00042449997272342443,103.0,0.0007370419916696846,106.0,0.04995100002270192,False,105.0,0.029654124984517694,106.0,0,0
watts_strogatz,50,27,150,50,150,0.12244897959183673,6.0,7,5,0.5291502622129182,0.5371428571428571,6,3.183673469387755,0.40835925514949467,9.57903524470945,0.40835925514949467,6.072394930961392,-3.1840661146823037,1,65.0,0.00022891699336469173,95.0,0.0005037089576944709,103.0,0.0006380830309353769,105.0,0.050070209021214396,False,105.0,0.02941524999914691,105.0,0,1
watts_strogatz,50,28,150,50,150,0.12244897959183673,6.0,8,4,0.7483314773547883,0.4460952380952381,5,2.7722448979591836,0.61004437441684,10.046748248983773,0.61004437441684,6.125456975885273,-3.3819104025794773,1,75.0,0.00018812500638887286,97.0,0.0004022920038551092,105.0,0.0007434170111082494,107.0,0.06610645801993087,False,107.0,0.028520916996058077,107.0,0,1
watts_strogatz,50,29,150,50,150,0.12244897959183673,6.0,8,4,0.7211102550927979,0.44152380952380954,5,2.746938775510204,0.570572775561349,9.89114419742815,0.570572775561349,6.112523988842576,-3.2471360541709964,1,61.0,0.0002133749658241868,99.0,0.0004161659744568169,100.0,0.000771332997828722,107.0,0.05068620800739154,False,104.0,0.029106500034686178,107.0,0,0
watts_strogatz,100,0,300,100,300,0.06060606060606061,6.0,8,4,0.6164414002968976,0.5013095238095238,8,4.027676767676768,0.18215622037599094,10.07947031056018,0.18215622037599094,6.108713586941535,-3.366640533412976,1,156.0,0.00023200002033263445,199.0,0.0006957089644856751,208.0,0.0015562089974991977,212.0,5.370088750030845,False,205.0,0.03611524996813387,212.0,0,0
watts_strogatz,100,1,300,100,300,0.06060606060606061,6.0,8,4,0.7615773105863908,0.48180952380952374,7,3.7670707070707072,0.29089099750740555,10.116056451774378,0.29089099750740555,6.145236889299037,-3.301021670827061,1,147.0,0.00022641598479822278,200.0,0.0008422500104643404,208.0,0.0014019159716553986,212.0,0.4286083329934627,False,211.0,0.0362567090196535,212.0,0,0
watts_strogatz,100,2,300,100,300,0.06060606060606061,6.0,8,5,0.6782329983125268,0.4544047619047619,8,3.7896969696969696,0.26517305285269616,10.385150033675604,0.26517305285269616,6.10343830026966,-3.6106258285869677,1,149.0,0.0002887080190703273,193.0,0.0007960000075399876,204.0,0.001680250046774745,213.0,5.367537916987203,False,209.0,0.03707258397480473,213.0,0,0
watts_strogatz,100,3,300,100,300,0.06060606060606061,6.0,8,4,0.7211102550927979,0.48202380952380947,7,3.7418181818181817,0.2914744838680392,10.744320054654894,0.2914744838680392,6.142946175874731,-3.6653810698666742,1,150.0,0.0002525419695302844,193.0,0.0007077500340528786,206.0,0.0017281250329688191,214.0,3.6837194999679923,False,211.0,0.033687832998111844,214.0,0,0
watts_strogatz,100,4,300,100,300,0.06060606060606061,6.0,9,4,0.8366600265340756,0.40423809523809523,6,3.4535353535353535,0.4017596390180385,10.885307892607802,0.4017596390180385,6.179827736406107,-3.851132051016248,1,147.0,0.00022537499899044633,205.0,0.0006864580209366977,217.0,0.001631750026717782,217.0,0.32374099997105077,False,217.0,0.038013708021026105,217.0,0,1
watts_strogatz,100,5,300,100,300,0.06060606060606061,6.0,8,5,0.7483314773547883,0.4130952380952381,7,3.5347474747474745,0.3948069052899396,10.229790711468429,0.3948069052899396,6.124740640810171,-3.662407459527683,1,156.0,0.00029912503669038415,201.0,0.0007225839653983712,217.0,0.0016595000051893294,219.0,2.434210792009253,False,218.0,0.038117207994218916,219.0,0,0
watts_strogatz,100,6,300,100,300,0.06060606060606061,6.0,8,4,0.7874007874011811,0.46245238095238095,7,3.7476767676767677,0.2877885696427079,10.635699957260524,0.2877885696427079,6.154868430635925,-3.4839943222235754,1,146.0,0.00024041597498580813,200.0,0.0008620409644208848,206.0,0.0016006659716367722,216.0,5.356309041031636,False,211.0,0.0341527090058662,216.0,0,0
watts_strogatz,100,7,300,100,300,0.06060606060606061,6.0,8,4,0.6164414002968976,0.48757142857142854,8,3.958181818181818,0.1962916026423443,10.102658825213869,0.1962916026423443,6.177091724472278,-3.350361554797371,1,154.0,0.00023025000700727105,194.0,0.0006821670103818178,209.0,0.0015643329825252295,212.0,5.934677749988623,False,205.0,0.059450582950375974,212.0,0,0
watts_strogatz,100,8,300,100,300,0.06060606060606061,6.0,8,4,0.7348469228349535,0.4545952380952381,7,3.6846464646464647,0.32289967142715414,10.493684719920944,0.32289967142715414,6.111627997899369,-3.4494755810652316,1,147.0,0.0002928749890998006,196.0,0.0006452499656006694,209.0,0.0017629170324653387,211.0,0.6912755840457976,False,207.0,0.03664750000461936,211.0,0,0
watts_strogatz,100,9,300,100,300,0.06060606060606061,6.0,8,4,0.6164414002968976,0.4690714285714286,6,3.7395959595959596,0.3496355870305917,10.064915252412359,0.3496355870305917,6.133723171658957,-3.4092991682110285,1,146.0,0.00022549997083842754,199.0,0.0007671660277992487,208.0,0.0015496250125579536,212.0,4.737574291008059,False,212.0,0.034651540976483375,212.0,0,1
watts_strogatz,100,10,300,100,300,0.06060606060606061,6.0,8,4,0.7348469228349535,0.47338095238095235,8,3.7896969696969696,0.29679887244558584,10.629439582291525,0.29679887244558584,6.103078553198339,-3.540319759585165,1,138.0,0.00022979197092354298,187.0,0.000685208011418581,203.0,0.0014128329930827022,211.0,6.0387144580017775,False,207.0,0.033417750033549964,211.0,0,0
watts_strogatz,100,11,300,100,300,0.06060606060606061,6.0,8,4,0.8,0.4496428571428572,7,3.601818181818182,0.28054601000080914,10.236520223877433,0.28054601000080914,6.130641311939048,-3.4450092287554726,1,138.0,0.00022408395307138562,195.0,0.0006848750053904951,209.0,0.0015522079775109887,212.0,0.4336182500119321,False,211.0,0.032885291962884367,212.0,0,0
watts_strogatz,100,12,300,100,300,0.06060606060606061,6.0,9,4,0.7483314773547883,0.4415952380952381,7,3.6436363636363636,0.37892213278958253,10.818976026857557,0.37892213278958253,6.127291315104321,-3.621000588420816,1,156.0,0.00022924999939277768,193.0,0.0008449580054730177,214.0,0.001392417005263269,217.0,0.46096991695230827,False,216.0,0.03470129199558869,217.0,0,0
watts_strogatz,100,13,300,100,300,0.06060606060606061,6.0,8,4,0.7348469228349535,0.45507142857142857,6,3.5327272727272727,0.3883009608936121,10.368497619935457,0.3883009608936121,6.15160897005901,-3.569615248014044,1,139.0,0.00022104097297415137,202.0,0.0006850830395705998,208.0,0.0014172089868225157,213.0,0.45369708398357034,False,212.0,0.035989874973893166,213.0,0,0
watts_strogatz,100,14,300,100,300,0.06060606060606061,6.0,9,4,0.848528137423857,0.4504920634920635,7,3.5894949494949495,0.34775106545985557,10.97792245156647,0.34775106545985557,6.186823990148633,-3.5776187418265586,1,154.0,0.00022233399795368314,197.0,0.0005222079926170409,211.0,0.0015515419654548168,215.0,2.093154416012112,False,212.0,0.03705383400665596,215.0,0,0
watts_strogatz,100,15,300,100,300,0.06060606060606061,6.0,8,4,0.7348469228349535,0.5001428571428571,8,3.8656565656565656,0.23612535929555967,10.023688939772486,0.23612535929555967,6.145502392516184,-3.320500273286403,1,147.0,0.0003660420188680291,195.0,0.0007342080352827907,204.0,0.0015997089794836938,213.0,4.790988666994963,False,209.0,0.03342133399564773,213.0,0,0
watts_strogatz,100,16,300,100,300,0.06060606060606061,6.0,8,4,0.6324555320336759,0.48911904761904756,7,3.7195959595959596,0.2881635223211854,10.259733973334138,0.2881635223211854,6.109651742919984,-3.5756414492305058,1,154.0,0.0002292920253239572,197.0,0.0006839999696239829,210.0,0.0014103329740464687,213.0,1.3775368339847773,False,208.0,0.03458099998533726,213.0,0,0
watts_strogatz,100,17,300,100,300,0.06060606060606061,6.0,8,4,0.8,0.44942857142857146,7,3.6951515151515153,0.28131824566339303,10.069540736109394,0.28131824566339303,6.142825611401115,-3.5090757558305024,1,142.0,0.00022358400747179985,203.0,0.0006817919784225523,210.0,0.0013981249649077654,216.0,1.9672820839914493,False,214.0,0.0376874579815194,216.0,0,0
watts_strogatz,100,18,300,100,300,0.06060606060606061,6.0,8,3,0.7745966692414834,0.4867142857142857,8,3.797979797979798,0.26935039220268364,10.245054580690956,0.26935039220268364,6.125401503133975,-3.453275893177268,1,147.0,0.0002293750294484198,187.0,0.0006830409984104335,204.0,0.0014077089726924896,211.0,5.298370834032539,False,210.0,0.03428887500194833,211.0,0,0
watts_strogatz,100,19,300,100,300,0.06060606060606061,6.0,8,4,0.7874007874011811,0.45476190476190476,7,3.753939393939394,0.2582656163848053,10.518892242080515,0.2582656163848053,6.130937421051825,-3.4516990709253648,1,146.0,0.00022775004617869854,194.0,0.0005229579983279109,205.0,0.0014052920159883797,213.0,0.40901308303000405,False,206.0,0.03779100003885105,213.0,0,0
watts_strogatz,100,20,300,100,300,0.06060606060606061,6.0,8,4,0.7745966692414834,0.4212619047619047,7,3.5313131313131314,0.32972689449744264,10.317738235712053,0.32972689449744264,6.167244707358895,-3.7326992827796643,1,143.0,0.00022370798978954554,201.0,0.0006873750244267285,208.0,0.0014020419912412763,213.0,5.365753999969456,False,212.0,0.0457066249800846,213.0,0,0
watts_strogatz,100,21,300,100,300,0.06060606060606061,6.0,9,4,0.7745966692414834,0.46509523809523806,7,3.639393939393939,0.33448563621708566,10.85301664268818,0.33448563621708566,6.150221651870224,-3.443368065250856,1,160.0,0.0005179999861866236,196.0,0.0028228749870322645,204.0,0.004750083026010543,210.0,0.8991449170280248,False,207.0,0.03114725003251806,210.0,0,0
watts_strogatz,100,22,300,100,300,0.06060606060606061,6.0,7,4,0.648074069840786,0.431952380952381,7,3.7066666666666666,0.2832038782314362,10.12757916363615,0.2832038782314362,6.151492641222084,-3.7192974136170807,1,145.0,0.00022912496933713555,203.0,0.0008471659966744483,205.0,0.0013919160119257867,213.0,0.3482124170404859,False,214.0,0.033135792007669806,213.0,1,0
watts_strogatz,100,23,300,100,300,0.06060606060606061,6.0,8,4,0.7071067811865476,0.47419047619047616,7,3.694141414141414,0.3385757300440333,10.493921560684377,0.3385757300440333,6.135704376040494,-3.4857458892629136,1,149.0,0.00023379194317385554,191.0,0.0006846670294180512,206.0,0.0015552090480923653,214.0,5.390512124984525,False,205.0,0.038907499983906746,214.0,0,0
watts_strogatz,100,24,300,100,300,0.06060606060606061,6.0,8,4,0.6928203230275509,0.49409523809523814,8,3.932121212121212,0.25030770821866233,10.047823106651972,0.25030770821866233,6.127223924350913,-3.3797402800420207,1,147.0,0.0002327919937670231,189.0,0.0009113340056501329,207.0,0.0016195839853025973,209.0,0.5296449999441393,False,208.0,0.035674375016242266,209.0,0,0
watts_strogatz,100,25,300,100,300,0.06060606060606061,6.0,8,3,0.8602325267042626,0.4691428571428571,7,3.7151515151515153,0.26267321495796525,10.473850651735422,0.26267321495796525,6.238197407034261,-3.36621941945935,1,157.0,0.00023499998496845365,200.0,0.0007697499822825193,207.0,0.0016549580032005906,214.0,0.4168584579601884,False,208.0,0.037750916031654924,214.0,0,0
watts_strogatz,100,26,300,100,300,0.06060606060606061,6.0,8,4,0.7071067811865476,0.4786190476190476,8,3.8646464646464644,0.26322437111961794,10.17843040217048,0.26322437111961794,6.128542864784328,-3.3148343387195323,1,159.0,0.00023399997735396028,193.0,0.0007718750275671482,205.0,0.001589749997947365,213.0,1.4053174579748884,False,209.0,0.03218974999617785,213.0,0,0
watts_strogatz,100,27,300,100,300,0.06060606060606061,6.0,8,4,0.7071067811865476,0.48516666666666663,7,3.697171717171717,0.3123356946313768,10.057706448306572,0.3123356946313768,6.115232042644802,-3.377891571726097,1,149.0,0.0002429169835522771,199.0,0.0007173329940997064,208.0,0.0023662499734200537,213.0,0.37327916600042954,False,209.0,0.033953583042602986,213.0,0,0
watts_strogatz,100,28,300,100,300,0.06060606060606061,6.0,8,3,0.8831760866327847,0.44166666666666665,7,3.557979797979798,0.39094566496264715,10.330767059819875,0.39094566496264715,6.1792107800874385,-3.4781374304152046,1,150.0,0.00022933399304747581,199.0,0.0006884169997647405,207.0,0.0015487080090679228,212.0,0.4878868749947287,False,208.0,0.033253250003326684,212.0,0,0
watts_strogatz,100,29,300,100,300,0.06060606060606061,6.0,9,5,0.7745966692414834,0.43703968253968256,7,3.523030303030303,0.417050158552123,10.998493084053642,0.417050158552123,6.142987706566529,-3.7505992543801088,1,129.0,0.00022662500850856304,200.0,0.0008515000226907432,211.0,0.0015662090154364705,215.0,4.932997124968097,False,212.0,0.037609708961099386,215.0,0,0
watts_strogatz,200,0,600,200,600,0.03015075376884422,6.0,8,3,0.7211102550927979,0.4807857142857143,9,4.631005025125628,0.21454885973631072,10.405030075100838,0.21454885973631072,6.171812378353573,-3.396091337303515,1,301.0,0.00038475001929327846,392.0,0.0015316249919123948,417.0,0.005422957998234779,424.0,25.69425133301411,False,416.0,0.043103916046675295,424.0,0,0
watts_strogatz,200,1,600,200,600,0.03015075376884422,6.0,8,4,0.7071067811865476,0.4537023809523809,10,4.532361809045226,0.21007028631971753,10.776139588404526,0.21007028631971753,6.129702649501586,-3.671958698622509,1,286.0,0.00035583297722041607,403.0,0.0017962080310098827,412.0,0.004860290966462344,422.0,24.24382533301832,False,421.0,0.045645417005289346,422.0,0,0
watts_strogatz,200,2,600,200,600,0.03015075376884422,6.0,8,4,0.7071067811865476,0.45846428571428566,9,4.543165829145729,0.2011839919186085,10.68447016005321,0.2011839919186085,6.157828186474406,-3.630433505097678,1,288.0,0.0003731249598786235,401.0,0.0014576250105164945,414.0,0.005665832955855876,425.0,20.824320249957964,False,420.0,0.04618229198968038,425.0,0,0
watts_strogatz,200,3,600,200,600,0.03015075376884422,6.0,9,4,0.7,0.46417063492063493,8,4.426281407035176,0.26536252759250134,10.755909883810661,0.26536252759250134,6.120968008193501,-3.5142129038008023,1,297.0,0.00035970896715298295,396.0,0.0019614999764598906,415.0,0.0050352499820292,430.0,23.567981333006173,False,420.0,0.046128207992296666,430.0,0,0
watts_strogatz,200,4,600,200,600,0.03015075376884422,6.0,9,4,0.7681145747868608,0.43322222222222223,8,4.325477386934673,0.26744851855636265,11.037230579615747,0.26744851855636265,6.1268785923198,-3.7104006520565154,1,302.0,0.00032004097010940313,397.0,0.001744916953612119,421.0,0.004663291969336569,424.0,22.724517875001766,False,417.0,0.045882000005804,424.0,0,0
watts_strogatz,200,5,600,200,600,0.03015075376884422,6.0,8,4,0.7615773105863908,0.4453928571428571,8,4.360452261306532,0.272527426539584,10.64620136654338,0.272527426539584,6.137754057258176,-3.715869022583327,1,296.0,0.00032350001856684685,396.0,0.0012778749805875123,417.0,0.004014040983747691,427.0,23.00868658302352,False,420.0,0.046362459019292146,427.0,0,0
watts_strogatz,200,6,600,200,600,0.03015075376884422,6.0,8,5,0.6244997998398398,0.4699047619047619,8,4.707939698492463,0.1903253831488248,10.240569899853295,0.1903253831488248,6.122563578389422,-3.455656868873072,1,292.0,0.00031537498580291867,394.0,0.0012590409605763853,419.0,0.005207000009249896,422.0,20.94859791599447,False,410.0,0.0444160409970209,422.0,0,0
watts_strogatz,200,7,600,200,600,0.03015075376884422,6.0,9,4,0.6782329983125268,0.4650714285714285,9,4.582060301507537,0.17870138540755515,10.825725946352325,0.17870138540755515,6.1349774316500785,-3.6196117464928,1,307.0,0.0003262080135755241,396.0,0.0012616669991984963,415.0,0.0042808339931070805,424.0,23.216882875014562,False,422.0,0.04785362497204915,424.0,0,0
watts_strogatz,200,8,600,200,600,0.03015075376884422,6.0,8,4,0.7874007874011811,0.44694047619047617,9,4.48497487437186,0.23835303979823258,10.640355526871781,0.23835303979823258,6.146567763851797,-3.6369109693828046,1,299.0,0.00032062496757134795,395.0,0.0016068330151028931,419.0,0.004329874995164573,427.0,21.936728625034448,False,420.0,0.046862624993082136,427.0,0,0
watts_strogatz,200,9,600,200,600,0.03015075376884422,6.0,8,4,0.7071067811865476,0.47270238095238093,9,4.58859296482412,0.18748504071329652,10.335553370013244,0.18748504071329652,6.159182877436505,-3.42099681372624,1,291.0,0.00031833304092288017,402.0,0.0015932500245980918,416.0,0.005214583012275398,423.0,21.461050583980978,False,417.0,0.04725704196607694,423.0,0,0
watts_strogatz,200,10,600,200,600,0.03015075376884422,6.0,9,4,0.7348469228349535,0.4665833333333333,9,4.625427135678392,0.18553831107863958,10.740140112779653,0.18553831107863958,6.1898002929465115,-3.5947265495857255,1,289.0,0.0003129590186290443,396.0,0.0015942919999361038,416.0,0.004023749963380396,425.0,21.279340583016165,False,421.0,0.04274254199117422,425.0,0,0
watts_strogatz,200,11,600,200,600,0.03015075376884422,6.0,9,4,0.812403840463596,0.43698809523809523,8,4.311206030150754,0.2646089076840331,11.044651610885948,0.2646089076840331,6.163356924243619,-3.7703746867173002,1,289.0,0.0003159580519422889,395.0,0.0017300000181421638,422.0,0.004644125001505017,432.0,24.339450458006468,False,430.0,0.046262458025012165,432.0,0,0
watts_strogatz,200,12,600,200,600,0.03015075376884422,6.0,9,4,0.806225774829855,0.46098015873015874,8,4.512412060301507,0.25948037840886634,10.802385584960772,0.25948037840886634,6.163490935973074,-3.587567663064722,1,302.0,0.0003309160238131881,398.0,0.001593083026818931,421.0,0.004019000043626875,423.0,20.964563207991887,False,419.0,0.044713250012136996,423.0,0,0
watts_strogatz,200,13,600,200,600,0.03015075376884422,6.0,8,4,0.7416198487095663,0.44152380952380954,8,4.37321608040201,0.2913126084384312,10.485227131512367,0.2913126084384312,6.121647006517656,-3.756928755652439,1,287.0,0.00038708403008058667,410.0,0.0016468329704366624,416.0,0.004703416954725981,428.0,22.453837874985766,False,424.0,0.04318766598589718,428.0,0,0
watts_strogatz,200,14,600,200,600,0.03015075376884422,6.0,8,5,0.648074069840786,0.45407142857142857,9,4.589296482412061,0.24025487352593317,10.31800160199569,0.24025487352593317,6.143624775458705,-3.554011202265918,1,310.0,0.0003850000211969018,400.0,0.0016894579748623073,419.0,0.004666915978305042,428.0,22.387557584035676,False,422.0,0.04492387501522899,428.0,0,0
watts_strogatz,200,15,600,200,600,0.03015075376884422,6.0,9,4,0.7211102550927979,0.4734285714285714,10,4.716532663316583,0.14540960950383508,10.65618654730411,0.14540960950383508,6.170925424168166,-3.576900787297127,1,310.0,0.0003444169997237623,388.0,0.0012687910348176956,411.0,0.004315249971114099,421.0,21.872132208023686,False,417.0,0.04819591698469594,421.0,0,0
watts_strogatz,200,16,600,200,600,0.03015075376884422,6.0,9,4,0.7937253933193772,0.45324999999999993,9,4.336733668341709,0.2475844513847521,10.803568749545425,0.2475844513847521,6.142844085923171,-3.5738969792161766,1,300.0,0.00032520899549126625,400.0,0.0012974159908480942,420.0,0.004363290965557098,426.0,15.06011512503028,False,415.0,0.04453395900782198,426.0,0,0
watts_strogatz,200,17,600,200,600,0.03015075376884422,6.0,9,4,0.7483314773547883,0.450031746031746,9,4.434472361809045,0.26658751860155727,11.077681032507915,0.26658751860155727,6.147634331118168,-3.7199215527032377,1,286.0,0.0005453749909065664,401.0,0.00152299995534122,414.0,0.004741082957480103,424.0,22.360544791969005,False,418.0,0.0443136669928208,424.0,0,0
watts_strogatz,200,18,600,200,600,0.03015075376884422,6.0,9,4,0.8366600265340756,0.4570515873015873,8,4.426281407035176,0.23681922202029912,10.77953244681354,0.23681922202029912,6.153163534499705,-3.527020507714391,1,282.0,0.00031391700031235814,395.0,0.0012681249645538628,416.0,0.004627917020116001,426.0,24.162228457978927,False,421.0,0.04793775000143796,426.0,0,0
watts_strogatz,200,19,600,200,600,0.03015075376884422,6.0,9,4,0.7348469228349535,0.4459325396825397,8,4.3952763819095475,0.27615809364456634,10.939924248206182,0.27615809364456634,6.1669670803947785,-3.549579173058718,1,290.0,0.0003303750418126583,393.0,0.0018961660098284483,418.0,0.004322541004512459,425.0,21.169493750028778,False,421.0,0.04690779198426753,425.0,0,0
watts_strogatz,200,20,600,200,600,0.03015075376884422,6.0,9,4,0.8888194417315589,0.4210079365079365,8,4.239698492462312,0.3110560412231626,11.089846949458252,0.3110560412231626,6.201180352961422,-3.725663275667562,1,295.0,0.0003178329789079726,399.0,0.0015884999884292483,420.0,0.0040181660442613065,428.0,23.898599084001034,False,428.0,0.05692695901961997,428.0,0,1
watts_strogatz,200,21,600,200,600,0.03015075376884422,6.0,9,4,0.7745966692414834,0.45528571428571424,8,4.505628140703518,0.24156683282379648,10.712909663066341,0.24156683282379648,6.164381739037955,-3.6876526423951295,1,334.0,0.00033850001636892557,398.0,0.0012672500452026725,414.0,0.004836458945646882,421.0,18.515461542003322,False,416.0,0.04643120901891962,421.0,0,0
watts_strogatz,200,22,600,200,600,0.03015075376884422,6.0,8,4,0.7280109889280518,0.4501309523809524,8,4.401959798994975,0.2739584178900642,10.29799104045546,0.2739584178900642,6.132961929308787,-3.521791436937787,1,288.0,0.00034187501296401024,396.0,0.00166245800210163,420.0,0.004760499985422939,428.0,21.002538458036724,False,423.0,0.047499832988251,428.0,0,0
watts_strogatz,200,23,600,200,600,0.03015075376884422,6.0,8,3,0.7280109889280518,0.46689285714285716,8,4.502814070351759,0.22448117550950436,10.398272183358616,0.22448117550950436,6.14260983644017,-3.622209781593713,1,291.0,0.0003190829884260893,395.0,0.0015748749719932675,416.0,0.004869541036896408,421.0,21.779532040993217,False,419.0,0.046995958022307605,421.0,0,0
watts_strogatz,200,24,600,200,600,0.03015075376884422,6.0,8,4,0.7416198487095663,0.46026190476190476,8,4.500703517587939,0.21706087261740928,10.425625697440129,0.21706087261740928,6.1408696307967245,-3.4132086183678894,1,306.0,0.00033891701605170965,396.0,0.0016080000204965472,413.0,0.0046630839933641255,424.0,20.83531779202167,False,418.0,0.046778583026025444,424.0,0,0
watts_strogatz,200,25,600,200,600,0.03015075376884422,6.0,8,4,0.714142842854285,0.46945238095238095,8,4.576834170854271,0.21208400851903525,10.473149230017293,0.21208400851903525,6.122618569215331,-3.5637786252968247,1,318.0,0.00033070897916331887,404.0,0.0016069589764811099,412.0,0.00471900001866743,424.0,23.350883167004213,False,419.0,0.045183208014350384,424.0,0,0
watts_strogatz,200,26,600,200,600,0.03015075376884422,6.0,8,4,0.7615773105863908,0.4425595238095238,8,4.347487437185929,0.27325701254350787,10.652218469661133,0.27325701254350787,6.140237040326247,-3.7235891713644715,1,312.0,0.00032837502658367157,405.0,0.001260999997612089,423.0,0.004450291977263987,425.0,22.40486495802179,False,424.0,0.04750874999444932,425.0,0,0
watts_strogatz,200,27,600,200,600,0.03015075376884422,6.0,8,4,0.6633249580710799,0.47102380952380957,9,4.690100502512562,0.19443590751862908,10.210927243889675,0.19443590751862908,6.111918012823361,-3.4355436196911966,1,306.0,0.0003315000212751329,395.0,0.001960458990652114,405.0,0.004593542020302266,421.0,20.897315707989037,False,418.0,0.040610707947053015,421.0,0,0
watts_strogatz,200,28,600,200,600,0.03015075376884422,6.0,9,4,0.8,0.42127380952380955,8,4.280452261306532,0.27981722432773537,10.878714538848504,0.27981722432773537,6.160079221864127,-3.6763903042240593,1,307.0,0.00032354198629036546,411.0,0.0015964170452207327,418.0,0.004920958017464727,430.0,22.96798133297125,False,425.0,0.04187733301660046,430.0,0,0
watts_strogatz,200,29,600,200,600,0.03015075376884422,6.0,9,4,0.848528137423857,0.4226309523809524,8,4.236884422110553,0.2555462435019292,11.042679812359504,0.2555462435019292,6.14873987663409,-3.6638951189348834,1,292.0,0.00040725001599639654,401.0,0.00131929200142622,417.0,0.004493708023801446,429.0,20.01951870805351,False,416.0,0.043472291028592736,429.0,0,0
