family,n,instance,m,prop_n,prop_m,prop_density,prop_avg_degree,prop_max_degree,prop_min_degree,prop_degree_std,prop_clustering_coeff,prop_diameter,prop_avg_path_length,prop_spectral_gap,prop_lambda_max_laplacian,prop_algebraic_connectivity,prop_spectral_radius,prop_lambda_min_adj,prop_n_components,random_cut,random_time,greedy_cut,greedy_time,spectral_cut,spectral_time,gw_cut,gw_time,gw_fallback,gnn_cut,gnn_time,best_classical_cut,gnn_wins,gnn_ties
erdos_renyi,20,0,25,20,25,0.13157894736842105,2.5,4,1,0.7416198487095663,0.0,7,3.1789473684210527,0.23647280911255664,5.636828191701005,0.23647280911255664,2.728821166994686,-2.4556548064045667,1,14.0,0.0004880839987890795,19.0,0.0007604169950354844,22.0,0.0007333749963436276,23.0,0.02887441600614693,False,23.0,0.04033879099733895,23.0,0,1
erdos_renyi,20,1,33,20,33,0.1736842105263158,3.3,7,1,1.7349351572897473,0.16523809523809524,4,2.3789473684210525,0.5276043314243262,9.213120192055262,0.5276043314243262,4.151185318529555,-3.3375775026912984,1,15.0,0.00020216599659761414,26.0,0.0002863750050892122,28.0,0.00044658399565378204,28.0,0.012714917000266723,False,28.0,0.03138041700003669,28.0,0,1
erdos_renyi,20,2,33,20,33,0.1736842105263158,3.3,7,1,1.8466185312619388,0.12357142857142858,5,2.3842105263157896,0.5426915917481945,8.723888130941514,0.5426915917481945,4.24149083417013,-3.0226106443023264,1,18.0,0.0002150410000467673,26.0,0.00029062500107102096,26.0,0.0004396250005811453,28.0,0.01190912500169361,False,27.0,0.030543250002665445,28.0,0,0
erdos_renyi,20,3,35,20,35,0.18421052631578946,3.5,6,1,1.7175564037317668,0.10666666666666666,6,2.531578947368421,0.3380818221794695,8.251369028467016,0.3380818221794695,4.516266087302633,-3.10594984556387,1,17.0,0.00023608400078956038,26.0,0.0002622089959913865,27.0,0.0004322910026530735,29.0,0.01394508399971528,False,29.0,0.0309577910011285,29.0,0,1
erdos_renyi,20,4,25,20,25,0.13157894736842105,2.5,5,1,1.3601470508735443,0.0,7,3.0105263157894737,0.16352578570752246,6.983536239260008,0.16352578570752246,3.284974760217457,-2.8841620607186718,1,16.0,0.0002115419993060641,22.0,0.0002695420043892227,23.0,0.000548541996977292,23.0,0.015127541999390814,False,23.0,0.03162562500074273,23.0,0,1
erdos_renyi,20,5,37,20,37,0.19473684210526315,3.7,7,1,1.6462077633154328,0.1857142857142857,5,2.278947368421053,0.3658811046557341,9.333886634558066,0.3658811046557341,4.471493299092439,-3.350949319643388,1,18.0,0.0002059580001514405,28.0,0.00030125000193947926,30.0,0.0004551250021904707,31.0,0.012922959002025891,False,30.0,0.03166775000136113,31.0,0,0
erdos_renyi,20,6,30,20,30,0.15789473684210525,3.0,7,1,1.3416407864998738,0.05142857142857142,6,2.6157894736842104,0.32345012392837025,8.501117899040842,0.32345012392837025,3.6959236250734917,-3.049768826926166,1,18.0,0.00019920799968531355,25.0,0.0002475420042173937,25.0,0.00043570800335146487,25.0,0.01623545799520798,False,25.0,0.0352130409955862,25.0,0,1
erdos_renyi,20,7,29,20,29,0.15263157894736842,2.9,7,1,1.4798648586948744,0.1480952380952381,7,2.963157894736842,0.16200378264643847,8.65056698326492,0.16200378264643847,3.81076574189064,-3.3457303125231914,1,15.0,0.00022458300372818485,22.0,0.00024729200231377035,25.0,0.00043250000453554094,25.0,0.018326958997931797,False,24.0,0.029619417000503745,25.0,0,0
erdos_renyi,20,8,26,20,26,0.1368421052631579,2.6,6,1,1.4628738838327793,0.08499999999999999,7,3.0842105263157893,0.12410689704651581,7.918588330491267,0.12410689704651581,3.6218310401093383,-2.8594313420688016,1,13.0,0.0002296250022482127,20.0,0.00027204099751543254,23.0,0.0004855419974774122,23.0,0.01579854099691147,False,23.0,0.03096979099791497,23.0,0,1
erdos_renyi,20,9,28,20,28,0.14736842105263157,2.8,5,1,1.2083045973594573,0.13,6,2.9842105263157896,0.17593723111294213,6.9893394563525195,0.17593723111294213,3.4960859175249483,-2.777861787494896,1,11.0,0.00022108400298748165,23.0,0.00027587499789660797,23.0,0.00044558299850905314,24.0,0.01609045900113415,False,24.0,0.03071766700304579,24.0,0,1
erdos_renyi,20,10,25,20,25,0.13157894736842105,2.5,6,1,1.3228756555322954,0.06999999999999999,8,3.205263157894737,0.1576356677123544,7.392269943868483,0.1576356677123544,3.295858548597497,-2.758227981881796,1,16.0,0.00020595900423359126,21.0,0.0002420840028207749,23.0,0.0004452499997569248,23.0,0.014513499998429324,False,23.0,0.03121645800274564,23.0,0,1
erdos_renyi,20,11,30,20,30,0.15789473684210525,3.0,5,1,1.3416407864998738,0.07999999999999999,6,2.6315789473684212,0.4158275990312099,7.308801111390064,0.4158275990312099,3.634822265233911,-3.0657368782610788,1,15.0,0.0002046249937848188,27.0,0.0002824160037562251,27.0,0.00040387499757343903,27.0,0.011562583000340965,False,27.0,0.028351375003694557,27.0,0,1
erdos_renyi,20,12,24,20,24,0.12631578947368421,2.4,5,1,1.1135528725660042,0.21000000000000002,7,3.2736842105263158,0.13601123308877727,6.552528501451594,0.13601123308877727,3.1095736147599076,-2.525781191991024,1,13.0,0.00021420799748739228,20.0,0.0002410000015515834,20.0,0.00039570800436194986,20.0,0.016295374996843748,False,20.0,0.025723582999489736,20.0,0,1
erdos_renyi,20,13,24,20,24,0.12631578947368421,2.4,5,1,1.1575836902790226,0.10500000000000001,6,3.0894736842105264,0.2666126165905833,6.509268498911263,0.2666126165905833,2.8893195144096433,-2.7306313492490415,1,9.0,0.00021045900211902335,20.0,0.00024166699586203322,21.0,0.000436166999861598,21.0,0.012817875001928769,False,21.0,0.030985290999524295,21.0,0,1
erdos_renyi,20,14,29,20,29,0.15263157894736842,2.9,6,1,1.2609520212918492,0.11166666666666666,5,2.642105263157895,0.41636121129092285,7.457387802239239,0.41636121129092285,3.5261956105524757,-2.8760466485534013,1,13.0,0.00020033399778185412,22.0,0.00024737499916227534,25.0,0.000407833002100233,25.0,0.013993708998896182,False,25.0,0.03156191699963529,25.0,0,1
erdos_renyi,20,15,33,20,33,0.1736842105263158,3.3,7,1,1.3453624047073711,0.12642857142857142,6,2.6052631578947367,0.256800632732285,8.396823016446245,0.256800632732285,3.8833296167754487,-3.108078594567538,1,18.0,0.00020412499725352973,26.0,0.000286749993392732,27.0,0.00044829199759988114,29.0,0.014546333004545886,False,29.0,0.027529541999683715,29.0,0,1
erdos_renyi,20,16,26,20,26,0.1368421052631579,2.6,5,1,1.319090595827292,0.145,6,3.094736842105263,0.21229326779822863,6.938883510923002,0.21229326779822863,3.4557296084238023,-2.773091236323603,1,15.0,0.00022204100241651759,20.0,0.00024229099653894082,23.0,0.00039983299939194694,23.0,0.023469084000680596,False,23.0,0.03187141699891072,23.0,0,1
erdos_renyi,20,17,25,20,25,0.13157894736842105,2.5,6,1,1.4317821063276353,0.2,8,3.2157894736842105,0.14241570725783675,7.4067934217558715,0.14241570725783675,3.3605642531036977,-2.7756384261927782,1,9.0,0.00019437500304775313,22.0,0.00027129199588671327,22.0,0.00038470800063805655,22.0,0.017714957997668535,False,22.0,0.03472912500001257,22.0,0,1
erdos_renyi,20,18,36,20,36,0.18947368421052632,3.6,8,1,1.5937377450509227,0.1838095238095238,5,2.363157894736842,0.5097776173298173,9.511445198054535,0.5097776173298173,4.365862152149199,-3.214102496198542,1,16.0,0.00020987499738112092,25.0,0.00026049999723909423,29.0,0.00044970800081500784,30.0,0.013339540993911214,False,30.0,0.03246983400458703,30.0,0,1
erdos_renyi,20,19,30,20,30,0.15789473684210525,3.0,5,1,1.1832159566199232,0.13166666666666665,5,2.4947368421052634,0.5707118494215901,7.388280432050638,0.5707118494215901,3.4906197448579697,-2.9926550494019257,1,17.0,0.0002348749985685572,23.0,0.0002577499981271103,26.0,0.00056458300241502,26.0,0.012663041998166591,False,26.0,0.03297624999686377,26.0,0,1
erdos_renyi,20,20,35,20,35,0.18421052631578946,3.5,7,1,1.746424919657298,0.17952380952380953,5,2.3842105263157896,0.4800131652965634,8.741055821276257,0.4800131652965634,4.4394186166174086,-2.98792590822001,1,15.0,0.0002689579996513203,27.0,0.0002827909993357025,27.0,0.000556624996534083,27.0,0.01444245799939381,False,27.0,0.030599416000768542,27.0,0,1
erdos_renyi,20,21,33,20,33,0.1736842105263158,3.3,7,1,1.7635192088548397,0.06547619047619048,6,2.5526315789473686,0.2718955837560267,9.042139182844236,0.2718955837560267,4.332702388924634,-3.6114641364172266,1,20.0,0.0002659169986145571,30.0,0.0003012079978361726,30.0,0.000592582997342106,30.0,0.012413208998623304,False,30.0,0.026735874998848885,30.0,0,1
erdos_renyi,20,22,32,20,32,0.16842105263157894,3.2,6,1,1.5362291495737215,0.255,5,2.5210526315789474,0.40118994940789776,8.493591654187346,0.40118994940789776,4.052936450027697,-3.1990236970990886,1,15.0,0.00023970799520611763,24.0,0.00028570799622684717,26.0,0.00042512500658631325,27.0,0.015193000006547663,False,27.0,0.02687812500516884,27.0,0,1
erdos_renyi,20,23,28,20,28,0.14736842105263157,2.8,5,1,1.16619037896906,0.16999999999999998,6,2.942105263157895,0.260895213809255,6.62227506013137,0.260895213809255,3.3326784598448724,-2.6599048123038487,1,10.0,0.00020608400518540293,19.0,0.0002652080002008006,24.0,0.0004570829987642355,24.0,0.014647333999164402,False,24.0,0.03047162500297418,24.0,0,1
erdos_renyi,20,24,28,20,28,0.14736842105263157,2.8,5,1,1.2884098726725124,0.14166666666666666,5,2.6789473684210527,0.3845179717559573,6.673128977811786,0.3845179717559573,3.3714284184145615,-2.4986279341850257,1,11.0,0.00020375000167405233,22.0,0.0002755410023382865,23.0,0.0004334999975981191,24.0,0.013079250005830545,False,22.0,0.025574999999662396,24.0,0,0
erdos_renyi,20,25,27,20,27,0.14210526315789473,2.7,4,1,1.0049875621120892,0.13333333333333333,7,3.205263157894737,0.18128110528526306,5.9753319862940835,0.18128110528526306,3.127039773788267,-2.566075586736222,1,15.0,0.00024279200442833826,24.0,0.0002733330038608983,24.0,0.0004337499995017424,24.0,0.013577707999502309,False,23.0,0.030587540997657925,24.0,0,0
erdos_renyi,20,26,31,20,31,0.1631578947368421,3.1,8,1,1.7578395831246947,0.06857142857142857,6,2.536842105263158,0.2756824625132327,9.446960615234563,0.2756824625132327,4.046863017231937,-3.387884792366642,1,15.0,0.00022624999837717041,25.0,0.00030204199720174074,27.0,0.0004310420044930652,27.0,0.012756000003719237,False,27.0,0.0315982910033199,27.0,0,1
erdos_renyi,20,27,23,20,23,0.12105263157894737,2.3,5,1,1.1874342087037917,0.14333333333333334,6,3.2421052631578946,0.1797227045747578,6.567957099078522,0.1797227045747578,2.96769570017657,-2.5644273656342573,1,9.0,0.00019837499712593853,20.0,0.00023791700368747115,20.0,0.0003887910061166622,20.0,0.013956041999335866,False,20.0,0.0315462500002468,20.0,0,1
erdos_renyi,20,28,20,20,20,0.10526315789473684,2.0,4,1,1.0954451150103321,0.075,9,3.9263157894736844,0.06296122456205624,5.839797516160905,0.06296122456205624,2.6071384393180423,-2.47810971846976,1,13.0,0.00019554100435925648,18.0,0.00023004199465503916,19.0,0.0003790420014411211,19.0,0.016750374998082407,False,19.0,0.03130841700476594,19.0,0,1
erdos_renyi,20,29,26,20,26,0.1368421052631579,2.6,5,1,1.1575836902790226,0.07333333333333333,7,3.236842105263158,0.19117533021044728,6.527806559535166,0.19117533021044728,3.5055732120821146,-2.5589008874090453,1,11.0,0.00022112500300863758,21.0,0.00026737499865703285,22.0,0.0005189160001464188,23.0,0.015309165995859075,False,22.0,0.032348708002245985,23.0,0,0
erdos_renyi,50,0,185,50,185,0.1510204081632653,7.4,12,3,2.2978250586152114,0.13394227994227992,4,2.137142857142857,2.106955292511483,14.939789704942141,2.106955292511483,8.22771850782529,-4.826105236749306,1,88.0,0.000301957996271085,133.0,0.0007384589989669621,133.0,0.002238749999378342,143.0,0.05941941700439202,False,134.0,0.037130500000785105,143.0,0,0
erdos_renyi,50,1,199,50,199,0.16244897959183674,7.96,15,3,2.690427475328038,0.18813286713286712,4,2.0775510204081633,2.2109289704904187,16.994106762264032,2.2109289704904187,8.882661980315934,-5.0444593455274145,1,96.0,0.0002986670006066561,139.0,0.0007675410015508533,134.0,0.0012043339957017452,147.0,0.056524500003433786,False,147.0,0.03665366699715378,147.0,0,1
erdos_renyi,50,2,185,50,185,0.1510204081632653,7.4,12,3,2.0396078054371136,0.13757287157287157,4,2.116734693877551,2.372605384593478,14.922079643565647,2.372605384593478,7.959070104418188,-5.248955330774102,1,90.0,0.00029608300246763974,133.0,0.0010449580004205927,138.0,0.0011556249955901876,139.0,0.05867012500675628,False,137.0,0.037530290996073745,139.0,0,0
erdos_renyi,50,3,188,50,188,0.15346938775510205,7.52,14,3,2.5941472587345538,0.15618592518592517,4,2.1077551020408163,2.1550148389322605,16.029014508981398,2.1550148389322605,8.397168009943709,-4.861472612052034,1,91.0,0.00030462500581052154,137.0,0.0007536670018453151,135.0,0.0013262499996926636,139.0,0.05771191600069869,False,137.0,0.035978667001472786,139.0,0,0
erdos_renyi,50,4,184,50,184,0.15020408163265306,7.36,12,3,2.24285532302019,0.14683116883116884,4,2.1412244897959183,2.0525077157850347,14.737651561123249,2.0525077157850347,8.105036018635644,-4.639991102589433,1,94.0,0.00031904099887469783,129.0,0.0007449170007021166,133.0,0.0011483749985927716,134.0,0.0489475409995066,False,132.0,0.04160616699664388,134.0,0,0
erdos_renyi,50,5,169,50,169,0.13795918367346938,6.76,14,2,2.486443242867208,0.14218681318681317,4,2.180408163265306,1.4612266272892165,16.15516447377469,1.4612266272892165,7.61274880887852,-4.83761497193264,1,80.0,0.00029200000426499173,119.0,0.0006913339966558851,123.0,0.0011182499947608449,125.0,0.07459241699689301,False,123.0,0.03497691600205144,125.0,0,0
erdos_renyi,50,6,183,50,183,0.1493877551020408,7.32,14,2,2.556873090319502,0.15376057276057276,4,2.137142857142857,1.619419162750697,15.875178532348722,1.619419162750697,8.288290890421203,-4.681372138276016,1,87.0,0.00029091699980199337,135.0,0.000771625003835652,126.0,0.0012446659966371953,135.0,0.048203291997197084,False,134.0,0.03485779200127581,135.0,0,0
erdos_renyi,50,7,165,50,165,0.1346938775510204,6.6,12,3,2.253885533916929,0.1226969696969697,4,2.226122448979592,1.8275315593827208,13.811111066802459,1.8275315593827208,7.404047160931005,-4.770506286644197,1,85.0,0.0002770409992081113,124.0,0.0006827909965068102,122.0,0.0012376249942462891,128.0,0.059126459003891796,False,128.0,0.03320891699695494,128.0,0,1
erdos_renyi,50,8,191,50,191,0.15591836734693879,7.64,14,2,2.5436980952935433,0.1421949161949162,4,2.116734693877551,1.6746304860609957,16.25438847378596,1.6746304860609957,8.532379518352853,-5.199145356190153,1,86.0,0.00028212500183144584,136.0,0.0007500409992644563,134.0,0.0011622910024016164,142.0,0.050757290999172255,False,138.0,0.03758020800160011,142.0,0,0
erdos_renyi,50,9,195,50,195,0.15918367346938775,7.8,12,1,2.349468024894146,0.14564935064935064,4,2.1110204081632653,0.8310197877406571,15.478858891228468,0.8310197877406571,8.526810904087476,-5.449564113611247,1,86.0,0.00031195799965644255,144.0,0.0014154170057736337,147.0,0.0013602090039057657,147.0,0.05681958400236908,False,147.0,0.03656300000147894,147.0,0,1
erdos_renyi,50,10,186,50,186,0.15183673469387754,7.44,13,4,2.201454064930722,0.12478410478410477,4,2.1110204081632653,2.379216182272147,15.289826140026307,2.379216182272147,8.182020261967436,-5.026871691708418,1,86.0,0.000317083002300933,122.0,0.0008990419955807738,132.0,0.0011995000022579916,139.0,0.0593425839979318,False,130.0,0.03383745899918722,139.0,0,0
erdos_renyi,50,11,172,50,172,0.1404081632653061,6.88,11,1,2.196724834839357,0.16705627705627704,4,2.2244897959183674,0.8239546518492772,14.20676355351554,0.8239546518492772,7.656519354082819,-4.852401394752938,1,78.0,0.0002957920005428605,119.0,0.0008384169996134005,129.0,0.0012557919981190935,129.0,0.07596679100242909,False,125.0,0.03327887500199722,129.0,0,0
erdos_renyi,50,12,160,50,160,0.1306122448979592,6.4,12,2,2.4738633753705965,0.13024531024531025,4,2.2555102040816326,1.4550859814768835,14.086413977670047,1.4550859814768835,7.346548848200824,-4.665311700885956,1,90.0,0.00031149999995250255,122.0,0.000818000000435859,120.0,0.0010867080054595135,122.0,0.059011083001678344,False,123.0,0.03455045799637446,122.0,1,0
erdos_renyi,50,13,179,50,179,0.14612244897959184,7.16,13,2,2.166656410232134,0.1129068709068709,4,2.1477551020408163,1.5062213749691824,15.464554727693884,1.5062213749691824,7.870012718276572,-4.636868999247239,1,94.0,0.0002901250045397319,128.0,0.0007331249944400042,129.0,0.0011256249999860302,136.0,0.07449208299658494,False,129.0,0.03525433400500333,136.0,0,0
erdos_renyi,50,14,204,50,204,0.16653061224489796,8.16,17,1,2.8309715646752793,0.15167076061193707,4,2.0693877551020408,0.9220457497720407,18.51597059843604,0.9220457497720407,9.188469261898613,-5.253628731644137,1,108.0,0.0003176660029566847,150.0,0.00146254100400256,140.0,0.001520834004622884,152.0,0.057858000000123866,False,151.0,0.03552854199369904,152.0,0,0
erdos_renyi,50,15,194,50,194,0.15836734693877552,7.76,15,1,2.387969849055888,0.15245454545454545,4,2.088979591836735,0.8839022657558603,16.74930797945506,0.8839022657558603,8.453959608796872,-4.874339172547741,1,91.0,0.0003263340040575713,138.0,0.0015439999988302588,140.0,0.0016049159967224114,140.0,0.05960912499722326,False,139.0,0.03514045900374185,140.0,0,0
erdos_renyi,50,16,174,50,174,0.14204081632653062,6.96,11,4,1.777188791321845,0.09638672438672438,4,2.1820408163265306,2.169563607803202,13.550155965709685,2.169563607803202,7.397412533385918,-5.108234090603967,1,96.0,0.00032795800507301465,132.0,0.0008579580025980249,134.0,0.0011904580023838207,134.0,0.048568250000244007,False,129.0,0.03635279099398758,134.0,0,0
erdos_renyi,50,17,157,50,157,0.12816326530612246,6.28,14,2,2.6686326086593484,0.12763247863247862,4,2.2946938775510204,1.4349579514691153,15.562914235604339,1.4349579514691153,7.519668602548382,-4.524154039075774,1,66.0,0.00028329199994914234,106.0,0.0006747090010321699,110.0,0.0012430420028977096,120.0,0.07492174999788404,False,115.0,0.035567040999012534,120.0,0,0
erdos_renyi,50,18,190,50,190,0.15510204081632653,7.6,13,2,2.898275349237888,0.16576134976134976,4,2.1183673469387756,1.564359327074522,16.083647576208072,1.564359327074522,8.70641525721924,-4.924428433714231,1,92.0,0.0002976660034619272,128.0,0.000743040996894706,135.0,0.0013559579965658486,139.0,0.05914008300169371,False,137.0,0.035138708000886254,139.0,0,0
erdos_renyi,50,19,178,50,178,0.14530612244897959,7.12,14,3,2.542754412050051,0.12266477966477966,4,2.1640816326530614,1.8934835878328584,15.855626644451283,1.8934835878328584,8.069149336015311,-5.281206331974438,1,91.0,0.00029820800409652293,120.0,0.0007330000007641502,136.0,0.001182749998406507,136.0,0.056424583002808504,False,136.0,0.035491916998580564,136.0,0,1
erdos_renyi,50,20,177,50,177,0.14448979591836736,7.08,14,2,2.512687803926305,0.15918226218226217,4,2.156734693877551,1.5444355755606995,15.851984387773486,1.5444355755606995,7.945904291101467,-4.9123093674045695,1,94.0,0.0003010000000358559,131.0,0.0010116670018760487,129.0,0.001161500003945548,132.0,0.04835141700459644,False,131.0,0.03436704100022325,132.0,0,0
erdos_renyi,50,21,183,50,183,0.1493877551020408,7.32,13,3,2.0730653631759903,0.1462121212121212,4,2.1412244897959183,2.043425490610731,15.545991147755844,2.043425490610731,8.088585794921128,-4.88811327668181,1,103.0,0.00028487500094342977,126.0,0.0008756669994909316,131.0,0.0012871250000898726,133.0,0.07649920800031396,False,131.0,0.03308804200059967,133.0,0,0
erdos_renyi,50,22,193,50,193,0.15755102040816327,7.72,13,1,2.577130186855138,0.16909956709956708,4,2.1061224489795918,0.8962786767794642,15.796496663722046,0.8962786767794642,8.621200115514851,-5.055245307190243,1,98.0,0.0002862499968614429,129.0,0.0007545420012320392,141.0,0.001170666997495573,144.0,0.058462958004383836,False,142.0,0.04064283399929991,144.0,0,0
erdos_renyi,50,23,186,50,186,0.15183673469387754,7.44,14,3,2.546841180757057,0.17643767343767344,3,2.1183673469387756,2.347791263974109,16.135574099378108,2.347791263974109,8.31228827202155,-4.754275945387512,1,99.0,0.0003909580045728944,126.0,0.0009371670021209866,130.0,0.0013990829975227825,133.0,0.056719707994489,False,132.0,0.03692991700518178,133.0,0,0
erdos_renyi,50,24,186,50,186,0.15183673469387754,7.44,14,3,2.4832237112270006,0.19022211122211122,4,2.1453061224489796,1.691631638515931,15.678437460267988,1.691631638515931,8.379070723056351,-4.996620769219596,1,93.0,0.00031958400359144434,134.0,0.0007465419985237531,130.0,0.001221416998305358,135.0,0.07531812500383239,False,132.0,0.03638083300029393,135.0,0,0
erdos_renyi,50,25,173,50,173,0.14122448979591837,6.92,17,2,2.4967178454923573,0.14364493676258383,4,2.1951020408163266,1.3681770337742596,18.469996204409668,1.3681770337742596,7.8097955337854685,-4.74960482827851,1,90.0,0.0003016659975401126,123.0,0.0007143339971662499,123.0,0.0011448750010458753,128.0,0.05917991699971026,False,126.0,0.03737900000123773,128.0,0,0
erdos_renyi,50,26,178,50,178,0.14530612244897959,7.12,12,3,2.1414014102918677,0.12847474747474746,4,2.140408163265306,2.0440465407431168,13.77756509731003,2.0440465407431168,7.775575981788359,-4.784461902106545,1,69.0,0.00029799999902024865,128.0,0.0007259170015458949,127.0,0.0011349169944878668,134.0,0.04962095800146926,False,133.0,0.03712308400281472,134.0,0,0
erdos_renyi,50,27,190,50,190,0.15510204081632653,7.6,13,3,2.4657656011875906,0.1621149961149961,4,2.0995918367346937,2.2617480789818525,15.43790254506783,2.2617480789818525,8.403088164726917,-5.202081353584008,1,80.0,0.0003637910049292259,123.0,0.0008034170023165643,135.0,0.0013812909965054132,141.0,0.05192574999819044,False,137.0,0.034431958993081935,141.0,0,0
erdos_renyi,50,28,178,50,178,0.14530612244897959,7.12,13,4,2.2148589119851403,0.16011122211122208,4,2.1689795918367345,1.9384697968245406,15.03457444075053,1.9384697968245406,7.944454924689687,-4.41671643209369,1,94.0,0.0003217920020688325,119.0,0.0007387080040643923,127.0,0.0014107500028330833,130.0,0.058538458004477434,False,126.0,0.0338863750002929,130.0,0,0
erdos_renyi,50,29,177,50,177,0.14448979591836736,7.08,11,2,2.4806450773941844,0.13082683982683982,4,2.162448979591837,1.6346402925702443,14.20181871530281,1.6346402925702443,7.935559353351386,-4.955890231611308,1,90.0,0.0002862499968614429,119.0,0.0007091660008882172,131.0,0.0014685409987578169,133.0,0.058239417005097494,False,133.0,0.033611208004003856,133.0,0,1
erdos_renyi,100,0,701,100,701,0.1416161616161616,14.02,23,6,3.4698126750589866,0.14681959144787252,3,1.97979797979798,5.290087621004745,25.448096166670148,5.290087621004745,14.901260527464256,-6.9833645162939035,1,333.0,0.0004850830009672791,444.0,0.0016044579970184714,464.0,0.004869457996392157,471.0,0.2510065829992527,False,467.0,0.05354929200257175,471.0,0,0
erdos_renyi,100,1,768,100,768,0.15515151515151515,15.36,24,8,3.4308016555901335,0.15301283166662086,3,1.9185858585858586,6.312738866245276,26.695555833851948,6.312738866245276,16.138837486513836,-6.963160983568792,1,356.0,0.0005181250016903505,503.0,0.0038196669993340038,501.0,0.005499291997693945,513.0,0.21640562499669613,False,502.0,0.05345816699991701,513.0,0,0
erdos_renyi,100,2,744,100,744,0.1503030303030303,14.88,22,8,3.3860891896109293,0.1468052809763336,3,1.9395959595959595,6.516587875375986,25.538286237121863,6.516587875375986,15.682807504945984,-7.261050108265506,1,371.0,0.0005044160061515868,484.0,0.0022828339933766983,490.0,0.004213499996694736,503.0,0.21291837500029942,False,505.0,0.05577849999826867,503.0,1,0
erdos_renyi,100,3,746,100,746,0.1507070707070707,14.92,22,7,3.431267987202398,0.15025335964345252,3,1.9397979797979799,5.963264375646607,25.344046300002436,5.963264375646607,15.73066239890085,-6.999541384515529,1,349.0,0.0006394170050043613,491.0,0.004755583999212831,497.0,0.004759709001518786,501.0,0.244001125000068,False,496.0,0.05449208400386851,501.0,0,0
erdos_renyi,100,4,761,100,761,0.15373737373737373,15.22,24,4,3.392874887171644,0.15112976901353534,3,1.9187878787878787,3.714622144771161,26.817875325898626,3.714622144771161,15.982112005869205,-7.24313510267901,1,382.0,0.0005112500002724119,477.0,0.002307624999957625,494.0,0.00533795799856307,510.0,0.3486255000025267,False,509.0,0.0563847080047708,510.0,0,0
erdos_renyi,100,5,719,100,719,0.14525252525252524,14.38,25,7,3.6435696782139346,0.14690208312499334,3,1.9593939393939395,5.544850561092867,27.359164433741093,5.544850561092867,15.333335225066474,-6.869021239309706,1,366.0,0.0005689590034307912,468.0,0.003520750004099682,474.0,0.004466624995984603,481.0,0.219871792003687,False,471.0,0.05429570799606154,481.0,0,0
erdos_renyi,100,6,741,100,741,0.1496969696969697,14.82,24,6,3.567576208015745,0.14785273159260237,3,1.9375757575757575,5.524641762936489,26.700765414999463,5.524641762936489,15.686306169090475,-6.692720606393813,1,369.0,0.000513082995894365,490.0,0.0029417080004350282,491.0,0.005943583004409447,490.0,0.2561210830026539,False,483.0,0.05338975000631763,491.0,0,0
erdos_renyi,100,7,740,100,740,0.1494949494949495,14.8,22,8,3.1240998703626617,0.14513324747148276,3,1.9333333333333333,6.686318744355485,25.31579999910876,6.686318744355485,15.465770715257552,-6.7815904000365075,1,370.0,0.0005120830028317869,478.0,0.004066042005433701,497.0,0.004532375001872424,496.0,0.21367554100288544,False,493.0,0.0533573329958017,497.0,0,0
erdos_renyi,100,8,720,100,720,0.14545454545454545,14.4,26,5,3.8288379438153295,0.1525720093781273,3,1.9602020202020203,4.332175538301179,28.023896244588713,4.332175538301179,15.49139932408202,-7.052426768121032,1,375.0,0.0005256250005913898,468.0,0.0028930409971508197,475.0,0.0050426250018063,488.0,0.21532974999718135,False,483.0,0.05015191700658761,488.0,0,0
erdos_renyi,100,9,693,100,693,0.14,13.86,21,7,3.331726279273254,0.13443304133087414,3,1.984040404040404,5.7408729205434375,24.597972484153892,5.7408729205434375,14.694149751566048,-7.012672097301971,1,371.0,0.0005363749951357022,462.0,0.0027206250015296973,467.0,0.004015332997369114,468.0,0.21727420800016262,False,464.0,0.05274749999807682,468.0,0,0
erdos_renyi,100,10,771,100,771,0.15575757575757576,15.42,23,7,3.6638231398363104,0.15711008879769817,3,1.9276767676767677,6.0149925918292135,26.60989325022858,6.0149925918292135,16.37502348699024,-7.195682809774564,1,382.0,0.0005087909958092496,507.0,0.0036516250038403086,506.0,0.0046125840017339215,513.0,0.21601654199912446,False,506.0,0.052313291998871136,513.0,0,0
erdos_renyi,100,11,728,100,728,0.14707070707070707,14.56,23,9,3.0176812290233705,0.1481076960086921,3,1.9406060606060607,6.7329353215665675,25.79077001548182,6.7329353215665675,15.218481686944259,-6.841918380997363,1,355.0,0.0005006249994039536,468.0,0.0028522499997052364,475.0,0.003385666997928638,486.0,0.21627849999640603,False,488.0,0.05256016700150212,486.0,1,0
erdos_renyi,100,12,704,100,704,0.14222222222222222,14.08,26,7,3.3216863187242702,0.1357453075648122,3,1.9747474747474747,6.028319006139443,27.97331282507985,6.028319006139443,14.902854261412422,-7.002850046969419,1,359.0,0.000502290997246746,477.0,0.0027408329988247715,471.0,0.0049472919999971054,478.0,0.21347762500226963,False,467.0,0.0524334159999853,478.0,0,0
erdos_renyi,100,13,741,100,741,0.1496969696969697,14.82,25,7,3.8558526942817717,0.16148399395133814,3,1.9448484848484848,5.9948613478651325,27.279061545509695,5.9948613478651325,15.820466634871213,-6.646457263577707,1,361.0,0.0006021669978508726,480.0,0.0034996249960386194,481.0,0.004800583999895025,487.0,0.2128849589935271,False,489.0,0.05858412499947008,487.0,1,0
erdos_renyi,100,14,759,100,759,0.15333333333333332,15.18,22,6,3.647958333095377,0.15832652864851007,3,1.9365656565656566,5.46425505081968,26.155684998599884,5.46425505081968,16.15537738398345,-7.380268964315175,1,386.0,0.0005550420028157532,485.0,0.0037169169954722747,509.0,0.004387957997096237,506.0,0.21356191700033378,False,505.0,0.052266500002588145,509.0,0,0
erdos_renyi,100,15,742,100,742,0.1498989898989899,14.84,23,7,3.4719447000204364,0.15501679845259062,3,1.9381818181818182,6.102475378462617,25.892746495450556,6.102475378462617,15.702880117294988,-6.799089543491222,1,364.0,0.000516542000696063,492.0,0.004063625005073845,489.0,0.005260958001599647,498.0,0.2158683750021737,False,489.0,0.06325966699660057,498.0,0,0
erdos_renyi,100,16,738,100,738,0.14909090909090908,14.76,23,7,3.234563339927045,0.14661154785374061,3,1.9375757575757575,6.0521493444158825,25.872235546741926,6.0521493444158825,15.491286344660352,-7.148892137707984,1,358.0,0.0009867089975159615,478.0,0.004589292002492584,484.0,0.005622167002002243,499.0,0.3698337919995538,False,497.0,0.12901437500113389,499.0,0,0
erdos_renyi,100,17,697,100,697,0.1408080808080808,13.94,24,6,3.6927496530363384,0.13890074582691356,3,1.974949494949495,5.097637931974208,26.276806601382397,5.097637931974208,14.914862689121573,-6.949049372517886,1,353.0,0.0018245829996885732,473.0,0.00460216699866578,455.0,0.00872450000315439,470.0,0.3467789170026663,False,468.0,0.06888837500446243,473.0,0,0
erdos_renyi,100,18,740,100,740,0.1494949494949495,14.8,25,6,3.3763886032268267,0.1499491186831744,3,1.9533333333333334,5.370190572774729,27.134093106179282,5.370190572774729,15.639826295819617,-7.135345137005661,1,359.0,0.0006685409971396439,481.0,0.0039029999970807694,487.0,0.007998875000339467,500.0,0.33926641699508764,False,493.0,0.06865375000052154,500.0,0,0
erdos_renyi,100,19,731,100,731,0.14767676767676768,14.62,23,6,3.534911597197305,0.1410631557909792,3,1.9515151515151514,5.310357081656619,26.073031022356993,5.310357081656619,15.549486559798044,-7.3214421983272215,1,377.0,0.0005722920031985268,460.0,0.0025501670024823397,469.0,0.006528833000629675,498.0,0.27612391600268893,False,482.0,0.057633500000520144,498.0,0,0
erdos_renyi,100,20,732,100,732,0.1478787878787879,14.64,22,8,3.4308016555901335,0.15195218945141545,3,1.9464646464646465,6.547797669142478,25.173289834040915,6.547797669142478,15.434822471403923,-7.03753531103623,1,381.0,0.0005375409964472055,485.0,0.0028386670019244775,488.0,0.004128583997953683,494.0,0.23134858300181804,False,490.0,0.05697974999930011,494.0,0,0
erdos_renyi,100,21,723,100,723,0.14606060606060606,14.46,21,7,3.421753936214585,0.14794868676215425,3,1.962020202020202,5.597904854668708,24.82541728411192,5.597904854668708,15.366721246748458,-6.768184817779996,1,372.0,0.00171004200092284,467.0,0.004276291998394299,474.0,0.00447129100211896,478.0,0.2655987910038675,False,477.0,0.0808919590053847,478.0,0,0
erdos_renyi,100,22,735,100,735,0.1484848484848485,14.7,23,8,3.629049462324811,0.14660948338465501,3,1.9527272727272726,6.302585721255187,25.990911711518375,6.302585721255187,15.710693188248726,-7.061234246140868,1,377.0,0.0010159590019611642,478.0,0.00782841700129211,489.0,0.012100958003429696,499.0,0.45226266700046835,False,487.0,0.09339954200549982,499.0,0,0
erdos_renyi,100,23,761,100,761,0.15373737373737373,15.22,26,5,3.500228563965502,0.1529214560450393,3,1.923838383838384,4.655283608972008,28.313328402772484,4.655283608972008,16.01535145886209,-7.18476082331459,1,362.0,0.002257250002003275,499.0,0.006189874999108724,516.0,0.007996749998710584,507.0,0.25388116700196406,False,516.0,0.06594320800650166,516.0,0,1
erdos_renyi,100,24,761,100,761,0.15373737373737373,15.22,27,6,3.63477647180676,0.15845115712971414,3,1.928080808080808,5.404708602434348,29.365965918446737,5.404708602434348,16.1104440814109,-6.98925359704866,1,375.0,0.0006000419962219894,493.0,0.0060141249996377155,491.0,0.006585083996469621,503.0,0.3685943749951548,False,508.0,0.09066112500295276,503.0,1,0
erdos_renyi,100,25,732,100,732,0.1478787878787879,14.64,23,8,3.1129407318482625,0.14888751575745116,3,1.9454545454545455,6.5218709953331455,25.43560040849624,6.5218709953331455,15.32620628228521,-6.76070466901018,1,375.0,0.0007494580058846623,472.0,0.004678334000345785,482.0,0.007905583996034693,486.0,0.25558991699654143,False,481.0,0.05520000000251457,486.0,0,0
erdos_renyi,100,26,710,100,710,0.14343434343434344,14.2,20,4,3.1937438845342623,0.13368989197936565,3,1.9616161616161616,3.72750269355078,23.72030250446005,3.72750269355078,14.918802727316663,-6.942849291695876,1,328.0,0.0004889170013484545,466.0,0.0038501660019392148,486.0,0.006130959001893643,479.0,0.2572925829954329,False,480.0,0.05819229200278642,486.0,0,0
erdos_renyi,100,27,738,100,738,0.14909090909090908,14.76,24,8,3.295815528818323,0.14703411183273885,3,1.9387878787878787,5.955188931234288,26.50256615234798,5.955188931234288,15.536296298342254,-6.882686696489165,1,362.0,0.0006622500004596077,473.0,0.0029747919979854487,487.0,0.0042497499962337315,492.0,0.22105004199693212,False,490.0,0.05385599999863189,492.0,0,0
erdos_renyi,100,28,756,100,756,0.15272727272727274,15.12,24,4,3.5896517936981023,0.15684363448056407,3,1.935151515151515,3.6533637892852373,26.721926704593486,3.6533637892852373,15.985893946360296,-7.150527927626449,1,358.0,0.0005482080014189705,478.0,0.003267416999733541,512.0,0.005659833004756365,507.0,0.2232632500017644,False,512.0,0.05302520900295349,512.0,0,1
erdos_renyi,100,29,744,100,744,0.1503030303030303,14.88,21,8,2.9403401163810963,0.13623794806844342,3,1.9305050505050505,6.736244653750713,24.82799451709063,6.736244653750713,15.462941487077284,-6.905380975230583,1,338.0,0.0005285829975036904,480.0,0.0029544580029323697,493.0,0.004125540996028576,497.0,0.3405766659998335,False,493.0,0.05493774999922607,497.0,0,0
planted_partition,20,0,35,20,35,0.18421052631578946,3.5,6,1,1.3228756555322954,0.3183333333333333,6,2.7,0.31680318868288276,8.093171595497068,0.31680318868288276,4.203326534982672,-2.972451596689245,1,19.0,0.0002252910053357482,25.0,0.0002610000010463409,28.0,0.0004547909993561916,28.0,0.015309499998693354,False,27.0,0.03284179200272774,28.0,0,0
planted_partition,20,1,31,20,31,0.1631578947368421,3.1,6,1,1.445683229480096,0.19666666666666668,7,3.0473684210526315,0.17865044965241042,7.756478229147342,0.17865044965241042,3.9164350449894387,-2.9518547053362028,1,16.0,0.00020991599740227684,26.0,0.00028508299874374643,25.0,0.0004212909989291802,26.0,0.015283957996871322,False,26.0,0.03463333399849944,26.0,0,1
planted_partition,20,2,35,20,35,0.18421052631578946,3.5,6,1,1.6278820596099706,0.41833333333333333,7,2.8157894736842106,0.22326225295637664,7.8442450903639624,0.22326225295637664,4.213469253654978,-2.8206557652732194,1,17.0,0.00022129099670564756,25.0,0.0002633749973028898,28.0,0.0004971249945810996,28.0,0.01901204200112261,False,28.0,0.030588083995098714,28.0,0,1
planted_partition,20,3,40,20,40,0.21052631578947367,4.0,5,2,0.8944271909999159,0.3616666666666667,5,2.4473684210526314,0.41716672551905387,7.370836496300254,0.41716672551905387,4.204739963112235,-2.9465638697730276,1,22.0,0.0002333330048713833,28.0,0.0003467499991529621,31.0,0.0013287500041769817,31.0,0.01240095899993321,False,31.0,0.03367137500026729,31.0,0,1
planted_partition,20,4,35,20,35,0.18421052631578946,3.5,6,1,1.6278820596099706,0.3283333333333333,5,2.6789473684210527,0.2400895479893463,8.184606312291933,0.2400895479893463,4.567104264963767,-3.004619285190674,1,21.0,0.00024083299649646506,27.0,0.0002865000060410239,26.0,0.0004492919979384169,28.0,0.016283832999761216,False,27.0,0.032083209000120405,28.0,0,0
planted_partition,20,5,33,20,33,0.1736842105263158,3.3,5,1,1.2688577540449522,0.4683333333333334,6,2.8421052631578947,0.2260781956360926,7.167794816333013,0.2260781956360926,3.8986352685131025,-2.5867146631804543,1,10.0,0.0004772079992108047,24.0,0.0005466249931487255,25.0,0.0007953749955049716,25.0,0.020393666993186343,False,25.0,0.03223358299874235,25.0,0,1
planted_partition,20,6,36,20,36,0.18947368421052632,3.6,7,1,1.5297058540778354,0.42666666666666664,5,2.642105263157895,0.2949832180396928,8.35786492024956,0.2949832180396928,4.476432846719671,-2.7470314951286863,1,16.0,0.00022691599588142708,27.0,0.00027691599825629964,27.0,0.000469915998110082,27.0,0.02082358400366502,False,27.0,0.03510745899984613,27.0,0,1
planted_partition,20,7,32,20,32,0.16842105263157894,3.2,5,1,1.0295630140987,0.24166666666666664,6,2.8526315789473684,0.19461809861783397,6.967143711412947,0.19461809861783397,3.6736863161343827,-2.8497460500413236,1,18.0,0.0002320420026080683,24.0,0.0002715420050662942,26.0,0.000421416996687185,26.0,0.016660041001159698,False,26.0,0.03427183299936587,26.0,0,1
planted_partition,20,8,40,20,40,0.21052631578947367,4.0,7,1,1.6431676725154984,0.29238095238095235,4,2.2157894736842105,0.6659585261305041,8.893310549840004,0.6659585261305041,4.647875653755447,-3.1746074529386954,1,24.0,0.00025174999609589577,28.0,0.00028266599838389084,30.0,0.0005486670052050613,32.0,0.011541749998286832,False,31.0,0.03246637499978533,32.0,0,0
planted_partition,20,9,32,20,32,0.16842105263157894,3.2,6,1,1.3638181696985856,0.18666666666666668,5,2.721052631578947,0.3077171887000797,7.403743132164605,0.3077171887000797,4.183972020002209,-2.854992395821849,1,15.0,0.0002560829962021671,24.0,0.000363874998583924,27.0,0.0006889169962960295,27.0,0.011778667001635768,False,27.0,0.033466415996372234,27.0,0,1
planted_partition,20,10,38,20,38,0.2,3.8,6,1,1.5684387141358123,0.36,5,2.4368421052631577,0.38986267711114775,7.9280894414389484,0.38986267711114775,4.513774453315917,-2.795230693064437,1,17.0,0.00022195799829205498,28.0,0.00027150000096298754,28.0,0.0004685829990194179,29.0,0.014671666998765431,False,29.0,0.03352599999925587,29.0,0,1
planted_partition,20,11,41,20,41,0.21578947368421053,4.1,8,1,1.786057109949175,0.3844047619047619,5,2.3421052631578947,0.46889840811019234,9.758249364284858,0.46889840811019234,4.983572597674868,-3.5783319017743804,1,17.0,0.00020654199761338532,31.0,0.0003095840002060868,33.0,0.0004542919996310957,33.0,0.024978249995911028,False,33.0,0.03476066599978367,33.0,0,1
planted_partition,20,12,32,20,32,0.16842105263157894,3.2,5,2,1.1224972160321824,0.2833333333333333,5,2.6315789473684212,0.3590721778186574,7.38388744513313,0.3590721778186574,3.5744405149007,-3.176593234890778,1,18.0,0.00021179200120968744,23.0,0.00028262500563869253,28.0,0.00041308399522677064,28.0,0.014744458996574394,False,28.0,0.03776908299914794,28.0,0,1
planted_partition,20,13,36,20,36,0.18947368421052632,3.6,6,2,1.0677078252031311,0.215,6,2.668421052631579,0.3014203247536279,7.909028112588081,0.3014203247536279,3.9077313934734206,-3.2627992795267717,1,17.0,0.0003669580037239939,28.0,0.000650499998300802,31.0,0.0016042080023908056,31.0,0.012878916997578926,False,31.0,0.03380654100328684,31.0,0,1
planted_partition,20,14,32,20,32,0.16842105263157894,3.2,7,1,1.5362291495737217,0.4523809523809524,6,3.405263157894737,0.10871780540040858,8.193659263279407,0.10871780540040858,4.616476331225701,-2.467221600522128,1,14.0,0.00029424999956972897,25.0,0.00043112500134157017,25.0,0.0008191250017262064,25.0,0.022862416997668333,False,25.0,0.035310666004079394,25.0,0,1
planted_partition,20,15,40,20,40,0.21052631578947367,4.0,7,2,1.6431676725154984,0.35,5,2.294736842105263,0.4728733011361109,8.978409165605711,0.4728733011361109,4.834552998274751,-3.142465560690587,1,19.0,0.00023550000332761556,29.0,0.00028966600075364113,31.0,0.0005195830017328262,31.0,0.013008167006773874,False,31.0,0.03546962499967776,31.0,0,1
planted_partition,20,16,30,20,30,0.15789473684210525,3.0,6,1,1.224744871391589,0.195,6,2.963157894736842,0.1359789798635959,7.54859504186747,0.1359789798635959,3.71816256775211,-2.891770063124183,1,20.0,0.0002265840012114495,26.0,0.000282666995190084,24.0,0.00043795900273835286,26.0,0.014509083004668355,False,25.0,0.03314249999675667,26.0,0,0
planted_partition,20,17,45,20,45,0.23684210526315788,4.5,8,1,1.7748239349298849,0.38976190476190475,5,2.210526315789474,0.46597254774314906,9.634391567146224,0.46597254774314906,5.484706975884613,-3.200815101810115,1,21.0,0.00022570799774257466,33.0,0.0003239169964217581,33.0,0.0004972500028088689,34.0,0.01614562499889871,False,34.0,0.026511125004617497,34.0,0,1
planted_partition,20,18,47,20,47,0.24736842105263157,4.7,9,2,1.5524174696260025,0.3125,4,2.031578947368421,1.1070580270606813,10.41500624583804,1.1070580270606813,5.314159667298067,-3.1856843395486005,1,26.0,0.00021366599685279652,34.0,0.0003220830039936118,35.0,0.0004803749980055727,36.0,0.013531666998460423,False,36.0,0.0316182500027935,36.0,0,1
planted_partition,20,19,32,20,32,0.16842105263157894,3.2,6,1,1.3638181696985856,0.18833333333333332,6,2.7526315789473683,0.2578837512613183,7.481910434987622,0.2578837512613183,3.930101561815282,-2.8201831586274566,1,14.0,0.00021466700127348304,26.0,0.0002872909972211346,27.0,0.0004416660012793727,27.0,0.013828333998390008,False,26.0,0.033611291997658554,27.0,0,0
planted_partition,20,20,40,20,40,0.21052631578947367,4.0,6,2,1.0488088481701516,0.38666666666666666,5,2.4842105263157896,0.3045768541631201,8.097191651068329,0.3045768541631201,4.36884089869074,-3.192017612364357,1,18.0,0.0003635829998529516,30.0,0.00032662500598235056,31.0,0.0006070420058676973,31.0,0.019526500000210945,False,31.0,0.03156308300094679,31.0,0,1
planted_partition,20,21,32,20,32,0.16842105263157894,3.2,7,2,1.1224972160321824,0.3392857142857143,8,3.3263157894736843,0.10173654035206268,8.145060180850999,0.10173654035206268,3.957142986053156,-2.5225647502726174,1,14.0,0.0002521249989513308,23.0,0.0002657919976627454,25.0,0.0005221669998718426,25.0,0.012420541999745183,False,25.0,0.03140220799832605,25.0,0,1
planted_partition,20,22,40,20,40,0.21052631578947367,4.0,7,2,1.449137674618944,0.4757142857142857,5,2.3526315789473684,0.4970991949264037,8.329897141194586,0.4970991949264037,4.560701943641328,-2.6886210222170983,1,22.0,0.00023337499442277476,29.0,0.00027179199969395995,30.0,0.00048720800259616226,31.0,0.01494266700319713,False,30.0,0.03259575000265613,31.0,0,0
planted_partition,20,23,35,20,35,0.18421052631578946,3.5,7,1,1.466287829861518,0.37214285714285716,6,2.694736842105263,0.23032903643557398,8.504890689682025,0.23032903643557398,4.285322375254945,-3.0168060333177906,1,17.0,0.00020933300402248278,26.0,0.0002920420010923408,27.0,0.00045479200343834236,28.0,0.01676279200182762,False,28.0,0.033160750004753936,28.0,0,1
planted_partition,20,24,37,20,37,0.19473684210526315,3.7,6,1,1.4177446878757827,0.43499999999999994,7,2.9105263157894736,0.17064602040520097,8.038349379062934,0.17064602040520097,4.7454312441423925,-2.9825092219254414,1,15.0,0.00020608300110325217,27.0,0.0003027079947059974,30.0,0.000425833000917919,30.0,0.023443292004230898,False,30.0,0.027970374998403713,30.0,0,1
planted_partition,20,25,39,20,39,0.20526315789473684,3.9,6,2,1.1789826122551597,0.35,5,2.4368421052631577,0.45190107457919587,7.811252926962001,0.45190107457919587,4.455792653219621,-2.750319679735564,1,17.0,0.0005058340029790998,27.0,0.0003071250030188821,30.0,0.0006533750056405552,30.0,0.013665124999533873,False,30.0,0.033328124998661224,30.0,0,1
planted_partition,20,26,36,20,36,0.18947368421052632,3.6,7,1,1.7146428199482247,0.4864285714285714,4,2.473684210526316,0.43175327322143403,8.898932417486513,0.43175327322143403,4.343654064234563,-2.659048317865936,1,14.0,0.00024300000222865492,25.0,0.00026287500077160075,27.0,0.00048224999773083255,28.0,0.01361420799366897,False,27.0,0.030513833000441082,28.0,0,0
planted_partition,20,27,34,20,34,0.17894736842105263,3.4,7,1,1.5620499351813308,0.11785714285714285,5,2.3842105263157896,0.5285939697964076,8.648277879437385,0.5285939697964076,4.223261806745453,-3.2473201803311595,1,16.0,0.00040795800305204466,25.0,0.0004572079997160472,29.0,0.0007019579934421927,29.0,0.014048666002054233,False,27.0,0.030271834002633113,29.0,0,0
planted_partition,20,28,39,20,39,0.20526315789473684,3.9,8,2,1.57797338380595,0.2019047619047619,5,2.5052631578947366,0.3863047175107343,9.323662075920424,0.3863047175107343,4.94931481038531,-3.193846134765435,1,17.0,0.0002445840000291355,31.0,0.0005441250032163225,32.0,0.0005982910006423481,32.0,0.01483995899616275,False,32.0,0.029143166000721976,32.0,0,1
planted_partition,20,29,33,20,33,0.1736842105263158,3.3,6,1,1.3453624047073711,0.2533333333333333,6,2.7526315789473683,0.24183076060519226,7.77664637773952,0.24183076060519226,3.941652849916186,-2.9801287283242974,1,17.0,0.00021387499873526394,25.0,0.00025783399905776605,27.0,0.0004184579956927337,27.0,0.014634042003308423,False,27.0,0.026906250001047738,27.0,0,1
planted_partition,50,0,235,50,235,0.19183673469387755,9.4,16,6,2.553429066960741,0.3552319347319347,4,2.0742857142857143,1.7037861009671165,18.038830282459273,1.7037861009671165,10.213393869308314,-4.874767260921423,1,117.0,0.00031645799754187465,155.0,0.0008617919957032427,159.0,0.0017158750051748939,163.0,0.06302929199591745,False,163.0,0.03369849999580765,163.0,0,1
planted_partition,50,1,233,50,233,0.19020408163265307,9.32,15,4,2.2489108474992956,0.38069164169164166,4,2.1142857142857143,1.6071505692296035,16.872416209036892,1.6071505692296035,9.981821129634627,-4.770825053489454,1,115.0,0.00030425000295508653,154.0,0.0006614169979002327,149.0,0.001465332999941893,157.0,0.08140437499969266,False,157.0,0.03586074999475386,157.0,0,1
planted_partition,50,2,241,50,241,0.19673469387755102,9.64,14,5,1.9158288023724876,0.3435523365523365,4,2.042448979591837,1.9929124378408614,15.945377839744374,1.9929124378408614,10.015313965653636,-4.66952403473224,1,134.0,0.00031991699506761506,161.0,0.0009484170004725456,158.0,0.0016131250013131648,165.0,0.06358404100319603,False,165.0,0.041289042004791554,165.0,0,1
planted_partition,50,3,249,50,249,0.20326530612244897,9.96,16,6,2.374531532744933,0.384546176046176,4,2.055510204081633,1.6850307034235439,18.28407718571569,1.6850307034235439,10.506777079505428,-4.624366018809408,1,136.0,0.00033275000168941915,159.0,0.0006842500006314367,161.0,0.001535292001790367,168.0,0.08289954099745955,False,163.0,0.037360957998316735,168.0,0,0
planted_partition,50,4,223,50,223,0.1820408163265306,8.92,13,5,2.018316129846858,0.34710589410589404,4,2.193469387755102,1.230398449043251,15.466520799031963,1.230398449043251,9.394098082168215,-4.725761941142524,1,121.0,0.00031491600384470075,147.0,0.0010897910033236258,153.0,0.0026236249977955595,160.0,0.06337816700397525,False,160.0,0.03555100000085076,160.0,0,1
planted_partition,50,5,223,50,223,0.1820408163265306,8.92,15,3,2.614115529199121,0.38584326784326783,4,2.2081632653061223,1.0856803137567748,17.15156365531851,1.0856803137567748,9.985477593397663,-4.629277038472575,1,110.0,0.0003104999996139668,146.0,0.0012397909958963282,146.0,0.0013589580048574135,157.0,0.06352250000054482,False,153.0,0.03355049999663606,157.0,0,0
planted_partition,50,6,248,50,248,0.20244897959183675,9.92,14,5,2.14326853193901,0.3437035187035187,3,2.0481632653061226,1.8583957659608656,16.772738307176034,1.8583957659608656,10.392852258307842,-5.08691501888085,1,127.0,0.00031275000219466165,164.0,0.0013099170027999207,171.0,0.0017482089970144443,171.0,0.06142283300141571,False,169.0,0.03825212499941699,171.0,0,0
planted_partition,50,7,241,50,241,0.19673469387755102,9.64,15,6,2.24285532302019,0.3254798534798535,3,2.0351020408163265,2.310041322659337,16.99424656053128,2.310041322659337,10.162481730348066,-5.110833307751723,1,126.0,0.00036462500429479405,163.0,0.0014878750007483177,167.0,0.0018052079976769164,170.0,0.060150166995299514,False,167.0,0.03361570899869548,170.0,0,0
planted_partition,50,8,233,50,233,0.19020408163265307,9.32,14,3,2.4202479211849353,0.31411821511821514,4,2.0677551020408163,1.9226496133928723,16.775112362584505,1.9226496133928723,10.275713605797842,-4.719906364647834,1,109.0,0.0003084580021095462,152.0,0.0010679999977583066,154.0,0.0012712500029010698,162.0,0.05445300000428688,False,163.0,0.03531620799913071,162.0,1,0
planted_partition,50,9,237,50,237,0.19346938775510203,9.48,15,5,2.624804754643667,0.39936141636141637,4,2.089795918367347,1.6584252327228555,17.323436476557042,1.6584252327228555,10.294714439168365,-4.864919118771289,1,122.0,0.0003162080029142089,155.0,0.000858457999129314,162.0,0.0014628329954575747,162.0,0.06509679200098617,False,163.0,0.03301079100492643,162.0,1,0
planted_partition,50,10,242,50,242,0.19755102040816327,9.68,18,4,2.7308606701917255,0.3317955182072829,4,2.063673469387755,1.8347611462876507,19.680235392655952,1.8347611462876507,10.614958742631707,-4.9899087799675845,1,126.0,0.0003026670019607991,162.0,0.0012683750028372742,160.0,0.0014787089967285283,172.0,0.06180062500061467,False,170.0,0.03681391700229142,172.0,0,0
planted_partition,50,11,244,50,244,0.19918367346938776,9.76,15,6,2.168501786948768,0.34486446886446886,3,2.048979591836735,1.9824414095068748,17.355602316862278,1.9824414095068748,10.2493536834392,-5.067777467905903,1,126.0,0.0003696669955388643,160.0,0.0009298750010202639,162.0,0.0016758330020820722,167.0,0.07923195799958194,False,167.0,0.03407695900386898,167.0,0,1
planted_partition,50,12,237,50,237,0.19346938775510203,9.48,17,5,2.5786818338057915,0.38989169980346455,4,2.106938775510204,1.497098833741312,18.803169808022226,1.497098833741312,10.32919307832008,-4.722440377339879,1,118.0,0.0003277079958934337,155.0,0.000868874994921498,160.0,0.0013343750033527613,162.0,0.08130458300001919,False,161.0,0.03487762500299141,162.0,0,0
planted_partition,50,13,251,50,251,0.20489795918367346,10.04,17,5,2.5295058806019806,0.35084410687351864,4,2.008979591836735,2.1272245340663973,18.669267534655788,2.1272245340663973,10.84595992110198,-5.0106689005805745,1,129.0,0.0003142909990856424,165.0,0.001097999993362464,169.0,0.0018175420045736246,171.0,0.19426604199543362,False,168.0,0.043375959001423325,171.0,0,0
planted_partition,50,14,235,50,235,0.19183673469387755,9.4,15,4,2.4738633753705965,0.37727727827727825,4,2.0906122448979594,1.6604322792374284,16.984528167243113,1.6604322792374284,10.047792322664332,-4.912486543083628,1,107.0,0.0002994579990627244,160.0,0.000855291000334546,161.0,0.0014937079977244139,165.0,0.06444750000082422,False,154.0,0.04335650000575697,165.0,0,0
planted_partition,50,15,239,50,239,0.19510204081632654,9.56,15,2,2.765212469232699,0.3865924075924076,4,2.1053061224489795,1.3198243895141797,17.13644415291331,1.3198243895141797,10.55516170372546,-4.7054732305998055,1,119.0,0.0003280000019003637,157.0,0.0008642909961054102,160.0,0.0014791669964324683,163.0,0.05341962500096997,False,152.0,0.03624774999479996,163.0,0,0
planted_partition,50,16,220,50,220,0.17959183673469387,8.8,15,5,2.1354156504062622,0.33186291486291486,4,2.159183673469388,1.5254554508216598,17.197494404927117,1.5254554508216598,9.678306941148197,-5.078405512985954,1,98.0,0.0003169170013279654,151.0,0.0016012499982025474,149.0,0.001649541998631321,154.0,0.08110829199722502,False,153.0,0.03744350000488339,154.0,0,0
planted_partition,50,17,241,50,241,0.19673469387755102,9.64,15,5,2.287006777427649,0.3647611277611278,4,2.103673469387755,1.5094247541730565,16.64211260988717,1.5094247541730565,10.480730560121948,-4.717602806808152,1,114.0,0.0004397089942358434,160.0,0.0011483749985927716,157.0,0.0017135410016635433,166.0,0.07940158300334588,False,159.0,0.041627708000305574,166.0,0,0
planted_partition,50,18,236,50,236,0.1926530612244898,9.44,16,5,2.2641554716935848,0.4149384504384504,4,2.1616326530612247,1.3232273713057359,17.635454440384933,1.3232273713057359,10.22416429376105,-4.4862169248758015,1,119.0,0.00036824999551754445,155.0,0.0011113750006188639,156.0,0.001661166999838315,161.0,0.09654845900513465,False,156.0,0.04869591599708656,161.0,0,0
planted_partition,50,19,227,50,227,0.1853061224489796,9.08,14,4,2.2435685859808254,0.3630980130980131,4,2.1730612244897958,1.4191941142294004,16.116379080035298,1.4191941142294004,9.791522519429297,-4.5092007117317525,1,112.0,0.0007496670004911721,151.0,0.0015323340048780665,151.0,0.0016643329945509322,155.0,0.08281862500007264,False,154.0,0.035989250005513895,155.0,0,0
planted_partition,50,20,256,50,256,0.2089795918367347,10.24,16,5,2.5499803920814763,0.40507542457542456,4,2.0261224489795917,1.8554656899584976,17.92160697644001,1.8554656899584976,10.859970911942211,-4.7907274072511505,1,130.0,0.0003199159982614219,168.0,0.0009062919998541474,167.0,0.0015983749981387518,171.0,0.06278591600130312,False,164.0,0.03812433299754048,171.0,0,0
planted_partition,50,21,255,50,255,0.20816326530612245,10.2,15,6,2.2181073012818833,0.36614785214785217,4,2.027755102040816,1.8911098559727482,17.494921742263333,1.8911098559727482,10.769100650813833,-5.173163339505865,1,133.0,0.00032866700348677114,167.0,0.0011337079995428212,170.0,0.001527209002233576,172.0,0.06043508300354006,False,170.0,0.035835833004966844,172.0,0,0
planted_partition,50,22,234,50,234,0.1910204081632653,9.36,15,6,2.2428553230201898,0.363033966033966,4,2.11265306122449,1.5056910384496152,16.694264036227008,1.5056910384496152,9.873277152245088,-4.623933519862395,1,125.0,0.00030404200515476987,153.0,0.0010532090018386953,157.0,0.001279333999264054,159.0,0.06037254200055031,False,158.0,0.02991525000106776,159.0,0,0
planted_partition,50,23,207,50,207,0.1689795918367347,8.28,13,3,2.2003636063160106,0.35515318015318015,4,2.220408163265306,1.229560135228116,15.400080680228456,1.229560135228116,9.08908349121486,-4.709119957003943,1,117.0,0.0003096669970545918,133.0,0.0009525420027785003,142.0,0.0012242910015629604,144.0,0.0710133329994278,False,144.0,0.03472024999791756,144.0,0,1
planted_partition,50,24,225,50,225,0.1836734693877551,9.0,18,5,2.6,0.3904382480264833,4,2.16734693877551,1.2098354258987134,19.29106317244706,1.2098354258987134,9.767549055991926,-4.463914081604093,1,116.0,0.000385499995900318,149.0,0.0008592909944127314,144.0,0.0015690829968662001,157.0,0.06971987499855459,False,148.0,0.035584541998105124,157.0,0,0
planted_partition,50,25,244,50,244,0.19918367346938776,9.76,15,4,2.2939921534303473,0.35665856365856363,4,2.0644897959183672,1.8829800787683473,17.1906577244291,1.8829800787683473,10.462744568216289,-4.964720544321461,1,125.0,0.0003847089974442497,162.0,0.0010949999996228144,159.0,0.0017540420012664981,172.0,0.081506749993423,False,173.0,0.034821707995433826,172.0,1,0
planted_partition,50,26,240,50,240,0.19591836734693877,9.6,13,6,1.7549928774784245,0.39756532356532354,4,2.133877551020408,1.24375188457162,15.753860679656793,1.24375188457162,9.918739116938957,-4.703707505396607,1,110.0,0.0003182910004397854,163.0,0.0012721660023089498,158.0,0.0019016670048586093,164.0,0.0820922079947195,False,161.0,0.03513829200528562,164.0,0,0
planted_partition,50,27,228,50,228,0.18612244897959185,9.12,15,3,2.223870499826822,0.30085003885003886,4,2.093877551020408,1.8082249127313013,16.753890750949026,1.8082249127313013,9.893660216070234,-4.917291777615977,1,105.0,0.0003479590013739653,152.0,0.0008542080031475052,159.0,0.0014744159998372197,161.0,0.05821666700649075,False,161.0,0.03700258299795678,161.0,0,1
planted_partition,50,28,259,50,259,0.21142857142857144,10.36,16,6,2.304430515333452,0.35507398157398157,3,1.9844897959183674,2.265818702125571,17.710777501794553,2.265818702125571,10.839126555102961,-5.157528241359433,1,137.0,0.00031816599948797375,173.0,0.0011222920002182946,173.0,0.0013349169967113994,177.0,0.05455733399867313,False,173.0,0.03765866700268816,177.0,0,0
planted_partition,50,29,241,50,241,0.19673469387755102,9.64,15,5,2.0857612519173907,0.4067139527139527,4,2.115918367346939,1.50319069791752,16.857076915849685,1.50319069791752,10.25297897985711,-4.569031688055797,1,130.0,0.0003313749984954484,154.0,0.0008801250005490147,157.0,0.0013059999982942827,163.0,0.061889915996289346,False,156.0,0.03432700000121258,163.0,0,0
planted_partition,100,0,984,100,984,0.1987878787878788,19.68,29,11,3.591322876044425,0.39138939714523024,3,1.9256565656565656,3.9428531322918112,31.068651119350655,3.9428531322918112,20.56445951833895,-6.918833325314889,1,488.0,0.0005736660023103468,611.0,0.005231666000327095,604.0,0.005200041996431537,611.0,0.47784116699767765,False,602.0,0.05505437499959953,611.0,0,0
planted_partition,100,1,974,100,974,0.19676767676767676,19.48,27,10,3.0707653769052428,0.3832103205160952,3,1.9391919191919191,3.4856607063872556,29.812682121003373,3.4856607063872556,19.98090486946259,-6.80027412070723,1,486.0,0.0005794159951619804,601.0,0.004405875006341375,611.0,0.007114416999684181,609.0,0.2755547920023673,False,611.0,0.05189141599839786,611.0,0,1
planted_partition,100,2,916,100,916,0.18505050505050505,18.32,26,11,2.999599973329777,0.3521282468111449,3,1.9703030303030302,3.4937568496172497,28.49547814582296,3.4937568496172497,18.844036135745913,-6.8917680644671275,1,473.0,0.0005824580002808943,566.0,0.006101458995544817,571.0,0.004867207993811462,587.0,0.35062595800263807,False,586.0,0.06423204200109467,587.0,0,0
planted_partition,100,3,984,100,984,0.1987878787878788,19.68,31,11,3.4666410255461986,0.37707763446930714,3,1.9195959595959595,4.019597487162579,33.07730907268617,4.019597487162579,20.336370001330387,-6.8237118724124315,1,477.0,0.0005677079971064813,586.0,0.005006333994970191,598.0,0.006150416003947612,614.0,0.2718251659971429,False,592.0,0.05790358300146181,614.0,0,0
planted_partition,100,4,972,100,972,0.19636363636363635,19.44,27,13,3.125123997539937,0.372973409884064,3,1.924040404040404,3.9965125232607948,29.537841326770355,3.9965125232607948,19.97074062740574,-6.532411699396396,1,494.0,0.0005794590033474378,578.0,0.0036049999980605207,594.0,0.007010624998656567,605.0,0.2721214589982992,False,605.0,0.05655099999421509,605.0,0,1
planted_partition,100,5,983,100,983,0.1985858585858586,19.66,28,12,3.569929971301958,0.35718748073491646,3,1.8995959595959595,4.42257056115984,30.73523103688514,4.42257056115984,20.30419224024619,-6.819464711120835,1,504.0,0.0006000829962431453,590.0,0.0036453749999054708,614.0,0.005575292001594789,617.0,0.23736470899893902,False,609.0,0.05883150000590831,617.0,0,0
planted_partition,100,6,971,100,971,0.19616161616161615,19.42,30,12,2.8466822794263495,0.347425702091777,3,1.9088888888888889,4.595583251405376,31.70494227229492,4.595583251405376,19.959981934423688,-6.790972464539949,1,490.0,0.000625749999016989,592.0,0.0039001250042929314,601.0,0.005776833997515496,615.0,0.25907804100279463,False,594.0,0.05241854100313503,615.0,0,0
planted_partition,100,7,950,100,950,0.1919191919191919,19.0,28,10,3.5637059362410923,0.36713695652149014,3,1.9492929292929293,3.863017481040921,30.315754403398948,3.863017481040921,19.916370342237137,-6.46698129571711,1,469.0,0.000644541003566701,585.0,0.004297875006159302,576.0,0.0054391669982578605,591.0,4.764042999995581,False,589.0,0.05827395799860824,591.0,0,0
planted_partition,100,8,936,100,936,0.1890909090909091,18.72,24,11,2.856851413707055,0.3711911674571521,3,1.974949494949495,3.2341424888699084,27.978116582558144,3.2341424888699084,19.347025231822844,-6.49648483855475,1,487.0,0.0005660000024363399,575.0,0.0034797499974956736,577.0,0.0083950839980389,588.0,0.32658933399943635,False,576.0,0.0581493749996298,588.0,0,0
planted_partition,100,9,973,100,973,0.19656565656565655,19.46,29,12,3.4768376436066153,0.3629491287099421,3,1.9216161616161616,3.881187330581864,30.764141953268137,3.881187330581864,20.11077182783316,-7.0810907211071585,1,492.0,0.0008695419965079054,600.0,0.01060808400507085,596.0,0.007282666003447957,615.0,0.4572950000001583,False,602.0,0.2367900409954018,615.0,0,0
planted_partition,100,10,953,100,953,0.19252525252525252,19.06,30,11,3.4229227277284537,0.3604017352741108,3,1.926060606060606,4.02343486024155,31.723111205699634,4.02343486024155,19.680886585836692,-6.61770986472539,1,463.0,0.0011554579978110269,591.0,0.013702083000680432,587.0,0.020176208003249485,601.0,0.4195874590004678,False,589.0,0.08905124999728287,601.0,0,0
planted_partition,100,11,955,100,955,0.19292929292929292,19.1,27,10,3.4914180500192185,0.3489282653639566,3,1.922020202020202,4.464886979073119,30.052587676549336,4.464886979073119,19.761703956274403,-6.996259490579041,1,465.0,0.0012088330040569417,590.0,0.0050725000037346035,591.0,0.010600666995742358,608.0,0.3950830829999177,False,594.0,0.07082787499530241,608.0,0,0
planted_partition,100,12,945,100,945,0.19090909090909092,18.9,30,9,3.7960505792204615,0.35626809038038426,3,1.9252525252525252,3.7967964321322905,31.98495194926131,3.7967964321322905,19.902378054826116,-6.763152459597678,1,490.0,0.0008781670039752498,580.0,0.006163040998217184,574.0,0.009680707997176796,594.0,0.647279584001808,False,589.0,0.12346804200205952,594.0,0,0
planted_partition,100,13,994,100,994,0.2008080808080808,19.88,29,13,3.2381476186239566,0.3802391866381773,3,1.8981818181818182,4.055574738036582,31.26985617131236,4.055574738036582,20.426689743644424,-6.648458583260091,1,496.0,0.0009444579991395585,609.0,0.012086291993909981,615.0,0.01199845800147159,617.0,0.4129359169965028,False,603.0,0.07827970899961656,617.0,0,0
planted_partition,100,14,980,100,980,0.19797979797979798,19.6,28,11,3.246536616149586,0.3918030598136602,3,1.945858585858586,3.2508311936310914,30.708649126003912,3.2508311936310914,20.25738022947909,-6.896014802650729,1,482.0,0.0019195420027244836,608.0,0.009396916000696365,600.0,0.01376449999952456,619.0,0.37047120799979893,False,604.0,0.07125062499835622,619.0,0,0
planted_partition,100,15,983,100,983,0.1985858585858586,19.66,28,11,3.5502675955482563,0.373447556862505,3,1.8995959595959595,4.476540432851981,30.47292318437872,4.476540432851981,20.31662749060944,-6.574984152355258,1,457.0,0.0009693750034784898,599.0,0.0070280419968185015,593.0,0.0056026250022114255,614.0,0.3177476250057225,False,608.0,0.07957945799716981,614.0,0,0
planted_partition,100,16,963,100,963,0.19454545454545455,19.26,29,12,3.2668639396216066,0.3499857735872895,3,1.9076767676767676,4.557787930273467,31.369325042601623,4.557787930273467,19.829408483841874,-7.152657251340644,1,476.0,0.0009879159988486208,613.0,0.013601625003502704,602.0,0.011797999999544118,607.0,0.3714072500006296,False,596.0,0.24352170899510384,613.0,0,0
planted_partition,100,17,969,100,969,0.19575757575757577,19.38,26,11,3.3638668225719046,0.3481334398547415,3,1.9113131313131313,4.550058110123583,29.247533158080564,4.550058110123583,20.037936335242975,-6.974747603175046,1,490.0,0.0012360420005279593,607.0,0.015133375003642868,602.0,0.013963541998236906,611.0,0.38405304099433124,False,594.0,0.05434962500294205,611.0,0,0
planted_partition,100,18,965,100,965,0.19494949494949496,19.3,28,11,3.2908965343808667,0.37163281683766947,3,1.9345454545454546,3.893173567799108,30.23094252775876,3.893173567799108,19.896204192160237,-6.659620606789994,1,488.0,0.0005885830032639205,586.0,0.0043444580005598255,599.0,0.005760583000665065,604.0,0.31642120800097473,False,583.0,0.055698292002489325,604.0,0,0
planted_partition,100,19,978,100,978,0.19757575757575757,19.56,30,11,3.344607600302313,0.3622427002999577,3,1.9127272727272728,4.068296025832055,31.68198257292697,4.068296025832055,20.32884994540264,-6.895705479527661,1,480.0,0.0005701250047422945,595.0,0.003638082998804748,597.0,0.005621457996312529,619.0,0.23753408400079934,False,606.0,0.054036916997574735,619.0,0,0
planted_partition,100,20,975,100,975,0.19696969696969696,19.5,28,10,3.5902646142032486,0.3688503768044622,3,1.9127272727272728,4.160421997409666,30.282859403261764,4.160421997409666,20.172294731731995,-6.7421525169406165,1,503.0,0.0005982079965178855,596.0,0.0074258750028093345,593.0,0.006205666999449022,609.0,0.2696647920020041,False,608.0,0.06658029100071872,609.0,0,0
planted_partition,100,21,998,100,998,0.2016161616161616,19.96,27,11,3.352372294361114,0.3751120882933442,3,1.9074747474747475,4.163010860549253,30.135979750309172,4.163010860549253,20.66828642634576,-6.883675588031092,1,510.0,0.0007714160019531846,622.0,0.010165666004468221,619.0,0.007085416997142602,622.0,0.501725959002215,False,625.0,0.13433629200153518,622.0,1,0
planted_partition,100,22,951,100,951,0.1921212121212121,19.02,25,12,3.072393204002379,0.354752434698309,3,1.9236363636363636,4.089476556954148,28.300799170309336,4.089476556954148,19.509614071562005,-6.6644862536769764,1,477.0,0.0011501660046633333,578.0,0.011067542000091635,587.0,0.014232207999157254,599.0,0.5091742919976241,False,590.0,0.0755402079958003,599.0,0,0
planted_partition,100,23,922,100,922,0.18626262626262627,18.44,26,11,3.3979994114184304,0.34806364314481825,3,1.9462626262626264,3.9422250417072515,28.99594194381853,3.9422250417072515,19.125295921663078,-6.64340298438831,1,450.0,0.0007238750040414743,563.0,0.004880249995039776,578.0,0.007813832999090664,580.0,0.30602983399876393,False,579.0,0.05617675000394229,580.0,0,0
planted_partition,100,24,998,100,998,0.2016161616161616,19.96,29,12,3.1934933849939315,0.38824688084498077,3,1.9183838383838383,3.977700284268103,31.234726924093025,3.977700284268103,20.522337916612152,-7.324947465366899,1,498.0,0.0006808749967603944,613.0,0.005457750005007256,608.0,0.0060743340000044554,630.0,0.26583708399994066,False,617.0,0.05134987500059651,630.0,0,0
planted_partition,100,25,1007,100,1007,0.20343434343434344,20.14,28,11,3.5384177254812634,0.37892604014168824,3,1.9022222222222223,4.489408188421111,30.679098812015386,4.489408188421111,20.791709279737454,-7.021642406737746,1,486.0,0.0006493339969892986,619.0,0.005450249998830259,627.0,0.005900916003156453,632.0,0.2511381669974071,False,626.0,0.05612283400114393,632.0,0,0
planted_partition,100,26,978,100,978,0.19757575757575757,19.56,29,12,3.1664491153340837,0.3482247091280298,3,1.8945454545454545,4.7080352041732905,30.934271506328066,4.7080352041732905,20.135329666594828,-6.897843882002865,1,453.0,0.0006940829989616759,604.0,0.005990749996271916,610.0,0.007768916999339126,611.0,0.9577489170042099,False,599.0,0.13461333400482545,611.0,0,0
planted_partition,100,27,963,100,963,0.19454545454545455,19.26,27,10,3.354459718047006,0.3657381901975521,3,1.9256565656565656,3.9790153421826817,29.95357360313127,3.9790153421826817,19.88482260085073,-6.7827115465426395,1,496.0,0.0017357920005451888,592.0,0.015166042001510505,604.0,0.018346875003771856,605.0,0.5194954589969711,False,597.0,0.1354360000041197,605.0,0,0
planted_partition,100,28,998,100,998,0.2016161616161616,19.96,27,12,3.273896760742464,0.41338276672924,3,1.9397979797979799,3.3765882451996765,29.907060019068638,3.3765882451996765,20.600254248099304,-6.585850692751793,1,507.0,0.0012165829975856468,612.0,0.009529374998237472,614.0,0.013248708004539367,619.0,0.40058116699947277,False,611.0,0.07513483300135704,619.0,0,0
planted_partition,100,29,962,100,962,0.19434343434343435,19.24,27,13,3.1468079064347094,0.353004050445449,3,1.9167676767676767,4.197925836884518,29.25686608425206,4.197925836884518,19.99489523706942,-6.719799960163688,1,468.0,0.0008680000028107315,597.0,0.006122416001744568,596.0,0.007202708002296276,601.0,0.415392625000095,False,593.0,0.14560733400139725,601.0,0,0
random_regular,20,0,30,20,30,0.15789473684210525,3.0,3,3,0.0,0.2,7,3.2736842105263158,0.12479105792087211,5.670361321731027,0.12479105792087211,3.0000000000000004,-2.6703613217310287,1,18.0,0.00046054199628997594,25.0,0.0007434580038534477,26.0,0.0010609169985400513,26.0,0.04395083399867872,False,26.0,0.06768587500118883,26.0,0,1
random_regular,20,1,30,20,30,0.15789473684210525,3.0,3,3,0.0,0.0,5,2.7,0.4696807447037129,5.771689600388471,0.4696807447037129,3.000000000000001,-2.771689600388473,1,15.0,0.00042091700015589595,26.0,0.0005319999982020818,26.0,0.0012034590035909787,27.0,0.02753491600014968,False,27.0,0.06245974999910686,27.0,0,1
random_regular,20,2,30,20,30,0.15789473684210525,3.0,3,3,0.0,0.2,5,2.8210526315789473,0.3176941115564745,5.533069641158483,0.3176941115564745,3.000000000000002,-2.533069641158485,1,17.0,0.0006250830047065392,24.0,0.0006382089995895512,25.0,0.001047459001711104,25.0,0.029751166999631096,False,25.0,0.04861891699692933,25.0,0,1
random_regular,20,3,30,20,30,0.15789473684210525,3.0,3,3,0.0,0.05,5,2.6210526315789475,0.5393973385087573,5.822878793920728,0.5393973385087573,3.000000000000001,-2.8228787939207236,1,13.0,0.0003631250001490116,25.0,0.0005024580023018643,28.0,0.0008098750040517189,28.0,0.022659832997305784,False,28.0,0.04354208400036441,28.0,0,1
random_regular,20,4,30,20,30,0.15789473684210525,3.0,3,3,0.0,0.1,6,2.9368421052631577,0.36761025032153183,5.658573388042033,0.36761025032153183,3.0,-2.658573388042032,1,13.0,0.0004205840014037676,26.0,0.0004445829981705174,27.0,0.0008862920003593899,27.0,0.03794483300589491,False,27.0,0.043866499996511266,27.0,0,1
random_regular,20,5,30,20,30,0.15789473684210525,3.0,3,3,0.0,0.1,5,2.705263157894737,0.441567369092672,5.624190260169453,0.441567369092672,3.000000000000001,-2.624190260169453,1,14.0,0.0003810829948633909,24.0,0.00039779100188752636,26.0,0.0008997910044854507,26.0,0.022272500005783513,False,26.0,0.049527832998137455,26.0,0,1
random_regular,20,6,30,20,30,0.15789473684210525,3.0,3,3,0.0,0.1,5,2.7263157894736842,0.39543626383148545,5.513143933914771,0.39543626383148545,2.9999999999999996,-2.5131439339147694,1,21.0,0.000359416997525841,25.0,0.0003883749959641136,25.0,0.0011304170038783923,25.0,0.02837550000549527,False,25.0,0.05311054100457113,25.0,0,1
random_regular,20,7,30,20,30,0.15789473684210525,3.0,3,3,0.0,0.05,4,2.6315789473684212,0.5642350058482231,5.741170260559732,0.5642350058482231,3.000000000000001,-2.7411702605597315,1,15.0,0.000413791996834334,26.0,0.0004747909988509491,26.0,0.0010764999969978817,26.0,0.02608216599765001,False,26.0,0.054326833000232,26.0,0,1
random_regular,20,8,30,20,30,0.15789473684210525,3.0,3,3,0.0,0.1,6,2.7473684210526317,0.34236175149954606,5.611422075798515,0.34236175149954606,3.0000000000000004,-2.6114220757985143,1,16.0,0.00038824999501230195,26.0,0.0004305000038584694,26.0,0.0007030420019873418,26.0,0.022722458001226187,False,26.0,0.04815625000628643,26.0,0,1
random_regular,20,9,30,20,30,0.15789473684210525,3.0,3,3,0.0,0.2,6,2.968421052631579,0.24782791837525178,5.710754070989092,0.24782791837525178,3.0,-2.7107540709890885,1,15.0,0.00031933299760567024,27.0,0.000371082998753991,27.0,0.000566541995794978,27.0,0.018420249994960614,False,26.0,0.047081374999834225,27.0,0,0
random_regular,20,10,30,20,30,0.15789473684210525,3.0,3,3,0.0,0.25,5,2.721052631578947,0.5279823502364877,5.337632890387887,0.5279823502364877,3.000000000000001,-2.3376328903878854,1,14.0,0.00028758400003425777,24.0,0.0003327089943923056,25.0,0.0006227089979802258,25.0,0.019657958000607323,False,25.0,0.04096737500367453,25.0,0,1
random_regular,20,11,30,20,30,0.15789473684210525,3.0,3,3,0.0,0.0,5,2.6578947368421053,0.45239773755288626,5.852265785672581,0.45239773755288626,2.9999999999999996,-2.852265785672581,1,14.0,0.0002671249967534095,26.0,0.0002930410046246834,28.0,0.0005316249953466468,28.0,0.014670665994344745,False,28.0,0.034672291003516875,28.0,0,1
random_regular,20,12,30,20,30,0.15789473684210525,3.0,3,3,0.0,0.1,5,2.778947368421053,0.34618135021424823,5.682593125019272,0.34618135021424823,3.0000000000000004,-2.682593125019271,1,17.0,0.0002381250014877878,26.0,0.0004774999979417771,27.0,0.0005732499994337559,27.0,0.014081708002777305,False,27.0,0.03567754099640297,27.0,0,1
random_regular,20,13,30,20,30,0.15789473684210525,3.0,3,3,0.0,0.15,5,2.731578947368421,0.3615720703910775,5.402449521939332,0.3615720703910775,2.999999999999999,-2.4024495219393307,1,19.0,0.00024708300043130293,24.0,0.0002931670023826882,25.0,0.0005413340040831827,25.0,0.016040750000684056,False,25.0,0.04221870800392935,25.0,0,1
random_regular,20,14,30,20,30,0.15789473684210525,3.0,3,3,0.0,0.1,5,2.6842105263157894,0.45704079021575666,5.723840922501707,0.45704079021575666,2.999999999999999,-2.7238409225017066,1,17.0,0.0002452080007060431,25.0,0.0002856249993783422,27.0,0.00043325000297045335,27.0,0.014239625001209788,False,27.0,0.0333436669970979,27.0,0,1
random_regular,20,15,30,20,30,0.15789473684210525,3.0,3,3,0.0,0.0,4,2.5789473684210527,0.6073547777232439,5.768915771711593,0.6073547777232439,2.999999999999999,-2.768915771711595,1,14.0,0.00022862500190967694,26.0,0.000283417000900954,27.0,0.00043620799988275394,27.0,0.011771667006541975,False,27.0,0.12019087500084424,27.0,0,1
random_regular,20,16,30,20,30,0.15789473684210525,3.0,3,3,0.0,0.2,6,2.9526315789473685,0.21557648281152408,5.393259587168026,0.21557648281152408,2.999999999999999,-2.393259587168023,1,15.0,0.0002724170044530183,24.0,0.000376958996639587,25.0,0.0005412499958765693,25.0,0.04130716700456105,False,24.0,0.040946000000985805,25.0,0,0
random_regular,20,17,30,20,30,0.15789473684210525,3.0,3,3,0.0,0.05,5,2.7526315789473683,0.4189672709614015,5.754886121295903,0.4189672709614015,2.9999999999999996,-2.754886121295901,1,12.0,0.0002271250050398521,26.0,0.0003839999990304932,27.0,0.0005080000046291389,27.0,0.01389266700425651,False,27.0,0.03766020799957914,27.0,0,1
random_regular,20,18,30,20,30,0.15789473684210525,3.0,3,3,0.0,0.1,5,2.6473684210526316,0.5335753242154556,5.8168885926906,0.5335753242154556,2.999999999999999,-2.8168885926906,1,20.0,0.00029350000113481656,28.0,0.00038666700129397213,28.0,0.0006060830055503175,28.0,0.020501166996837128,False,28.0,0.04321662500296952,28.0,0,1
random_regular,20,19,30,20,30,0.15789473684210525,3.0,3,3,0.0,0.05,5,2.6578947368421053,0.5961379285268547,5.738590444661825,0.5961379285268547,3.0,-2.7385904446618263,1,14.0,0.0003992079946328886,26.0,0.00059391599643277,26.0,0.0010662499989848584,27.0,0.02495512500172481,False,27.0,0.04436533300031442,27.0,0,1
random_regular,20,20,30,20,30,0.15789473684210525,3.0,3,3,0.0,0.2,6,2.8473684210526318,0.3368419006709891,5.463395811615848,0.3368419006709891,3.000000000000001,-2.4633958116158485,1,12.0,0.0005291249981382862,23.0,0.0006655830002273433,25.0,0.0012760419995174743,25.0,0.030880332997185178,False,25.0,0.06038545800402062,25.0,0,1
random_regular,20,21,30,20,30,0.15789473684210525,3.0,3,3,0.0,0.0,4,2.5052631578947366,0.6525893026282159,5.477189421192982,0.6525893026282159,3.000000000000001,-2.477189421192982,1,12.0,0.000724083001841791,24.0,0.0006917920036357827,26.0,0.001460916995711159,26.0,0.0358822499983944,False,26.0,0.06935374999738997,26.0,0,1
random_regular,20,22,30,20,30,0.15789473684210525,3.0,3,3,0.0,0.15,5,2.6894736842105265,0.4497230544458044,5.545707468357192,0.4497230544458044,3.0000000000000004,-2.545707468357191,1,18.0,0.0004669999980251305,25.0,0.0006947910005692393,25.0,0.0018033339947578497,26.0,0.026697542001784313,False,26.0,0.04723845799890114,26.0,0,1
random_regular,20,23,30,20,30,0.15789473684210525,3.0,3,3,0.0,0.05,5,2.568421052631579,0.6140354486984833,5.6863274585056995,0.6140354486984833,3.0,-2.6863274585057018,1,13.0,0.0004263340015313588,24.0,0.0004828750024898909,27.0,0.0008636670027044602,27.0,0.02592995799932396,False,27.0,0.04767458399874158,27.0,0,1
random_regular,20,24,30,20,30,0.15789473684210525,3.0,3,3,0.0,0.05,6,2.863157894736842,0.29720291234584306,5.661406438433576,0.29720291234584306,2.9999999999999996,-2.661406438433578,1,11.0,0.0003494160046102479,26.0,0.00043325000297045335,27.0,0.0007370419989456423,27.0,0.024796332996629644,False,27.0,0.06384699999762233,27.0,0,1
random_regular,20,25,30,20,30,0.15789473684210525,3.0,3,3,0.0,0.1,8,3.442105263157895,0.0928474787776302,5.770938798226748,0.0928474787776302,3.0000000000000004,-2.770938798226748,1,17.0,0.0006493750042864121,27.0,0.0006457920026150532,27.0,0.0012517909999587573,27.0,0.037233875002129935,False,27.0,0.059016833001805935,27.0,0,1
random_regular,20,26,30,20,30,0.15789473684210525,3.0,3,3,0.0,0.0,5,2.594736842105263,0.5928541781884809,5.607730922574084,0.5928541781884809,3.0000000000000004,-2.607730922574085,1,14.0,0.0004961250015185215,25.0,0.0005507909954758361,26.0,0.000992791996395681,26.0,0.029498708005121443,False,26.0,0.07271549999859417,26.0,0,1
random_regular,20,27,30,20,30,0.15789473684210525,3.0,3,3,0.0,0.1,5,2.8,0.3854374267350883,5.633035216133122,0.3854374267350883,2.999999999999999,-2.633035216133119,1,10.0,0.0007866660016588867,25.0,0.0007521660008933395,26.0,0.0014753750001545995,26.0,0.036596750003809575,False,25.0,0.08600179199856939,26.0,0,0
random_regular,20,28,30,20,30,0.15789473684210525,3.0,3,3,0.0,0.15,6,2.863157894736842,0.32595070262959763,5.575612677609914,0.32595070262959763,2.9999999999999996,-2.5756126776099144,1,16.0,0.0005203339969739318,24.0,0.0006602909998036921,26.0,0.000989207997918129,26.0,0.03202541700011352,False,26.0,0.0696182499959832,26.0,0,1
random_regular,20,29,30,20,30,0.15789473684210525,3.0,3,3,0.0,0.15,5,2.694736842105263,0.472047352682014,5.373872660886586,0.472047352682014,3.0,-2.3738726608865846,1,14.0,0.0002868329975171946,24.0,0.00037304199940990657,25.0,0.0008721670019440353,25.0,0.02212724999844795,False,25.0,0.05081429200072307,25.0,0,1
random_regular,50,0,75,50,75,0.061224489795918366,3.0,3,3,0.0,0.02,7,3.9281632653061225,0.25796304269314,5.723881175655424,0.25796304269314,2.9999999999999996,-2.723881175655428,1,33.0,0.00030045799940126017,65.0,0.0006179159972816706,67.0,0.0010282920047757216,67.0,0.09466362500097603,False,67.0,0.04241833299602149,67.0,0,1
random_regular,50,1,75,50,75,0.061224489795918366,3.0,3,3,0.0,0.04,7,4.053061224489796,0.22970542286566611,5.7514853649790805,0.22970542286566611,3.000000000000001,-2.7514853649790805,1,41.0,0.00027075000252807513,67.0,0.00044750000233761966,68.0,0.0008275420041172765,68.0,0.08856283299974166,False,68.0,0.039768916998582426,68.0,0,1
random_regular,50,2,75,50,75,0.061224489795918366,3.0,3,3,0.0,0.02,8,3.8922448979591837,0.26202475475252096,5.719517970276385,0.26202475475252096,3.000000000000001,-2.7195179702763834,1,33.0,0.00028183300310047343,63.0,0.0005979589986964129,66.0,0.0009048329957295209,67.0,0.0881009169970639,False,67.0,0.048457875003805384,67.0,0,1
random_regular,50,3,75,50,75,0.061224489795918366,3.0,3,3,0.0,0.04,7,3.8636734693877552,0.308861126297232,5.770983565646717,0.308861126297232,2.9999999999999982,-2.7709835656467185,1,33.0,0.0002703749996726401,64.0,0.0005902920020162128,67.0,0.002544625000155065,68.0,0.10648049999872455,False,67.0,0.041173625002556946,68.0,0,0
random_regular,50,4,75,50,75,0.061224489795918366,3.0,3,3,0.0,0.04,7,3.8751020408163264,0.27086899014061316,5.740683545524874,0.27086899014061316,3.0000000000000004,-2.7406835455248806,1,38.0,0.0003064579941565171,61.0,0.0005447079965961166,66.0,0.0009979169990401715,67.0,0.11350087500613881,False,67.0,0.04943325000203913,67.0,0,1
random_regular,50,5,75,50,75,0.061224489795918366,3.0,3,3,0.0,0.02,7,3.75265306122449,0.3422459176067647,5.828209253893094,0.3422459176067647,3.0000000000000013,-2.828209253893097,1,40.0,0.0004620830004569143,59.0,0.0008203329998650588,69.0,0.002070250004180707,69.0,1.1095309580050525,False,69.0,0.052984082998591475,69.0,0,1
random_regular,50,6,75,50,75,0.061224489795918366,3.0,3,3,0.0,0.0,6,3.733877551020408,0.36092142414400974,5.774299467679709,0.36092142414400974,2.9999999999999973,-2.7742994676797097,1,31.0,0.0002721249984460883,67.0,0.0005612500026472844,68.0,0.000905542001419235,67.0,0.07718654200289166,False,67.0,0.036111082998104393,68.0,0,0
random_regular,50,7,75,50,75,0.061224489795918366,3.0,3,3,0.0,0.04,8,3.9804081632653063,0.21869499254608027,5.724406748557873,0.21869499254608027,3.000000000000001,-2.724406748557875,1,42.0,0.00026250000519212335,63.0,0.0007906669998192228,67.0,0.0012058749998686835,68.0,0.0759774580001249,False,68.0,0.037738582999736536,68.0,0,1
random_regular,50,8,75,50,75,0.061224489795918366,3.0,3,3,0.0,0.06,7,3.8702040816326533,0.28815382005693957,5.655012874213681,0.28815382005693957,3.0000000000000004,-2.655012874213681,1,43.0,0.00027508399944053963,63.0,0.0005250840040389448,66.0,0.0010246249948977493,66.0,0.10091025000292575,False,66.0,0.031916916006593965,66.0,0,1
random_regular,50,9,75,50,75,0.061224489795918366,3.0,3,3,0.0,0.06,7,3.920816326530612,0.2553887760812182,5.814114556871081,0.2553887760812182,3.000000000000001,-2.8141145568710795,1,35.0,0.0002606670022942126,62.0,0.00044733400136465207,66.0,0.0008744579972699285,67.0,0.15068133400200168,False,65.0,0.03814970800158335,67.0,0,0
random_regular,50,10,75,50,75,0.061224489795918366,3.0,3,3,0.0,0.06,8,4.079183673469387,0.1749992961207098,5.785915431862566,0.1749992961207098,3.0000000000000004,-2.78591543186257,1,45.0,0.0002732499997364357,62.0,0.0004935830002068542,68.0,0.0009521249958197586,68.0,0.13761012499890057,False,68.0,0.04609175000223331,68.0,0,1
random_regular,50,11,75,50,75,0.061224489795918366,3.0,3,3,0.0,0.02,7,3.9591836734693877,0.22587191726855554,5.78684123867889,0.22587191726855554,2.999999999999999,-2.7868412386788846,1,32.0,0.0002692499983822927,67.0,0.0004482500007725321,67.0,0.0009868749984889291,67.0,0.1253015419933945,False,67.0,0.04007637500035344,67.0,0,1
random_regular,50,12,75,50,75,0.061224489795918366,3.0,3,3,0.0,0.04,7,3.776326530612245,0.3321649418269591,5.754160211137683,0.3321649418269591,2.999999999999998,-2.754160211137679,1,41.0,0.0003226249973522499,65.0,0.0009473750033066608,66.0,0.003192459000274539,67.0,0.09440183400147362,False,67.0,0.04780416600260651,67.0,0,1
random_regular,50,13,75,50,75,0.061224489795918366,3.0,3,3,0.0,0.02,8,4.003265306122449,0.2402737117209775,5.805359538552661,0.2402737117209775,3.0,-2.805359538552661,1,36.0,0.0013184580020606518,63.0,0.0010717500044847839,69.0,0.0013455840016831644,69.0,0.22404066700255498,False,67.0,0.054853000001457985,69.0,0,0
random_regular,50,14,75,50,75,0.061224489795918366,3.0,3,3,0.0,0.04,7,3.826122448979592,0.30953349943705627,5.686394751447653,0.30953349943705627,2.9999999999999996,-2.686394751447658,1,43.0,0.0005842079990543425,61.0,0.0009376660018460825,67.0,0.0020027909995405935,67.0,0.12956104199838592,False,65.0,0.04123191599501297,67.0,0,0
random_regular,50,15,75,50,75,0.061224489795918366,3.0,3,3,0.0,0.0,7,3.836734693877551,0.2512267968726319,5.776434614830879,0.2512267968726319,3.0000000000000004,-2.776434614830884,1,41.0,0.0003512919938657433,63.0,0.0005855830022483133,68.0,0.0012458330020308495,68.0,0.1194592499959981,False,68.0,0.03785341599723324,68.0,0,1
random_regular,50,16,75,50,75,0.061224489795918366,3.0,3,3,0.0,0.02,7,3.939591836734694,0.2853380576110793,5.670606223218953,0.2853380576110793,2.9999999999999996,-2.6706062232189525,1,38.0,0.0003155830054311082,62.0,0.0005277910022414289,66.0,0.0010280419955961406,66.0,0.09915704100421863,False,66.0,0.037556041999778245,66.0,0,1
random_regular,50,17,75,50,75,0.061224489795918366,3.0,3,3,0.0,0.08,7,3.8677551020408165,0.2900303746025948,5.7266200758480466,0.2900303746025948,3.0,-2.7266200758480474,1,32.0,0.0002786659970297478,65.0,0.0005424170012702234,66.0,0.001079875000868924,66.0,0.0881856659980258,False,66.0,0.033684583999274764,66.0,0,1
random_regular,50,18,75,50,75,0.061224489795918366,3.0,3,3,0.0,0.04,7,3.936326530612245,0.22802176127000084,5.7887065135809435,0.22802176127000084,3.0,-2.7887065135809452,1,47.0,0.00025204099802067503,67.0,0.0005122910006321035,67.0,0.0008711249975021929,68.0,0.08514774999639485,False,68.0,0.03317666699877009,68.0,0,1
random_regular,50,19,75,50,75,0.061224489795918366,3.0,3,3,0.0,0.02,7,3.8024489795918366,0.3198393926612953,5.756394502920079,0.3198393926612953,3.000000000000001,-2.756394502920086,1,37.0,0.0002813749961205758,60.0,0.0006112909977673553,68.0,0.00127795799926389,68.0,0.07615970799815841,False,68.0,0.03524808299698634,68.0,0,1
random_regular,50,20,75,50,75,0.061224489795918366,3.0,3,3,0.0,0.06,7,3.9224489795918367,0.2681551250294003,5.777768133629647,0.2681551250294003,3.0000000000000004,-2.7777681336296465,1,38.0,0.00033025000448105857,63.0,0.0006234169995877892,67.0,0.0010232499989797361,67.0,0.08027350000338629,False,67.0,0.03129666700260714,67.0,0,1
random_regular,50,21,75,50,75,0.061224489795918366,3.0,3,3,0.0,0.08,8,3.9689795918367348,0.24970581314705415,5.682938369506789,0.24970581314705415,2.9999999999999987,-2.682938369506787,1,45.0,0.00029216699476819485,65.0,0.00044770899694412947,65.0,0.0009920000011334196,65.0,0.18883712500246475,False,64.0,0.03370550000545336,65.0,0,0
random_regular,50,22,75,50,75,0.061224489795918366,3.0,3,3,0.0,0.02,7,3.753469387755102,0.32009725970408054,5.83831932644641,0.32009725970408054,2.999999999999999,-2.838319326446409,1,33.0,0.00023529100144514814,64.0,0.0005038749950472265,69.0,0.0009421249997103587,69.0,0.1547425419994397,False,68.0,0.029742416998487897,69.0,0,0
random_regular,50,23,75,50,75,0.061224489795918366,3.0,3,3,0.0,0.06,9,4.2963265306122445,0.14861359842567165,5.858511425958272,0.14861359842567165,2.999999999999999,-2.8585114259582745,1,35.0,0.0002685409999685362,63.0,0.0005180420048418455,69.0,0.0009269580041291192,69.0,0.11002824999741279,False,68.0,0.02996170800179243,69.0,0,0
random_regular,50,24,75,50,75,0.061224489795918366,3.0,3,3,0.0,0.04,7,3.742857142857143,0.3493759620731722,5.706043360770879,0.3493759620731722,3.0000000000000013,-2.7060433607708765,1,38.0,0.0002610829978948459,63.0,0.0006291669997153804,67.0,0.0012052089950884692,67.0,0.08146850000048289,False,67.0,0.03046570799779147,67.0,0,1
random_regular,50,25,75,50,75,0.061224489795918366,3.0,3,3,0.0,0.06,7,3.890612244897959,0.2541408477271059,5.739941600131642,0.2541408477271059,3.000000000000001,-2.73994160013164,1,35.0,0.000305041998217348,60.0,0.0005188329960219562,65.0,0.0009882500016829,66.0,0.08894049999798881,False,65.0,0.032065708001027815,66.0,0,0
random_regular,50,26,75,50,75,0.061224489795918366,3.0,3,3,0.0,0.04,7,4.1085714285714285,0.24790323522803814,5.880388971357105,0.24790323522803814,3.000000000000001,-2.8803889713571116,1,33.0,0.0002364999963901937,62.0,0.00044004200026392937,69.0,0.0008617920029792003,69.0,0.11782941599813057,False,69.0,0.03243024999392219,69.0,0,1
random_regular,50,27,75,50,75,0.061224489795918366,3.0,3,3,0.0,0.02,7,3.9216326530612244,0.2885154809216181,5.855908989977207,0.2885154809216181,3.0,-2.8559089899772094,1,31.0,0.00026820800121640787,63.0,0.00046629200369352475,70.0,0.0010986249981215224,70.0,0.07924274999822956,False,68.0,0.030964375000621658,70.0,0,0
random_regular,50,28,75,50,75,0.061224489795918366,3.0,3,3,0.0,0.04,8,3.9191836734693877,0.2446229055285723,5.667386224360373,0.2446229055285723,2.9999999999999982,-2.6673862243603725,1,35.0,0.0003873329987982288,63.0,0.0005014580019633286,65.0,0.001121583001804538,65.0,0.13493541599746095,False,64.0,0.030009082998731174,65.0,0,0
random_regular,50,29,75,50,75,0.061224489795918366,3.0,3,3,0.0,0.04,8,3.9355102040816328,0.25619964907818904,5.84258949427836,0.25619964907818904,3.0,-2.842589494278359,1,35.0,0.00026125000294996426,66.0,0.0005184159963391721,67.0,0.0008683749983902089,68.0,0.13497425000241492,False,68.0,0.032194791005167644,68.0,0,1
random_regular,100,0,150,100,150,0.030303030303030304,3.0,3,3,0.0,0.0,9,4.80989898989899,0.22181007627724658,5.777185252628028,0.22181007627724658,3.000000000000002,-2.777185252628022,1,68.0,0.0003376669992576353,128.0,0.0013158340007066727,136.0,0.0022188750008353963,136.0,2.498983290999604,False,136.0,0.0358067499983008,136.0,0,1
random_regular,100,1,150,100,150,0.030303030303030304,3.0,3,3,0.0,0.01,9,4.791313131313132,0.2419111815019492,5.7528383524175934,0.2419111815019492,3.0000000000000027,-2.7528383524175974,1,73.0,0.00033283299853792414,124.0,0.0008582910013501532,134.0,0.0019664169958559796,134.0,3.0676897919984185,False,135.0,0.0361743329995079,134.0,1,0
random_regular,100,2,150,100,150,0.030303030303030304,3.0,3,3,0.0,0.03,9,4.92,0.16403778475043704,5.766111928390404,0.16403778475043704,3.0,-2.7661119283904028,1,81.0,0.0003415419996599667,124.0,0.0008707910019438714,133.0,0.0019030839976039715,135.0,7.941818457999034,False,133.0,0.03579720800189534,135.0,0,0
random_regular,100,3,150,100,150,0.030303030303030304,3.0,3,3,0.0,0.01,10,4.915757575757576,0.20513322045944116,5.800796022629671,0.20513322045944116,3.0000000000000004,-2.800796022629666,1,73.0,0.0003102080008829944,130.0,0.0008567909972043708,136.0,0.0019252079946454614,134.0,2.597926374997769,False,136.0,0.04123020800034283,136.0,0,1
random_regular,100,4,150,100,150,0.030303030303030304,3.0,3,3,0.0,0.02,9,4.752121212121212,0.24999088614779447,5.749173447636054,0.24999088614779447,3.0,-2.7491734476360574,1,73.0,0.0006162079953355715,125.0,0.001987208001082763,133.0,0.00213537500530947,134.0,3.4895064589945832,False,134.0,0.03879020800377475,134.0,0,1
random_regular,100,5,150,100,150,0.030303030303030304,3.0,3,3,0.0,0.0,8,4.709292929292929,0.24384360998883559,5.8188771164160205,0.24384360998883559,2.9999999999999996,-2.8188771164160222,1,78.0,0.00031075000151759014,130.0,0.0008549590056645684,137.0,0.0018728750001173466,138.0,0.608598124999844,False,136.0,0.034812375000910833,138.0,0,0
random_regular,100,6,150,100,150,0.030303030303030304,3.0,3,3,0.0,0.03,9,4.856161616161616,0.1890140356878583,5.7903845416105,0.1890140356878583,3.0000000000000013,-2.7903845416104955,1,71.0,0.0003835829993477091,129.0,0.0008777499970165081,136.0,0.00217191699630348,136.0,0.6910824169972329,False,134.0,0.04053154199937126,136.0,0,0
random_regular,100,7,150,100,150,0.030303030303030304,3.0,3,3,0.0,0.02,9,4.7832323232323235,0.21636815457949196,5.780523347934761,0.21636815457949196,3.0,-2.780523347934763,1,72.0,0.0003575000009732321,124.0,0.0008182089950423688,136.0,0.0037204170002951287,136.0,0.9112912499986123,False,134.0,0.03557004200411029,136.0,0,0
random_regular,100,8,150,100,150,0.030303030303030304,3.0,3,3,0.0,0.01,8,4.783636363636363,0.23625033216009592,5.77633128457619,0.23625033216009592,3.000000000000002,-2.7763312845761887,1,82.0,0.0003037920032511465,129.0,0.0008519590046489611,135.0,0.0019259160035289824,135.0,2.949071458002436,False,135.0,0.037223583000013605,135.0,0,1
random_regular,100,9,150,100,150,0.030303030303030304,3.0,3,3,0.0,0.02,9,4.815959595959596,0.24367336584244545,5.8160629798296535,0.24367336584244545,3.0,-2.816062979829652,1,75.0,0.00030654200236313045,132.0,0.0007142500035115518,138.0,0.001899208000395447,138.0,1.9931700420056586,False,136.0,0.03595916699850932,138.0,0,0
random_regular,100,10,150,100,150,0.030303030303030304,3.0,3,3,0.0,0.02,8,4.6983838383838386,0.2773866853394766,5.80089240199334,0.2773866853394766,3.000000000000001,-2.8008924019933388,1,80.0,0.00031283299904316664,127.0,0.0011302080019959249,136.0,0.001869624997198116,137.0,0.732251166999049,False,137.0,0.03653316599957179,137.0,0,1
random_regular,100,11,150,100,150,0.030303030303030304,3.0,3,3,0.0,0.0,9,4.737373737373737,0.23065392211334432,5.743144139923727,0.23065392211334432,2.9999999999999987,-2.7431441399237255,1,67.0,0.0003103339986409992,122.0,0.0007177500010584481,136.0,0.0022040420008124784,136.0,2.07039829200221,False,134.0,0.03879495799628785,136.0,0,0
random_regular,100,12,150,100,150,0.030303030303030304,3.0,3,3,0.0,0.02,9,4.8385858585858585,0.24023331380555488,5.802960907701579,0.24023331380555488,2.9999999999999982,-2.802960907701583,1,73.0,0.00031041599868331105,126.0,0.0007187079972936772,135.0,0.0018534580012783408,135.0,0.8855679999978747,False,135.0,0.03384333299618447,135.0,0,1
random_regular,100,13,150,100,150,0.030303030303030304,3.0,3,3,0.0,0.02,9,4.763030303030303,0.23683886442533608,5.787235646645385,0.23683886442533608,2.9999999999999987,-2.7872356466453727,1,75.0,0.00031399999716086313,127.0,0.0007212920027086511,135.0,0.001929916994413361,134.0,3.402588958000706,False,135.0,0.04452733300422551,135.0,0,1
random_regular,100,14,150,100,150,0.030303030303030304,3.0,3,3,0.0,0.01,8,4.812525252525252,0.20757260954278575,5.788065633053944,0.20757260954278575,2.9999999999999996,-2.7880656330539484,1,65.0,0.00035666699841385707,134.0,0.0011332079957355745,136.0,0.0023082919942680746,135.0,6.973079916002462,False,134.0,0.04334099999687169,136.0,0,0
random_regular,100,15,150,100,150,0.030303030303030304,3.0,3,3,0.0,0.02,9,4.819191919191919,0.20233211569480633,5.770141697294485,0.20233211569480633,3.000000000000001,-2.7701416972944823,1,77.0,0.0003209999995306134,129.0,0.0011129160047858022,135.0,0.0021437910036183894,135.0,0.7878221670034691,False,134.0,0.03541491700161714,135.0,0,0
random_regular,100,16,150,100,150,0.030303030303030304,3.0,3,3,0.0,0.01,9,4.894949494949495,0.1952847710311838,5.759363680609797,0.1952847710311838,3.0000000000000027,-2.7593636806097956,1,76.0,0.00032137500238604844,125.0,0.0008934579964261502,134.0,0.0022083750009187497,134.0,0.6474914999998873,False,133.0,0.03758254100102931,134.0,0,0
random_regular,100,17,150,100,150,0.030303030303030304,3.0,3,3,0.0,0.01,8,4.782828282828283,0.24661440746289315,5.806840478937787,0.24661440746289315,3.0000000000000004,-2.806840478937792,1,79.0,0.00034170800063293427,125.0,0.0008711670016054995,138.0,0.001990333003050182,138.0,2.432193874999939,False,137.0,0.034902041996247135,138.0,0,0
random_regular,100,18,150,100,150,0.030303030303030304,3.0,3,3,0.0,0.05,9,4.8921212121212125,0.20345629713714333,5.720132821995135,0.20345629713714333,2.9999999999999987,-2.720132821995135,1,89.0,0.0003105420037172735,126.0,0.000571082993701566,132.0,0.0018843329962692223,133.0,1.0510074580015498,False,132.0,0.03690166700107511,133.0,0,0
random_regular,100,19,150,100,150,0.030303030303030304,3.0,3,3,0.0,0.03,9,4.947272727272727,0.17099566116538195,5.734836036891156,0.17099566116538195,2.9999999999999996,-2.7348360368911524,1,62.0,0.0003101249967585318,122.0,0.0007530000002589077,134.0,0.002055917000689078,134.0,0.6494114580054884,False,133.0,0.043623666002531536,134.0,0,0
random_regular,100,20,150,100,150,0.030303030303030304,3.0,3,3,0.0,0.01,9,4.808888888888889,0.20540386887847603,5.78965680158077,0.20540386887847603,2.9999999999999996,-2.7896568015807692,1,64.0,0.00038337500154739246,124.0,0.0010418750025564805,136.0,0.0027381670006434433,136.0,0.7976445419990341,False,136.0,0.040229082995210774,136.0,0,1
random_regular,100,21,150,100,150,0.030303030303030304,3.0,3,3,0.0,0.02,9,4.918989898989899,0.19554898844768154,5.785070196738751,0.19554898844768154,2.9999999999999982,-2.7850701967387534,1,81.0,0.00034745800076052547,124.0,0.000888916001713369,134.0,0.002859166997950524,136.0,7.550906625001517,False,134.0,0.03536845799681032,136.0,0,0
random_regular,100,22,150,100,150,0.030303030303030304,3.0,3,3,0.0,0.01,9,4.873535353535353,0.19973937517617266,5.789124513864134,0.19973937517617266,2.9999999999999996,-2.789124513864131,1,81.0,0.00032662499870639294,127.0,0.000720083000487648,138.0,0.002558667001721915,136.0,0.9224975419929251,False,136.0,0.036370665999129415,138.0,0,0
random_regular,100,23,150,100,150,0.030303030303030304,3.0,3,3,0.0,0.04,9,4.84969696969697,0.2192718296328186,5.774980289226519,0.2192718296328186,3.0000000000000004,-2.7749802892265176,1,72.0,0.00032250000367639586,123.0,0.0008651250027469359,133.0,0.0018742920001386665,134.0,5.2384589170033,False,134.0,0.0370760000005248,134.0,0,1
random_regular,100,24,150,100,150,0.030303030303030304,3.0,3,3,0.0,0.02,9,4.824848484848485,0.19410510148397664,5.786039911441183,0.19410510148397664,2.9999999999999996,-2.7860399114411782,1,81.0,0.00032212500082096085,127.0,0.0008672499970998615,136.0,0.0020142079956713133,134.0,0.5832125410015578,False,135.0,0.040760957999737,136.0,0,0
random_regular,100,25,150,100,150,0.030303030303030304,3.0,3,3,0.0,0.02,8,4.766464646464646,0.2557334519141631,5.775877778584715,0.2557334519141631,3.000000000000001,-2.7758777785847175,1,75.0,0.00043354200170142576,124.0,0.000739333001547493,135.0,0.0020496669967542402,135.0,2.3027105829969514,False,135.0,0.036660082994785625,135.0,0,1
random_regular,100,26,150,100,150,0.030303030303030304,3.0,3,3,0.0,0.01,9,4.827070707070707,0.21654373058503107,5.814572969574966,0.21654373058503107,2.999999999999998,-2.8145729695749675,1,74.0,0.0003108750024694018,125.0,0.0007134580009733327,138.0,0.0019506669996189885,138.0,0.7526771670018206,False,136.0,0.03819162499712547,138.0,0,0
random_regular,100,27,150,100,150,0.030303030303030304,3.0,3,3,0.0,0.01,9,4.919595959595959,0.2099806947106505,5.8131342553756005,0.2099806947106505,2.999999999999999,-2.8131342553755974,1,81.0,0.00031483299972023815,127.0,0.0007170419994508848,138.0,0.0018726249982137233,137.0,1.0461942089968943,False,135.0,0.03670474999671569,138.0,0,0
random_regular,100,28,150,100,150,0.030303030303030304,3.0,3,3,0.0,0.02,9,4.807070707070707,0.22518179984291098,5.800507876280306,0.22518179984291098,3.0000000000000004,-2.8005078762803026,1,60.0,0.0003072500039706938,123.0,0.0008573329978389665,136.0,0.0018809169996529818,136.0,1.2053836670020246,False,134.0,0.03550241700577317,136.0,0,0
random_regular,100,29,150,100,150,0.030303030303030304,3.0,3,3,0.0,0.01,8,4.805252525252525,0.24148427444018483,5.789617884158999,0.24148427444018483,2.999999999999999,-2.7896178841590022,1,83.0,0.00030916599644115195,131.0,0.000995875001535751,134.0,0.0019487500030663796,135.0,2.149446124996757,False,135.0,0.04064762499911012,135.0,0,1
barabasi_albert,20,0,51,20,51,0.26842105263157895,5.1,11,3,2.7367864366808017,0.4137121212121212,4,1.8842105263157896,1.6577173845222373,12.942164851731004,1.6577173845222373,6.2853004003832265,-3.565789023814292,1,25.0,0.0002365830005146563,36.0,0.0003354579966980964,38.0,0.00049412500084145,39.0,0.013575499993748963,False,38.0,0.0387269999991986,39.0,0,0
barabasi_albert,20,1,51,20,51,0.26842105263157895,5.1,13,2,2.5865034312755126,0.397518315018315,3,1.8842105263157896,1.2824118882687543,14.176998280669078,1.2824118882687543,6.197649844155814,-3.645030864645064,1,27.0,0.0002826249983627349,38.0,0.0003610419953474775,40.0,0.000668083994241897,40.0,0.015220624998619314,False,36.0,0.03257854199910071,40.0,0,0
barabasi_albert,20,2,51,20,51,0.26842105263157895,5.1,16,1,3.315116890850155,0.4563311688311688,3,1.8,0.9849524435076483,17.071519333780586,0.9849524435076483,6.582971111264465,-3.872955716629942,1,22.0,0.00024658299662405625,37.0,0.00033520800207043067,36.0,0.0006168330000946298,38.0,0.019880125000781845,False,37.0,0.050676040998951066,38.0,0,0
barabasi_albert,20,3,51,20,51,0.26842105263157895,5.1,10,3,1.972308292331602,0.23007936507936505,3,1.8842105263157896,1.8083339678594983,11.436249441831908,1.8083339678594983,5.86076949700746,-3.4848106170222155,1,22.0,0.00039883399585960433,39.0,0.0007599169985041954,35.0,0.0008617499988758937,40.0,0.01977870900009293,False,38.0,0.047920208002324216,40.0,0,0
barabasi_albert,20,4,51,20,51,0.26842105263157895,5.1,14,2,2.808914381037628,0.492530525030525,3,1.8789473684210527,1.2871454735236894,15.10821536355883,1.2871454735236894,6.336673248498151,-3.2485475606358265,1,30.0,0.00029099999665049836,37.0,0.0004549590012175031,36.0,0.0008993329975055531,38.0,0.021532708997256123,False,35.0,0.056169041999964975,38.0,0,0
barabasi_albert,20,5,51,20,51,0.26842105263157895,5.1,14,1,3.031501278244824,0.458018648018648,3,1.8368421052631578,0.9645228266971098,15.093046197261248,0.9645228266971098,6.445966782626373,-3.4713629235810686,1,27.0,0.0005172090022824705,34.0,0.0006918750004842877,36.0,0.001621208997676149,39.0,0.029782457997498568,False,37.0,0.08238633400469553,39.0,0,0
barabasi_albert,20,6,51,20,51,0.26842105263157895,5.1,10,3,2.4269322199023193,0.40456349206349207,3,1.9105263157894736,1.4846949981149062,11.7944427642568,1.4846949981149062,6.063198221966284,-3.886330561820487,1,28.0,0.00045366700214799494,36.0,0.0007039580013952218,40.0,0.005229874994256534,40.0,0.054110333003336564,False,40.0,0.09367066700360738,40.0,0,1
barabasi_albert,20,7,51,20,51,0.26842105263157895,5.1,10,2,2.233830790368868,0.28178571428571425,3,1.8631578947368421,1.7579222039124442,11.612304022232866,1.7579222039124442,5.873238910902808,-3.9925819804913565,1,31.0,0.0004274579987395555,39.0,0.0005951670027570799,40.0,0.0014116249949438497,40.0,0.04886320899822749,False,40.0,0.33139174999814713,40.0,0,1
barabasi_albert,20,8,51,20,51,0.26842105263157895,5.1,10,3,2.046948949045872,0.30777777777777776,3,1.9157894736842105,1.6037322871912492,11.388726821954387,1.6037322871912492,5.905150424365356,-3.7168975303528344,1,25.0,0.00044058299681637436,37.0,0.0007849999965401366,38.0,0.001414042002579663,40.0,0.09247654100181535,False,40.0,0.10831858299934538,40.0,0,1
barabasi_albert,20,9,51,20,51,0.26842105263157895,5.1,13,1,2.808914381037628,0.31224053724053724,3,1.8578947368421053,0.912181771458084,14.189141702210057,0.912181771458084,6.346166455041148,-3.6534672022620795,1,29.0,0.0011622079982771538,40.0,0.001084333001927007,40.0,0.0015003329972387291,40.0,0.03005891700013308,False,38.0,0.06062862499675248,40.0,0,0
barabasi_albert,20,10,51,20,51,0.26842105263157895,5.1,12,1,2.4474476501040834,0.2890620490620491,4,1.8631578947368421,0.948005531170143,13.219116822577135,0.948005531170143,6.0365403991514235,-3.5979486119381305,1,28.0,0.00037320800038287416,38.0,0.0008775829992373474,36.0,0.0022932909996598028,39.0,0.02072441700147465,False,38.0,0.05229291599971475,39.0,0,0
barabasi_albert,20,11,51,20,51,0.26842105263157895,5.1,11,1,2.7549954627911823,0.37692640692640694,3,1.8736842105263158,0.938207068231127,12.639067669209073,0.938207068231127,6.29675455881601,-3.574542199717018,1,29.0,0.0002640839957166463,34.0,0.00032983400160446763,37.0,0.0005887500010430813,38.0,0.017733999993652105,False,37.0,0.04763916700176196,38.0,0,0
barabasi_albert,20,12,51,20,51,0.26842105263157895,5.1,11,2,2.643860813280457,0.40887085137085133,3,1.8631578947368421,1.7350993029683932,12.553407685581352,1.7350993029683932,6.186273018298898,-3.825676153664507,1,22.0,0.000265124996076338,35.0,0.00039037500391714275,37.0,0.0006294580016401596,40.0,0.016442958993138745,False,37.0,0.04026983299991116,40.0,0,0
barabasi_albert,20,13,51,20,51,0.26842105263157895,5.1,12,1,2.5475478405713994,0.36077561327561325,3,1.9157894736842105,0.9266127597094811,13.26815528382706,0.9266127597094811,6.2571448157018885,-3.555216297533456,1,25.0,0.0002594580000732094,32.0,0.0003288340012659319,39.0,0.0005884999991394579,40.0,0.01564104200224392,False,37.0,0.040689625006052665,40.0,0,0
barabasi_albert,20,14,51,20,51,0.26842105263157895,5.1,14,2,3.223352292257239,0.5767399267399267,3,1.8,1.6716176090901218,15.225845847383663,1.6716176090901218,6.471132544868703,-3.2632510026410313,1,20.0,0.0002418750009383075,33.0,0.000377791999198962,37.0,0.002738709001278039,37.0,0.013854666998668108,False,36.0,0.04651837499841349,37.0,0,0
barabasi_albert,20,15,51,20,51,0.26842105263157895,5.1,11,3,2.4269322199023193,0.35998196248196246,3,1.8789473684210527,1.8197085548945213,12.328676024737927,1.8197085548945213,6.113186437909123,-3.637191500994624,1,21.0,0.00022704099683323875,40.0,0.00038095799391157925,40.0,0.0007073329979903065,40.0,0.014810499997111037,False,35.0,0.039730083000904415,40.0,0,0
barabasi_albert,20,16,51,20,51,0.26842105263157895,5.1,13,1,2.5865034312755126,0.3768956043956044,3,1.8578947368421053,0.9544461573136833,14.145320694276165,0.9544461573136833,6.1699694735675585,-3.741771869397372,1,24.0,0.00022066600649850443,35.0,0.00033866600278997794,39.0,0.0005108749974169768,39.0,0.01440208299754886,False,39.0,0.03340695900260471,39.0,0,1
barabasi_albert,20,17,51,20,51,0.26842105263157895,5.1,14,2,2.8442925306655784,0.45229853479853477,3,1.8789473684210527,1.484712149123957,15.128480777042824,1.484712149123957,6.368208720928335,-3.51790515609971,1,22.0,0.00023754200083203614,38.0,0.000335000004270114,39.0,0.0006717080032103695,39.0,0.014207875006832182,False,37.0,0.03237691699905554,39.0,0,0
barabasi_albert,20,18,51,20,51,0.26842105263157895,5.1,15,1,3.374907406137241,0.528489010989011,3,1.8368421052631578,0.9757237728188126,16.081896507240746,0.9757237728188126,6.651267772407188,-3.762235704562868,1,30.0,0.00023512500047218055,36.0,0.0003007080013048835,37.0,0.0004942919986206107,39.0,0.015104917001735885,False,36.0,0.030948208004701883,39.0,0,0
barabasi_albert,20,19,51,20,51,0.26842105263157895,5.1,9,1,2.3,0.2565873015873016,3,1.9105263157894736,0.9121844707011231,11.074143394223885,0.9121844707011231,6.0649876722916884,-3.6714458360122655,1,24.0,0.0002450829997542314,38.0,0.00033799999800976366,39.0,0.0005080000046291389,39.0,0.013668291998328641,False,37.0,0.033214875002158806,39.0,0,0
barabasi_albert,20,20,51,20,51,0.26842105263157895,5.1,15,1,2.896549671592048,0.39408730158730154,3,1.8368421052631578,0.9761037140724476,16.086973035237605,0.9761037140724476,6.346627039712861,-3.503533702853933,1,17.0,0.00023520800459664315,34.0,0.000290749994746875,36.0,0.0004972500028088689,39.0,0.014344332994369324,False,37.0,0.0327452909987187,39.0,0,0
barabasi_albert,20,21,51,20,51,0.26842105263157895,5.1,12,2,2.567099530598687,0.393982683982684,3,1.8789473684210527,1.5209153328481775,13.338488515254413,1.5209153328481775,6.175844550077595,-3.5980374749325255,1,25.0,0.00025262500275857747,38.0,0.0003412079968256876,35.0,0.0004960829974152148,39.0,0.013824542002112139,False,38.0,0.03329887499421602,39.0,0,0
barabasi_albert,20,22,51,20,51,0.26842105263157895,5.1,11,3,2.5475478405713994,0.2919733044733045,3,1.8894736842105264,1.5629454901835866,12.51989028777913,1.5629454901835866,6.197205003771165,-3.9138564819920165,1,26.0,0.0004918749982607551,31.0,0.00044799999886890873,38.0,0.0009942079996108077,41.0,0.015465124997717794,False,38.0,0.03675383299560053,41.0,0,0
barabasi_albert,20,23,51,20,51,0.26842105263157895,5.1,11,3,2.406241883103193,0.3101479076479076,3,1.9052631578947368,1.4701353846268006,12.386174829303567,1.4701353846268006,6.127552997863008,-3.6314225560386117,1,22.0,0.0002116249961545691,38.0,0.00033762499515432864,38.0,0.0005312499997671694,40.0,0.014655874998425134,False,39.0,0.03699620800034609,40.0,0,0
barabasi_albert,20,24,51,20,51,0.26842105263157895,5.1,10,3,2.3216373532487795,0.28694444444444445,3,1.9105263157894736,1.6077097327788277,11.879530166651483,1.6077097327788277,6.0307832521008695,-3.982017632077495,1,22.0,0.00022079199698055163,36.0,0.00030179099849192426,39.0,0.0004897909966530278,39.0,0.015117833005206194,False,39.0,0.03988699999899836,39.0,0,1
barabasi_albert,20,25,51,20,51,0.26842105263157895,5.1,12,3,2.6248809496813372,0.38529220779220774,3,1.8631578947368421,1.7610693152668737,13.303128733071208,1.7610693152668737,6.177300946979864,-3.6045374460025013,1,26.0,0.0002509580008336343,38.0,0.0003472079988569021,37.0,0.0005216249992372468,39.0,0.013874500000383705,False,38.0,0.03248854100093013,39.0,0,0
barabasi_albert,20,26,51,20,51,0.26842105263157895,5.1,15,2,3.0315012782448236,0.47269841269841273,3,1.8157894736842106,1.6362720414376202,16.084158326126335,1.6362720414376202,6.394277003604263,-3.488617024730866,1,28.0,0.00023491700267186388,37.0,0.00032812499557621777,37.0,0.0004865420050919056,37.0,0.013643083002534695,False,37.0,0.03186812499916414,37.0,0,1
barabasi_albert,20,27,51,20,51,0.26842105263157895,5.1,12,1,2.6057628441590763,0.3812878787878788,3,1.9052631578947368,0.9471128093563566,13.222944661787409,0.9471128093563566,6.18069333572159,-3.680007259952992,1,25.0,0.00034333299845457077,36.0,0.0004220409973640926,36.0,0.0006008749987813644,39.0,0.015012500000011642,False,38.0,0.032343083003070205,39.0,0,0
barabasi_albert,20,28,51,20,51,0.26842105263157895,5.1,12,3,2.826658805020514,0.43132756132756134,3,1.8421052631578947,1.650252863200427,13.248500862748731,1.650252863200427,6.331170905128655,-3.5756937618516793,1,25.0,0.00029283299954840913,35.0,0.0003083749979850836,36.0,0.0005384169999160804,38.0,0.014509540997096337,False,38.0,0.03214441699674353,38.0,0,1
barabasi_albert,20,29,51,20,51,0.26842105263157895,5.1,12,3,2.808914381037628,0.45893939393939387,3,1.8578947368421053,1.5502444483800177,13.306421422927839,1.5502444483800177,6.2526043215220355,-3.5642535459071,1,23.0,0.00023383300140267238,37.0,0.00028737499815179035,36.0,0.0004920419960399158,39.0,0.014173625000694301,False,37.0,0.03608525000163354,39.0,0,0
barabasi_albert,50,0,141,50,141,0.11510204081632654,5.64,26,3,4.6119843885251814,0.3178122602543655,4,2.199183673469388,1.6064344959754315,27.158186638520313,1.6064344959754315,8.31843246269748,-4.956070742994905,1,71.0,0.0009471669982303865,98.0,0.0008544159936718643,101.0,0.0013733750020037405,107.0,0.10357966699666576,False,102.0,0.3776028329957626,107.0,0,0
barabasi_albert,50,1,141,50,141,0.11510204081632654,5.64,21,2,4.311658613573203,0.28627180250090467,4,2.250612244897959,1.4252809294178195,22.44846303169245,1.4252809294178195,8.14677648915627,-4.966297421470211,1,79.0,0.0007494169985875487,100.0,0.0018110419987351634,105.0,0.0036405840000952594,111.0,0.17970366699591978,False,106.0,0.060309000000415836,111.0,0,0
barabasi_albert,50,2,141,50,141,0.11510204081632654,5.64,31,3,5.042856333468166,0.3478532178397853,4,2.146122448979592,1.5907232352921532,32.067122736650944,1.5907232352921532,8.647783706688339,-5.376068347284484,1,63.0,0.0003795829979935661,99.0,0.0007977499990374781,98.0,0.0015823749999981374,106.0,0.11980170799506595,False,103.0,0.047521417000098154,106.0,0,0
barabasi_albert,50,3,141,50,141,0.11510204081632654,5.64,22,3,3.8406249491456466,0.19076767676767678,4,2.2881632653061224,1.4879980309177918,23.19855232991049,1.4879980309177918,7.824347228883024,-4.629773819436713,1,64.0,0.0004585839997162111,105.0,0.0012145000000600703,104.0,0.0029410839997581206,109.0,0.09768695800448768,False,109.0,0.06256579200271517,109.0,0,1
barabasi_albert,50,4,141,50,141,0.11510204081632654,5.64,23,3,3.8249705881222145,0.2214880578358839,4,2.317551020408163,1.4957767271338063,24.148947903540027,1.4957767271338063,7.927529607392971,-4.749992793466389,1,72.0,0.00044712499948218465,107.0,0.0009461670051678084,105.0,0.002215458000137005,110.0,0.11595745899830945,False,106.0,0.07451925000350457,110.0,0,0
barabasi_albert,50,5,141,50,141,0.11510204081632654,5.64,26,3,4.117086348377939,0.2596935286935287,4,2.2816326530612243,1.3150240034288854,27.095623927908974,1.3150240034288854,8.173203438864377,-4.544929640453822,1,65.0,0.0005238750018179417,106.0,0.0016789159999461845,104.0,0.005367083998862654,108.0,0.24226854199514491,False,100.0,0.14979833400138887,108.0,0,0
barabasi_albert,50,6,141,50,141,0.11510204081632654,5.64,17,3,3.6756496024512453,0.21946175393234216,4,2.3191836734693876,1.3716730492588654,18.5474815120055,1.3716730492588654,7.7273528405624345,-4.872044903402314,1,66.0,0.04107720799947856,110.0,0.007225875000585802,106.0,0.005735999999160413,110.0,0.21619404200464487,False,111.0,0.07776508299866691,110.0,1,0
barabasi_albert,50,7,141,50,141,0.11510204081632654,5.64,18,2,3.278780261011707,0.16316584069525245,4,2.3289795918367346,1.4454066791094375,19.38434864685361,1.4454066791094375,7.321652760026044,-4.782532175000582,1,75.0,0.0004314580000936985,107.0,0.0011882500039064325,107.0,0.00195454200002132,108.0,0.09612874999584164,False,106.0,0.050768708999385126,108.0,0,0
barabasi_albert,50,8,141,50,141,0.11510204081632654,5.64,20,3,3.525677239907249,0.18593033574612522,4,2.3216326530612243,1.350596798802866,21.23931878693572,1.350596798802866,7.641829063504272,-4.76905820373833,1,68.0,0.0005474589997902513,100.0,0.0007369580052909441,107.0,0.0017256670034839772,113.0,0.07783495799958473,False,108.0,0.04331800000363728,113.0,0,0
barabasi_albert,50,9,141,50,141,0.11510204081632654,5.64,20,3,3.8406249491456466,0.19325341325341325,4,2.290612244897959,1.391471273636906,21.57031253676594,1.391471273636906,7.926865920495226,-5.103271351723545,1,84.0,0.0003105839932686649,101.0,0.000669625005684793,113.0,0.001265416998649016,113.0,0.09017854199919384,False,113.0,0.041149500000756234,113.0,0,1
barabasi_albert,50,10,141,50,141,0.11510204081632654,5.64,21,1,4.297720325940253,0.24051290213054918,4,2.230204081632653,0.9464837198439618,22.304364868385957,0.9464837198439618,8.017912935467557,-4.740929154598153,1,73.0,0.00042299999768147245,101.0,0.0007624160061823204,107.0,0.0011177909982507117,107.0,0.058000874996650964,False,104.0,0.03909962500620168,107.0,0,0
barabasi_albert,50,11,141,50,141,0.11510204081632654,5.64,17,1,3.917958652155482,0.23932231493996198,4,2.296326530612245,0.9443699246423688,18.878112900770248,0.9443699246423688,8.017203021978617,-4.638463593005743,1,85.0,0.0003056249988730997,104.0,0.0007331669985433109,105.0,0.00115666700003203,108.0,0.061420917001669295,False,107.0,0.031842166994465515,108.0,0,0
barabasi_albert,50,12,141,50,141,0.11510204081632654,5.64,19,3,3.659289548532611,0.21631922755606964,4,2.320816326530612,1.3392562364064569,20.28164667361691,1.3392562364064569,7.808876675319961,-4.4336799636246305,1,59.0,0.00028575000033015385,102.0,0.0008720000041648746,101.0,0.0011651249951682985,108.0,0.060953749998589046,False,108.0,0.03847216700523859,108.0,0,1
barabasi_albert,50,13,141,50,141,0.11510204081632654,5.64,18,1,3.803997896949997,0.2645180799592564,4,2.316734693877551,0.9436776209200687,19.43692977702104,0.9436776209200687,7.964200602084247,-4.381312778170518,1,61.0,0.00027112499810755253,101.0,0.0008606660048826598,103.0,0.0011664170015137643,109.0,0.062144417002855334,False,104.0,0.037124708003830165,109.0,0,0
barabasi_albert,50,14,141,50,141,0.11510204081632654,5.64,26,3,4.515573053334427,0.3219257004433475,4,2.2253061224489796,1.4869026330129123,27.136153531787905,1.4869026330129123,8.306708576382425,-4.751753457424719,1,68.0,0.000294707999273669,104.0,0.0007449580007232726,102.0,0.001123792004364077,106.0,0.06488258299941663,False,103.0,0.038608832997852005,106.0,0,0
barabasi_albert,50,15,141,50,141,0.11510204081632654,5.64,20,3,3.7881921809749834,0.2210048518732729,4,2.299591836734694,1.5192511114760063,21.307479146288912,1.5192511114760063,7.84289231353722,-4.522202879750857,1,69.0,0.00033524999889777973,99.0,0.0006572080019395798,106.0,0.0020252920003258623,109.0,0.06041549999645213,False,109.0,0.03649141699861502,109.0,0,1
barabasi_albert,50,16,141,50,141,0.11510204081632654,5.64,20,1,3.90773591738234,0.2318280058434857,4,2.2857142857142856,0.954632781927044,21.40990615394408,0.954632781927044,7.925774168091673,-4.75508785411393,1,74.0,0.000301499996567145,105.0,0.0008936250014812686,102.0,0.0014952919955248944,106.0,0.06392312500247499,False,106.0,0.0347932500008028,106.0,0,1
barabasi_albert,50,17,141,50,141,0.11510204081632654,5.64,21,2,3.803997896949997,0.22441270494211668,4,2.3248979591836734,1.4201549201824533,22.22553372519971,1.4201549201824533,7.971066578277347,-4.713351195699106,1,67.0,0.00028129200654802844,105.0,0.0006176249953568913,107.0,0.0011669999948935583,108.0,0.27033879199734656,False,107.0,0.03894587499962654,108.0,0,0
barabasi_albert,50,18,141,50,141,0.11510204081632654,5.64,29,1,5.09415351162487,0.3372214012041598,4,2.183673469387755,0.9786180300810463,30.12090407888112,0.9786180300810463,8.818736454936744,-5.458051995137939,1,82.0,0.00028000000020256266,106.0,0.0007302079975488596,109.0,0.0011323750004521571,111.0,0.06929716599552194,False,107.0,0.040417291995254345,111.0,0,0
barabasi_albert,50,19,141,50,141,0.11510204081632654,5.64,18,3,3.5539274049985883,0.1760783334312746,4,2.306122448979592,1.3496815490707406,19.532898607107086,1.3496815490707406,7.6486558257033215,-4.828996168654688,1,78.0,0.00028337499679764733,102.0,0.0007298749987967312,103.0,0.0010458749966346659,109.0,0.06469300000026124,False,105.0,0.046944208996137604,109.0,0,0
barabasi_albert,50,20,141,50,141,0.11510204081632654,5.64,24,1,3.803997896949997,0.17949803336759856,4,2.2742857142857145,0.9671123295239517,25.15381887059344,0.9671123295239517,7.843553937674926,-4.74384631809596,1,59.0,0.00031850000232225284,100.0,0.0007866669984650798,101.0,0.0020642080053221434,108.0,0.07611850000103004,False,103.0,0.03982345799886389,108.0,0,0
barabasi_albert,50,21,141,50,141,0.11510204081632654,5.64,20,3,4.013776276774778,0.24598527650540036,4,2.2946938775510204,1.3255006898435289,21.351528020383405,1.3255006898435289,8.053025949035677,-4.6378631765678255,1,75.0,0.00035791600384982303,97.0,0.0006989169996813871,105.0,0.0014177080010995269,110.0,0.06942516699928092,False,110.0,0.04549600000609644,110.0,0,1
barabasi_albert,50,22,141,50,141,0.11510204081632654,5.64,23,3,4.092725253422223,0.23316793275374512,4,2.28,1.391956746977799,24.192581505922995,1.391956746977799,7.995029140700137,-5.406785061209359,1,73.0,0.00031275000219466165,96.0,0.0006894999969517812,107.0,0.001163833003374748,114.0,0.11084033299994189,False,108.0,0.043308458996762056,114.0,0,0
barabasi_albert,50,23,141,50,141,0.11510204081632654,5.64,15,3,3.6318590281011733,0.2014040404040404,4,2.3142857142857145,1.4596625090398712,17.08343418367328,1.4596625090398712,7.7870402940539325,-4.7131444189685245,1,63.0,0.00032566699519520625,108.0,0.0008339999985764734,106.0,0.0012569579994305968,109.0,0.09120241699565668,False,109.0,0.03750354099611286,109.0,0,1
barabasi_albert,50,24,141,50,141,0.11510204081632654,5.64,18,3,3.7987366320923064,0.18007487610428785,4,2.2816326530612243,1.5218345749092146,19.43799693171397,1.5218345749092146,7.7518346936313804,-4.995579922514953,1,64.0,0.0003039169969270006,103.0,0.0006965000065974891,104.0,0.0013250420015538111,108.0,0.08205516599991824,False,108.0,0.04143695800303249,108.0,0,1
barabasi_albert,50,25,141,50,141,0.11510204081632654,5.64,22,3,4.203617489734288,0.26408243218769534,4,2.243265306122449,1.5019690749030472,23.33050827077528,1.5019690749030472,8.117926859035913,-4.855868539607256,1,73.0,0.000535333005245775,96.0,0.001105458002712112,104.0,0.0015902500017546117,106.0,2.8196978330015554,False,105.0,0.0488878329997533,106.0,0,0
barabasi_albert,50,26,141,50,141,0.11510204081632654,5.64,30,2,4.559649109306548,0.29205218153494017,4,2.226938775510204,1.377696828036416,31.06762501843196,1.377696828036416,8.429278669498192,-5.100965275327452,1,66.0,0.00043000000005122274,97.0,0.0009955420027836226,100.0,0.0018860830023186281,109.0,0.7089579579987912,False,102.0,0.03126295800029766,109.0,0,0
barabasi_albert,50,27,141,50,141,0.11510204081632654,5.64,16,3,3.5370043822421255,0.20997652347652349,4,2.336326530612245,1.3373546379441879,17.65838664099545,1.3373546379441879,7.700071761316364,-4.844486109975682,1,64.0,0.0002966660031233914,111.0,0.000742083000659477,99.0,0.0010523329983698204,112.0,0.05840320800052723,False,109.0,0.03021558299951721,112.0,0,0
barabasi_albert,50,28,141,50,141,0.11510204081632654,5.64,20,3,4.283736686585673,0.2827700302793182,4,2.240816326530612,1.5410993499668881,21.44336972397441,1.5410993499668881,8.157201618395277,-4.765118912732915,1,67.0,0.0007097500056261197,97.0,0.0008330409982590936,102.0,0.001321582996752113,108.0,0.08571045799908461,False,107.0,0.03649429099459667,108.0,0,0
barabasi_albert,50,29,141,50,141,0.11510204081632654,5.64,27,3,4.852875436274869,0.3661486402028198,4,2.1975510204081634,1.3687148837245495,28.129392157475962,1.3687148837245495,8.511319573177973,-5.037598903430154,1,61.0,0.00029437500052154064,101.0,0.0006246249977266416,102.0,0.0011891670001205057,107.0,0.05197295799735002,False,105.0,0.031681166001362726,107.0,0,0
barabasi_albert,100,0,291,100,291,0.058787878787878785,5.82,36,3,5.31484712856353,0.19551229219771418,4,2.549292929292929,1.4449590097656033,37.16257268168559,1.4449590097656033,9.711751155279515,-5.9202287724944735,1,145.0,0.00037208299909252673,208.0,0.001331792002019938,210.0,0.002455458998156246,225.0,7.978753209004935,False,217.0,0.0398224999953527,225.0,0,0
barabasi_albert,100,1,291,100,291,0.058787878787878785,5.82,35,3,5.1582555190684385,0.1736704548162685,4,2.556363636363636,1.4047961030344203,36.19215394195473,1.4047961030344203,9.512961008911738,-6.042593427082846,1,150.0,0.0003605410020099953,213.0,0.0010842080009751953,216.0,0.003558625001460314,226.0,7.879248625002219,False,224.0,0.03802400000131456,226.0,0,0
barabasi_albert,100,2,291,100,291,0.058787878787878785,5.82,45,3,5.821305695460427,0.19996184594460456,4,2.486060606060606,1.3321987833560134,46.07793934166018,1.3321987833560134,10.109044414497731,-6.416740301244081,1,126.0,0.0003867920022457838,215.0,0.0017933749986696057,219.0,0.0032692499953554943,226.0,1.3040333750032005,False,224.0,0.04316662500059465,226.0,0,0
barabasi_albert,100,3,291,100,291,0.058787878787878785,5.82,37,3,5.187253608606389,0.18268480246066454,4,2.5393939393939395,1.436772430930729,38.11368361223806,1.436772430930729,9.337653399977459,-5.95050245808341,1,136.0,0.000371458001609426,214.0,0.0013974169996799901,210.0,0.002751375002844725,221.0,5.367008374996658,False,219.0,0.03542541700153379,221.0,0,0
barabasi_albert,100,4,291,100,291,0.058787878787878785,5.82,36,3,4.6505483547642,0.12858807858807858,4,2.603030303030303,1.3899047303005538,37.13167905921776,1.3899047303005538,9.17471374346158,-6.072986033229638,1,139.0,0.00035850000131176785,206.0,0.0017291249969275668,212.0,0.0028500419939518906,227.0,8.166474083001958,False,224.0,0.04110524999850895,227.0,0,0
barabasi_albert,100,5,291,100,291,0.058787878787878785,5.82,41,3,5.773006149312506,0.2340725699068223,4,2.498181818181818,1.3632703256864354,42.09955037922526,1.3632703256864354,10.041030420281476,-6.106912539535672,1,145.0,0.00037104199873283505,212.0,0.0013434169959509745,211.0,0.00241762500081677,222.0,4.883741833000386,False,220.0,0.04429549999622395,222.0,0,0
barabasi_albert,100,6,291,100,291,0.058787878787878785,5.82,25,3,4.723092207442071,0.17066498268710542,4,2.58969696969697,1.4070608653463217,26.543529871054062,1.4070608653463217,9.066730503981528,-5.860054702874221,1,138.0,0.0004466250029508956,213.0,0.0015732500032754615,214.0,0.0026424579991726205,221.0,7.906589708996762,False,217.0,0.04339925000385847,221.0,0,0
barabasi_albert,100,7,291,100,291,0.058787878787878785,5.82,28,3,4.521902254582688,0.1426684836491338,5,2.593737373737374,1.4023161463149432,29.279408144319017,1.4023161463149432,8.681388704431166,-5.770884751970264,1,144.0,0.00038787499943282455,219.0,0.0018824170037987642,218.0,0.0029244999968796037,223.0,0.5198330830025952,False,220.0,0.042880291999608744,223.0,0,0
barabasi_albert,100,8,291,100,291,0.058787878787878785,5.82,25,3,4.155430182303633,0.12354759827375926,5,2.6517171717171717,1.3844266797584948,26.376906056710794,1.3844266797584948,8.77093040511145,-5.477537807971695,1,133.0,0.0003583750003599562,208.0,0.0012908330027130432,217.0,0.003626957994129043,225.0,0.3229464160031057,False,225.0,0.04153254199627554,225.0,0,1
barabasi_albert,100,9,291,100,291,0.058787878787878785,5.82,29,3,4.452819331614522,0.10654610733718238,5,2.62,1.3701642857488248,30.285319416240654,1.3701642857488248,9.05481666905224,-6.080185090838649,1,154.0,0.0003670840014819987,212.0,0.0016803329999675043,230.0,0.0036449170002015308,230.0,3.99915395899734,False,227.0,0.038180458002898376,230.0,0,0
barabasi_albert,100,10,291,100,291,0.058787878787878785,5.82,28,1,4.85052574470026,0.16474081191140016,5,2.582020202020202,0.9469640796384285,29.43851349003608,0.9469640796384285,9.177238639743756,-5.559478796623806,1,153.0,0.0006268329962040298,218.0,0.0014983750006649643,216.0,0.002511999999114778,224.0,0.5478048750010203,False,215.0,0.040294540995091666,224.0,0,0
barabasi_albert,100,11,291,100,291,0.058787878787878785,5.82,25,1,4.811195277683084,0.15386852663496897,4,2.5802020202020204,0.9536046853258394,26.523309349459417,0.9536046853258394,9.239619809955498,-5.402597826605015,1,167.0,0.0003618749979068525,217.0,0.0010975409968523309,217.0,0.002476000001479406,220.0,0.3924979169969447,False,218.0,0.036217875000147615,220.0,0,0
barabasi_albert,100,12,291,100,291,0.058787878787878785,5.82,31,3,4.7484313199202965,0.17831899284620747,5,2.5925252525252525,1.3344299426739672,32.18373445302235,1.3344299426739672,9.268562978072522,-5.547068416859626,1,131.0,0.00038100000529084355,212.0,0.0013652080015162937,215.0,0.002939124999102205,221.0,3.7479987499973504,False,216.0,0.035906959004933015,221.0,0,0
barabasi_albert,100,13,291,100,291,0.058787878787878785,5.82,27,2,4.7294397131161325,0.14372391267915563,4,2.576363636363636,1.4500575845260057,28.362196103385706,1.4500575845260057,9.183415688061043,-5.276199542292041,1,137.0,0.0003534159986884333,206.0,0.0013164160045562312,214.0,0.002760333998594433,225.0,4.414005333004752,False,220.0,0.038085041000158526,225.0,0,0
barabasi_albert,100,14,291,100,291,0.058787878787878785,5.82,40,3,5.280871140257069,0.17102585213204408,4,2.542020202020202,1.3935970343090445,41.100190353323796,1.3935970343090445,9.613227709987289,-6.029944247534267,1,140.0,0.0004310829972382635,207.0,0.0014377499974216335,215.0,0.002860750006220769,228.0,4.225666792000993,False,215.0,0.05354249999800231,228.0,0,0
barabasi_albert,100,15,291,100,291,0.058787878787878785,5.82,30,3,4.9686617916698665,0.1602527732728544,5,2.561212121212121,1.3118766439122238,31.397611458254133,1.3118766439122238,9.384244210625553,-5.712541948389933,1,150.0,0.00043200000072829425,211.0,0.0028987090045120567,216.0,0.0037411250013974495,224.0,1.039957291999599,False,215.0,0.06145916700188536,224.0,0,0
barabasi_albert,100,16,291,100,291,0.058787878787878785,5.82,30,3,4.706123670283221,0.14438690030181436,4,2.5921212121212123,1.3245407242961384,31.303755660844693,1.3245407242961384,9.206684285491962,-5.886431032531068,1,149.0,0.0004731250010081567,208.0,0.0016236250012298115,216.0,0.004184708996035624,220.0,0.6163530829944648,False,218.0,0.044625082999118604,220.0,0,0
barabasi_albert,100,17,291,100,291,0.058787878787878785,5.82,29,2,4.871098438750751,0.1619480563128476,4,2.594141414141414,1.4358506021563022,30.35839646024802,1.4358506021563022,9.332313583762605,-5.827643170879885,1,148.0,0.00036470800114329904,219.0,0.0011144169984618202,214.0,0.003117874999588821,224.0,3.1081090000006952,False,220.0,0.03724491700268118,224.0,0,0
barabasi_albert,100,18,291,100,291,0.058787878787878785,5.82,42,1,5.678697033651294,0.18733971122452964,4,2.5094949494949494,0.9795541092396265,43.11899457848473,0.9795541092396265,10.13648886456344,-6.459572914104357,1,166.0,0.0007527910056523979,211.0,0.0013631249967147596,218.0,0.002580042004410643,220.0,9.586272541993822,False,217.0,0.04123862499545794,220.0,0,0
barabasi_albert,100,19,291,100,291,0.058787878787878785,5.82,26,3,4.49528642024065,0.14036043074572485,4,2.6044444444444443,1.3172771042830715,27.41667597692478,1.3172771042830715,8.90717709894386,-5.792643762901862,1,168.0,0.0003611249994719401,200.0,0.0010665000008884817,212.0,0.0023208749989862554,224.0,3.7143300419993466,False,218.0,0.039516167002147995,224.0,0,0
barabasi_albert,100,20,291,100,291,0.058787878787878785,5.82,35,1,4.639784477753251,0.16322354571812775,5,2.6006060606060606,0.971382742159533,36.147388226186294,0.971382742159533,9.140583560072436,-5.782194519302668,1,136.0,0.00039674999425187707,206.0,0.0019951659996877424,202.0,0.0025830000013229437,223.0,2.7989623329995084,False,217.0,0.03502358400146477,223.0,0,0
barabasi_albert,100,21,291,100,291,0.058787878787878785,5.82,38,3,5.4376097690069685,0.16936395306596544,4,2.513737373737374,1.43655680130681,39.146549278509966,1.43655680130681,9.694327758253852,-5.966340677390221,1,149.0,0.0003657080014818348,208.0,0.0014331659986055456,215.0,0.002537166998081375,223.0,0.343731957997079,False,221.0,0.040778374997898936,223.0,0,0
barabasi_albert,100,22,291,100,291,0.058787878787878785,5.82,31,3,4.6784185362149895,0.14578053679400926,5,2.631111111111111,1.3412050407724228,32.210357529477164,1.3412050407724228,9.165794034807401,-6.414420338785822,1,148.0,0.0004778750007972121,216.0,0.0015330000023823231,220.0,0.0025697919991216622,231.0,5.6171155409974745,False,232.0,0.04297575000236975,231.0,1,0
barabasi_albert,100,23,291,100,291,0.058787878787878785,5.82,23,3,4.674141632428355,0.1291671826625387,4,2.5743434343434344,1.4468510091700575,24.838567455480533,1.4468510091700575,9.0696615460311,-5.563484380029988,1,131.0,0.0004819999958272092,209.0,0.0011397920025046915,216.0,0.0025819579968811013,228.0,3.0081429580022814,False,225.0,0.04179566600214457,228.0,0,0
barabasi_albert,100,24,291,100,291,0.058787878787878785,5.82,27,3,4.69335700751605,0.12708879875253545,5,2.5945454545454547,1.3916034044163927,28.312679577173494,1.3916034044163927,9.065898855154519,-5.838712918465088,1,147.0,0.00047087500570341945,210.0,0.0013658750031027012,211.0,0.005123916998854838,223.0,6.993981583000277,False,215.0,0.04030350000539329,223.0,0,0
barabasi_albert,100,25,291,100,291,0.058787878787878785,5.82,38,3,5.3486072953620365,0.18099068220416445,4,2.525858585858586,1.3551710524770155,39.154943422833064,1.3551710524770155,9.722309916790827,-6.1676349657443295,1,155.0,0.0003586669990909286,211.0,0.0016674579965183511,217.0,0.0029045410046819597,219.0,6.889222582998627,False,215.0,0.042939833998389076,219.0,0,0
barabasi_albert,100,26,291,100,291,0.058787878787878785,5.82,38,2,5.162131342769186,0.18321490669122248,4,2.5634343434343436,1.339268920031511,39.12406960930741,1.339268920031511,9.642668137186455,-6.054107044266378,1,144.0,0.0003544589999364689,213.0,0.002471833002346102,218.0,0.0030614589995821007,227.0,8.234425333001127,False,222.0,0.03876058300375007,227.0,0,0
barabasi_albert,100,27,291,100,291,0.058787878787878785,5.82,28,3,4.752641370858947,0.12466538102420455,4,2.5686868686868687,1.3849328729425379,29.39167561580615,1.3849328729425379,9.167637111238339,-5.791150599624771,1,146.0,0.0003627500045695342,209.0,0.0013462079950841144,211.0,0.002198041998781264,225.0,3.012887790995592,False,218.0,0.044818540998676326,225.0,0,0
barabasi_albert,100,28,291,100,291,0.058787878787878785,5.82,26,3,4.654846936259022,0.13463575914969103,5,2.608080808080808,1.2632125125870648,27.822938000317,1.2632125125870648,9.26883046784532,-5.662255642619991,1,144.0,0.0003710839955601841,213.0,0.0015980419993866235,221.0,0.0028387089987518266,223.0,4.749901667004451,False,219.0,0.043314499998814426,223.0,0,0
barabasi_albert,100,29,291,100,291,0.058787878787878785,5.82,42,3,5.76260357824482,0.21355356263571923,4,2.491919191919192,1.4057099131272324,43.11505242704608,1.4057099131272324,9.996878786279815,-6.376748338301551,1,146.0,0.0003529579989844933,210.0,0.0010790410015033558,219.0,0.002558832995418925,223.0,2.463709417002974,False,218.0,0.044565374999365304,223.0,0,0
watts_strogatz,20,0,60,20,60,0.3157894736842105,6.0,7,5,0.4472135954999579,0.5028571428571429,4,1.9263157894736842,1.4820444679126532,9.422870675240233,1.4820444679126532,6.04528760459828,-3.0205620811019145,1,34.0,0.0002635409982758574,38.0,0.00031170900183496997,41.0,0.0005537499964702874,42.0,0.013722499999857973,False,41.0,0.030407958998694085,42.0,0,0
watts_strogatz,20,1,60,20,60,0.3157894736842105,6.0,7,5,0.5477225575051661,0.5254761904761904,4,1.9842105263157894,1.3862766789701304,9.239829021544095,1.3862766789701304,6.084896284826924,-3.14412571932111,1,36.0,0.00022545899992110208,39.0,0.00038062500243540853,42.0,0.0005496659941854887,42.0,0.013399707997450605,False,42.0,0.028777125000488013,42.0,0,1
watts_strogatz,20,2,60,20,60,0.3157894736842105,6.0,8,5,0.9486832980505138,0.40083333333333326,3,1.831578947368421,1.8449796316319356,10.238135859748606,1.8449796316319356,6.140532100898832,-3.3120960476109937,1,34.0,0.00022937500034458935,40.0,0.00035708399809664115,41.0,0.0004812080005649477,43.0,0.014177292003296316,False,43.0,0.03193370799999684,43.0,0,1
watts_strogatz,20,3,60,20,60,0.3157894736842105,6.0,7,5,0.7071067811865476,0.49523809523809526,3,1.9157894736842105,1.5890227424519736,9.378570962745046,1.5890227424519736,6.152350408862786,-3.047692956964141,1,27.0,0.00023225000040838495,43.0,0.00043316599476384,44.0,0.0005211669995333068,44.0,0.013462041999446228,False,41.0,0.032635291005135514,44.0,0,0
watts_strogatz,20,4,60,20,60,0.3157894736842105,6.0,7,4,0.7745966692414834,0.5216666666666667,4,1.9210526315789473,1.3880460664109564,9.473566710168729,1.3880460664109564,6.110774464555597,-3.0822619438330583,1,35.0,0.00022179199731908739,42.0,0.00030574999982491136,42.0,0.0005012500041630119,42.0,0.012665082998864818,False,41.0,0.03256004200375173,42.0,0,0
watts_strogatz,20,5,60,20,60,0.3157894736842105,6.0,8,4,0.8366600265340756,0.4520238095238095,3,1.8736842105263158,1.5427706766466485,9.815213907446502,1.5427706766466485,6.175921187738684,-3.1557132843773616,1,27.0,0.000203957999474369,40.0,0.0003543330021784641,41.0,0.0005089159967610613,43.0,0.014567124999302905,False,41.0,0.03439895799965598,43.0,0,0
watts_strogatz,20,6,60,20,60,0.3157894736842105,6.0,8,4,0.8944271909999159,0.44547619047619047,3,1.8526315789473684,1.8375101318951879,9.878910135615103,1.8375101318951879,6.153160851278152,-3.2588962132987,1,30.0,0.00023983400024008006,40.0,0.00040958300087368116,41.0,0.0006704159968649037,42.0,0.012674541998421773,False,42.0,0.03273174999776529,42.0,0,1
watts_strogatz,20,7,60,20,60,0.3157894736842105,6.0,7,5,0.31622776601683794,0.5804761904761905,4,2.0631578947368423,1.2909990297608807,8.892869145641548,1.2909990297608807,6.015921534312166,-2.7025442443039234,1,30.0,0.00021179200120968744,36.0,0.00030124999466352165,39.0,0.0005419579974841326,41.0,0.012985667002794798,False,41.0,0.0333950830026879,41.0,0,1
watts_strogatz,20,8,60,20,60,0.3157894736842105,6.0,8,5,0.6324555320336759,0.44857142857142857,4,1.9,1.6620189714660896,9.855194365845891,1.6620189714660896,6.090592868596973,-3.3318762498981576,1,35.0,0.00020708300144178793,38.0,0.00030079200223553926,43.0,0.0005064169963588938,43.0,0.014286417004768737,False,43.0,0.03120716699777404,43.0,0,1
watts_strogatz,20,9,60,20,60,0.3157894736842105,6.0,7,3,1.0,0.4116666666666666,3,1.8210526315789475,1.7752733447024245,9.8523889103766,1.7752733447024245,6.151524443465237,-3.2735424342107424,1,37.0,0.00022208299924386665,40.0,0.00033104199974332005,41.0,0.0007055000023683533,43.0,0.013214207996497862,False,42.0,0.030436624998401385,43.0,0,0
watts_strogatz,20,10,60,20,60,0.3157894736842105,6.0,8,5,0.7071067811865476,0.4905952380952381,4,1.9157894736842105,1.6105639900499145,9.777186508740751,1.6105639900499145,6.100559195338781,-3.178487680583428,1,30.0,0.00022525000531459227,38.0,0.0003287500003352761,41.0,0.0005153750025783665,43.0,0.012413582997396588,False,43.0,0.02677854099601973,43.0,0,1
watts_strogatz,20,11,60,20,60,0.3157894736842105,6.0,8,5,0.7745966692414834,0.38071428571428567,3,1.8421052631578947,1.989307808357335,10.268191678925385,1.989307808357335,6.103314917956145,-3.6222541232468735,1,32.0,0.00025112500588875264,41.0,0.0003268750006100163,45.0,0.000541667002835311,45.0,0.014499707998766098,False,45.0,0.031902125003398396,45.0,0,1
watts_strogatz,20,12,60,20,60,0.3157894736842105,6.0,8,4,0.8366600265340756,0.49083333333333334,3,1.9105263157894736,1.6485292267189744,9.847772008147514,1.6485292267189744,6.163019192208928,-3.1133663517204626,1,30.0,0.00021862499852431938,39.0,0.00047500000073341653,42.0,0.0006028749994584359,43.0,0.013647250001667999,False,42.0,0.0329531669995049,43.0,0,0
watts_strogatz,20,13,60,20,60,0.3157894736842105,6.0,7,5,0.4472135954999579,0.5161904761904761,4,1.9736842105263157,1.2153772451355165,9.22585795401185,1.2153772451355165,6.033700510628609,-3.117009476633793,1,30.0,0.0002329580020159483,37.0,0.0003839579949271865,39.0,0.0006044580004527234,43.0,0.013258957995276432,False,43.0,0.032043250001152046,43.0,0,1
watts_strogatz,20,14,60,20,60,0.3157894736842105,6.0,7,5,0.4472135954999579,0.545,4,2.026315789473684,1.3118685680495419,9.060540400074027,1.3118685680495419,6.043772333202111,-3.0010971098039168,1,33.0,0.0002426249993732199,36.0,0.0003174169978592545,39.0,0.0006387079993146472,41.0,0.014250874999561347,False,41.0,0.03075620900199283,41.0,0,1
watts_strogatz,20,15,60,20,60,0.3157894736842105,6.0,7,5,0.5477225575051661,0.45285714285714285,3,1.894736842105263,1.6938588823600873,9.655547344907218,1.6938588823600873,6.055933292986834,-3.232743733822644,1,24.0,0.00023841700021876022,39.0,0.00032433399610454217,41.0,0.0005979589986964129,42.0,0.013115917005052324,False,41.0,0.03025862499634968,42.0,0,0
watts_strogatz,20,16,60,20,60,0.3157894736842105,6.0,7,5,0.7071067811865476,0.5023809523809524,4,1.9210526315789473,1.3980903922639425,9.677748145346358,1.3980903922639425,6.098243100702529,-3.18433643595178,1,29.0,0.0002272080018883571,38.0,0.0003260830053477548,42.0,0.00047854199510766193,42.0,0.013789167001959868,False,42.0,0.031176791999314446,42.0,0,1
watts_strogatz,20,17,60,20,60,0.3157894736842105,6.0,8,5,0.7071067811865476,0.45,3,1.8526315789473684,1.671058670119517,9.76887971384205,1.671058670119517,6.090202084614205,-3.048924293120298,1,25.0,0.00022899999748915434,39.0,0.0003087500008405186,42.0,0.0005302079953253269,42.0,0.013776042003883049,False,42.0,0.026471707999007776,42.0,0,1
watts_strogatz,20,18,60,20,60,0.3157894736842105,6.0,7,4,0.8366600265340756,0.48119047619047617,3,1.936842105263158,1.315293105270254,9.448880160099149,1.315293105270254,6.165119456283044,-3.034289403757381,1,29.0,0.0002602079985081218,42.0,0.00036262500361772254,41.0,0.0005662499970640056,42.0,0.014449709000473376,False,42.0,0.03416487500362564,42.0,0,1
watts_strogatz,20,19,60,20,60,0.3157894736842105,6.0,7,5,0.6324555320336759,0.5123809523809524,4,1.9736842105263157,1.3371438058628418,9.637623601417456,1.3371438058628418,6.060586336618004,-3.399084190537413,1,29.0,0.0002750830026343465,43.0,0.00040816699765855446,43.0,0.0007768750001559965,44.0,0.014844207995338365,False,44.0,0.029058082996925805,44.0,0,1
watts_strogatz,20,20,60,20,60,0.3157894736842105,6.0,8,4,0.8366600265340756,0.43499999999999994,3,1.8736842105263158,1.652918338348333,10.164255674703861,1.652918338348333,6.121151677457589,-3.334318586552441,1,30.0,0.0002434169946354814,38.0,0.0003136670056846924,41.0,0.0005274170034681447,42.0,0.012963042005139869,False,42.0,0.030408208003791515,42.0,0,1
watts_strogatz,20,21,60,20,60,0.3157894736842105,6.0,8,5,0.7071067811865476,0.4691666666666666,3,1.9263157894736842,1.558036680534086,9.83821302907204,1.558036680534086,6.090810756014922,-3.000667949906089,1,31.0,0.00022375000116880983,39.0,0.0003060829985770397,41.0,0.0005283339996822178,42.0,0.01331904199469136,False,42.0,0.03259487499599345,42.0,0,1
watts_strogatz,20,22,60,20,60,0.3157894736842105,6.0,8,4,0.9486832980505138,0.48571428571428565,4,1.9105263157894736,1.3639794392973235,9.957662174500674,1.3639794392973235,6.156532055065239,-3.098910606908141,1,36.0,0.0002289159965584986,39.0,0.00030495799728669226,41.0,0.0005585830003838055,43.0,0.013366792001761496,False,43.0,0.028701374998490792,43.0,0,1
watts_strogatz,20,23,60,20,60,0.3157894736842105,6.0,7,5,0.7071067811865476,0.4311904761904762,3,1.8157894736842106,1.9244883908253159,9.591703794677677,1.9244883908253159,6.08088744079928,-3.2005124463552184,1,35.0,0.0002640000020619482,42.0,0.00036429099418455735,41.0,0.0005715000006603077,42.0,0.012731541995890439,False,42.0,0.029538624999986496,42.0,0,1
watts_strogatz,20,24,60,20,60,0.3157894736842105,6.0,7,4,0.7071067811865476,0.5226190476190476,3,1.9157894736842105,1.5220984436444134,9.678648828855316,1.5220984436444134,6.106411986956612,-3.057083730899234,1,23.0,0.00024004199804039672,40.0,0.0003236249976907857,42.0,0.0005604999969364144,42.0,0.013468791999912355,False,42.0,0.031405667003127746,42.0,0,1
watts_strogatz,20,25,60,20,60,0.3157894736842105,6.0,7,5,0.4472135954999579,0.5485714285714286,4,1.9842105263157894,1.2458338115320737,9.077329047426042,1.2458338115320737,6.054688569901363,-2.8901101468532344,1,33.0,0.00027387500449549407,38.0,0.00031654100166633725,41.0,0.0006177500035846606,41.0,0.013489042001310736,False,41.0,0.032825542002683505,41.0,0,1
watts_strogatz,20,26,60,20,60,0.3157894736842105,6.0,8,5,0.7745966692414834,0.4817857142857143,3,1.8789473684210527,1.592774473510918,9.666263508076563,1.592774473510918,6.083853694959216,-3.2380269521709297,1,30.0,0.00023616699763806537,38.0,0.0003696249987115152,41.0,0.0005613750035990961,43.0,0.014263124998251442,False,42.0,0.03391195899894228,43.0,0,0
watts_strogatz,20,27,60,20,60,0.3157894736842105,6.0,7,5,0.7071067811865476,0.4904761904761904,4,1.931578947368421,1.2953385413992398,9.775342667420905,1.2953385413992398,6.088920691564632,-3.2108419546448714,1,30.0,0.00026804200024344027,41.0,0.00037408299976959825,43.0,0.000628875000984408,43.0,0.01434375000098953,False,43.0,0.03300816700357245,43.0,0,1
watts_strogatz,20,28,60,20,60,0.3157894736842105,6.0,8,4,0.7071067811865476,0.530952380952381,4,1.9789473684210526,1.225375780994745,9.828467524180466,1.225375780994745,6.103488295101511,-3.1089416076749674,1,27.0,0.0002464580029482022,40.0,0.00037266699655447155,40.0,0.0005338330010999925,42.0,0.01472075000492623,False,42.0,0.03218712499801768,42.0,0,1
watts_strogatz,20,29,60,20,60,0.3157894736842105,6.0,7,4,0.7071067811865476,0.508095238095238,4,1.936842105263158,1.4879766256599325,9.298374060580851,1.4879766256599325,6.079004974409549,-3.1178823149902954,1,26.0,0.0002484579963493161,39.0,0.00038108300213934854,42.0,0.0004626669979188591,42.0,0.014764500003366265,False,42.0,0.03141075000166893,42.0,0,1
watts_strogatz,50,0,150,50,150,0.12244897959183673,6.0,7,4,0.6324555320336759,0.4696190476190476,6,3.0220408163265304,0.3576517759280254,9.780394864896229,0.3576517759280254,6.187483522253384,-3.249742552691835,1,81.0,0.0002828329961630516,100.0,0.0006567500022356398,105.0,0.002385584004514385,106.0,0.08904095799516654,False,106.0,0.036675208000815473,106.0,0,1
watts_strogatz,50,1,150,50,150,0.12244897959183673,6.0,8,4,0.7211102550927979,0.46628571428571425,5,2.9093877551020406,0.49591332802134225,10.05844473771588,0.49591332802134225,6.117263131091631,-3.4648976143627714,1,74.0,0.00027012499776901677,100.0,0.0008833329993649386,105.0,0.0013762090020463802,107.0,0.07964312500553206,False,104.0,0.03396204199816566,107.0,0,0
watts_strogatz,50,2,150,50,150,0.12244897959183673,6.0,7,4,0.6928203230275509,0.4676190476190476,6,3.0587755102040814,0.36259003674160584,10.013065336618046,0.36259003674160584,6.12333280108693,-3.5198976735829604,1,82.0,0.00030479199631372467,94.0,0.0005114580053486861,101.0,0.0010062080036732368,108.0,0.11010162500315346,False,108.0,0.03156812499946682,108.0,0,1
watts_strogatz,50,3,150,50,150,0.12244897959183673,6.0,8,4,0.8,0.4876190476190476,5,2.9248979591836735,0.5045431427207329,9.72816864029569,0.5045431427207329,6.154985892285894,-3.047161188355539,1,67.0,0.0002983330050483346,98.0,0.0008452919937553816,102.0,0.0013648750027641654,104.0,0.08203687499917578,False,103.0,0.03138712499639951,104.0,0,0
watts_strogatz,50,4,150,50,150,0.12244897959183673,6.0,8,5,0.7211102550927979,0.4227142857142857,6,2.9404081632653063,0.441508048231665,10.117132604348528,0.441508048231665,6.125897794168315,-3.479573138729857,1,86.0,0.0002921249979408458,103.0,0.0006751659966539592,103.0,0.0012652500008698553,107.0,0.10258491700369632,False,106.0,0.03493099999468541,107.0,0,0
watts_strogatz,50,5,150,50,150,0.12244897959183673,6.0,8,5,0.7483314773547883,0.474,7,3.085714285714286,0.34576217672618403,9.978309064287776,0.34576217672618403,6.1745867038181474,-3.317500646425664,1,75.0,0.00029733299743384123,104.0,0.0006369170005200431,104.0,0.0011995829991064966,107.0,0.09174070799781475,False,105.0,0.03650933300377801,107.0,0,0
watts_strogatz,50,6,150,50,150,0.12244897959183673,6.0,7,4,0.7745966692414834,0.437047619047619,5,2.833469387755102,0.5333871451878054,10.364931934862945,0.5333871451878054,6.136601167119187,-3.8143328930055302,1,76.0,0.00031312499777413905,95.0,0.0007913329973234795,106.0,0.00160133300232701,107.0,0.0977966250065947,False,108.0,0.03249766700173495,107.0,1,0
watts_strogatz,50,7,150,50,150,0.12244897959183673,6.0,7,5,0.6324555320336759,0.5041904761904762,6,2.9624489795918367,0.5014989851163941,9.649299964895853,0.5014989851163941,6.095942831929008,-3.1753368286621058,1,71.0,0.00027629199757939205,98.0,0.0005024580023018643,102.0,0.001048833000822924,105.0,0.08075645899953088,False,102.0,0.035741333005717024,105.0,0,0
watts_strogatz,50,8,150,50,150,0.12244897959183673,6.0,8,4,0.6633249580710799,0.48680952380952386,6,2.9379591836734695,0.40357141283981723,9.857881082758993,0.40357141283981723,6.12078617083806,-3.346178911007133,1,92.0,0.0003090839963988401,98.0,0.0005613750035990961,105.0,0.0022434170023188926,105.0,0.0828989170040586,False,106.0,0.029312999999092426,105.0,1,0
watts_strogatz,50,9,150,50,150,0.12244897959183673,6.0,8,4,0.7745966692414834,0.43866666666666665,5,2.7942857142857145,0.542444154428357,10.353910362652009,0.542444154428357,6.131725873955702,-3.4780733603394585,1,83.0,0.0003101250040344894,98.0,0.0005137089974596165,105.0,0.0013829590025125071,108.0,0.08064320799894631,False,108.0,0.028389209001034033,108.0,0,1
watts_strogatz,50,10,150,50,150,0.12244897959183673,6.0,7,5,0.6633249580710799,0.45895238095238095,5,2.837551020408163,0.5025050823905653,9.779953701022128,0.5025050823905653,6.093252633775486,-3.2666749710848664,1,76.0,0.0003102080008829944,102.0,0.0008504170036758296,101.0,0.0012121670006308705,108.0,0.11404187500011176,False,107.0,0.029812291999405716,108.0,0,0
watts_strogatz,50,11,150,50,150,0.12244897959183673,6.0,8,4,0.848528137423857,0.37799999999999995,5,2.6448979591836737,0.7183778653128687,10.442213084211437,0.7183778653128687,6.150201205460203,-3.7347849869782292,1,69.0,0.0002965829989989288,104.0,0.0007868749962653965,105.0,0.0012303749972488731,109.0,0.08377383300103247,False,108.0,0.038242875001742505,109.0,0,0
watts_strogatz,50,12,150,50,150,0.12244897959183673,6.0,8,5,0.7211102550927979,0.46723809523809523,6,2.996734693877551,0.43487015484846203,10.13027675568882,0.43487015484846203,6.113139595722844,-3.264080253596445,1,76.0,0.00033454100048402324,100.0,0.000999417003185954,101.0,0.0013155420019757003,107.0,0.08350729200174101,False,105.0,0.03416050000669202,107.0,0,0
watts_strogatz,50,13,150,50,150,0.12244897959183673,6.0,7,4,0.565685424949238,0.5251428571428571,6,3.1755102040816325,0.3905118208668886,9.460550617647879,0.3905118208668886,6.065236216266596,-3.132985186070531,1,68.0,0.0002769580023596063,97.0,0.0006416670003090985,105.0,0.0010138330035260879,104.0,0.07930387499800418,False,101.0,0.03609008400235325,105.0,0,0
watts_strogatz,50,14,150,50,150,0.12244897959183673,6.0,8,4,0.7745966692414834,0.4800952380952381,6,2.9412244897959186,0.4429704364146332,9.978871809896276,0.4429704364146332,6.161072465863125,-3.332138340429774,1,78.0,0.00028162499802419916,90.0,0.0005084579970571212,106.0,0.0021643340005539358,108.0,0.08099950000178069,False,106.0,0.03236266600288218,108.0,0,0
watts_strogatz,50,15,150,50,150,0.12244897959183673,6.0,8,4,0.8246211251235321,0.48595238095238097,5,2.8416326530612244,0.49240755126104285,10.383986289597212,0.49240755126104285,6.149225734508566,-3.266427722556232,1,62.0,0.00039412500336766243,95.0,0.0006649999995715916,101.0,0.0013439169997582212,105.0,0.08007050000014715,False,103.0,0.02944629199919291,105.0,0,0
watts_strogatz,50,16,150,50,150,0.12244897959183673,6.0,8,4,0.8717797887081347,0.4403809523809524,5,2.736326530612245,0.6454249337406066,10.017729516976981,0.6454249337406066,6.146873945043815,-3.326126363168428,1,73.0,0.00040570900455350056,103.0,0.0006700000012642704,106.0,0.0012197079995530657,106.0,0.08221933399909176,False,104.0,0.02895583300414728,106.0,0,0
watts_strogatz,50,17,150,50,150,0.12244897959183673,6.0,9,5,0.8246211251235321,0.41871428571428576,5,2.7722448979591836,0.7105602146154444,10.615319330234904,0.7105602146154444,6.133844992414451,-3.636740869026055,1,75.0,0.0003141670022159815,102.0,0.0005188750001252629,105.0,0.0013357499992707744,109.0,0.08093279199965764,False,108.0,0.03171029099758016,109.0,0,0
watts_strogatz,50,18,150,50,150,0.12244897959183673,6.0,7,4,0.7211102550927979,0.47609523809523807,5,2.819591836734694,0.5655352920143091,9.597695871115208,0.5655352920143091,6.114581305718018,-3.082283238913696,1,71.0,0.00027916700491914526,95.0,0.0006310419994406402,105.0,0.0012964169945917092,106.0,0.09192700000130571,False,106.0,0.02961779200268211,106.0,0,1
watts_strogatz,50,19,150,50,150,0.12244897959183673,6.0,9,4,0.8717797887081347,0.4445079365079365,5,2.8546938775510204,0.4622784983005651,11.128832491608279,0.4622784983005651,6.16368793904724,-3.715235513472853,1,79.0,0.0003057919966522604,95.0,0.0006641670042881742,106.0,0.0011341249992256053,107.0,0.118774750000739,False,104.0,0.0347961670049699,107.0,0,0
watts_strogatz,50,20,150,50,150,0.12244897959183673,6.0,8,4,0.8717797887081347,0.44057142857142856,5,2.769795918367347,0.6190127064049509,10.084663316734266,0.6190127064049509,6.1443516244561,-3.346396136084844,1,70.0,0.00034491700353100896,102.0,0.0009475410042796284,107.0,0.0023632089942111634,108.0,0.08531041600508615,False,107.0,0.03321920800226508,108.0,0,0
watts_strogatz,50,21,150,50,150,0.12244897959183673,6.0,8,4,0.8246211251235321,0.4238095238095238,6,2.813061224489796,0.48884639312670225,10.156339185030772,0.48884639312670225,6.174828500449738,-3.587271691787171,1,80.0,0.0002930830014520325,105.0,0.0009025000035762787,106.0,0.0012936249986523762,108.0,0.15960537499631755,False,106.0,0.030567249996238388,108.0,0,0
watts_strogatz,50,22,150,50,150,0.12244897959183673,6.0,8,4,0.7745966692414834,0.41195238095238096,5,2.7208163265306125,0.6714911232825866,9.900702150505793,0.6714911232825866,6.124814855367173,-3.4278283162597374,1,78.0,0.0002927919995272532,96.0,0.0006007919946569018,102.0,0.001161166001111269,107.0,0.11208962499949848,False,104.0,0.03200529199966695,107.0,0,0
watts_strogatz,50,23,150,50,150,0.12244897959183673,6.0,8,4,0.6633249580710799,0.4584285714285714,5,2.8824489795918367,0.4693274995893385,9.84375981745664,0.4693274995893385,6.106167511207901,-3.4168189098175437,1,73.0,0.0002766249963315204,101.0,0.0006323330017039552,105.0,0.0010598750013741665,105.0,0.08183000000281027,False,101.0,0.03484458300226834,105.0,0,0
watts_strogatz,50,24,150,50,150,0.12244897959183673,6.0,7,4,0.8,0.4645714285714286,5,2.8489795918367347,0.5088377332813321,10.15796691687255,0.5088377332813321,6.1685728881512025,-3.524132364602667,1,68.0,0.0002977499971166253,100.0,0.0007723329981672578,107.0,0.0011494159989524633,107.0,0.09145233299932443,False,106.0,0.03563329199823784,107.0,0,0
watts_strogatz,50,25,150,50,150,0.12244897959183673,6.0,7,4,0.6,0.5313333333333333,6,3.1346938775510202,0.3513216690486283,9.57219878188235,0.3513216690486283,6.090842680144043,-3.168202307076177,1,79.0,0.0002919999969890341,97.0,0.0005108340046717785,103.0,0.0010747089982032776,104.0,0.12019899999722838,False,102.0,0.028576541000802536,104.0,0,0
watts_strogatz,50,26,150,50,150,0.12244897959183673,6.0,8,4,0.7745966692414834,0.42133333333333334,5,2.7175510204081634,0.6835870751979084,10.37565683941067,0.6835870751979084,6.138016842611336,-3.68196372996532,1,71.0,0.0002974170056404546,98.0,0.0006377919999067672,106.0,0.001084374998754356,109.0,0.08708170900354162,False,107.0,0.03595220800343668,109.0,0,0
watts_strogatz,50,27,150,50,150,0.12244897959183673,6.0,8,4,0.7483314773547883,0.43185714285714283,5,2.7175510204081634,0.6214408743373234,10.079718083395385,0.6214408743373234,6.1155827246167895,-3.2769396709288072,1,69.0,0.00030787500145379454,97.0,0.0007744589966023341,104.0,0.0013240420012152754,107.0,0.09978337500069756,False,106.0,0.030836833000648767,107.0,0,0
watts_strogatz,50,28,150,50,150,0.12244897959183673,6.0,7,5,0.6,0.4842857142857143,5,2.924081632653061,0.46367666123510676,9.530739994707758,0.46367666123510676,6.061060602733257,-3.1996417660958323,1,78.0,0.00028649999876506627,95.0,0.0005166660048416816,105.0,0.001072250001016073,105.0,0.08854370799963363,False,105.0,0.03366725000523729,105.0,0,1
watts_strogatz,50,29,150,50,150,0.12244897959183673,6.0,8,4,0.916515138991168,0.4277619047619048,5,2.739591836734694,0.5909485113526471,10.482153394438837,0.5909485113526471,6.240443733269321,-3.508309516104181,1,74.0,0.0002986659965245053,104.0,0.001009334002446849,106.0,0.0011871250026160851,108.0,0.07681358300033025,False,106.0,0.03463733399985358,108.0,0,0
watts_strogatz,100,0,300,100,300,0.06060606060606061,6.0,8,4,0.7071067811865476,0.4642380952380952,7,3.7945454545454544,0.33705676835721915,10.41356973703795,0.33705676835721915,6.163269713733145,-3.5149587567609135,1,160.0,0.00039029199979268014,193.0,0.0011316250020172447,209.0,0.003556208001100458,212.0,5.474006750002445,False,209.0,0.04366383400338236,212.0,0,0
watts_strogatz,100,1,300,100,300,0.06060606060606061,6.0,8,5,0.6324555320336759,0.4670238095238095,7,3.6595959595959595,0.30865616399861573,10.209799669515533,0.30865616399861573,6.07219046818672,-3.3924041177205315,1,155.0,0.00036395800270838663,189.0,0.0018595000001369044,209.0,0.0031971249991329387,210.0,0.5511937920018681,False,207.0,0.043024667000281624,210.0,0,0
watts_strogatz,100,2,300,100,300,0.06060606060606061,6.0,8,4,0.6782329983125268,0.43457142857142855,7,3.6016161616161617,0.29182282941177856,10.109333096542938,0.29182282941177856,6.110665998307961,-3.6085404221091073,1,155.0,0.00038066600245656446,191.0,0.0011053749985876493,207.0,0.0030400839968933724,214.0,0.5457692920026602,False,208.0,0.04016404100548243,214.0,0,0
watts_strogatz,100,3,300,100,300,0.06060606060606061,6.0,8,4,0.6633249580710799,0.47028571428571425,7,3.75010101010101,0.3118593362019486,10.353551777458021,0.3118593362019486,6.175602550056313,-3.6018182618889876,1,144.0,0.0006159170006867498,198.0,0.0012023750023217872,207.0,0.0026325829967390746,212.0,1.3930529999997816,False,210.0,0.04035766699962551,212.0,0,0
watts_strogatz,100,4,300,100,300,0.06060606060606061,6.0,8,4,0.6324555320336759,0.44352380952380954,7,3.716767676767677,0.3498687912367783,10.18612848682175,0.3498687912367783,6.091520902174261,-3.6306606119284446,1,172.0,0.0006243329989956692,202.0,0.0012048749995301478,212.0,0.0027142500039190054,215.0,0.6693008750007721,False,213.0,0.0456782920009573,215.0,0,0
watts_strogatz,100,5,300,100,300,0.06060606060606061,6.0,8,4,0.7071067811865476,0.4470952380952381,7,3.748282828282828,0.29179650505079674,10.348194403801003,0.29179650505079674,6.135013673607413,-3.6479173930026305,1,140.0,0.0004331250020186417,207.0,0.002621042003738694,211.0,0.002985833001730498,216.0,0.7859188750007888,False,212.0,0.04352391699649161,216.0,0,0
watts_strogatz,100,6,300,100,300,0.06060606060606061,6.0,8,4,0.7071067811865476,0.4260952380952381,7,3.640808080808081,0.3404588539355634,10.429460993807997,0.3404588539355634,6.139895234023264,-3.578795876734484,1,147.0,0.0003615000023273751,206.0,0.0013632499976665713,211.0,0.003028624996659346,215.0,0.6205931669974234,False,212.0,0.0430958329961868,215.0,0,0
watts_strogatz,100,7,300,100,300,0.06060606060606061,6.0,8,5,0.6782329983125268,0.47226190476190477,7,3.771717171717172,0.27251099582982385,10.213315666155005,0.27251099582982385,6.124521739446987,-3.5523579543162325,1,146.0,0.00036212499981047586,201.0,0.0013628329979837872,212.0,0.0025935000012395903,212.0,8.778078542003641,False,213.0,0.04068316700431751,212.0,1,0
watts_strogatz,100,8,300,100,300,0.06060606060606061,6.0,8,4,0.7483314773547883,0.46338095238095234,7,3.747878787878788,0.29607525405520585,10.37563937322318,0.29607525405520585,6.154608476851898,-3.498229774010389,1,177.0,0.00036750000435858965,195.0,0.0011004170009982772,206.0,0.0032506669958820567,213.0,4.766634792002151,False,211.0,0.04027749999659136,213.0,0,0
watts_strogatz,100,9,300,100,300,0.06060606060606061,6.0,8,4,0.7483314773547883,0.4632857142857143,7,3.7026262626262625,0.2877328116896455,10.396301843051448,0.2877328116896455,6.120615395611495,-3.4186900497174255,1,154.0,0.0003631670042523183,196.0,0.0011065830040024593,213.0,0.0027251669962424785,213.0,3.5317248339997604,False,206.0,0.04057291700155474,213.0,0,0
watts_strogatz,100,10,300,100,300,0.06060606060606061,6.0,9,4,0.6928203230275509,0.4796190476190476,8,3.9414141414141413,0.27523500998239525,10.76505763554182,0.27523500998239525,6.126574321342368,-3.446266306731967,1,150.0,0.0003540420002536848,196.0,0.0010869170000660233,214.0,0.0028441670001484454,213.0,6.295731000005617,False,213.0,0.04486541599908378,214.0,0,0
watts_strogatz,100,11,300,100,300,0.06060606060606061,6.0,8,4,0.8602325267042626,0.41045238095238096,6,3.3864646464646464,0.47066442557830557,10.217304327658347,0.47066442557830557,6.132197860094717,-3.6690996815875145,1,145.0,0.0003888749997713603,197.0,0.0013523750021704473,218.0,0.0029150830014259554,217.0,4.566896500000439,False,217.0,0.04178591600066284,218.0,0,0
watts_strogatz,100,12,300,100,300,0.06060606060606061,6.0,8,5,0.6164414002968976,0.4722142857142857,7,3.7755555555555556,0.2836458745270265,9.970628251437358,0.2836458745270265,6.103522737218301,-3.49276986202506,1,148.0,0.0003507919973344542,198.0,0.002154957997845486,208.0,0.002554042002884671,213.0,1.1367727920005564,False,208.0,0.04165979199751746,213.0,0,0
watts_strogatz,100,13,300,100,300,0.06060606060606061,6.0,8,4,0.6928203230275509,0.5066190476190475,7,3.8555555555555556,0.2542884532274302,10.026960209583237,0.2542884532274302,6.102806720612455,-3.1990553089915825,1,147.0,0.0003584160003811121,197.0,0.001105582996387966,205.0,0.002525333002267871,207.0,1.3383605830022134,False,207.0,0.043001791993447114,207.0,0,1
watts_strogatz,100,14,300,100,300,0.06060606060606061,6.0,8,4,0.7071067811865476,0.46495238095238095,7,3.7092929292929293,0.3313268179809524,10.24291287757222,0.3313268179809524,6.135577754259252,-3.478908074025663,1,148.0,0.0003559160031727515,198.0,0.00134816699574003,209.0,0.0024960000009741634,213.0,8.311561208000057,False,214.0,0.04120258399780141,213.0,1,0
watts_strogatz,100,15,300,100,300,0.06060606060606061,6.0,8,4,0.812403840463596,0.4428333333333333,7,3.5486868686868687,0.3798845458855099,10.501196064066793,0.3798845458855099,6.183764634015811,-3.4988675897134907,1,136.0,0.0003614169982029125,199.0,0.00110675000178162,209.0,0.003023999997822102,213.0,8.340074167004786,False,211.0,0.0417580419962178,213.0,0,0
watts_strogatz,100,16,300,100,300,0.06060606060606061,6.0,8,4,0.7615773105863908,0.44066666666666665,7,3.5456565656565657,0.37499730401053766,10.258110716932057,0.37499730401053766,6.117452135252953,-3.4085146697449744,1,135.0,0.0003892500026267953,198.0,0.0011219169973628595,211.0,0.0027025000017601997,213.0,5.134375249996083,False,211.0,0.03670954200060805,213.0,0,0
watts_strogatz,100,17,300,100,300,0.06060606060606061,6.0,8,4,0.7483314773547883,0.4680714285714286,6,3.531919191919192,0.42207975179452284,10.60764859871016,0.42207975179452284,6.168097291912163,-3.526468017044564,1,149.0,0.0006922500033397228,200.0,0.0014030829988769256,209.0,0.0026610840068315156,212.0,3.655315417003294,False,211.0,0.04081262500403682,212.0,0,0
watts_strogatz,100,18,300,100,300,0.06060606060606061,6.0,9,4,0.8,0.4547539682539683,7,3.6818181818181817,0.3243653317687164,10.78213848318407,0.3243653317687164,6.151769024058804,-3.374662723454491,1,147.0,0.0006373750002239831,193.0,0.001195333999930881,211.0,0.0030631670015281998,212.0,0.8750737500013201,False,210.0,0.04094441699999152,212.0,0,0
watts_strogatz,100,19,300,100,300,0.06060606060606061,6.0,9,4,0.7348469228349535,0.4330793650793651,7,3.5123232323232325,0.3740197743022621,10.797388874881198,0.3740197743022621,6.124405327362535,-3.5070123839655882,1,148.0,0.0004348340007709339,197.0,0.0011501670014695264,209.0,0.0024672080035088584,215.0,0.5829097500027274,False,216.0,0.05340929199883249,215.0,1,0
watts_strogatz,100,20,300,100,300,0.06060606060606061,6.0,9,4,0.8246211251235321,0.44399206349206344,7,3.627070707070707,0.38471668745699006,10.838049896079438,0.38471668745699006,6.157323138278164,-3.5729897985007026,1,134.0,0.00034941700141644105,198.0,0.0011511670018080622,210.0,0.004169249994447455,214.0,0.808742416993482,False,205.0,0.046951290998549666,214.0,0,0
watts_strogatz,100,21,300,100,300,0.06060606060606061,6.0,8,4,0.848528137423857,0.41404761904761905,7,3.54989898989899,0.39434656373772575,10.434999601266929,0.39434656373772575,6.188929940333445,-3.5887148185149305,1,153.0,0.0003754999997909181,200.0,0.0011025420026271604,213.0,0.002461583004333079,218.0,9.394941625003412,False,216.0,0.039032792003126815,218.0,0,0
watts_strogatz,100,22,300,100,300,0.06060606060606061,6.0,8,4,0.8246211251235321,0.4315714285714286,6,3.461818181818182,0.40470897020829144,10.354176892068313,0.40470897020829144,6.135613244986467,-3.5711091906720123,1,161.0,0.0003599999981815927,202.0,0.0013539580031647347,210.0,0.0022753340017516166,215.0,0.6478096659993753,False,215.0,0.040619207997224294,215.0,0,1
watts_strogatz,100,23,300,100,300,0.06060606060606061,6.0,8,4,0.7348469228349535,0.42028571428571426,6,3.4876767676767675,0.39158897547046967,10.146997699058279,0.39158897547046967,6.119167065134409,-3.5497677054876333,1,147.0,0.00039720900531392545,201.0,0.0014135419987724163,211.0,0.002941915998235345,213.0,0.5698275419999845,False,212.0,0.07265466699755052,213.0,0,0
watts_strogatz,100,24,300,100,300,0.06060606060606061,6.0,8,4,0.7745966692414834,0.45338095238095233,6,3.5084848484848483,0.4111338071980344,10.39000949980254,0.4111338071980344,6.173320397127297,-3.5457801773739415,1,148.0,0.0003956669970648363,198.0,0.002111832996888552,208.0,0.0028080420015612617,215.0,0.8295292500042706,False,208.0,0.0406409170027473,215.0,0,0
watts_strogatz,100,25,300,100,300,0.06060606060606061,6.0,8,4,0.7211102550927979,0.5050238095238095,8,3.859191919191919,0.27355332983277847,10.382329943759249,0.27355332983277847,6.123126202830532,-3.329605742273236,1,157.0,0.0003864579994115047,197.0,0.0011566249959287234,204.0,0.00274912500026403,211.0,8.496430416998919,False,207.0,0.037316207999538165,211.0,0,0
watts_strogatz,100,26,300,100,300,0.06060606060606061,6.0,8,4,0.8246211251235321,0.43357142857142855,7,3.5707070707070705,0.348986520617557,10.497846964094729,0.348986520617557,6.158187428425943,-3.7266367336769743,1,141.0,0.00035312499676365405,198.0,0.001098708002245985,211.0,0.002554207996581681,214.0,7.902905000002647,False,210.0,0.03958374999638181,214.0,0,0
watts_strogatz,100,27,300,100,300,0.06060606060606061,6.0,8,4,0.7071067811865476,0.43173809523809525,7,3.6622222222222223,0.27991112110693994,10.259891868910216,0.27991112110693994,6.116429139618594,-3.485994444241593,1,140.0,0.0003872920060530305,198.0,0.001119999993534293,208.0,0.0025095000019064173,215.0,0.5332527080026921,False,211.0,0.040272874997754116,215.0,0,0
watts_strogatz,100,28,300,100,300,0.06060606060606061,6.0,8,4,0.6324555320336759,0.5023809523809524,8,3.927676767676768,0.27497663062929834,10.079233826039198,0.27497663062929834,6.091159679368199,-3.393355267279976,1,157.0,0.0003853329981211573,203.0,0.0011425830016378313,204.0,0.0027238749971729703,210.0,0.9970841250033118,False,205.0,0.036781666000024416,210.0,0,0
watts_strogatz,100,29,300,100,300,0.06060606060606061,6.0,8,3,0.8,0.4416904761904762,7,3.566666666666667,0.3763094622067998,10.249842074287855,0.3763094622067998,6.13627626071961,-3.4208123892592477,1,156.0,0.0003684580005938187,203.0,0.0013367920037126169,207.0,0.003007458995853085,216.0,0.7728076249986771,False,215.0,0.04164124999806518,216.0,0,0
