family,n,instance,m,prop_n,prop_m,prop_density,prop_avg_degree,prop_max_degree,prop_min_degree,prop_degree_std,prop_clustering_coeff,prop_diameter,prop_avg_path_length,prop_spectral_gap,prop_lambda_max_laplacian,prop_algebraic_connectivity,prop_spectral_radius,prop_lambda_min_adj,prop_n_components,random_cut,random_time,greedy_cut,greedy_time,spectral_cut,spectral_time,gw_cut,gw_time,gnn_cut,gnn_time,best_classical_cut,gnn_wins,gnn_relative
erdos_renyi,20,0,25,20,25,0.13157894736842105,2.5,4,1,0.7416198487095663,0.0,7,3.1789473684210527,0.23647280911255664,5.636828191701005,0.23647280911255664,2.728821166994686,-2.4556548064045667,1,14.0,0.0012992500560358167,19.0,0.0002578750718384981,22.0,0.0005395420594140887,23.0,0.020395749947056174,22.0,0.04235970799345523,23.0,0,0.9565217391304348
erdos_renyi,20,1,33,20,33,0.1736842105263158,3.3,7,1,1.7349351572897473,0.16523809523809524,4,2.3789473684210525,0.5276043314243262,9.213120192055262,0.5276043314243262,4.151185318529555,-3.3375775026912984,1,15.0,0.00012491701636463404,26.0,0.0001808329252526164,28.0,0.0002740419004112482,28.0,0.008451332920230925,28.0,0.04020320903509855,28.0,0,1.0
erdos_renyi,20,2,33,20,33,0.1736842105263158,3.3,7,1,1.8466185312619388,0.12357142857142858,5,2.3842105263157896,0.5426915917481945,8.723888130941514,0.5426915917481945,4.24149083417013,-3.0226106443023264,1,18.0,0.0001241250429302454,26.0,0.00018199998885393143,26.0,0.00027175003197044134,28.0,0.008037625113502145,26.0,0.03961095807608217,28.0,0,0.9285714285714286
erdos_renyi,20,3,35,20,35,0.18421052631578946,3.5,6,1,1.7175564037317668,0.10666666666666666,6,2.531578947368421,0.3380818221794695,8.251369028467016,0.3380818221794695,4.516266087302633,-3.10594984556387,1,17.0,0.00012379197869449854,26.0,0.00016187503933906555,27.0,0.00025870802346616983,29.0,0.008930000010877848,27.0,0.037416334031149745,29.0,0,0.9310344827586207
erdos_renyi,20,4,25,20,25,0.13157894736842105,2.5,5,1,1.3601470508735443,0.0,7,3.0105263157894737,0.16352578570752246,6.983536239260008,0.16352578570752246,3.284974760217457,-2.8841620607186718,1,16.0,0.00012112502008676529,22.0,0.0001663330476731062,23.0,0.0002567089395597577,23.0,0.009148916928097606,23.0,0.03987466695252806,23.0,0,1.0
erdos_renyi,20,5,37,20,37,0.19473684210526315,3.7,7,1,1.6462077633154328,0.1857142857142857,5,2.278947368421053,0.3658811046557341,9.333886634558066,0.3658811046557341,4.471493299092439,-3.350949319643388,1,18.0,0.0001230000052601099,28.0,0.0001859170151874423,30.0,0.0002760420320555568,31.0,0.007557958015240729,30.0,0.041230542003177106,31.0,0,0.967741935483871
erdos_renyi,20,6,30,20,30,0.15789473684210525,3.0,7,1,1.3416407864998738,0.05142857142857142,6,2.6157894736842104,0.32345012392837025,8.501117899040842,0.32345012392837025,3.6959236250734917,-3.049768826926166,1,18.0,0.00012112490367144346,25.0,0.00015591701958328485,25.0,0.0002657918957993388,25.0,0.010396832949481905,25.0,0.0390008749673143,25.0,0,1.0
erdos_renyi,20,7,29,20,29,0.15263157894736842,2.9,7,1,1.4798648586948744,0.1480952380952381,7,2.963157894736842,0.16200378264643847,8.65056698326492,0.16200378264643847,3.81076574189064,-3.3457303125231914,1,15.0,0.00012195901945233345,22.0,0.00015366601292043924,25.0,0.00025270809419453144,25.0,0.010828375001437962,25.0,0.04008408298250288,25.0,0,1.0
erdos_renyi,20,8,26,20,26,0.1368421052631579,2.6,6,1,1.4628738838327793,0.08499999999999999,7,3.0842105263157893,0.12410689704651581,7.918588330491267,0.12410689704651581,3.6218310401093383,-2.8594313420688016,1,13.0,0.00012091698590666056,20.0,0.00015154201537370682,23.0,0.000264208996668458,23.0,0.009580541984178126,23.0,0.039315792033448815,23.0,0,1.0
erdos_renyi,20,9,28,20,28,0.14736842105263157,2.8,5,1,1.2083045973594573,0.13,6,2.9842105263157896,0.17593723111294213,6.9893394563525195,0.17593723111294213,3.4960859175249483,-2.777861787494896,1,11.0,0.00012037507258355618,23.0,0.0001705000177025795,23.0,0.0002636250574141741,24.0,0.009933333960361779,24.0,0.038784542004577816,24.0,0,1.0
erdos_renyi,20,10,25,20,25,0.13157894736842105,2.5,6,1,1.3228756555322954,0.06999999999999999,8,3.205263157894737,0.1576356677123544,7.392269943868483,0.1576356677123544,3.295858548597497,-2.758227981881796,1,16.0,0.00012379197869449854,21.0,0.00014991604257375002,23.0,0.00025875004939734936,23.0,0.009471583063714206,23.0,0.039421708905138075,23.0,0,1.0
erdos_renyi,20,11,30,20,30,0.15789473684210525,3.0,5,1,1.3416407864998738,0.07999999999999999,6,2.6315789473684212,0.4158275990312099,7.308801111390064,0.4158275990312099,3.634822265233911,-3.0657368782610788,1,15.0,0.0001265000319108367,27.0,0.0001811670372262597,27.0,0.0002816669875755906,27.0,0.007424833020195365,27.0,0.039558958960697055,27.0,0,1.0
erdos_renyi,20,12,24,20,24,0.12631578947368421,2.4,5,1,1.1135528725660042,0.21000000000000002,7,3.2736842105263158,0.13601123308877727,6.552528501451594,0.13601123308877727,3.1095736147599076,-2.525781191991024,1,13.0,0.00012108392547816038,20.0,0.0001521250233054161,20.0,0.0002509169280529022,20.0,0.010129667003639042,20.0,0.03892695903778076,20.0,0,1.0
erdos_renyi,20,13,24,20,24,0.12631578947368421,2.4,5,1,1.1575836902790226,0.10500000000000001,6,3.0894736842105264,0.2666126165905833,6.509268498911263,0.2666126165905833,2.8893195144096433,-2.7306313492490415,1,9.0,0.0001194999786093831,20.0,0.00015020801220089197,21.0,0.00024145899806171656,21.0,0.007893375004641712,21.0,0.038109625107608736,21.0,0,1.0
erdos_renyi,20,14,29,20,29,0.15263157894736842,2.9,6,1,1.2609520212918492,0.11166666666666666,5,2.642105263157895,0.41636121129092285,7.457387802239239,0.41636121129092285,3.5261956105524757,-2.8760466485534013,1,13.0,0.00011999998241662979,22.0,0.0001538749784231186,25.0,0.000253707985393703,25.0,0.009869040921330452,25.0,0.03898858302272856,25.0,0,1.0
erdos_renyi,20,15,33,20,33,0.1736842105263158,3.3,7,1,1.3453624047073711,0.12642857142857142,6,2.6052631578947367,0.256800632732285,8.396823016446245,0.256800632732285,3.8833296167754487,-3.108078594567538,1,18.0,0.0001225409796461463,26.0,0.0001805839128792286,27.0,0.0002774590393528342,29.0,0.009492750046774745,27.0,0.0394424160476774,29.0,0,0.9310344827586207
erdos_renyi,20,16,26,20,26,0.1368421052631579,2.6,5,1,1.319090595827292,0.145,6,3.094736842105263,0.21229326779822863,6.938883510923002,0.21229326779822863,3.4557296084238023,-2.773091236323603,1,15.0,0.00011958298273384571,20.0,0.00014891603495925665,23.0,0.00024066702462732792,23.0,0.01563658402301371,23.0,0.03984408301766962,23.0,0,1.0
erdos_renyi,20,17,25,20,25,0.13157894736842105,2.5,6,1,1.4317821063276353,0.2,8,3.2157894736842105,0.14241570725783675,7.4067934217558715,0.14241570725783675,3.3605642531036977,-2.7756384261927782,1,9.0,0.0001402080524712801,22.0,0.00021779199596494436,22.0,0.00029145798180252314,22.0,0.011642124969512224,22.0,0.04031416599173099,22.0,0,1.0
erdos_renyi,20,18,36,20,36,0.18947368421052632,3.6,8,1,1.5937377450509227,0.1838095238095238,5,2.363157894736842,0.5097776173298173,9.511445198054535,0.5097776173298173,4.365862152149199,-3.214102496198542,1,16.0,0.00012145808432251215,25.0,0.0001621670089662075,29.0,0.00027529196813702583,30.0,0.00755887501873076,29.0,0.03876362508162856,30.0,0,0.9666666666666667
erdos_renyi,20,19,30,20,30,0.15789473684210525,3.0,5,1,1.1832159566199232,0.13166666666666665,5,2.4947368421052634,0.5707118494215901,7.388280432050638,0.5707118494215901,3.4906197448579697,-2.9926550494019257,1,17.0,0.0001313330139964819,23.0,0.0001598329981788993,26.0,0.0002672499977052212,26.0,0.007176500046625733,26.0,0.03924729092977941,26.0,0,1.0
erdos_renyi,20,20,35,20,35,0.18421052631578946,3.5,7,1,1.746424919657298,0.17952380952380953,5,2.3842105263157896,0.4800131652965634,8.741055821276257,0.4800131652965634,4.4394186166174086,-2.98792590822001,1,15.0,0.00015312503091990948,27.0,0.00016695796512067318,27.0,0.0003779169637709856,27.0,0.008380083017982543,27.0,0.03974383301101625,27.0,0,1.0
erdos_renyi,20,21,33,20,33,0.1736842105263158,3.3,7,1,1.7635192088548397,0.06547619047619048,6,2.5526315789473686,0.2718955837560267,9.042139182844236,0.2718955837560267,4.332702388924634,-3.6114641364172266,1,20.0,0.00014412507880479097,30.0,0.00018212490249425173,30.0,0.000262749963440001,30.0,0.007662208983674645,30.0,0.039716541999951005,30.0,0,1.0
erdos_renyi,20,22,32,20,32,0.16842105263157894,3.2,6,1,1.5362291495737215,0.255,5,2.5210526315789474,0.40118994940789776,8.493591654187346,0.40118994940789776,4.052936450027697,-3.1990236970990886,1,15.0,0.00018541701138019562,24.0,0.0001877499744296074,26.0,0.00035379198379814625,27.0,0.00942841696087271,27.0,0.039565958082675934,27.0,0,1.0
erdos_renyi,20,23,28,20,28,0.14736842105263157,2.8,5,1,1.16619037896906,0.16999999999999998,6,2.942105263157895,0.260895213809255,6.62227506013137,0.260895213809255,3.3326784598448724,-2.6599048123038487,1,10.0,0.0001445829402655363,19.0,0.00016187503933906555,24.0,0.00028033298440277576,24.0,0.00824783300049603,24.0,0.04204058402683586,24.0,0,1.0
erdos_renyi,20,24,28,20,28,0.14736842105263157,2.8,5,1,1.2884098726725124,0.14166666666666666,5,2.6789473684210527,0.3845179717559573,6.673128977811786,0.3845179717559573,3.3714284184145615,-2.4986279341850257,1,11.0,0.00012041698209941387,22.0,0.00017337501049041748,23.0,0.000262417015619576,24.0,0.008462917059659958,24.0,0.04179575003217906,24.0,0,1.0
erdos_renyi,20,25,27,20,27,0.14210526315789473,2.7,4,1,1.0049875621120892,0.13333333333333333,7,3.205263157894737,0.18128110528526306,5.9753319862940835,0.18128110528526306,3.127039773788267,-2.566075586736222,1,15.0,0.00012099999003112316,24.0,0.00016954203601926565,24.0,0.0002643750049173832,24.0,0.008493582950904965,24.0,0.0403045000275597,24.0,0,1.0
erdos_renyi,20,26,31,20,31,0.1631578947368421,3.1,8,1,1.7578395831246947,0.06857142857142857,6,2.536842105263158,0.2756824625132327,9.446960615234563,0.2756824625132327,4.046863017231937,-3.387884792366642,1,15.0,0.00012262491509318352,25.0,0.00017479201778769493,27.0,0.0002464170102030039,27.0,0.007567291962914169,27.0,0.03920137498062104,27.0,0,1.0
erdos_renyi,20,27,23,20,23,0.12105263157894737,2.3,5,1,1.1874342087037917,0.14333333333333334,6,3.2421052631578946,0.1797227045747578,6.567957099078522,0.1797227045747578,2.96769570017657,-2.5644273656342573,1,9.0,0.00012075004633516073,20.0,0.00014766701497137547,20.0,0.00023987505119293928,20.0,0.008846917073242366,20.0,0.04032554104924202,20.0,0,1.0
erdos_renyi,20,28,20,20,20,0.10526315789473684,2.0,4,1,1.0954451150103321,0.075,9,3.9263157894736844,0.06296122456205624,5.839797516160905,0.06296122456205624,2.6071384393180423,-2.47810971846976,1,13.0,0.00012579199392348528,18.0,0.00014358304906636477,19.0,0.0002451670588925481,19.0,0.010806167032569647,19.0,0.040492708096280694,19.0,0,1.0
erdos_renyi,20,29,26,20,26,0.1368421052631579,2.6,5,1,1.1575836902790226,0.07333333333333333,7,3.236842105263158,0.19117533021044728,6.527806559535166,0.19117533021044728,3.5055732120821146,-2.5589008874090453,1,11.0,0.00012024992611259222,21.0,0.0001711250515654683,22.0,0.00026295799762010574,23.0,0.009397624991834164,22.0,0.03979062498547137,23.0,0,0.9565217391304348
erdos_renyi,50,0,185,50,185,0.1510204081632653,7.4,12,3,2.2978250586152114,0.13394227994227992,4,2.137142857142857,2.106955292511483,14.939789704942141,2.106955292511483,8.22771850782529,-4.826105236749306,1,88.0,0.0001723329769447446,133.0,0.0004681670106947422,133.0,0.001806457992643118,143.0,0.04240216698963195,136.0,0.044644958106800914,143.0,0,0.951048951048951
erdos_renyi,50,1,199,50,199,0.16244897959183674,7.96,15,3,2.690427475328038,0.18813286713286712,4,2.0775510204081633,2.2109289704904187,16.994106762264032,2.2109289704904187,8.882661980315934,-5.0444593455274145,1,96.0,0.0001877499744296074,139.0,0.0004952499875798821,134.0,0.0007570419693365693,147.0,0.03742612502537668,138.0,0.04910295899026096,147.0,0,0.9387755102040817
erdos_renyi,50,2,185,50,185,0.1510204081632653,7.4,12,3,2.0396078054371136,0.13757287157287157,4,2.116734693877551,2.372605384593478,14.922079643565647,2.372605384593478,7.959070104418188,-5.248955330774102,1,90.0,0.00018800003454089165,133.0,0.0006752080516889691,138.0,0.0007298749405890703,139.0,0.03757229202892631,138.0,0.044511041953228414,139.0,0,0.9928057553956835
erdos_renyi,50,3,188,50,188,0.15346938775510205,7.52,14,3,2.5941472587345538,0.15618592518592517,4,2.1077551020408163,2.1550148389322605,16.029014508981398,2.1550148389322605,8.397168009943709,-4.861472612052034,1,91.0,0.00017633300740271807,137.0,0.00047341594472527504,135.0,0.0010743750026449561,139.0,0.038081291946582496,136.0,0.04387566598597914,139.0,0,0.9784172661870504
erdos_renyi,50,4,184,50,184,0.15020408163265306,7.36,12,3,2.24285532302019,0.14683116883116884,4,2.1412244897959183,2.0525077157850347,14.737651561123249,2.0525077157850347,8.105036018635644,-4.639991102589433,1,94.0,0.00019175000488758087,129.0,0.0004622499691322446,133.0,0.000728582963347435,134.0,0.031839750008657575,134.0,0.042518625035881996,134.0,0,1.0
erdos_renyi,50,5,169,50,169,0.13795918367346938,6.76,14,2,2.486443242867208,0.14218681318681317,4,2.180408163265306,1.4612266272892165,16.15516447377469,1.4612266272892165,7.61274880887852,-4.83761497193264,1,80.0,0.00017158407717943192,119.0,0.00044533296022564173,123.0,0.0007114589679986238,125.0,0.048706999979913235,123.0,0.04388191702309996,125.0,0,0.984
erdos_renyi,50,6,183,50,183,0.1493877551020408,7.32,14,2,2.556873090319502,0.15376057276057276,4,2.137142857142857,1.619419162750697,15.875178532348722,1.619419162750697,8.288290890421203,-4.681372138276016,1,87.0,0.00016412499826401472,135.0,0.0004642079584300518,126.0,0.000709832995198667,135.0,0.031079708016477525,126.0,0.043265582993626595,135.0,0,0.9333333333333333
erdos_renyi,50,7,165,50,165,0.1346938775510204,6.6,12,3,2.253885533916929,0.1226969696969697,4,2.226122448979592,1.8275315593827208,13.811111066802459,1.8275315593827208,7.404047160931005,-4.770506286644197,1,85.0,0.00017570808995515108,124.0,0.0004374579293653369,122.0,0.0007876250892877579,128.0,0.03663037496153265,122.0,0.043674665968865156,128.0,0,0.953125
erdos_renyi,50,8,191,50,191,0.15591836734693879,7.64,14,2,2.5436980952935433,0.1421949161949162,4,2.116734693877551,1.6746304860609957,16.25438847378596,1.6746304860609957,8.532379518352853,-5.199145356190153,1,86.0,0.0001775830751284957,136.0,0.0004814999410882592,134.0,0.0007476250175386667,142.0,0.031947582960128784,135.0,0.04283170902635902,142.0,0,0.9507042253521126
erdos_renyi,50,9,195,50,195,0.15918367346938775,7.8,12,1,2.349468024894146,0.14564935064935064,4,2.1110204081632653,0.8310197877406571,15.478858891228468,0.8310197877406571,8.526810904087476,-5.449564113611247,1,86.0,0.00019220798276364803,144.0,0.0009115409338846803,147.0,0.0008505420992150903,147.0,0.03717112494632602,147.0,0.04435958294197917,147.0,0,1.0
erdos_renyi,50,10,186,50,186,0.15183673469387754,7.44,13,4,2.201454064930722,0.12478410478410477,4,2.1110204081632653,2.379216182272147,15.289826140026307,2.379216182272147,8.182020261967436,-5.026871691708418,1,86.0,0.00017866701819002628,122.0,0.0005734170554205775,132.0,0.0007292079972103238,139.0,0.03695999993942678,136.0,0.04318449995480478,139.0,0,0.9784172661870504
erdos_renyi,50,11,172,50,172,0.1404081632653061,6.88,11,1,2.196724834839357,0.16705627705627704,4,2.2244897959183674,0.8239546518492772,14.20676355351554,0.8239546518492772,7.656519354082819,-4.852401394752938,1,78.0,0.00017583300359547138,119.0,0.000541832996532321,129.0,0.0007903750520199537,129.0,0.04848762496840209,129.0,0.04210924997460097,129.0,0,1.0
erdos_renyi,50,12,160,50,160,0.1306122448979592,6.4,12,2,2.4738633753705965,0.13024531024531025,4,2.2555102040816326,1.4550859814768835,14.086413977670047,1.4550859814768835,7.346548848200824,-4.665311700885956,1,90.0,0.00018425006419420242,122.0,0.0005162499146535993,120.0,0.0006893329555168748,122.0,0.0370399160310626,121.0,0.04487270803656429,122.0,0,0.9918032786885246
erdos_renyi,50,13,179,50,179,0.14612244897959184,7.16,13,2,2.166656410232134,0.1129068709068709,4,2.1477551020408163,1.5062213749691824,15.464554727693884,1.5062213749691824,7.870012718276572,-4.636868999247239,1,94.0,0.00019466702360659838,128.0,0.0004628750029951334,129.0,0.0007186250295490026,136.0,0.04827350005507469,127.0,0.04722666600719094,136.0,0,0.9338235294117647
erdos_renyi,50,14,204,50,204,0.16653061224489796,8.16,17,1,2.8309715646752793,0.15167076061193707,4,2.0693877551020408,0.9220457497720407,18.51597059843604,0.9220457497720407,9.188469261898613,-5.253628731644137,1,108.0,0.00018433399964123964,150.0,0.0009356669615954161,140.0,0.000972250010818243,152.0,0.03651700005866587,143.0,0.3066049589542672,152.0,0,0.9407894736842105
erdos_renyi,50,15,194,50,194,0.15836734693877552,7.76,15,1,2.387969849055888,0.15245454545454545,4,2.088979591836735,0.8839022657558603,16.74930797945506,0.8839022657558603,8.453959608796872,-4.874339172547741,1,91.0,0.00018558406736701727,138.0,0.0006921659223735332,140.0,0.0008384999819099903,140.0,0.036997290910221636,139.0,0.04656925005838275,140.0,0,0.9928571428571429
erdos_renyi,50,16,174,50,174,0.14204081632653062,6.96,11,4,1.777188791321845,0.09638672438672438,4,2.1820408163265306,2.169563607803202,13.550155965709685,2.169563607803202,7.397412533385918,-5.108234090603967,1,96.0,0.00016420800238847733,132.0,0.0005400830414146185,134.0,0.0007009169785305858,134.0,0.03047216695267707,135.0,0.04707970796152949,134.0,1,1.007462686567164
erdos_renyi,50,17,157,50,157,0.12816326530612246,6.28,14,2,2.6686326086593484,0.12763247863247862,4,2.2946938775510204,1.4349579514691153,15.562914235604339,1.4349579514691153,7.519668602548382,-4.524154039075774,1,66.0,0.00017033296171575785,106.0,0.000418792013078928,110.0,0.000768458005040884,120.0,0.04764879192225635,115.0,0.04687937500420958,120.0,0,0.9583333333333334
erdos_renyi,50,18,190,50,190,0.15510204081632653,7.6,13,2,2.898275349237888,0.16576134976134976,4,2.1183673469387756,1.564359327074522,16.083647576208072,1.564359327074522,8.70641525721924,-4.924428433714231,1,92.0,0.00017979100812226534,128.0,0.0004812080878764391,135.0,0.0008324170485138893,139.0,0.037898542010225356,135.0,0.04739120800513774,139.0,0,0.9712230215827338
erdos_renyi,50,19,178,50,178,0.14530612244897959,7.12,14,3,2.542754412050051,0.12266477966477966,4,2.1640816326530614,1.8934835878328584,15.855626644451283,1.8934835878328584,8.069149336015311,-5.281206331974438,1,91.0,0.00016433303244411945,120.0,0.0004487918922677636,136.0,0.0007047919789329171,136.0,0.036922084051184356,136.0,0.04749658307991922,136.0,0,1.0
erdos_renyi,50,20,177,50,177,0.14448979591836736,7.08,14,2,2.512687803926305,0.15918226218226217,4,2.156734693877551,1.5444355755606995,15.851984387773486,1.5444355755606995,7.945904291101467,-4.9123093674045695,1,94.0,0.00027904100716114044,131.0,0.0006740840617567301,129.0,0.00079774996265769,132.0,0.030432416941039264,129.0,0.047381917014718056,132.0,0,0.9772727272727273
erdos_renyi,50,21,183,50,183,0.1493877551020408,7.32,13,3,2.0730653631759903,0.1462121212121212,4,2.1412244897959183,2.043425490610731,15.545991147755844,2.043425490610731,8.088585794921128,-4.88811327668181,1,103.0,0.0001717080594971776,126.0,0.0008369579445570707,131.0,0.0011365829268470407,133.0,0.04898350010626018,133.0,0.04758374998345971,133.0,0,1.0
erdos_renyi,50,22,193,50,193,0.15755102040816327,7.72,13,1,2.577130186855138,0.16909956709956708,4,2.1061224489795918,0.8962786767794642,15.796496663722046,0.8962786767794642,8.621200115514851,-5.055245307190243,1,98.0,0.00020883302204310894,129.0,0.0004972910974174738,141.0,0.0007675419328734279,144.0,0.03703916689846665,142.0,0.04841787496116012,144.0,0,0.9861111111111112
erdos_renyi,50,23,186,50,186,0.15183673469387754,7.44,14,3,2.546841180757057,0.17643767343767344,3,2.1183673469387756,2.347791263974109,16.135574099378108,2.347791263974109,8.31228827202155,-4.754275945387512,1,99.0,0.0001655840314924717,126.0,0.0004638340324163437,130.0,0.0007200000109151006,133.0,0.036727124941535294,133.0,0.04860862507484853,133.0,0,1.0
erdos_renyi,50,24,186,50,186,0.15183673469387754,7.44,14,3,2.4832237112270006,0.19022211122211122,4,2.1453061224489796,1.691631638515931,15.678437460267988,1.691631638515931,8.379070723056351,-4.996620769219596,1,93.0,0.00016541604418307543,134.0,0.0004676660755649209,130.0,0.0007155420025810599,135.0,0.04873908299487084,134.0,0.04620945907663554,135.0,0,0.9925925925925926
erdos_renyi,50,25,173,50,173,0.14122448979591837,6.92,17,2,2.4967178454923573,0.14364493676258383,4,2.1951020408163266,1.3681770337742596,18.469996204409668,1.3681770337742596,7.8097955337854685,-4.74960482827851,1,90.0,0.0001651250058785081,123.0,0.0004481249488890171,123.0,0.0007050409913063049,128.0,0.03726229094900191,127.0,0.04635366704314947,128.0,0,0.9921875
erdos_renyi,50,26,178,50,178,0.14530612244897959,7.12,12,3,2.1414014102918677,0.12847474747474746,4,2.140408163265306,2.0440465407431168,13.77756509731003,2.0440465407431168,7.775575981788359,-4.784461902106545,1,69.0,0.00018904206808656454,128.0,0.0004558330401778221,127.0,0.0007266249740496278,134.0,0.031346416915766895,129.0,0.0465807500295341,134.0,0,0.9626865671641791
erdos_renyi,50,27,190,50,190,0.15510204081632653,7.6,13,3,2.4657656011875906,0.1621149961149961,4,2.0995918367346937,2.2617480789818525,15.43790254506783,2.2617480789818525,8.403088164726917,-5.202081353584008,1,80.0,0.0002335000317543745,123.0,0.00048216700088232756,135.0,0.0007899170741438866,141.0,0.033411166979931295,135.0,0.045968040940351784,141.0,0,0.9574468085106383
erdos_renyi,50,28,178,50,178,0.14530612244897959,7.12,13,4,2.2148589119851403,0.16011122211122208,4,2.1689795918367345,1.9384697968245406,15.03457444075053,1.9384697968245406,7.944454924689687,-4.41671643209369,1,94.0,0.00020083400886505842,119.0,0.0004551250021904707,127.0,0.0008079999824985862,130.0,0.03630870790220797,127.0,0.046889582998119295,130.0,0,0.9769230769230769
erdos_renyi,50,29,177,50,177,0.14448979591836736,7.08,11,2,2.4806450773941844,0.13082683982683982,4,2.162448979591837,1.6346402925702443,14.20181871530281,1.6346402925702443,7.935559353351386,-4.955890231611308,1,90.0,0.00018524995539337397,119.0,0.0004503750242292881,131.0,0.0008123749867081642,133.0,0.03649204201065004,133.0,0.04790574999060482,133.0,0,1.0
erdos_renyi,100,0,701,100,701,0.1416161616161616,14.02,23,6,3.4698126750589866,0.14681959144787252,3,1.97979797979798,5.290087621004745,25.448096166670148,5.290087621004745,14.901260527464256,-6.9833645162939035,1,333.0,0.0003541249316185713,444.0,0.0010621249675750732,464.0,0.004242999944835901,471.0,0.1627742920536548,470.0,0.057600292027927935,471.0,0,0.9978768577494692
erdos_renyi,100,1,768,100,768,0.15515151515151515,15.36,24,8,3.4308016555901335,0.15301283166662086,3,1.9185858585858586,6.312738866245276,26.695555833851948,6.312738866245276,16.138837486513836,-6.963160983568792,1,356.0,0.0003434580285102129,503.0,0.00234112492762506,501.0,0.003331499989144504,513.0,0.1395506669068709,499.0,0.05860566592309624,513.0,0,0.9727095516569201
erdos_renyi,100,2,744,100,744,0.1503030303030303,14.88,22,8,3.3860891896109293,0.1468052809763336,3,1.9395959595959595,6.516587875375986,25.538286237121863,6.516587875375986,15.682807504945984,-7.261050108265506,1,371.0,0.0003677919739857316,484.0,0.0014990000054240227,490.0,0.002694541006349027,503.0,0.1399522089632228,506.0,0.060395624954253435,503.0,1,1.0059642147117296
erdos_renyi,100,3,746,100,746,0.1507070707070707,14.92,22,7,3.431267987202398,0.15025335964345252,3,1.9397979797979799,5.963264375646607,25.344046300002436,5.963264375646607,15.73066239890085,-6.999541384515529,1,349.0,0.0003165000816807151,491.0,0.00333708303514868,497.0,0.0030365410493686795,501.0,0.13777241704519838,486.0,0.05812962504569441,501.0,0,0.9700598802395209
erdos_renyi,100,4,761,100,761,0.15373737373737373,15.22,24,4,3.392874887171644,0.15112976901353534,3,1.9187878787878787,3.714622144771161,26.817875325898626,3.714622144771161,15.982112005869205,-7.24313510267901,1,382.0,0.0003221669467166066,477.0,0.0014734580181539059,494.0,0.003323082928545773,510.0,0.16061633301433176,503.0,0.059469084022566676,510.0,0,0.9862745098039216
erdos_renyi,100,5,719,100,719,0.14525252525252524,14.38,25,7,3.6435696782139346,0.14690208312499334,3,1.9593939393939395,5.544850561092867,27.359164433741093,5.544850561092867,15.333335225066474,-6.869021239309706,1,366.0,0.0003105420619249344,468.0,0.002143207937479019,474.0,0.0027406670851632953,481.0,0.13627337501384318,477.0,0.05567708401940763,481.0,0,0.9916839916839917
erdos_renyi,100,6,741,100,741,0.1496969696969697,14.82,24,6,3.567576208015745,0.14785273159260237,3,1.9375757575757575,5.524641762936489,26.700765414999463,5.524641762936489,15.686306169090475,-6.692720606393813,1,369.0,0.0003217909252271056,490.0,0.0018305410631000996,491.0,0.003622625023126602,490.0,0.16285491595044732,476.0,0.057959666941314936,491.0,0,0.9694501018329938
erdos_renyi,100,7,740,100,740,0.1494949494949495,14.8,22,8,3.1240998703626617,0.14513324747148276,3,1.9333333333333333,6.686318744355485,25.31579999910876,6.686318744355485,15.465770715257552,-6.7815904000365075,1,370.0,0.00032008299604058266,478.0,0.002582874963991344,497.0,0.0028737910324707627,496.0,0.13766033307183534,497.0,0.05808195797726512,497.0,0,1.0
erdos_renyi,100,8,720,100,720,0.14545454545454545,14.4,26,5,3.8288379438153295,0.1525720093781273,3,1.9602020202020203,4.332175538301179,28.023896244588713,4.332175538301179,15.49139932408202,-7.052426768121032,1,375.0,0.0005211670650169253,468.0,0.0019099590135738254,475.0,0.0030162909533828497,488.0,0.13673841604031622,481.0,0.05894858296960592,488.0,0,0.985655737704918
erdos_renyi,100,9,693,100,693,0.14,13.86,21,7,3.331726279273254,0.13443304133087414,3,1.984040404040404,5.7408729205434375,24.597972484153892,5.7408729205434375,14.694149751566048,-7.012672097301971,1,371.0,0.00031112495344132185,462.0,0.0017176660476252437,467.0,0.0024446669267490506,468.0,0.13917049998417497,467.0,0.05924500001128763,468.0,0,0.9978632478632479
erdos_renyi,100,10,771,100,771,0.15575757575757576,15.42,23,7,3.6638231398363104,0.15711008879769817,3,1.9276767676767677,6.0149925918292135,26.60989325022858,6.0149925918292135,16.37502348699024,-7.195682809774564,1,382.0,0.00033304200042039156,507.0,0.0022947919787839055,506.0,0.0025814169785007834,513.0,0.1401510420255363,507.0,0.05134641600307077,513.0,0,0.9883040935672515
erdos_renyi,100,11,728,100,728,0.14707070707070707,14.56,23,9,3.0176812290233705,0.1481076960086921,3,1.9406060606060607,6.7329353215665675,25.79077001548182,6.7329353215665675,15.218481686944259,-6.841918380997363,1,355.0,0.0003322499105706811,468.0,0.001890833955258131,475.0,0.0026224999455735087,486.0,0.14171179104596376,489.0,0.05998583300970495,486.0,1,1.0061728395061729
erdos_renyi,100,12,704,100,704,0.14222222222222222,14.08,26,7,3.3216863187242702,0.1357453075648122,3,1.9747474747474747,6.028319006139443,27.97331282507985,6.028319006139443,14.902854261412422,-7.002850046969419,1,359.0,0.00030587497167289257,477.0,0.0017496669897809625,471.0,0.00281037506647408,478.0,0.13582845905330032,479.0,0.057472667074762285,478.0,1,1.002092050209205
erdos_renyi,100,13,741,100,741,0.1496969696969697,14.82,25,7,3.8558526942817717,0.16148399395133814,3,1.9448484848484848,5.9948613478651325,27.279061545509695,5.9948613478651325,15.820466634871213,-6.646457263577707,1,361.0,0.0003535000141710043,480.0,0.0022002499317750335,481.0,0.0029044579714536667,487.0,0.13644545804709196,475.0,0.05970304203219712,487.0,0,0.9753593429158111
erdos_renyi,100,14,759,100,759,0.15333333333333332,15.18,22,6,3.647958333095377,0.15832652864851007,3,1.9365656565656566,5.46425505081968,26.155684998599884,5.46425505081968,16.15537738398345,-7.380268964315175,1,386.0,0.000321083003655076,485.0,0.0018700420623645186,509.0,0.0030314999166876078,506.0,0.13733137503731996,502.0,0.05828445800580084,509.0,0,0.9862475442043221
erdos_renyi,100,15,742,100,742,0.1498989898989899,14.84,23,7,3.4719447000204364,0.15501679845259062,3,1.9381818181818182,6.102475378462617,25.892746495450556,6.102475378462617,15.702880117294988,-6.799089543491222,1,364.0,0.0003173749428242445,492.0,0.0025812910171225667,489.0,0.003260833094827831,498.0,0.1374058339279145,486.0,0.05932929099071771,498.0,0,0.9759036144578314
erdos_renyi,100,16,738,100,738,0.14909090909090908,14.76,23,7,3.234563339927045,0.14661154785374061,3,1.9375757575757575,6.0521493444158825,25.872235546741926,6.0521493444158825,15.491286344660352,-7.148892137707984,1,358.0,0.000314457924105227,478.0,0.0022049580002203584,484.0,0.0025200420059263706,499.0,0.1379315829835832,487.0,0.05859841697383672,499.0,0,0.9759519038076152
erdos_renyi,100,17,697,100,697,0.1408080808080808,13.94,24,6,3.6927496530363384,0.13890074582691356,3,1.974949494949495,5.097637931974208,26.276806601382397,5.097637931974208,14.914862689121573,-6.949049372517886,1,353.0,0.000308999908156693,473.0,0.0013791249366477132,455.0,0.002964666928164661,470.0,0.16032733407337219,456.0,0.05880920891650021,473.0,0,0.9640591966173362
erdos_renyi,100,18,740,100,740,0.1494949494949495,14.8,25,6,3.3763886032268267,0.1499491186831744,3,1.9533333333333334,5.370190572774729,27.134093106179282,5.370190572774729,15.639826295819617,-7.135345137005661,1,359.0,0.00031762500293552876,481.0,0.00210004101973027,487.0,0.0038873329758644104,500.0,0.14187695807777345,489.0,0.05827625002712011,500.0,0,0.978
erdos_renyi,100,19,731,100,731,0.14767676767676768,14.62,23,6,3.534911597197305,0.1410631557909792,3,1.9515151515151514,5.310357081656619,26.073031022356993,5.310357081656619,15.549486559798044,-7.3214421983272215,1,377.0,0.0003167919348925352,460.0,0.0014350420096889138,469.0,0.0032052089227363467,498.0,0.1634588330052793,482.0,0.057948666042648256,498.0,0,0.9678714859437751
erdos_renyi,100,20,732,100,732,0.1478787878787879,14.64,22,8,3.4308016555901335,0.15195218945141545,3,1.9464646464646465,6.547797669142478,25.173289834040915,6.547797669142478,15.434822471403923,-7.03753531103623,1,381.0,0.00031741708517074585,485.0,0.002123874961398542,488.0,0.0026914579793810844,494.0,0.14382708293851465,486.0,0.05922925006598234,494.0,0,0.9838056680161943
erdos_renyi,100,21,723,100,723,0.14606060606060606,14.46,21,7,3.421753936214585,0.14794868676215425,3,1.962020202020202,5.597904854668708,24.82541728411192,5.597904854668708,15.366721246748458,-6.768184817779996,1,372.0,0.0003717920044437051,467.0,0.0018048749770969152,474.0,0.0025909999385476112,478.0,0.1369989999802783,479.0,0.058060582960024476,478.0,1,1.002092050209205
erdos_renyi,100,22,735,100,735,0.1484848484848485,14.7,23,8,3.629049462324811,0.14660948338465501,3,1.9527272727272726,6.302585721255187,25.990911711518375,6.302585721255187,15.710693188248726,-7.061234246140868,1,377.0,0.00031683396082371473,478.0,0.0018034580862149596,489.0,0.002909832983277738,499.0,0.1396237090229988,489.0,0.058415791019797325,499.0,0,0.9799599198396793
erdos_renyi,100,23,761,100,761,0.15373737373737373,15.22,26,5,3.500228563965502,0.1529214560450393,3,1.923838383838384,4.655283608972008,28.313328402772484,4.655283608972008,16.01535145886209,-7.18476082331459,1,362.0,0.0003233749885112047,499.0,0.002281875000335276,516.0,0.002925792010501027,507.0,0.12214333296287805,512.0,0.057431665947660804,516.0,0,0.9922480620155039
erdos_renyi,100,24,761,100,761,0.15373737373737373,15.22,27,6,3.63477647180676,0.15845115712971414,3,1.928080808080808,5.404708602434348,29.365965918446737,5.404708602434348,16.1104440814109,-6.98925359704866,1,375.0,0.00033179193269461393,493.0,0.0026354999281466007,491.0,0.0025674160569906235,503.0,0.13907845795620233,495.0,0.05960720789153129,503.0,0,0.9840954274353877
erdos_renyi,100,25,732,100,732,0.1478787878787879,14.64,23,8,3.1129407318482625,0.14888751575745116,3,1.9454545454545455,6.5218709953331455,25.43560040849624,6.5218709953331455,15.32620628228521,-6.76070466901018,1,375.0,0.00031633395701646805,472.0,0.0025723750004544854,482.0,0.0034290840849280357,486.0,0.13597245793789625,481.0,0.05806641699746251,486.0,0,0.9897119341563786
erdos_renyi,100,26,710,100,710,0.14343434343434344,14.2,20,4,3.1937438845342623,0.13368989197936565,3,1.9616161616161616,3.72750269355078,23.72030250446005,3.72750269355078,14.918802727316663,-6.942849291695876,1,328.0,0.00030416599474847317,466.0,0.0021262079244479537,486.0,0.0028140420326963067,479.0,0.17196824995335191,484.0,0.05599549994803965,486.0,0,0.9958847736625515
erdos_renyi,100,27,738,100,738,0.14909090909090908,14.76,24,8,3.295815528818323,0.14703411183273885,3,1.9387878787878787,5.955188931234288,26.50256615234798,5.955188931234288,15.536296298342254,-6.882686696489165,1,362.0,0.0003402919974178076,473.0,0.0018145829671993852,487.0,0.00253800000064075,492.0,0.13694458303507417,492.0,0.0565304160118103,492.0,0,1.0
erdos_renyi,100,28,756,100,756,0.15272727272727274,15.12,24,4,3.5896517936981023,0.15684363448056407,3,1.935151515151515,3.6533637892852373,26.721926704593486,3.6533637892852373,15.985893946360296,-7.150527927626449,1,358.0,0.00032058299984782934,478.0,0.0018512080423533916,512.0,0.0034973329165950418,507.0,0.13931829202920198,491.0,0.05919716600328684,512.0,0,0.958984375
erdos_renyi,100,29,744,100,744,0.1503030303030303,14.88,21,8,2.9403401163810963,0.13623794806844342,3,1.9305050505050505,6.736244653750713,24.82799451709063,6.736244653750713,15.462941487077284,-6.905380975230583,1,338.0,0.0003160000778734684,480.0,0.0018624169752001762,493.0,0.0025312500074505806,497.0,0.2139475418953225,496.0,0.058226458029821515,497.0,0,0.9979879275653923
planted_partition,20,0,35,20,35,0.18421052631578946,3.5,6,1,1.3228756555322954,0.3183333333333333,6,2.7,0.31680318868288276,8.093171595497068,0.31680318868288276,4.203326534982672,-2.972451596689245,1,19.0,0.00014750007539987564,25.0,0.00016487506218254566,28.0,0.0002870000898838043,28.0,0.00911587500013411,28.0,0.04416291695088148,28.0,0,1.0
planted_partition,20,1,31,20,31,0.1631578947368421,3.1,6,1,1.445683229480096,0.19666666666666668,7,3.0473684210526315,0.17865044965241042,7.756478229147342,0.17865044965241042,3.9164350449894387,-2.9518547053362028,1,16.0,0.00012458302080631256,26.0,0.00018158310558646917,25.0,0.00025575002655386925,26.0,0.010045584058389068,25.0,0.04222483397461474,26.0,0,0.9615384615384616
planted_partition,20,2,35,20,35,0.18421052631578946,3.5,6,1,1.6278820596099706,0.41833333333333333,7,2.8157894736842106,0.22326225295637664,7.8442450903639624,0.22326225295637664,4.213469253654978,-2.8206557652732194,1,17.0,0.00012441701255738735,25.0,0.00016487506218254566,28.0,0.00025399995502084494,28.0,0.011375666945241392,28.0,0.040229792008176446,28.0,0,1.0
planted_partition,20,3,40,20,40,0.21052631578947367,4.0,5,2,0.8944271909999159,0.3616666666666667,5,2.4473684210526314,0.41716672551905387,7.370836496300254,0.41716672551905387,4.204739963112235,-2.9465638697730276,1,22.0,0.00017204193864017725,28.0,0.00019812502432614565,31.0,0.0002773340092971921,31.0,0.00775883300229907,31.0,0.040578083018772304,31.0,0,1.0
planted_partition,20,4,35,20,35,0.18421052631578946,3.5,6,1,1.6278820596099706,0.3283333333333333,5,2.6789473684210527,0.2400895479893463,8.184606312291933,0.2400895479893463,4.567104264963767,-3.004619285190674,1,21.0,0.00012770795729011297,27.0,0.00016783305909484625,26.0,0.00026470806915313005,28.0,0.009374666959047318,28.0,0.04013724997639656,28.0,0,1.0
planted_partition,20,5,33,20,33,0.1736842105263158,3.3,5,1,1.2688577540449522,0.4683333333333334,6,2.8421052631578947,0.2260781956360926,7.167794816333013,0.2260781956360926,3.8986352685131025,-2.5867146631804543,1,10.0,0.0001252919901162386,24.0,0.00018733402248471975,25.0,0.0002846660790964961,25.0,0.01272945897653699,25.0,0.04141466598957777,25.0,0,1.0
planted_partition,20,6,36,20,36,0.18947368421052632,3.6,7,1,1.5297058540778354,0.42666666666666664,5,2.642105263157895,0.2949832180396928,8.35786492024956,0.2949832180396928,4.476432846719671,-2.7470314951286863,1,16.0,0.00012441701255738735,27.0,0.00016612501349300146,27.0,0.0002776249311864376,27.0,0.012983250082470477,27.0,0.041218249942176044,27.0,0,1.0
planted_partition,20,7,32,20,32,0.16842105263157894,3.2,5,1,1.0295630140987,0.24166666666666664,6,2.8526315789473684,0.19461809861783397,6.967143711412947,0.19461809861783397,3.6736863161343827,-2.8497460500413236,1,18.0,0.0001246670726686716,24.0,0.00016075000166893005,26.0,0.00025474990252405405,26.0,0.009564416017383337,26.0,0.04017512500286102,26.0,0,1.0
planted_partition,20,8,40,20,40,0.21052631578947367,4.0,7,1,1.6431676725154984,0.29238095238095235,4,2.2157894736842105,0.6659585261305041,8.893310549840004,0.6659585261305041,4.647875653755447,-3.1746074529386954,1,24.0,0.0001279159914702177,28.0,0.00016924994997680187,30.0,0.0002798748901113868,32.0,0.0077622500248253345,30.0,0.03966058301739395,32.0,0,0.9375
planted_partition,20,9,32,20,32,0.16842105263157894,3.2,6,1,1.3638181696985856,0.18666666666666668,5,2.721052631578947,0.3077171887000797,7.403743132164605,0.3077171887000797,4.183972020002209,-2.854992395821849,1,15.0,0.0001236669486388564,24.0,0.00016483396757394075,27.0,0.00027199997566640377,27.0,0.007437165942974389,27.0,0.039274832932278514,27.0,0,1.0
planted_partition,20,10,38,20,38,0.2,3.8,6,1,1.5684387141358123,0.36,5,2.4368421052631577,0.38986267711114775,7.9280894414389484,0.38986267711114775,4.513774453315917,-2.795230693064437,1,17.0,0.0001265830360352993,28.0,0.0001682910369709134,28.0,0.0002775830216705799,29.0,0.008692500065080822,29.0,0.04081124998629093,29.0,0,1.0
planted_partition,20,11,41,20,41,0.21578947368421053,4.1,8,1,1.786057109949175,0.3844047619047619,5,2.3421052631578947,0.46889840811019234,9.758249364284858,0.46889840811019234,4.983572597674868,-3.5783319017743804,1,17.0,0.00012629199773073196,31.0,0.00019474991131573915,33.0,0.0002652079565450549,33.0,0.014599958085455,33.0,0.03928516595624387,33.0,0,1.0
planted_partition,20,12,32,20,32,0.16842105263157894,3.2,5,2,1.1224972160321824,0.2833333333333333,5,2.6315789473684212,0.3590721778186574,7.38388744513313,0.3590721778186574,3.5744405149007,-3.176593234890778,1,18.0,0.00013258308172225952,23.0,0.00018049997743219137,28.0,0.0002644159831106663,28.0,0.009433208033442497,28.0,0.03884200006723404,28.0,0,1.0
planted_partition,20,13,36,20,36,0.18947368421052632,3.6,6,2,1.0677078252031311,0.215,6,2.668421052631579,0.3014203247536279,7.909028112588081,0.3014203247536279,3.9077313934734206,-3.2627992795267717,1,17.0,0.000128875020891428,28.0,0.00016691605560481548,31.0,0.00026458397042006254,31.0,0.008436125004664063,31.0,0.03945904097054154,31.0,0,1.0
planted_partition,20,14,32,20,32,0.16842105263157894,3.2,7,1,1.5362291495737217,0.4523809523809524,6,3.405263157894737,0.10871780540040858,8.193659263279407,0.10871780540040858,4.616476331225701,-2.467221600522128,1,14.0,0.00012829189654439688,25.0,0.00020600005518645048,25.0,0.00027666694950312376,25.0,0.014923124923370779,24.0,0.040967416018247604,25.0,0,0.96
planted_partition,20,15,40,20,40,0.21052631578947367,4.0,7,2,1.6431676725154984,0.35,5,2.294736842105263,0.4728733011361109,8.978409165605711,0.4728733011361109,4.834552998274751,-3.142465560690587,1,19.0,0.00012433307711035013,29.0,0.0001745839836075902,31.0,0.00028362497687339783,31.0,0.007733165984973311,31.0,0.04097033303696662,31.0,0,1.0
planted_partition,20,16,30,20,30,0.15789473684210525,3.0,6,1,1.224744871391589,0.195,6,2.963157894736842,0.1359789798635959,7.54859504186747,0.1359789798635959,3.71816256775211,-2.891770063124183,1,20.0,0.00013058295007795095,26.0,0.00015995802823454142,24.0,0.0002644169144332409,26.0,0.007664875010959804,24.0,0.041437292005866766,26.0,0,0.9230769230769231
planted_partition,20,17,45,20,45,0.23684210526315788,4.5,8,1,1.7748239349298849,0.38976190476190475,5,2.210526315789474,0.46597254774314906,9.634391567146224,0.46597254774314906,5.484706975884613,-3.200815101810115,1,21.0,0.0001295830588787794,33.0,0.0002026660367846489,33.0,0.00029766594525426626,34.0,0.008643624954856932,34.0,0.04107929207384586,34.0,0,1.0
planted_partition,20,18,47,20,47,0.24736842105263157,4.7,9,2,1.5524174696260025,0.3125,4,2.031578947368421,1.1070580270606813,10.41500624583804,1.1070580270606813,5.314159667298067,-3.1856843395486005,1,26.0,0.000132082961499691,34.0,0.00021199998445808887,35.0,0.00029329198878258467,36.0,0.007478708052076399,35.0,0.040885500027798116,36.0,0,0.9722222222222222
planted_partition,20,19,32,20,32,0.16842105263157894,3.2,6,1,1.3638181696985856,0.18833333333333332,6,2.7526315789473683,0.2578837512613183,7.481910434987622,0.2578837512613183,3.930101561815282,-2.8201831586274566,1,14.0,0.00012600002810359,26.0,0.00018279103096574545,27.0,0.00027412502095103264,27.0,0.007910000043921173,27.0,0.04239591700024903,27.0,0,1.0
planted_partition,20,20,40,20,40,0.21052631578947367,4.0,6,2,1.0488088481701516,0.38666666666666666,5,2.4842105263157896,0.3045768541631201,8.097191651068329,0.3045768541631201,4.36884089869074,-3.192017612364357,1,18.0,0.00012608396355062723,30.0,0.00016916694585233927,31.0,0.000282999943010509,31.0,0.011162291979417205,31.0,0.04039149999152869,31.0,0,1.0
planted_partition,20,21,32,20,32,0.16842105263157894,3.2,7,2,1.1224972160321824,0.3392857142857143,8,3.3263157894736843,0.10173654035206268,8.145060180850999,0.10173654035206268,3.957142986053156,-2.5225647502726174,1,14.0,0.00012220791541039944,23.0,0.0001609170576557517,25.0,0.00027116702403873205,25.0,0.0075829579727724195,25.0,0.04052483395207673,25.0,0,1.0
planted_partition,20,22,40,20,40,0.21052631578947367,4.0,7,2,1.449137674618944,0.4757142857142857,5,2.3526315789473684,0.4970991949264037,8.329897141194586,0.4970991949264037,4.560701943641328,-2.6886210222170983,1,22.0,0.0001237909309566021,29.0,0.00016633293125778437,30.0,0.00028216594364494085,31.0,0.009773749974556267,30.0,0.0431392079917714,31.0,0,0.967741935483871
planted_partition,20,23,35,20,35,0.18421052631578946,3.5,7,1,1.466287829861518,0.37214285714285716,6,2.694736842105263,0.23032903643557398,8.504890689682025,0.23032903643557398,4.285322375254945,-3.0168060333177906,1,17.0,0.00016604200936853886,26.0,0.00044587498996406794,27.0,0.0005118749104440212,28.0,0.010556375025771558,28.0,0.04474170901812613,28.0,0,1.0
planted_partition,20,24,37,20,37,0.19473684210526315,3.7,6,1,1.4177446878757827,0.43499999999999994,7,2.9105263157894736,0.17064602040520097,8.038349379062934,0.17064602040520097,4.7454312441423925,-2.9825092219254414,1,15.0,0.00012445799075067043,27.0,0.00022787495981901884,30.0,0.000328624970279634,30.0,0.013790249940939248,30.0,0.04045345890335739,30.0,0,1.0
planted_partition,20,25,39,20,39,0.20526315789473684,3.9,6,2,1.1789826122551597,0.35,5,2.4368421052631577,0.45190107457919587,7.811252926962001,0.45190107457919587,4.455792653219621,-2.750319679735564,1,17.0,0.00013120891526341438,27.0,0.00017104193102568388,30.0,0.0003084170166403055,30.0,0.008428458939306438,30.0,0.04047820798587054,30.0,0,1.0
planted_partition,20,26,36,20,36,0.18947368421052632,3.6,7,1,1.7146428199482247,0.4864285714285714,4,2.473684210526316,0.43175327322143403,8.898932417486513,0.43175327322143403,4.343654064234563,-2.659048317865936,1,14.0,0.00012708303984254599,25.0,0.00016316701658070087,27.0,0.00028004206251353025,28.0,0.008576666004955769,26.0,0.040035416022874415,28.0,0,0.9285714285714286
planted_partition,20,27,34,20,34,0.17894736842105263,3.4,7,1,1.5620499351813308,0.11785714285714285,5,2.3842105263157896,0.5285939697964076,8.648277879437385,0.5285939697964076,4.223261806745453,-3.2473201803311595,1,16.0,0.000131291919387877,25.0,0.00016804097685962915,29.0,0.00027329090517014265,29.0,0.008911749930121005,29.0,0.03948812501039356,29.0,0,1.0
planted_partition,20,28,39,20,39,0.20526315789473684,3.9,8,2,1.57797338380595,0.2019047619047619,5,2.5052631578947366,0.3863047175107343,9.323662075920424,0.3863047175107343,4.94931481038531,-3.193846134765435,1,17.0,0.0001325838966295123,31.0,0.0001749579096212983,32.0,0.00028912501875311136,32.0,0.008618541993200779,32.0,0.03913616598583758,32.0,0,1.0
planted_partition,20,29,33,20,33,0.1736842105263158,3.3,6,1,1.3453624047073711,0.2533333333333333,6,2.7526315789473683,0.24183076060519226,7.77664637773952,0.24183076060519226,3.941652849916186,-2.9801287283242974,1,17.0,0.00014995795208960772,25.0,0.00017637491691857576,27.0,0.00031387503258883953,27.0,0.008385833934880793,27.0,0.03940241597592831,27.0,0,1.0
planted_partition,50,0,235,50,235,0.19183673469387755,9.4,16,6,2.553429066960741,0.3552319347319347,4,2.0742857142857143,1.7037861009671165,18.038830282459273,1.7037861009671165,10.213393869308314,-4.874767260921423,1,117.0,0.000173417036421597,155.0,0.0005454999627545476,159.0,0.0011591670336201787,163.0,0.038472166983410716,156.0,0.044257499976083636,163.0,0,0.9570552147239264
planted_partition,50,1,233,50,233,0.19020408163265307,9.32,15,4,2.2489108474992956,0.38069164169164166,4,2.1142857142857143,1.6071505692296035,16.872416209036892,1.6071505692296035,9.981821129634627,-4.770825053489454,1,115.0,0.00020458397921174765,154.0,0.00041629199404269457,149.0,0.0009201670764014125,157.0,0.05080008297227323,153.0,0.04362774989567697,157.0,0,0.9745222929936306
planted_partition,50,2,241,50,241,0.19673469387755102,9.64,14,5,1.9158288023724876,0.3435523365523365,4,2.042448979591837,1.9929124378408614,15.945377839744374,1.9929124378408614,10.015313965653636,-4.66952403473224,1,134.0,0.00020729098469018936,161.0,0.0005574999377131462,158.0,0.0009354999056085944,165.0,0.03759170894045383,163.0,0.045919999945908785,165.0,0,0.9878787878787879
planted_partition,50,3,249,50,249,0.20326530612244897,9.96,16,6,2.374531532744933,0.384546176046176,4,2.055510204081633,1.6850307034235439,18.28407718571569,1.6850307034235439,10.506777079505428,-4.624366018809408,1,136.0,0.00019287504255771637,159.0,0.00043349992483854294,161.0,0.0009444160386919975,168.0,0.05027979100123048,164.0,0.04461274994537234,168.0,0,0.9761904761904762
planted_partition,50,4,223,50,223,0.1820408163265306,8.92,13,5,2.018316129846858,0.34710589410589404,4,2.193469387755102,1.230398449043251,15.466520799031963,1.230398449043251,9.394098082168215,-4.725761941142524,1,121.0,0.0001942500239238143,147.0,0.0006388749461621046,153.0,0.0008897919906303287,160.0,0.03902233310509473,160.0,0.045674458029679954,160.0,0,1.0
planted_partition,50,5,223,50,223,0.1820408163265306,8.92,15,3,2.614115529199121,0.38584326784326783,4,2.2081632653061223,1.0856803137567748,17.15156365531851,1.0856803137567748,9.985477593397663,-4.629277038472575,1,110.0,0.00017175008542835712,146.0,0.0008171671070158482,146.0,0.0008145420579239726,157.0,0.04053562495391816,151.0,0.0434167500352487,157.0,0,0.9617834394904459
planted_partition,50,6,248,50,248,0.20244897959183675,9.92,14,5,2.14326853193901,0.3437035187035187,3,2.0481632653061226,1.8583957659608656,16.772738307176034,1.8583957659608656,10.392852258307842,-5.08691501888085,1,127.0,0.000201165908947587,164.0,0.0008271669503301382,171.0,0.0009448329219594598,171.0,0.03817712503951043,171.0,0.044271624996326864,171.0,0,1.0
planted_partition,50,7,241,50,241,0.19673469387755102,9.64,15,6,2.24285532302019,0.3254798534798535,3,2.0351020408163265,2.310041322659337,16.99424656053128,2.310041322659337,10.162481730348066,-5.110833307751723,1,126.0,0.0001977919600903988,163.0,0.0009467499330639839,167.0,0.001056208973750472,170.0,0.03872395807411522,163.0,0.04474295792169869,170.0,0,0.9588235294117647
planted_partition,50,8,233,50,233,0.19020408163265307,9.32,14,3,2.4202479211849353,0.31411821511821514,4,2.0677551020408163,1.9226496133928723,16.775112362584505,1.9226496133928723,10.275713605797842,-4.719906364647834,1,109.0,0.00018587498925626278,152.0,0.0006622499786317348,154.0,0.0008029579184949398,162.0,0.03628908400423825,158.0,0.045024249935522676,162.0,0,0.9753086419753086
planted_partition,50,9,237,50,237,0.19346938775510203,9.48,15,5,2.624804754643667,0.39936141636141637,4,2.089795918367347,1.6584252327228555,17.323436476557042,1.6584252327228555,10.294714439168365,-4.864919118771289,1,122.0,0.00017920800019055605,155.0,0.0005477080121636391,162.0,0.0013599160593003035,162.0,0.042421082966029644,162.0,0.04752558399923146,162.0,0,1.0
planted_partition,50,10,242,50,242,0.19755102040816327,9.68,18,4,2.7308606701917255,0.3317955182072829,4,2.063673469387755,1.8347611462876507,19.680235392655952,1.8347611462876507,10.614958742631707,-4.9899087799675845,1,126.0,0.0001777909928932786,162.0,0.0008046249859035015,160.0,0.0009234580211341381,172.0,0.03897004097234458,163.0,0.04509079200215638,172.0,0,0.9476744186046512
planted_partition,50,11,244,50,244,0.19918367346938776,9.76,15,6,2.168501786948768,0.34486446886446886,3,2.048979591836735,1.9824414095068748,17.355602316862278,1.9824414095068748,10.2493536834392,-5.067777467905903,1,126.0,0.00044770806562155485,160.0,0.000628374982625246,162.0,0.001169916009530425,167.0,0.051337125012651086,167.0,0.048233541077934206,167.0,0,1.0
planted_partition,50,12,237,50,237,0.19346938775510203,9.48,17,5,2.5786818338057915,0.38989169980346455,4,2.106938775510204,1.497098833741312,18.803169808022226,1.497098833741312,10.32919307832008,-4.722440377339879,1,118.0,0.00019466597586870193,155.0,0.000550083932466805,160.0,0.0008091250201687217,162.0,0.05058633291628212,162.0,0.04918495798483491,162.0,0,1.0
planted_partition,50,13,251,50,251,0.20489795918367346,10.04,17,5,2.5295058806019806,0.35084410687351864,4,2.008979591836735,2.1272245340663973,18.669267534655788,2.1272245340663973,10.84595992110198,-5.0106689005805745,1,129.0,0.0001806250074878335,165.0,0.0006972909905016422,169.0,0.0009422089206054807,171.0,0.037948875105939806,170.0,0.04910195793490857,171.0,0,0.9941520467836257
planted_partition,50,14,235,50,235,0.19183673469387755,9.4,15,4,2.4738633753705965,0.37727727827727825,4,2.0906122448979594,1.6604322792374284,16.984528167243113,1.6604322792374284,10.047792322664332,-4.912486543083628,1,107.0,0.0001972500467672944,160.0,0.0005513340001925826,161.0,0.0009173329453915358,165.0,0.03787849994841963,163.0,0.04523412510752678,165.0,0,0.9878787878787879
planted_partition,50,15,239,50,239,0.19510204081632654,9.56,15,2,2.765212469232699,0.3865924075924076,4,2.1053061224489795,1.3198243895141797,17.13644415291331,1.3198243895141797,10.55516170372546,-4.7054732305998055,1,119.0,0.0001888750120997429,157.0,0.0005513750948011875,160.0,0.0009300829842686653,163.0,0.032940292032435536,162.0,0.044660292100161314,163.0,0,0.9938650306748467
planted_partition,50,16,220,50,220,0.17959183673469387,8.8,15,5,2.1354156504062622,0.33186291486291486,4,2.159183673469388,1.5254554508216598,17.197494404927117,1.5254554508216598,9.678306941148197,-5.078405512985954,1,98.0,0.0001865000231191516,151.0,0.0008641249733045697,149.0,0.0007672079373151064,154.0,0.04965762502979487,150.0,0.047414167085662484,154.0,0,0.974025974025974
planted_partition,50,17,241,50,241,0.19673469387755102,9.64,15,5,2.287006777427649,0.3647611277611278,4,2.103673469387755,1.5094247541730565,16.64211260988717,1.5094247541730565,10.480730560121948,-4.717602806808152,1,114.0,0.00020270806271582842,160.0,0.0006793750217184424,157.0,0.0009255409240722656,166.0,0.05070712498854846,163.0,0.048839000053703785,166.0,0,0.9819277108433735
planted_partition,50,18,236,50,236,0.1926530612244898,9.44,16,5,2.2641554716935848,0.4149384504384504,4,2.1616326530612247,1.3232273713057359,17.635454440384933,1.3232273713057359,10.22416429376105,-4.4862169248758015,1,119.0,0.0001758750295266509,155.0,0.0006822500145062804,156.0,0.0009201670764014125,161.0,0.05784424999728799,153.0,0.047963208984583616,161.0,0,0.9503105590062112
planted_partition,50,19,227,50,227,0.1853061224489796,9.08,14,4,2.2435685859808254,0.3630980130980131,4,2.1730612244897958,1.4191941142294004,16.116379080035298,1.4191941142294004,9.791522519429297,-4.5092007117317525,1,112.0,0.0001960420049726963,151.0,0.000524083967320621,151.0,0.0009007919579744339,155.0,0.05161379196215421,147.0,0.04685083299409598,155.0,0,0.9483870967741935
planted_partition,50,20,256,50,256,0.2089795918367347,10.24,16,5,2.5499803920814763,0.40507542457542456,4,2.0261224489795917,1.8554656899584976,17.92160697644001,1.8554656899584976,10.859970911942211,-4.7907274072511505,1,130.0,0.0001764999469742179,168.0,0.0005720000481233001,167.0,0.0009553750278428197,171.0,0.03810679097659886,168.0,0.049511166056618094,171.0,0,0.9824561403508771
planted_partition,50,21,255,50,255,0.20816326530612245,10.2,15,6,2.2181073012818833,0.36614785214785217,4,2.027755102040816,1.8911098559727482,17.494921742263333,1.8911098559727482,10.769100650813833,-5.173163339505865,1,133.0,0.00019874994177371264,167.0,0.0007154170889407396,170.0,0.0009546249639242887,172.0,0.038295375066809356,169.0,0.04840116610284895,172.0,0,0.9825581395348837
planted_partition,50,22,234,50,234,0.1910204081632653,9.36,15,6,2.2428553230201898,0.363033966033966,4,2.11265306122449,1.5056910384496152,16.694264036227008,1.5056910384496152,9.873277152245088,-4.623933519862395,1,125.0,0.00017454090993851423,153.0,0.0006606660317629576,157.0,0.000791250029578805,159.0,0.03749274997971952,158.0,0.04837941599544138,159.0,0,0.9937106918238994
planted_partition,50,23,207,50,207,0.1689795918367347,8.28,13,3,2.2003636063160106,0.35515318015318015,4,2.220408163265306,1.229560135228116,15.400080680228456,1.229560135228116,9.08908349121486,-4.709119957003943,1,117.0,0.00021783309057354927,133.0,0.0006127499509602785,142.0,0.0007868750253692269,144.0,0.03767674998380244,144.0,0.04916599998250604,144.0,0,1.0
planted_partition,50,24,225,50,225,0.1836734693877551,9.0,18,5,2.6,0.3904382480264833,4,2.16734693877551,1.2098354258987134,19.29106317244706,1.2098354258987134,9.767549055991926,-4.463914081604093,1,116.0,0.00017354206647723913,149.0,0.0005267079686746001,144.0,0.0008900419343262911,157.0,0.0432933340780437,147.0,0.04656425002031028,157.0,0,0.9363057324840764
planted_partition,50,25,244,50,244,0.19918367346938776,9.76,15,4,2.2939921534303473,0.35665856365856363,4,2.0644897959183672,1.8829800787683473,17.1906577244291,1.8829800787683473,10.462744568216289,-4.964720544321461,1,125.0,0.00019316701218485832,162.0,0.0007000409532338381,159.0,0.0009448330383747816,172.0,0.04979700001422316,162.0,0.04821791697759181,172.0,0,0.9418604651162791
planted_partition,50,26,240,50,240,0.19591836734693877,9.6,13,6,1.7549928774784245,0.39756532356532354,4,2.133877551020408,1.24375188457162,15.753860679656793,1.24375188457162,9.918739116938957,-4.703707505396607,1,110.0,0.0001871669664978981,163.0,0.0006960000609979033,158.0,0.0010339169530197978,164.0,0.051251875003799796,158.0,0.04907262499909848,164.0,0,0.9634146341463414
planted_partition,50,27,228,50,228,0.18612244897959185,9.12,15,3,2.223870499826822,0.30085003885003886,4,2.093877551020408,1.8082249127313013,16.753890750949026,1.8082249127313013,9.893660216070234,-4.917291777615977,1,105.0,0.0001707079354673624,152.0,0.0005351670552045107,159.0,0.0009284159168601036,161.0,0.038354250020347536,159.0,0.045209708041511476,161.0,0,0.9875776397515528
planted_partition,50,28,259,50,259,0.21142857142857144,10.36,16,6,2.304430515333452,0.35507398157398157,3,1.9844897959183674,2.265818702125571,17.710777501794553,2.265818702125571,10.839126555102961,-5.157528241359433,1,137.0,0.00024079205468297005,173.0,0.0007354170083999634,173.0,0.00089554104488343,177.0,0.03412149997893721,178.0,0.047412665910087526,177.0,1,1.0056497175141244
planted_partition,50,29,241,50,241,0.19673469387755102,9.64,15,5,2.0857612519173907,0.4067139527139527,4,2.115918367346939,1.50319069791752,16.857076915849685,1.50319069791752,10.25297897985711,-4.569031688055797,1,130.0,0.00019791699014604092,154.0,0.000558416941203177,157.0,0.0008047079900279641,163.0,0.03854533296544105,159.0,0.04758808296173811,163.0,0,0.9754601226993865
planted_partition,100,0,984,100,984,0.1987878787878788,19.68,29,11,3.591322876044425,0.39138939714523024,3,1.9256565656565656,3.9428531322918112,31.068651119350655,3.9428531322918112,20.56445951833895,-6.918833325314889,1,488.0,0.00037983397487550974,611.0,0.003507666988298297,604.0,0.0035332500701770186,611.0,0.33284270903095603,607.0,0.06933820899575949,611.0,0,0.9934533551554828
planted_partition,100,1,974,100,974,0.19676767676767676,19.48,27,10,3.0707653769052428,0.3832103205160952,3,1.9391919191919191,3.4856607063872556,29.812682121003373,3.4856607063872556,19.98090486946259,-6.80027412070723,1,486.0,0.0003891660599038005,601.0,0.0029520420357584953,611.0,0.004920750041492283,609.0,0.17389195796567947,591.0,0.062000000034458935,611.0,0,0.967266775777414
planted_partition,100,2,916,100,916,0.18505050505050505,18.32,26,11,2.999599973329777,0.3521282468111449,3,1.9703030303030302,3.4937568496172497,28.49547814582296,3.4937568496172497,18.844036135745913,-6.8917680644671275,1,473.0,0.000381499994546175,566.0,0.0032805829541757703,571.0,0.0031350409844890237,587.0,0.2284390829736367,586.0,0.06504683394450694,587.0,0,0.9982964224872232
planted_partition,100,3,984,100,984,0.1987878787878788,19.68,31,11,3.4666410255461986,0.37707763446930714,3,1.9195959595959595,4.019597487162579,33.07730907268617,4.019597487162579,20.336370001330387,-6.8237118724124315,1,477.0,0.0003888329956680536,586.0,0.003128124983049929,598.0,0.0038588750176131725,614.0,0.20213995792437345,613.0,0.06108612508978695,614.0,0,0.998371335504886
planted_partition,100,4,972,100,972,0.19636363636363635,19.44,27,13,3.125123997539937,0.372973409884064,3,1.924040404040404,3.9965125232607948,29.537841326770355,3.9965125232607948,19.97074062740574,-6.532411699396396,1,494.0,0.0003666250267997384,578.0,0.0027442090213298798,594.0,0.0036689169937744737,605.0,0.16666975000407547,592.0,0.0604488750686869,605.0,0,0.9785123966942149
planted_partition,100,5,983,100,983,0.1985858585858586,19.66,28,12,3.569929971301958,0.35718748073491646,3,1.8995959595959595,4.42257056115984,30.73523103688514,4.42257056115984,20.30419224024619,-6.819464711120835,1,504.0,0.0003648750716820359,590.0,0.002353499992750585,614.0,0.003849000087939203,617.0,0.14479808299802244,613.0,0.06225312501192093,617.0,0,0.993517017828201
planted_partition,100,6,971,100,971,0.19616161616161615,19.42,30,12,2.8466822794263495,0.347425702091777,3,1.9088888888888889,4.595583251405376,31.70494227229492,4.595583251405376,19.959981934423688,-6.790972464539949,1,490.0,0.00036383303813636303,592.0,0.00230270903557539,601.0,0.003464957932010293,615.0,0.1712739170761779,585.0,0.05521941592451185,615.0,0,0.9512195121951219
planted_partition,100,7,950,100,950,0.1919191919191919,19.0,28,10,3.5637059362410923,0.36713695652149014,3,1.9492929292929293,3.863017481040921,30.315754403398948,3.863017481040921,19.916370342237137,-6.46698129571711,1,469.0,0.0003575000446289778,585.0,0.0031128330156207085,576.0,0.0035732920514419675,591.0,2.8223707081051543,588.0,0.06245779199525714,591.0,0,0.9949238578680203
planted_partition,100,8,936,100,936,0.1890909090909091,18.72,24,11,2.856851413707055,0.3711911674571521,3,1.974949494949495,3.2341424888699084,27.978116582558144,3.2341424888699084,19.347025231822844,-6.49648483855475,1,487.0,0.00037150003481656313,575.0,0.002218417008407414,577.0,0.004744375008158386,588.0,0.19195620901882648,576.0,0.06055649998597801,588.0,0,0.9795918367346939
planted_partition,100,9,973,100,973,0.19656565656565655,19.46,29,12,3.4768376436066153,0.3629491287099421,3,1.9216161616161616,3.881187330581864,30.764141953268137,3.881187330581864,20.11077182783316,-7.0810907211071585,1,492.0,0.0003652919549494982,600.0,0.004708833061158657,596.0,0.0035141250118613243,615.0,0.14549741602968425,602.0,0.05889891705010086,615.0,0,0.9788617886178862
planted_partition,100,10,953,100,953,0.19252525252525252,19.06,30,11,3.4229227277284537,0.3604017352741108,3,1.926060606060606,4.02343486024155,31.723111205699634,4.02343486024155,19.680886585836692,-6.61770986472539,1,463.0,0.0004044170491397381,591.0,0.003048707963898778,587.0,0.0045594999101012945,601.0,0.14572029106784612,600.0,0.05854566709604114,601.0,0,0.9983361064891847
planted_partition,100,11,955,100,955,0.19292929292929292,19.1,27,10,3.4914180500192185,0.3489282653639566,3,1.922020202020202,4.464886979073119,30.052587676549336,4.464886979073119,19.761703956274403,-6.996259490579041,1,465.0,0.0003563750069588423,590.0,0.0017882500542327762,591.0,0.0034202910028398037,608.0,0.16573412506841123,590.0,0.06267300003673881,608.0,0,0.9703947368421053
planted_partition,100,12,945,100,945,0.19090909090909092,18.9,30,9,3.7960505792204615,0.35626809038038426,3,1.9252525252525252,3.7967964321322905,31.98495194926131,3.7967964321322905,19.902378054826116,-6.763152459597678,1,490.0,0.0003600839991122484,580.0,0.0022655000211670995,574.0,0.0034198749344795942,594.0,0.1624481660546735,577.0,0.06086024991236627,594.0,0,0.9713804713804713
planted_partition,100,13,994,100,994,0.2008080808080808,19.88,29,13,3.2381476186239566,0.3802391866381773,3,1.8981818181818182,4.055574738036582,31.26985617131236,4.055574738036582,20.426689743644424,-6.648458583260091,1,496.0,0.0003650409635156393,609.0,0.003385332995094359,615.0,0.003994916914962232,617.0,0.1632373749744147,584.0,0.05806337494868785,617.0,0,0.946515397082658
planted_partition,100,14,980,100,980,0.19797979797979798,19.6,28,11,3.246536616149586,0.3918030598136602,3,1.945858585858586,3.2508311936310914,30.708649126003912,3.2508311936310914,20.25738022947909,-6.896014802650729,1,482.0,0.0003665420226752758,608.0,0.002805874915793538,600.0,0.0039594590198248625,619.0,0.16559762496035546,618.0,0.06063241697847843,619.0,0,0.9983844911147012
planted_partition,100,15,983,100,983,0.1985858585858586,19.66,28,11,3.5502675955482563,0.373447556862505,3,1.8995959595959595,4.476540432851981,30.47292318437872,4.476540432851981,20.31662749060944,-6.574984152355258,1,457.0,0.0003588330000638962,599.0,0.003250917070545256,593.0,0.0026815420715138316,614.0,0.13955775008071214,609.0,0.06190604099538177,614.0,0,0.99185667752443
planted_partition,100,16,963,100,963,0.19454545454545455,19.26,29,12,3.2668639396216066,0.3499857735872895,3,1.9076767676767676,4.557787930273467,31.369325042601623,4.557787930273467,19.829408483841874,-7.152657251340644,1,476.0,0.0003637080080807209,613.0,0.005201083025895059,602.0,0.003916457993909717,607.0,0.1490730830701068,599.0,0.06037058390211314,613.0,0,0.9771615008156607
planted_partition,100,17,969,100,969,0.19575757575757577,19.38,26,11,3.3638668225719046,0.3481334398547415,3,1.9113131313131313,4.550058110123583,29.247533158080564,4.550058110123583,20.037936335242975,-6.974747603175046,1,490.0,0.00043929205276072025,607.0,0.0037948329700157046,602.0,0.0031055419240146875,611.0,0.16717854200396687,601.0,0.05745129205752164,611.0,0,0.983633387888707
planted_partition,100,18,965,100,965,0.19494949494949496,19.3,28,11,3.2908965343808667,0.37163281683766947,3,1.9345454545454546,3.893173567799108,30.23094252775876,3.893173567799108,19.896204192160237,-6.659620606789994,1,488.0,0.00036174990236759186,586.0,0.00276374991517514,599.0,0.003825457999482751,604.0,0.19399958290159702,584.0,0.057268499978818,604.0,0,0.9668874172185431
planted_partition,100,19,978,100,978,0.19757575757575757,19.56,30,11,3.344607600302313,0.3622427002999577,3,1.9127272727272728,4.068296025832055,31.68198257292697,4.068296025832055,20.32884994540264,-6.895705479527661,1,480.0,0.00035737501457333565,595.0,0.002678500022739172,597.0,0.0031634169863536954,619.0,0.14948108396492898,592.0,0.05960199993569404,619.0,0,0.9563812600969306
planted_partition,100,20,975,100,975,0.19696969696969696,19.5,28,10,3.5902646142032486,0.3688503768044622,3,1.9127272727272728,4.160421997409666,30.282859403261764,4.160421997409666,20.172294731731995,-6.7421525169406165,1,503.0,0.00036399997770786285,596.0,0.003748582908883691,593.0,0.0037488749949261546,609.0,0.1455450840294361,601.0,0.0610206660348922,609.0,0,0.986863711001642
planted_partition,100,21,998,100,998,0.2016161616161616,19.96,27,11,3.352372294361114,0.3751120882933442,3,1.9074747474747475,4.163010860549253,30.135979750309172,4.163010860549253,20.66828642634576,-6.883675588031092,1,510.0,0.0003737499937415123,622.0,0.0038845420349389315,619.0,0.0030416660010814667,622.0,0.14065554190892726,621.0,0.06179145898204297,622.0,0,0.9983922829581994
planted_partition,100,22,951,100,951,0.1921212121212121,19.02,25,12,3.072393204002379,0.354752434698309,3,1.9236363636363636,4.089476556954148,28.300799170309336,4.089476556954148,19.509614071562005,-6.6644862536769764,1,477.0,0.0003566249506548047,578.0,0.0022589589934796095,587.0,0.0029366669477894902,599.0,0.19032291695475578,590.0,0.059911665972322226,599.0,0,0.9849749582637729
planted_partition,100,23,922,100,922,0.18626262626262627,18.44,26,11,3.3979994114184304,0.34806364314481825,3,1.9462626262626264,3.9422250417072515,28.99594194381853,3.9422250417072515,19.125295921663078,-6.64340298438831,1,450.0,0.00034858298022300005,563.0,0.0021939590806141496,578.0,0.0033181250328198075,580.0,0.1626977080013603,576.0,0.061663499916903675,580.0,0,0.993103448275862
planted_partition,100,24,998,100,998,0.2016161616161616,19.96,29,12,3.1934933849939315,0.38824688084498077,3,1.9183838383838383,3.977700284268103,31.234726924093025,3.977700284268103,20.522337916612152,-7.324947465366899,1,498.0,0.00037570809945464134,613.0,0.0033555409172549844,608.0,0.0035504159750416875,630.0,0.16546158294659108,627.0,0.06006412499118596,630.0,0,0.9952380952380953
planted_partition,100,25,1007,100,1007,0.20343434343434344,20.14,28,11,3.5384177254812634,0.37892604014168824,3,1.9022222222222223,4.489408188421111,30.679098812015386,4.489408188421111,20.791709279737454,-7.021642406737746,1,486.0,0.0003635419998317957,619.0,0.0037900840397924185,627.0,0.003696291008964181,632.0,0.14397158299107105,636.0,0.06285550002939999,632.0,1,1.0063291139240507
planted_partition,100,26,978,100,978,0.19757575757575757,19.56,29,12,3.1664491153340837,0.3482247091280298,3,1.8945454545454545,4.7080352041732905,30.934271506328066,4.7080352041732905,20.135329666594828,-6.897843882002865,1,453.0,0.00035687501076608896,604.0,0.0023067499278113246,610.0,0.0034823750611394644,611.0,0.1905012499773875,605.0,0.06253541598562151,611.0,0,0.9901800327332242
planted_partition,100,27,963,100,963,0.19454545454545455,19.26,27,10,3.354459718047006,0.3657381901975521,3,1.9256565656565656,3.9790153421826817,29.95357360313127,3.9790153421826817,19.88482260085073,-6.7827115465426395,1,496.0,0.00036395795177668333,592.0,0.002782207913696766,604.0,0.0038227919721975923,605.0,0.16483508399687707,585.0,0.057924916967749596,605.0,0,0.9669421487603306
planted_partition,100,28,998,100,998,0.2016161616161616,19.96,27,12,3.273896760742464,0.41338276672924,3,1.9397979797979799,3.3765882451996765,29.907060019068638,3.3765882451996765,20.600254248099304,-6.585850692751793,1,507.0,0.0003685830160975456,612.0,0.0023548330646008253,614.0,0.003517167060635984,619.0,0.16656779102049768,609.0,0.059421041049063206,619.0,0,0.9838449111470113
planted_partition,100,29,962,100,962,0.19434343434343435,19.24,27,13,3.1468079064347094,0.353004050445449,3,1.9167676767676767,4.197925836884518,29.25686608425206,4.197925836884518,19.99489523706942,-6.719799960163688,1,468.0,0.00035691598895937204,597.0,0.002687125001102686,596.0,0.00308824994135648,601.0,0.14258987503126264,602.0,0.06088400003500283,601.0,1,1.0016638935108153
random_regular,20,0,30,20,30,0.15789473684210525,3.0,3,3,0.0,0.2,7,3.2736842105263158,0.12479105792087211,5.670361321731027,0.12479105792087211,3.0000000000000004,-2.6703613217310287,1,18.0,0.0001425830414518714,25.0,0.00015845801681280136,26.0,0.0002530410420149565,26.0,0.011911208042874932,26.0,0.04329254198819399,26.0,0,1.0
random_regular,20,1,30,20,30,0.15789473684210525,3.0,3,3,0.0,0.0,5,2.7,0.4696807447037129,5.771689600388471,0.4696807447037129,3.000000000000001,-2.771689600388473,1,15.0,0.00016549997963011265,26.0,0.0001960420049726963,26.0,0.0003506659995764494,27.0,0.007594374939799309,27.0,0.042383374995552,27.0,0,1.0
random_regular,20,2,30,20,30,0.15789473684210525,3.0,3,3,0.0,0.2,5,2.8210526315789473,0.3176941115564745,5.533069641158483,0.3176941115564745,3.000000000000002,-2.533069641158485,1,17.0,0.00013366597704589367,24.0,0.00015666591934859753,25.0,0.00027020799461752176,25.0,0.009594167000614107,25.0,0.0405749169876799,25.0,0,1.0
random_regular,20,3,30,20,30,0.15789473684210525,3.0,3,3,0.0,0.05,5,2.6210526315789475,0.5393973385087573,5.822878793920728,0.5393973385087573,3.000000000000001,-2.8228787939207236,1,13.0,0.00012325006537139416,25.0,0.00018025003373622894,28.0,0.0002531250938773155,28.0,0.007492583943530917,28.0,0.04143525008112192,28.0,0,1.0
random_regular,20,4,30,20,30,0.15789473684210525,3.0,3,3,0.0,0.1,6,2.9368421052631577,0.36761025032153183,5.658573388042033,0.36761025032153183,3.0,-2.658573388042032,1,13.0,0.00012220803182572126,26.0,0.00018029194325208664,27.0,0.0002549999626353383,27.0,0.011380416923202574,27.0,0.0389145000372082,27.0,0,1.0
random_regular,20,5,30,20,30,0.15789473684210525,3.0,3,3,0.0,0.1,5,2.705263157894737,0.441567369092672,5.624190260169453,0.441567369092672,3.000000000000001,-2.624190260169453,1,14.0,0.00012541597243398428,24.0,0.00016279204282909632,26.0,0.000258459011092782,26.0,0.007336667040362954,26.0,0.04101183300372213,26.0,0,1.0
random_regular,20,6,30,20,30,0.15789473684210525,3.0,3,3,0.0,0.1,5,2.7263157894736842,0.39543626383148545,5.513143933914771,0.39543626383148545,2.9999999999999996,-2.5131439339147694,1,21.0,0.00012341700494289398,25.0,0.00016075000166893005,25.0,0.0002691249828785658,25.0,0.00844929099548608,25.0,0.041900457930751145,25.0,0,1.0
random_regular,20,7,30,20,30,0.15789473684210525,3.0,3,3,0.0,0.05,4,2.6315789473684212,0.5642350058482231,5.741170260559732,0.5642350058482231,3.000000000000001,-2.7411702605597315,1,15.0,0.0001253749942407012,26.0,0.00016195804346352816,26.0,0.0002532919170334935,26.0,0.007519666105508804,26.0,0.04008533398155123,26.0,0,1.0
random_regular,20,8,30,20,30,0.15789473684210525,3.0,3,3,0.0,0.1,6,2.7473684210526317,0.34236175149954606,5.611422075798515,0.34236175149954606,3.0000000000000004,-2.6114220757985143,1,16.0,0.0001312500098720193,26.0,0.00018166599329560995,26.0,0.0002611670643091202,26.0,0.007980957976542413,26.0,0.03926454100292176,26.0,0,1.0
random_regular,20,9,30,20,30,0.15789473684210525,3.0,3,3,0.0,0.2,6,2.968421052631579,0.24782791837525178,5.710754070989092,0.24782791837525178,3.0,-2.7107540709890885,1,15.0,0.00012733403127640486,27.0,0.00018166599329560995,27.0,0.0002566250041127205,27.0,0.007521417108364403,27.0,0.03917633299715817,27.0,0,1.0
random_regular,20,10,30,20,30,0.15789473684210525,3.0,3,3,0.0,0.25,5,2.721052631578947,0.5279823502364877,5.337632890387887,0.5279823502364877,3.000000000000001,-2.3376328903878854,1,14.0,0.00013183406554162502,24.0,0.00016183301340788603,25.0,0.0002752910368144512,25.0,0.009279291960410774,25.0,0.04090341704431921,25.0,0,1.0
random_regular,20,11,30,20,30,0.15789473684210525,3.0,3,3,0.0,0.0,5,2.6578947368421053,0.45239773755288626,5.852265785672581,0.45239773755288626,2.9999999999999996,-2.852265785672581,1,14.0,0.00012325006537139416,26.0,0.0001581249525770545,28.0,0.0002580410800874233,28.0,0.007461459026671946,28.0,0.04162616690155119,28.0,0,1.0
random_regular,20,12,30,20,30,0.15789473684210525,3.0,3,3,0.0,0.1,5,2.778947368421053,0.34618135021424823,5.682593125019272,0.34618135021424823,3.0000000000000004,-2.682593125019271,1,17.0,0.00012504099868237972,26.0,0.0002169579965993762,27.0,0.00025399995502084494,27.0,0.007352165994234383,27.0,0.04085708293132484,27.0,0,1.0
random_regular,20,13,30,20,30,0.15789473684210525,3.0,3,3,0.0,0.15,5,2.731578947368421,0.3615720703910775,5.402449521939332,0.3615720703910775,2.999999999999999,-2.4024495219393307,1,19.0,0.0001273748930543661,24.0,0.00016033300198614597,25.0,0.0002715829759836197,25.0,0.007940083043649793,25.0,0.0412827079417184,25.0,0,1.0
random_regular,20,14,30,20,30,0.15789473684210525,3.0,3,3,0.0,0.1,5,2.6842105263157894,0.45704079021575666,5.723840922501707,0.45704079021575666,2.999999999999999,-2.7238409225017066,1,17.0,0.0001231249189004302,25.0,0.0001938749337568879,27.0,0.00026750005781650543,27.0,0.007916457951068878,27.0,0.04224279196932912,27.0,0,1.0
random_regular,20,15,30,20,30,0.15789473684210525,3.0,3,3,0.0,0.0,4,2.5789473684210527,0.6073547777232439,5.768915771711593,0.6073547777232439,2.999999999999999,-2.768915771711595,1,14.0,0.00012412492651492357,26.0,0.00017691601533442736,27.0,0.00027070799842476845,27.0,0.007103709038347006,27.0,0.04167458298616111,27.0,0,1.0
random_regular,20,16,30,20,30,0.15789473684210525,3.0,3,3,0.0,0.2,6,2.9526315789473685,0.21557648281152408,5.393259587168026,0.21557648281152408,2.999999999999999,-2.393259587168023,1,15.0,0.00012433400843292475,24.0,0.00017699995078146458,25.0,0.0002709999680519104,25.0,0.009638332994654775,25.0,0.039979915949516,25.0,0,1.0
random_regular,20,17,30,20,30,0.15789473684210525,3.0,3,3,0.0,0.05,5,2.7526315789473683,0.4189672709614015,5.754886121295903,0.4189672709614015,2.9999999999999996,-2.754886121295901,1,12.0,0.00012275006156414747,26.0,0.0001954169711098075,27.0,0.00026541599072515965,27.0,0.007847834029234946,27.0,0.039289165986701846,27.0,0,1.0
random_regular,20,18,30,20,30,0.15789473684210525,3.0,3,3,0.0,0.1,5,2.6473684210526316,0.5335753242154556,5.8168885926906,0.5335753242154556,2.999999999999999,-2.8168885926906,1,20.0,0.00012550002429634333,28.0,0.00015850004274398088,28.0,0.00024850002955645323,28.0,0.007694041938520968,28.0,0.04101870907470584,28.0,0,1.0
random_regular,20,19,30,20,30,0.15789473684210525,3.0,3,3,0.0,0.05,5,2.6578947368421053,0.5961379285268547,5.738590444661825,0.5961379285268547,3.0,-2.7385904446618263,1,14.0,0.0001244159648194909,26.0,0.0001576659269630909,26.0,0.00025575002655386925,27.0,0.007256707991473377,26.0,0.04082987492438406,27.0,0,0.9629629629629629
random_regular,20,20,30,20,30,0.15789473684210525,3.0,3,3,0.0,0.2,6,2.8473684210526318,0.3368419006709891,5.463395811615848,0.3368419006709891,3.000000000000001,-2.4633958116158485,1,12.0,0.00012587499804794788,23.0,0.0001610829494893551,25.0,0.0002555829705670476,25.0,0.007020749966613948,25.0,0.041601958917453885,25.0,0,1.0
random_regular,20,21,30,20,30,0.15789473684210525,3.0,3,3,0.0,0.0,4,2.5052631578947366,0.6525893026282159,5.477189421192982,0.6525893026282159,3.000000000000001,-2.477189421192982,1,12.0,0.0001236660173162818,24.0,0.00015833298675715923,26.0,0.00025279202964156866,26.0,0.008479499956592917,26.0,0.037791250040754676,26.0,0,1.0
random_regular,20,22,30,20,30,0.15789473684210525,3.0,3,3,0.0,0.15,5,2.6894736842105265,0.4497230544458044,5.545707468357192,0.4497230544458044,3.0000000000000004,-2.545707468357191,1,18.0,0.00012504193000495434,25.0,0.00018012500368058681,25.0,0.00027075002435594797,26.0,0.008387207984924316,25.0,0.040127458050847054,26.0,0,0.9615384615384616
random_regular,20,23,30,20,30,0.15789473684210525,3.0,3,3,0.0,0.05,5,2.568421052631579,0.6140354486984833,5.6863274585056995,0.6140354486984833,3.0,-2.6863274585057018,1,13.0,0.00012708292342722416,24.0,0.0001614170614629984,27.0,0.00025541603099554777,27.0,0.007319250027649105,27.0,0.04049174999818206,27.0,0,1.0
random_regular,20,24,30,20,30,0.15789473684210525,3.0,3,3,0.0,0.05,6,2.863157894736842,0.29720291234584306,5.661406438433576,0.29720291234584306,2.9999999999999996,-2.661406438433578,1,11.0,0.00012516602873802185,26.0,0.00017804198432713747,27.0,0.00025637494400143623,27.0,0.008111624978482723,27.0,0.04071291699074209,27.0,0,1.0
random_regular,20,25,30,20,30,0.15789473684210525,3.0,3,3,0.0,0.1,8,3.442105263157895,0.0928474787776302,5.770938798226748,0.0928474787776302,3.0000000000000004,-2.770938798226748,1,17.0,0.00012441701255738735,27.0,0.0001962080132216215,27.0,0.00025183300022035837,27.0,0.011152375023812056,26.0,0.04079770902171731,27.0,0,0.9629629629629629
random_regular,20,26,30,20,30,0.15789473684210525,3.0,3,3,0.0,0.0,5,2.594736842105263,0.5928541781884809,5.607730922574084,0.5928541781884809,3.0000000000000004,-2.607730922574085,1,14.0,0.00012508302461355925,25.0,0.0001770419767126441,26.0,0.00026649993378669024,26.0,0.007391207967884839,26.0,0.04091837489977479,26.0,0,1.0
random_regular,20,27,30,20,30,0.15789473684210525,3.0,3,3,0.0,0.1,5,2.8,0.3854374267350883,5.633035216133122,0.3854374267350883,2.999999999999999,-2.633035216133119,1,10.0,0.00012212491128593683,25.0,0.00019733293447643518,26.0,0.0002538328990340233,26.0,0.007807791931554675,26.0,0.03988358296919614,26.0,0,1.0
random_regular,20,28,30,20,30,0.15789473684210525,3.0,3,3,0.0,0.15,6,2.863157894736842,0.32595070262959763,5.575612677609914,0.32595070262959763,2.9999999999999996,-2.5756126776099144,1,16.0,0.0001253749942407012,24.0,0.00017620797734707594,26.0,0.0002524999435991049,26.0,0.008461458026431501,26.0,0.04064029094297439,26.0,0,1.0
random_regular,20,29,30,20,30,0.15789473684210525,3.0,3,3,0.0,0.15,5,2.694736842105263,0.472047352682014,5.373872660886586,0.472047352682014,3.0,-2.3738726608865846,1,14.0,0.00012458395212888718,24.0,0.00017729098908603191,25.0,0.00026541692204773426,25.0,0.009236707934178412,25.0,0.03982199996244162,25.0,0,1.0
random_regular,50,0,75,50,75,0.061224489795918366,3.0,3,3,0.0,0.02,7,3.9281632653061225,0.25796304269314,5.723881175655424,0.25796304269314,2.9999999999999996,-2.723881175655428,1,33.0,0.00014254101552069187,65.0,0.0003316659713163972,67.0,0.000533584039658308,67.0,0.05323516600765288,67.0,0.04359224997460842,67.0,0,1.0
random_regular,50,1,75,50,75,0.061224489795918366,3.0,3,3,0.0,0.04,7,4.053061224489796,0.22970542286566611,5.7514853649790805,0.22970542286566611,3.000000000000001,-2.7514853649790805,1,41.0,0.00014437490608543158,67.0,0.0002852089237421751,68.0,0.0004936249461025,68.0,0.05312683305237442,68.0,0.04340258298907429,68.0,0,1.0
random_regular,50,2,75,50,75,0.061224489795918366,3.0,3,3,0.0,0.02,8,3.8922448979591837,0.26202475475252096,5.719517970276385,0.26202475475252096,3.000000000000001,-2.7195179702763834,1,33.0,0.00014050002209842205,63.0,0.00037287501618266106,66.0,0.0005316669121384621,67.0,0.05165329109877348,67.0,0.043346374994143844,67.0,0,1.0
random_regular,50,3,75,50,75,0.061224489795918366,3.0,3,3,0.0,0.04,7,3.8636734693877552,0.308861126297232,5.770983565646717,0.308861126297232,2.9999999999999982,-2.7709835656467185,1,33.0,0.00014354195445775986,64.0,0.00037266709841787815,67.0,0.0005367909325286746,68.0,0.05311516602523625,67.0,0.041588166961446404,68.0,0,0.9852941176470589
random_regular,50,4,75,50,75,0.061224489795918366,3.0,3,3,0.0,0.04,7,3.8751020408163264,0.27086899014061316,5.740683545524874,0.27086899014061316,3.0000000000000004,-2.7406835455248806,1,38.0,0.00014833395835012197,61.0,0.00028074998408555984,66.0,0.0005349169950932264,67.0,0.052477166056632996,65.0,0.04293245903681964,67.0,0,0.9701492537313433
random_regular,50,5,75,50,75,0.061224489795918366,3.0,3,3,0.0,0.02,7,3.75265306122449,0.3422459176067647,5.828209253893094,0.3422459176067647,3.0000000000000013,-2.828209253893097,1,40.0,0.00014833291061222553,59.0,0.00023779203183948994,69.0,0.000499167013913393,69.0,0.43021350004710257,69.0,0.04749341600108892,69.0,0,1.0
random_regular,50,6,75,50,75,0.061224489795918366,3.0,3,3,0.0,0.0,6,3.733877551020408,0.36092142414400974,5.774299467679709,0.36092142414400974,2.9999999999999973,-2.7742994676797097,1,31.0,0.00016229203902184963,67.0,0.00033837498631328344,68.0,0.000553457997739315,67.0,0.04670733294915408,68.0,0.04503566597122699,68.0,0,1.0
random_regular,50,7,75,50,75,0.061224489795918366,3.0,3,3,0.0,0.04,8,3.9804081632653063,0.21869499254608027,5.724406748557873,0.21869499254608027,3.000000000000001,-2.724406748557875,1,42.0,0.0001492499141022563,63.0,0.00028483301866799593,67.0,0.0007240419508889318,68.0,0.047265083994716406,67.0,0.04623124992940575,68.0,0,0.9852941176470589
random_regular,50,8,75,50,75,0.061224489795918366,3.0,3,3,0.0,0.06,7,3.8702040816326533,0.28815382005693957,5.655012874213681,0.28815382005693957,3.0000000000000004,-2.655012874213681,1,43.0,0.0001461670035496354,63.0,0.00032904092222452164,66.0,0.000502833048813045,66.0,0.06299687502905726,66.0,0.046590292011387646,66.0,0,1.0
random_regular,50,9,75,50,75,0.061224489795918366,3.0,3,3,0.0,0.06,7,3.920816326530612,0.2553887760812182,5.814114556871081,0.2553887760812182,3.000000000000001,-2.8141145568710795,1,35.0,0.00014049990568310022,62.0,0.00028137501794844866,66.0,0.0005319579504430294,67.0,0.0964607079513371,65.0,0.04585687501821667,67.0,0,0.9701492537313433
random_regular,50,10,75,50,75,0.061224489795918366,3.0,3,3,0.0,0.06,8,4.079183673469387,0.1749992961207098,5.785915431862566,0.1749992961207098,3.0000000000000004,-2.78591543186257,1,45.0,0.00016258296091109514,62.0,0.00028195802588015795,68.0,0.0005391249433159828,68.0,0.08487295906525105,68.0,0.04206720902584493,68.0,0,1.0
random_regular,50,11,75,50,75,0.061224489795918366,3.0,3,3,0.0,0.02,7,3.9591836734693877,0.22587191726855554,5.78684123867889,0.22587191726855554,2.999999999999999,-2.7868412386788846,1,32.0,0.00016466702800244093,67.0,0.0002888330491259694,67.0,0.000547375064343214,67.0,0.052237375057302415,66.0,0.04395033302716911,67.0,0,0.9850746268656716
random_regular,50,12,75,50,75,0.061224489795918366,3.0,3,3,0.0,0.04,7,3.776326530612245,0.3321649418269591,5.754160211137683,0.3321649418269591,2.999999999999998,-2.754160211137679,1,41.0,0.00016600009985268116,65.0,0.0003779999678954482,66.0,0.0005523330764845014,67.0,0.04600424994714558,66.0,0.04629766696598381,67.0,0,0.9850746268656716
random_regular,50,13,75,50,75,0.061224489795918366,3.0,3,3,0.0,0.02,8,4.003265306122449,0.2402737117209775,5.805359538552661,0.2402737117209775,3.0,-2.805359538552661,1,36.0,0.00014366593677550554,63.0,0.00033083301968872547,69.0,0.0005393329774960876,69.0,0.10368862503673881,69.0,0.04340433399192989,69.0,0,1.0
random_regular,50,14,75,50,75,0.061224489795918366,3.0,3,3,0.0,0.04,7,3.826122448979592,0.30953349943705627,5.686394751447653,0.30953349943705627,2.9999999999999996,-2.686394751447658,1,43.0,0.00014495791401714087,61.0,0.0002827499993145466,67.0,0.0005314169684424996,67.0,0.046403665910474956,67.0,0.04867545806337148,67.0,0,1.0
random_regular,50,15,75,50,75,0.061224489795918366,3.0,3,3,0.0,0.0,7,3.836734693877551,0.2512267968726319,5.776434614830879,0.2512267968726319,3.0000000000000004,-2.776434614830884,1,41.0,0.00014316604938358068,63.0,0.0002806249540299177,68.0,0.0005316250026226044,68.0,0.05382429191377014,67.0,0.04460195894353092,68.0,0,0.9852941176470589
random_regular,50,16,75,50,75,0.061224489795918366,3.0,3,3,0.0,0.02,7,3.939591836734694,0.2853380576110793,5.670606223218953,0.2853380576110793,2.9999999999999996,-2.6706062232189525,1,38.0,0.0001460420899093151,62.0,0.00027891690842807293,66.0,0.0005365419201552868,66.0,0.05314204201567918,66.0,0.045094916014932096,66.0,0,1.0
random_regular,50,17,75,50,75,0.061224489795918366,3.0,3,3,0.0,0.08,7,3.8677551020408165,0.2900303746025948,5.7266200758480466,0.2900303746025948,3.0,-2.7266200758480474,1,32.0,0.00014179199934005737,65.0,0.0005849580047652125,66.0,0.0007055000169202685,66.0,0.05375033395830542,66.0,0.043250749935396016,66.0,0,1.0
random_regular,50,18,75,50,75,0.061224489795918366,3.0,3,3,0.0,0.04,7,3.936326530612245,0.22802176127000084,5.7887065135809435,0.22802176127000084,3.0,-2.7887065135809452,1,47.0,0.0002025830326601863,67.0,0.00039379100780934095,67.0,0.0006548339733853936,68.0,0.051925000036135316,67.0,0.04190716694574803,68.0,0,0.9852941176470589
random_regular,50,19,75,50,75,0.061224489795918366,3.0,3,3,0.0,0.02,7,3.8024489795918366,0.3198393926612953,5.756394502920079,0.3198393926612953,3.000000000000001,-2.756394502920086,1,37.0,0.00014291703701019287,60.0,0.0002862919354811311,68.0,0.0005336250178515911,68.0,0.04785287496633828,67.0,0.04455716593656689,68.0,0,0.9852941176470589
random_regular,50,20,75,50,75,0.061224489795918366,3.0,3,3,0.0,0.06,7,3.9224489795918367,0.2681551250294003,5.777768133629647,0.2681551250294003,3.0000000000000004,-2.7777681336296465,1,38.0,0.00014233402907848358,63.0,0.00032474996987730265,67.0,0.0004900419153273106,67.0,0.051720333052799106,67.0,0.04667229205369949,67.0,0,1.0
random_regular,50,21,75,50,75,0.061224489795918366,3.0,3,3,0.0,0.08,8,3.9689795918367348,0.24970581314705415,5.682938369506789,0.24970581314705415,2.9999999999999987,-2.682938369506787,1,45.0,0.00014587503392249346,65.0,0.0003052920801565051,65.0,0.0005495420191437006,65.0,0.12079800001811236,65.0,0.0449474579654634,65.0,0,1.0
random_regular,50,22,75,50,75,0.061224489795918366,3.0,3,3,0.0,0.02,7,3.753469387755102,0.32009725970408054,5.83831932644641,0.32009725970408054,2.999999999999999,-2.838319326446409,1,33.0,0.00014470797032117844,64.0,0.0002877910155802965,69.0,0.0004949580179527402,69.0,0.075425292016007,69.0,0.04495858296286315,69.0,0,1.0
random_regular,50,23,75,50,75,0.061224489795918366,3.0,3,3,0.0,0.06,9,4.2963265306122445,0.14861359842567165,5.858511425958272,0.14861359842567165,2.999999999999999,-2.8585114259582745,1,35.0,0.0001509999856352806,63.0,0.00032779097091406584,69.0,0.0005500409752130508,69.0,0.0710697079775855,69.0,0.04655970796011388,69.0,0,1.0
random_regular,50,24,75,50,75,0.061224489795918366,3.0,3,3,0.0,0.04,7,3.742857142857143,0.3493759620731722,5.706043360770879,0.3493759620731722,3.0000000000000013,-2.7060433607708765,1,38.0,0.0001450419658794999,63.0,0.0003292500041425228,67.0,0.0005328339757397771,67.0,0.05258550005964935,66.0,0.04550566605757922,67.0,0,0.9850746268656716
random_regular,50,25,75,50,75,0.061224489795918366,3.0,3,3,0.0,0.06,7,3.890612244897959,0.2541408477271059,5.739941600131642,0.2541408477271059,3.000000000000001,-2.73994160013164,1,35.0,0.00014541600830852985,60.0,0.0003285410348325968,65.0,0.0005410830490291119,66.0,0.05808820901438594,65.0,0.04503200005274266,66.0,0,0.9848484848484849
random_regular,50,26,75,50,75,0.061224489795918366,3.0,3,3,0.0,0.04,7,4.1085714285714285,0.24790323522803814,5.880388971357105,0.24790323522803814,3.000000000000001,-2.8803889713571116,1,33.0,0.00018454203382134438,62.0,0.0002864999696612358,69.0,0.0005593749228864908,69.0,0.07409941602963954,69.0,0.04559300001710653,69.0,0,1.0
random_regular,50,27,75,50,75,0.061224489795918366,3.0,3,3,0.0,0.02,7,3.9216326530612244,0.2885154809216181,5.855908989977207,0.2885154809216181,3.0,-2.8559089899772094,1,31.0,0.00014262506738305092,63.0,0.0002835829509422183,70.0,0.0005414170445874333,70.0,0.05120920797344297,70.0,0.046038500033318996,70.0,0,1.0
random_regular,50,28,75,50,75,0.061224489795918366,3.0,3,3,0.0,0.04,8,3.9191836734693877,0.2446229055285723,5.667386224360373,0.2446229055285723,2.9999999999999982,-2.6673862243603725,1,35.0,0.0001437080791220069,63.0,0.0002803340321406722,65.0,0.0005321659846231341,65.0,0.08438849996309727,65.0,0.04591779096517712,65.0,0,1.0
random_regular,50,29,75,50,75,0.061224489795918366,3.0,3,3,0.0,0.04,8,3.9355102040816328,0.25619964907818904,5.84258949427836,0.25619964907818904,3.0,-2.842589494278359,1,35.0,0.00014187500346451998,66.0,0.0003297080984339118,67.0,0.0005327080143615603,68.0,0.0838519170647487,68.0,0.04622216592542827,68.0,0,1.0
random_regular,100,0,150,100,150,0.030303030303030304,3.0,3,3,0.0,0.0,9,4.80989898989899,0.22181007627724658,5.777185252628028,0.22181007627724658,3.000000000000002,-2.777185252628022,1,68.0,0.00017274997662752867,128.0,0.0006470420630648732,136.0,0.0011730000842362642,136.0,1.4826509159756824,135.0,0.050496666925027966,136.0,0,0.9926470588235294
random_regular,100,1,150,100,150,0.030303030303030304,3.0,3,3,0.0,0.01,9,4.791313131313132,0.2419111815019492,5.7528383524175934,0.2419111815019492,3.0000000000000027,-2.7528383524175974,1,73.0,0.0002033329801633954,124.0,0.0005472499178722501,134.0,0.0011947080492973328,134.0,1.9331115420209244,134.0,0.04866837500594556,134.0,0,1.0
random_regular,100,2,150,100,150,0.030303030303030304,3.0,3,3,0.0,0.03,9,4.92,0.16403778475043704,5.766111928390404,0.16403778475043704,3.0,-2.7661119283904028,1,81.0,0.00020008301362395287,124.0,0.0005461249966174364,133.0,0.001181584084406495,135.0,5.083160166977905,134.0,0.04950166610069573,135.0,0,0.9925925925925926
random_regular,100,3,150,100,150,0.030303030303030304,3.0,3,3,0.0,0.01,10,4.915757575757576,0.20513322045944116,5.800796022629671,0.20513322045944116,3.0000000000000004,-2.800796022629666,1,73.0,0.00019516702741384506,130.0,0.0005600419826805592,136.0,0.0011866670101881027,134.0,1.6379985829116777,135.0,0.051214249921031296,136.0,0,0.9926470588235294
random_regular,100,4,150,100,150,0.030303030303030304,3.0,3,3,0.0,0.02,9,4.752121212121212,0.24999088614779447,5.749173447636054,0.24999088614779447,3.0,-2.7491734476360574,1,73.0,0.00019637495279312134,125.0,0.0005456659710034728,133.0,0.0011905829887837172,134.0,2.1452844579471275,133.0,0.05087604094296694,134.0,0,0.9925373134328358
random_regular,100,5,150,100,150,0.030303030303030304,3.0,3,3,0.0,0.0,8,4.709292929292929,0.24384360998883559,5.8188771164160205,0.24384360998883559,2.9999999999999996,-2.8188771164160222,1,78.0,0.00019037502352148294,130.0,0.0005460829706862569,137.0,0.0011724169598892331,138.0,0.3917270419187844,137.0,0.047824666951783,138.0,0,0.9927536231884058
random_regular,100,6,150,100,150,0.030303030303030304,3.0,3,3,0.0,0.03,9,4.856161616161616,0.1890140356878583,5.7903845416105,0.1890140356878583,3.0000000000000013,-2.7903845416104955,1,71.0,0.0002088329056277871,129.0,0.0005623329197987914,136.0,0.001234667026437819,136.0,0.41788399999495596,136.0,0.050790000008419156,136.0,0,1.0
random_regular,100,7,150,100,150,0.030303030303030304,3.0,3,3,0.0,0.02,9,4.7832323232323235,0.21636815457949196,5.780523347934761,0.21636815457949196,3.0,-2.780523347934763,1,72.0,0.00021008297335356474,124.0,0.00048029201570898294,136.0,0.0012406249297782779,136.0,0.5818149578990415,136.0,0.050675082951784134,136.0,0,1.0
random_regular,100,8,150,100,150,0.030303030303030304,3.0,3,3,0.0,0.01,8,4.783636363636363,0.23625033216009592,5.77633128457619,0.23625033216009592,3.000000000000002,-2.7763312845761887,1,82.0,0.00018924998585134745,129.0,0.0005454999627545476,135.0,0.001162166940048337,135.0,1.8972776659065858,136.0,0.04909616697113961,135.0,1,1.0074074074074073
random_regular,100,9,150,100,150,0.030303030303030304,3.0,3,3,0.0,0.02,9,4.815959595959596,0.24367336584244545,5.8160629798296535,0.24367336584244545,3.0,-2.816062979829652,1,75.0,0.00017504196148365736,132.0,0.000454624998383224,138.0,0.0011744169751182199,138.0,1.2723156249849126,138.0,0.0489818750647828,138.0,0,1.0
random_regular,100,10,150,100,150,0.030303030303030304,3.0,3,3,0.0,0.02,8,4.6983838383838386,0.2773866853394766,5.80089240199334,0.2773866853394766,3.000000000000001,-2.8008924019933388,1,80.0,0.00018749991431832314,127.0,0.0007310840301215649,136.0,0.0011689170496538281,137.0,0.4728215408977121,136.0,0.04901933402288705,137.0,0,0.9927007299270073
random_regular,100,11,150,100,150,0.030303030303030304,3.0,3,3,0.0,0.0,9,4.737373737373737,0.23065392211334432,5.743144139923727,0.23065392211334432,2.9999999999999987,-2.7431441399237255,1,67.0,0.00019366596825420856,122.0,0.00046200002543628216,136.0,0.0011720829643309116,136.0,1.3303031249670312,136.0,0.05062495800666511,136.0,0,1.0
random_regular,100,12,150,100,150,0.030303030303030304,3.0,3,3,0.0,0.02,9,4.8385858585858585,0.24023331380555488,5.802960907701579,0.24023331380555488,2.9999999999999982,-2.802960907701583,1,73.0,0.00017666700296103954,126.0,0.0004955839831382036,135.0,0.0011682499898597598,135.0,0.5647330840583891,134.0,0.05023912503384054,135.0,0,0.9925925925925926
random_regular,100,13,150,100,150,0.030303030303030304,3.0,3,3,0.0,0.02,9,4.763030303030303,0.23683886442533608,5.787235646645385,0.23683886442533608,2.9999999999999987,-2.7872356466453727,1,75.0,0.0002008749870583415,127.0,0.0004589579766616225,135.0,0.0011815830366685987,134.0,2.116602291003801,135.0,0.04897254193201661,135.0,0,1.0
random_regular,100,14,150,100,150,0.030303030303030304,3.0,3,3,0.0,0.01,8,4.812525252525252,0.20757260954278575,5.788065633053944,0.20757260954278575,2.9999999999999996,-2.7880656330539484,1,65.0,0.00019108399283140898,134.0,0.000641333987005055,136.0,0.0011942909331992269,135.0,4.464801499969326,135.0,0.051132624968886375,136.0,0,0.9926470588235294
random_regular,100,15,150,100,150,0.030303030303030304,3.0,3,3,0.0,0.02,9,4.819191919191919,0.20233211569480633,5.770141697294485,0.20233211569480633,3.000000000000001,-2.7701416972944823,1,77.0,0.000208541052415967,129.0,0.0006465420592576265,135.0,0.0011915410868823528,135.0,0.4946476659970358,134.0,0.04852704203221947,135.0,0,0.9925925925925926
random_regular,100,16,150,100,150,0.030303030303030304,3.0,3,3,0.0,0.01,9,4.894949494949495,0.1952847710311838,5.759363680609797,0.1952847710311838,3.0000000000000027,-2.7593636806097956,1,76.0,0.00020100001711398363,125.0,0.000552666955627501,134.0,0.001196000026538968,134.0,0.4264850829495117,134.0,0.05675720807630569,134.0,0,1.0
random_regular,100,17,150,100,150,0.030303030303030304,3.0,3,3,0.0,0.01,8,4.782828282828283,0.24661440746289315,5.806840478937787,0.24661440746289315,3.0000000000000004,-2.806840478937792,1,79.0,0.00021433306392282248,125.0,0.0007764169713482261,138.0,0.002424667007289827,138.0,1.588740749983117,138.0,0.048944166977889836,138.0,0,1.0
random_regular,100,18,150,100,150,0.030303030303030304,3.0,3,3,0.0,0.05,9,4.8921212121212125,0.20345629713714333,5.720132821995135,0.20345629713714333,2.9999999999999987,-2.720132821995135,1,89.0,0.00018595799338072538,126.0,0.0003920419840142131,132.0,0.001187874935567379,133.0,0.6645077919820324,131.0,0.05089762504212558,133.0,0,0.9849624060150376
random_regular,100,19,150,100,150,0.030303030303030304,3.0,3,3,0.0,0.03,9,4.947272727272727,0.17099566116538195,5.734836036891156,0.17099566116538195,2.9999999999999996,-2.7348360368911524,1,62.0,0.00020183296874165535,122.0,0.00045837496872991323,134.0,0.0011824999237433076,134.0,0.4146235000807792,132.0,0.04789208306465298,134.0,0,0.9850746268656716
random_regular,100,20,150,100,150,0.030303030303030304,3.0,3,3,0.0,0.01,9,4.808888888888889,0.20540386887847603,5.78965680158077,0.20540386887847603,2.9999999999999996,-2.7896568015807692,1,64.0,0.00018604204524308443,124.0,0.00045537506230175495,136.0,0.0011643749894574285,136.0,0.44448824995197356,136.0,0.05017512501217425,136.0,0,1.0
random_regular,100,21,150,100,150,0.030303030303030304,3.0,3,3,0.0,0.02,9,4.918989898989899,0.19554898844768154,5.785070196738751,0.19554898844768154,2.9999999999999982,-2.7850701967387534,1,81.0,0.0001948339631780982,124.0,0.0005456670187413692,134.0,0.0011794579913839698,136.0,4.816546875052154,134.0,0.05019512493163347,136.0,0,0.9852941176470589
random_regular,100,22,150,100,150,0.030303030303030304,3.0,3,3,0.0,0.01,9,4.873535353535353,0.19973937517617266,5.789124513864134,0.19973937517617266,2.9999999999999996,-2.789124513864131,1,81.0,0.00019816705025732517,127.0,0.0004549159202724695,138.0,0.001177084050141275,136.0,0.5917687080800533,138.0,0.04910029098391533,138.0,0,1.0
random_regular,100,23,150,100,150,0.030303030303030304,3.0,3,3,0.0,0.04,9,4.84969696969697,0.2192718296328186,5.774980289226519,0.2192718296328186,3.0000000000000004,-2.7749802892265176,1,72.0,0.00019320810679346323,123.0,0.0005494999932125211,133.0,0.001177166006527841,134.0,3.3649797500111163,133.0,0.050392708042636514,134.0,0,0.9925373134328358
random_regular,100,24,150,100,150,0.030303030303030304,3.0,3,3,0.0,0.02,9,4.824848484848485,0.19410510148397664,5.786039911441183,0.19410510148397664,2.9999999999999996,-2.7860399114411782,1,81.0,0.00019129191059619188,127.0,0.0005460829706862569,136.0,0.0011684580240398645,134.0,0.37565166607964784,136.0,0.04452945804223418,136.0,0,1.0
random_regular,100,25,150,100,150,0.030303030303030304,3.0,3,3,0.0,0.02,8,4.766464646464646,0.2557334519141631,5.775877778584715,0.2557334519141631,3.000000000000001,-2.7758777785847175,1,75.0,0.0001942500239238143,124.0,0.00045387493446469307,135.0,0.0010911249555647373,135.0,1.4550399170257151,135.0,0.05065200000535697,135.0,0,1.0
random_regular,100,26,150,100,150,0.030303030303030304,3.0,3,3,0.0,0.01,9,4.827070707070707,0.21654373058503107,5.814572969574966,0.21654373058503107,2.999999999999998,-2.8145729695749675,1,74.0,0.00020225008483976126,125.0,0.000471915933303535,138.0,0.0011925420258194208,138.0,0.41702387493569404,138.0,0.04959020798560232,138.0,0,1.0
random_regular,100,27,150,100,150,0.030303030303030304,3.0,3,3,0.0,0.01,9,4.919595959595959,0.2099806947106505,5.8131342553756005,0.2099806947106505,2.999999999999999,-2.8131342553755974,1,81.0,0.0001751250820234418,127.0,0.00046433298848569393,138.0,0.001195542048662901,137.0,0.6779752919683233,136.0,0.04524349991697818,138.0,0,0.9855072463768116
random_regular,100,28,150,100,150,0.030303030303030304,3.0,3,3,0.0,0.02,9,4.807070707070707,0.22518179984291098,5.800507876280306,0.22518179984291098,3.0000000000000004,-2.8005078762803026,1,60.0,0.0001882920041680336,123.0,0.0005483749555423856,136.0,0.0011754160514101386,136.0,0.7757085841149092,136.0,0.04833604104351252,136.0,0,1.0
random_regular,100,29,150,100,150,0.030303030303030304,3.0,3,3,0.0,0.01,8,4.805252525252525,0.24148427444018483,5.789617884158999,0.24148427444018483,2.999999999999999,-2.7896178841590022,1,83.0,0.00019379204604774714,131.0,0.0006365000735968351,134.0,0.0011814999161288142,135.0,1.374555875081569,133.0,0.05066408298444003,135.0,0,0.9851851851851852
barabasi_albert,20,0,51,20,51,0.26842105263157895,5.1,11,3,2.7367864366808017,0.4137121212121212,4,1.8842105263157896,1.6577173845222373,12.942164851731004,1.6577173845222373,6.2853004003832265,-3.565789023814292,1,25.0,0.00014283403288573027,36.0,0.00021320802625268698,38.0,0.00030858302488923073,39.0,0.007990082958713174,38.0,0.0434125839965418,39.0,0,0.9743589743589743
barabasi_albert,20,1,51,20,51,0.26842105263157895,5.1,13,2,2.5865034312755126,0.397518315018315,3,1.8842105263157896,1.2824118882687543,14.176998280669078,1.2824118882687543,6.197649844155814,-3.645030864645064,1,27.0,0.00013308296911418438,38.0,0.00021241698414087296,40.0,0.0003651670413091779,40.0,0.008477249997667968,36.0,0.04097479104530066,40.0,0,0.9
barabasi_albert,20,2,51,20,51,0.26842105263157895,5.1,16,1,3.315116890850155,0.4563311688311688,3,1.8,0.9849524435076483,17.071519333780586,0.9849524435076483,6.582971111264465,-3.872955716629942,1,22.0,0.0001260419376194477,37.0,0.00021316600032150745,36.0,0.00032716698478907347,38.0,0.008880667039193213,38.0,0.040220041992142797,38.0,0,1.0
barabasi_albert,20,3,51,20,51,0.26842105263157895,5.1,10,3,1.972308292331602,0.23007936507936505,3,1.8842105263157896,1.8083339678594983,11.436249441831908,1.8083339678594983,5.86076949700746,-3.4848106170222155,1,22.0,0.0001267079496756196,39.0,0.0002126250183209777,35.0,0.00029929098673164845,40.0,0.008895875071175396,35.0,0.04152487497776747,40.0,0,0.875
barabasi_albert,20,4,51,20,51,0.26842105263157895,5.1,14,2,2.808914381037628,0.492530525030525,3,1.8789473684210527,1.2871454735236894,15.10821536355883,1.2871454735236894,6.336673248498151,-3.2485475606358265,1,30.0,0.00014999997802078724,37.0,0.00018041697330772877,36.0,0.00030095805414021015,38.0,0.00787524995394051,36.0,0.03966566699091345,38.0,0,0.9473684210526315
barabasi_albert,20,5,51,20,51,0.26842105263157895,5.1,14,1,3.031501278244824,0.458018648018648,3,1.8368421052631578,0.9645228266971098,15.093046197261248,0.9645228266971098,6.445966782626373,-3.4713629235810686,1,27.0,0.00012741703540086746,34.0,0.0001793339615687728,36.0,0.00035920797381550074,39.0,0.007963832933455706,37.0,0.041000124998390675,39.0,0,0.9487179487179487
barabasi_albert,20,6,51,20,51,0.26842105263157895,5.1,10,3,2.4269322199023193,0.40456349206349207,3,1.9105263157894736,1.4846949981149062,11.7944427642568,1.4846949981149062,6.063198221966284,-3.886330561820487,1,28.0,0.00014654092956334352,36.0,0.00021070800721645355,40.0,0.0003385830204933882,40.0,0.00785270903725177,40.0,0.0405639159725979,40.0,0,1.0
barabasi_albert,20,7,51,20,51,0.26842105263157895,5.1,10,2,2.233830790368868,0.28178571428571425,3,1.8631578947368421,1.7579222039124442,11.612304022232866,1.7579222039124442,5.873238910902808,-3.9925819804913565,1,31.0,0.0001331249950453639,39.0,0.00021491700317710638,40.0,0.0003089579986408353,40.0,0.008949582930654287,40.0,0.0406463339459151,40.0,0,1.0
barabasi_albert,20,8,51,20,51,0.26842105263157895,5.1,10,3,2.046948949045872,0.30777777777777776,3,1.9157894736842105,1.6037322871912492,11.388726821954387,1.6037322871912492,5.905150424365356,-3.7168975303528344,1,25.0,0.00013104104436933994,37.0,0.0002103749429807067,38.0,0.0003013339592143893,40.0,0.008666749927215278,38.0,0.04160691692959517,40.0,0,0.95
barabasi_albert,20,9,51,20,51,0.26842105263157895,5.1,13,1,2.808914381037628,0.31224053724053724,3,1.8578947368421053,0.912181771458084,14.189141702210057,0.912181771458084,6.346166455041148,-3.6534672022620795,1,29.0,0.00013079203199595213,40.0,0.000541832996532321,40.0,0.0005537910619750619,40.0,0.007745125098153949,35.0,0.04033216601237655,40.0,0,0.875
barabasi_albert,20,10,51,20,51,0.26842105263157895,5.1,12,1,2.4474476501040834,0.2890620490620491,4,1.8631578947368421,0.948005531170143,13.219116822577135,0.948005531170143,6.0365403991514235,-3.5979486119381305,1,28.0,0.00021329207811504602,38.0,0.00022308307234197855,36.0,0.0005129999481141567,39.0,0.00813658395782113,37.0,0.04014649998862296,39.0,0,0.9487179487179487
barabasi_albert,20,11,51,20,51,0.26842105263157895,5.1,11,1,2.7549954627911823,0.37692640692640694,3,1.8736842105263158,0.938207068231127,12.639067669209073,0.938207068231127,6.29675455881601,-3.574542199717018,1,29.0,0.00016433396376669407,34.0,0.00023074995260685682,37.0,0.00036045792512595654,38.0,0.007946041063405573,37.0,0.039995166938751936,38.0,0,0.9736842105263158
barabasi_albert,20,12,51,20,51,0.26842105263157895,5.1,11,2,2.643860813280457,0.40887085137085133,3,1.8631578947368421,1.7350993029683932,12.553407685581352,1.7350993029683932,6.186273018298898,-3.825676153664507,1,22.0,0.00021466705948114395,35.0,0.0002211249666288495,37.0,0.00034250004682689905,40.0,0.007785665919072926,37.0,0.04116470902226865,40.0,0,0.925
barabasi_albert,20,13,51,20,51,0.26842105263157895,5.1,12,1,2.5475478405713994,0.36077561327561325,3,1.9157894736842105,0.9266127597094811,13.26815528382706,0.9266127597094811,6.2571448157018885,-3.555216297533456,1,25.0,0.0001409579999744892,32.0,0.0001824169885367155,39.0,0.000311249983496964,40.0,0.007954500033520162,39.0,0.04129762505181134,40.0,0,0.975
barabasi_albert,20,14,51,20,51,0.26842105263157895,5.1,14,2,3.223352292257239,0.5767399267399267,3,1.8,1.6716176090901218,15.225845847383663,1.6716176090901218,6.471132544868703,-3.2632510026410313,1,20.0,0.00013262499123811722,33.0,0.00021058297716081142,37.0,0.00033425004221498966,37.0,0.007916708011180162,35.0,0.04198179207742214,37.0,0,0.9459459459459459
barabasi_albert,20,15,51,20,51,0.26842105263157895,5.1,11,3,2.4269322199023193,0.35998196248196246,3,1.8789473684210527,1.8197085548945213,12.328676024737927,1.8197085548945213,6.113186437909123,-3.637191500994624,1,21.0,0.00012858398258686066,40.0,0.00021429196931421757,40.0,0.000304791028611362,40.0,0.0077492500422522426,38.0,0.04166462505236268,40.0,0,0.95
barabasi_albert,20,16,51,20,51,0.26842105263157895,5.1,13,1,2.5865034312755126,0.3768956043956044,3,1.8578947368421053,0.9544461573136833,14.145320694276165,0.9544461573136833,6.1699694735675585,-3.741771869397372,1,24.0,0.00012770900502800941,35.0,0.00021095899865031242,39.0,0.00030283303931355476,39.0,0.008053041994571686,37.0,0.04148400004487485,39.0,0,0.9487179487179487
barabasi_albert,20,17,51,20,51,0.26842105263157895,5.1,14,2,2.8442925306655784,0.45229853479853477,3,1.8789473684210527,1.484712149123957,15.128480777042824,1.484712149123957,6.368208720928335,-3.51790515609971,1,22.0,0.00012800004333257675,38.0,0.0002163749886676669,39.0,0.00035012501757591963,39.0,0.007575582945719361,37.0,0.04184329102281481,39.0,0,0.9487179487179487
barabasi_albert,20,18,51,20,51,0.26842105263157895,5.1,15,1,3.374907406137241,0.528489010989011,3,1.8368421052631578,0.9757237728188126,16.081896507240746,0.9757237728188126,6.651267772407188,-3.762235704562868,1,30.0,0.00012987502850592136,36.0,0.000181750045157969,37.0,0.0002982919104397297,39.0,0.008794249966740608,37.0,0.041866666986607015,39.0,0,0.9487179487179487
barabasi_albert,20,19,51,20,51,0.26842105263157895,5.1,9,1,2.3,0.2565873015873016,3,1.9105263157894736,0.9121844707011231,11.074143394223885,0.9121844707011231,6.0649876722916884,-3.6714458360122655,1,24.0,0.00012816698290407658,38.0,0.00020991696510463953,39.0,0.0002977499971166253,39.0,0.008293749997392297,39.0,0.040293166995979846,39.0,0,1.0
barabasi_albert,20,20,51,20,51,0.26842105263157895,5.1,15,1,2.896549671592048,0.39408730158730154,3,1.8368421052631578,0.9761037140724476,16.086973035237605,0.9761037140724476,6.346627039712861,-3.503533702853933,1,17.0,0.00012329197488725185,34.0,0.00017766689416021109,36.0,0.0002986670006066561,39.0,0.008248666999861598,37.0,0.040346624911762774,39.0,0,0.9487179487179487
barabasi_albert,20,21,51,20,51,0.26842105263157895,5.1,12,2,2.567099530598687,0.393982683982684,3,1.8789473684210527,1.5209153328481775,13.338488515254413,1.5209153328481775,6.175844550077595,-3.5980374749325255,1,25.0,0.0001272499794140458,38.0,0.00021558406297117472,35.0,0.00030212500132620335,39.0,0.007969834026880562,38.0,0.039841916994191706,39.0,0,0.9743589743589743
barabasi_albert,20,22,51,20,51,0.26842105263157895,5.1,11,3,2.5475478405713994,0.2919733044733045,3,1.8894736842105264,1.5629454901835866,12.51989028777913,1.5629454901835866,6.197205003771165,-3.9138564819920165,1,26.0,0.0001301249722018838,31.0,0.00018283294048160315,38.0,0.0003016670234501362,41.0,0.008284749928861856,39.0,0.04062550002709031,41.0,0,0.9512195121951219
barabasi_albert,20,23,51,20,51,0.26842105263157895,5.1,11,3,2.406241883103193,0.3101479076479076,3,1.9052631578947368,1.4701353846268006,12.386174829303567,1.4701353846268006,6.127552997863008,-3.6314225560386117,1,22.0,0.0001256659161299467,38.0,0.00021287496201694012,38.0,0.00032941694371402264,40.0,0.009224916924722493,38.0,0.04038908297661692,40.0,0,0.95
barabasi_albert,20,24,51,20,51,0.26842105263157895,5.1,10,3,2.3216373532487795,0.28694444444444445,3,1.9105263157894736,1.6077097327788277,11.879530166651483,1.6077097327788277,6.0307832521008695,-3.982017632077495,1,22.0,0.0001235830131918192,36.0,0.00018266600091010332,39.0,0.00029737502336502075,39.0,0.008576709078624845,39.0,0.040289958007633686,39.0,0,1.0
barabasi_albert,20,25,51,20,51,0.26842105263157895,5.1,12,3,2.6248809496813372,0.38529220779220774,3,1.8631578947368421,1.7610693152668737,13.303128733071208,1.7610693152668737,6.177300946979864,-3.6045374460025013,1,26.0,0.00012545904610306025,38.0,0.00020949996542185545,37.0,0.00034437503200024366,39.0,0.008206875063478947,37.0,0.040364707936532795,39.0,0,0.9487179487179487
barabasi_albert,20,26,51,20,51,0.26842105263157895,5.1,15,2,3.0315012782448236,0.47269841269841273,3,1.8157894736842106,1.6362720414376202,16.084158326126335,1.6362720414376202,6.394277003604263,-3.488617024730866,1,28.0,0.00012679200153797865,37.0,0.00021124992053955793,37.0,0.000323625048622489,37.0,0.0077125829411670566,37.0,0.04025183303747326,37.0,0,1.0
barabasi_albert,20,27,51,20,51,0.26842105263157895,5.1,12,1,2.6057628441590763,0.3812878787878788,3,1.9052631578947368,0.9471128093563566,13.222944661787409,0.9471128093563566,6.18069333572159,-3.680007259952992,1,25.0,0.00012637500185519457,36.0,0.00023879099171608686,36.0,0.00033008307218551636,39.0,0.007964165997691453,37.0,0.03930762491654605,39.0,0,0.9487179487179487
barabasi_albert,20,28,51,20,51,0.26842105263157895,5.1,12,3,2.826658805020514,0.43132756132756134,3,1.8421052631578947,1.650252863200427,13.248500862748731,1.650252863200427,6.331170905128655,-3.5756937618516793,1,25.0,0.00013258401304483414,35.0,0.0001829999964684248,36.0,0.00031208398286253214,38.0,0.00861191691365093,37.0,0.04122937505599111,38.0,0,0.9736842105263158
barabasi_albert,20,29,51,20,51,0.26842105263157895,5.1,12,3,2.808914381037628,0.45893939393939387,3,1.8578947368421053,1.5502444483800177,13.306421422927839,1.5502444483800177,6.2526043215220355,-3.5642535459071,1,23.0,0.00014395895414054394,37.0,0.00018670898862183094,36.0,0.00033366598654538393,39.0,0.007923082914203405,38.0,0.04122029198333621,39.0,0,0.9743589743589743
barabasi_albert,50,0,141,50,141,0.11510204081632654,5.64,26,3,4.6119843885251814,0.3178122602543655,4,2.199183673469388,1.6064344959754315,27.158186638520313,1.6064344959754315,8.31843246269748,-4.956070742994905,1,71.0,0.00016529206186532974,98.0,0.00039470905903726816,101.0,0.0007365420460700989,107.0,0.03744420793373138,101.0,0.04323991702403873,107.0,0,0.9439252336448598
barabasi_albert,50,1,141,50,141,0.11510204081632654,5.64,21,2,4.311658613573203,0.28627180250090467,4,2.250612244897959,1.4252809294178195,22.44846303169245,1.4252809294178195,8.14677648915627,-4.966297421470211,1,79.0,0.00022037490271031857,100.0,0.0006625839741900563,105.0,0.0009865830652415752,111.0,0.05353812500834465,102.0,0.043455292005091906,111.0,0,0.918918918918919
barabasi_albert,50,2,141,50,141,0.11510204081632654,5.64,31,3,5.042856333468166,0.3478532178397853,4,2.146122448979592,1.5907232352921532,32.067122736650944,1.5907232352921532,8.647783706688339,-5.376068347284484,1,63.0,0.00018391606863588095,99.0,0.00038949993904680014,98.0,0.0007288330234587193,106.0,0.05315616703592241,102.0,0.042212957981973886,106.0,0,0.9622641509433962
barabasi_albert,50,3,141,50,141,0.11510204081632654,5.64,22,3,3.8406249491456466,0.19076767676767678,4,2.2881632653061224,1.4879980309177918,23.19855232991049,1.4879980309177918,7.824347228883024,-4.629773819436713,1,64.0,0.00022095791064202785,105.0,0.0004053330048918724,104.0,0.0007529999129474163,109.0,0.037395167048089206,107.0,0.042326875030994415,109.0,0,0.981651376146789
barabasi_albert,50,4,141,50,141,0.11510204081632654,5.64,23,3,3.8249705881222145,0.2214880578358839,4,2.317551020408163,1.4957767271338063,24.148947903540027,1.4957767271338063,7.927529607392971,-4.749992793466389,1,72.0,0.00017820799257606268,107.0,0.00039237504824995995,105.0,0.0007313330424949527,110.0,0.03734325000550598,108.0,0.04471020901110023,110.0,0,0.9818181818181818
barabasi_albert,50,5,141,50,141,0.11510204081632654,5.64,26,3,4.117086348377939,0.2596935286935287,4,2.2816326530612243,1.3150240034288854,27.095623927908974,1.3150240034288854,8.173203438864377,-4.544929640453822,1,65.0,0.0001764589687809348,106.0,0.0005547909531742334,104.0,0.0007227089954540133,108.0,0.05387266702018678,98.0,0.04296570806764066,108.0,0,0.9074074074074074
barabasi_albert,50,6,141,50,141,0.11510204081632654,5.64,17,3,3.6756496024512453,0.21946175393234216,4,2.3191836734693876,1.3716730492588654,18.5474815120055,1.3716730492588654,7.7273528405624345,-4.872044903402314,1,66.0,0.00017204193864017725,110.0,0.00039854098577052355,106.0,0.0006437500705942512,110.0,0.030795375001616776,107.0,0.04297545796725899,110.0,0,0.9727272727272728
barabasi_albert,50,7,141,50,141,0.11510204081632654,5.64,18,2,3.278780261011707,0.16316584069525245,4,2.3289795918367346,1.4454066791094375,19.38434864685361,1.4454066791094375,7.321652760026044,-4.782532175000582,1,75.0,0.00023208302445709705,107.0,0.0004957501078024507,107.0,0.0008747089887037873,108.0,0.03895254200324416,108.0,0.04097400000318885,108.0,0,1.0
barabasi_albert,50,8,141,50,141,0.11510204081632654,5.64,20,3,3.525677239907249,0.18593033574612522,4,2.3216326530612243,1.350596798802866,21.23931878693572,1.350596798802866,7.641829063504272,-4.76905820373833,1,68.0,0.00017970800399780273,100.0,0.0003959579626098275,107.0,0.0008237919537350535,113.0,0.04058024997357279,102.0,0.04567866702564061,113.0,0,0.9026548672566371
barabasi_albert,50,9,141,50,141,0.11510204081632654,5.64,20,3,3.8406249491456466,0.19325341325341325,4,2.290612244897959,1.391471273636906,21.57031253676594,1.391471273636906,7.926865920495226,-5.103271351723545,1,84.0,0.00016199995297938585,101.0,0.00038549990858882666,113.0,0.000713084009476006,113.0,0.05282045900821686,113.0,0.04742683400399983,113.0,0,1.0
barabasi_albert,50,10,141,50,141,0.11510204081632654,5.64,21,1,4.297720325940253,0.24051290213054918,4,2.230204081632653,0.9464837198439618,22.304364868385957,0.9464837198439618,8.017912935467557,-4.740929154598153,1,73.0,0.0001563329715281725,101.0,0.00047075003385543823,107.0,0.0006409999914467335,107.0,0.03550245799124241,106.0,0.046697249985300004,107.0,0,0.9906542056074766
barabasi_albert,50,11,141,50,141,0.11510204081632654,5.64,17,1,3.917958652155482,0.23932231493996198,4,2.296326530612245,0.9443699246423688,18.878112900770248,0.9443699246423688,8.017203021978617,-4.638463593005743,1,85.0,0.00019924994558095932,104.0,0.0007053340086713433,105.0,0.0014859999064356089,108.0,0.03870779206044972,105.0,0.04432808293495327,108.0,0,0.9722222222222222
barabasi_albert,50,12,141,50,141,0.11510204081632654,5.64,19,3,3.659289548532611,0.21631922755606964,4,2.320816326530612,1.3392562364064569,20.28164667361691,1.3392562364064569,7.808876675319961,-4.4336799636246305,1,59.0,0.00018370908219367266,102.0,0.0005608330247923732,101.0,0.0007322089513763785,108.0,0.03748524992261082,100.0,0.04607441695407033,108.0,0,0.9259259259259259
barabasi_albert,50,13,141,50,141,0.11510204081632654,5.64,18,1,3.803997896949997,0.2645180799592564,4,2.316734693877551,0.9436776209200687,19.43692977702104,0.9436776209200687,7.964200602084247,-4.381312778170518,1,61.0,0.0001700000138953328,101.0,0.0005572090158239007,103.0,0.0007599579403176904,109.0,0.03557383397128433,101.0,0.045976624940522015,109.0,0,0.926605504587156
barabasi_albert,50,14,141,50,141,0.11510204081632654,5.64,26,3,4.515573053334427,0.3219257004433475,4,2.2253061224489796,1.4869026330129123,27.136153531787905,1.4869026330129123,8.306708576382425,-4.751753457424719,1,68.0,0.00015512504614889622,104.0,0.0004717090632766485,102.0,0.0006492080865427852,106.0,0.037074833060614765,102.0,0.04798933397978544,106.0,0,0.9622641509433962
barabasi_albert,50,15,141,50,141,0.11510204081632654,5.64,20,3,3.7881921809749834,0.2210048518732729,4,2.299591836734694,1.5192511114760063,21.307479146288912,1.5192511114760063,7.84289231353722,-4.522202879750857,1,69.0,0.00015941692981868982,99.0,0.000628416077233851,106.0,0.0010627919109538198,109.0,0.036580458050593734,106.0,0.04815683397464454,109.0,0,0.9724770642201835
barabasi_albert,50,16,141,50,141,0.11510204081632654,5.64,20,1,3.90773591738234,0.2318280058434857,4,2.2857142857142856,0.954632781927044,21.40990615394408,0.954632781927044,7.925774168091673,-4.75508785411393,1,74.0,0.00017120805568993092,105.0,0.00039095908869057894,102.0,0.0007100419607013464,106.0,0.03720104193780571,104.0,0.051999041927047074,106.0,0,0.9811320754716981
barabasi_albert,50,17,141,50,141,0.11510204081632654,5.64,21,2,3.803997896949997,0.22441270494211668,4,2.3248979591836734,1.4201549201824533,22.22553372519971,1.4201549201824533,7.971066578277347,-4.713351195699106,1,67.0,0.0001546660205349326,105.0,0.0003896669950336218,107.0,0.0007130000740289688,108.0,0.1637085829861462,107.0,0.04461695801001042,108.0,0,0.9907407407407407
barabasi_albert,50,18,141,50,141,0.11510204081632654,5.64,29,1,5.09415351162487,0.3372214012041598,4,2.183673469387755,0.9786180300810463,30.12090407888112,0.9786180300810463,8.818736454936744,-5.458051995137939,1,82.0,0.00015895790420472622,106.0,0.00046266603749245405,109.0,0.0006367090390995145,111.0,0.04087929206434637,109.0,0.0457550409482792,111.0,0,0.9819819819819819
barabasi_albert,50,19,141,50,141,0.11510204081632654,5.64,18,3,3.5539274049985883,0.1760783334312746,4,2.306122448979592,1.3496815490707406,19.532898607107086,1.3496815490707406,7.6486558257033215,-4.828996168654688,1,78.0,0.00018979201558977365,102.0,0.00046975002624094486,103.0,0.0006669160211458802,109.0,0.03643091698177159,104.0,0.0456418750109151,109.0,0,0.9541284403669725
barabasi_albert,50,20,141,50,141,0.11510204081632654,5.64,24,1,3.803997896949997,0.17949803336759856,4,2.2742857142857145,0.9671123295239517,25.15381887059344,0.9671123295239517,7.843553937674926,-4.74384631809596,1,59.0,0.00017120898701250553,100.0,0.0004036249592900276,101.0,0.0006477910792455077,108.0,0.03496908291708678,101.0,0.04639941593632102,108.0,0,0.9351851851851852
barabasi_albert,50,21,141,50,141,0.11510204081632654,5.64,20,3,4.013776276774778,0.24598527650540036,4,2.2946938775510204,1.3255006898435289,21.351528020383405,1.3255006898435289,8.053025949035677,-4.6378631765678255,1,75.0,0.00016966694965958595,97.0,0.00038958305958658457,105.0,0.0006355829536914825,110.0,0.035753834061324596,105.0,0.04686424997635186,110.0,0,0.9545454545454546
barabasi_albert,50,22,141,50,141,0.11510204081632654,5.64,23,3,4.092725253422223,0.23316793275374512,4,2.28,1.391956746977799,24.192581505922995,1.391956746977799,7.995029140700137,-5.406785061209359,1,73.0,0.00015966698992997408,96.0,0.00038816698361188173,107.0,0.0006317909574136138,114.0,0.05580129206646234,111.0,0.047644583974033594,114.0,0,0.9736842105263158
barabasi_albert,50,23,141,50,141,0.11510204081632654,5.64,15,3,3.6318590281011733,0.2014040404040404,4,2.3142857142857145,1.4596625090398712,17.08343418367328,1.4596625090398712,7.7870402940539325,-4.7131444189685245,1,63.0,0.00015324994456022978,108.0,0.0007097090128809214,106.0,0.0009314579656347632,109.0,0.04725487495306879,106.0,0.046615084051154554,109.0,0,0.9724770642201835
barabasi_albert,50,24,141,50,141,0.11510204081632654,5.64,18,3,3.7987366320923064,0.18007487610428785,4,2.2816326530612243,1.5218345749092146,19.43799693171397,1.5218345749092146,7.7518346936313804,-4.995579922514953,1,64.0,0.00015362503472715616,103.0,0.0003901669988408685,104.0,0.0006368749309331179,108.0,0.040987791027873755,105.0,0.047348291031084955,108.0,0,0.9722222222222222
barabasi_albert,50,25,141,50,141,0.11510204081632654,5.64,22,3,4.203617489734288,0.26408243218769534,4,2.243265306122449,1.5019690749030472,23.33050827077528,1.5019690749030472,8.117926859035913,-4.855868539607256,1,73.0,0.00016045896336436272,96.0,0.0004723749589174986,104.0,0.0006518339505419135,106.0,1.132614125031978,104.0,0.04665208305232227,106.0,0,0.9811320754716981
barabasi_albert,50,26,141,50,141,0.11510204081632654,5.64,30,2,4.559649109306548,0.29205218153494017,4,2.226938775510204,1.377696828036416,31.06762501843196,1.377696828036416,8.429278669498192,-5.100965275327452,1,66.0,0.00016770802903920412,97.0,0.00039441604167222977,100.0,0.0007173339836299419,109.0,0.40490870794747025,100.0,0.04859529109671712,109.0,0,0.9174311926605505
barabasi_albert,50,27,141,50,141,0.11510204081632654,5.64,16,3,3.5370043822421255,0.20997652347652349,4,2.336326530612245,1.3373546379441879,17.65838664099545,1.3373546379441879,7.700071761316364,-4.844486109975682,1,64.0,0.00015408301260322332,111.0,0.0004709589993581176,99.0,0.0006383339641615748,112.0,0.037847333936952055,100.0,0.04558650008402765,112.0,0,0.8928571428571429
barabasi_albert,50,28,141,50,141,0.11510204081632654,5.64,20,3,4.283736686585673,0.2827700302793182,4,2.240816326530612,1.5410993499668881,21.44336972397441,1.5410993499668881,8.157201618395277,-4.765118912732915,1,67.0,0.00018204189836978912,97.0,0.0004699999699369073,102.0,0.0007432920392602682,108.0,0.05323166691232473,107.0,0.04958262504078448,108.0,0,0.9907407407407407
barabasi_albert,50,29,141,50,141,0.11510204081632654,5.64,27,3,4.852875436274869,0.3661486402028198,4,2.1975510204081634,1.3687148837245495,28.129392157475962,1.3687148837245495,8.511319573177973,-5.037598903430154,1,61.0,0.00015116704162210226,101.0,0.00038820900954306126,102.0,0.0007100410293787718,107.0,0.032629875000566244,104.0,0.04503041703719646,107.0,0,0.9719626168224299
barabasi_albert,100,0,291,100,291,0.058787878787878785,5.82,36,3,5.31484712856353,0.19551229219771418,4,2.549292929292929,1.4449590097656033,37.16257268168559,1.4449590097656033,9.711751155279515,-5.9202287724944735,1,145.0,0.00021408300381153822,208.0,0.0008554999949410558,210.0,0.0015280419029295444,225.0,5.055375040974468,216.0,0.0539466249756515,225.0,0,0.96
barabasi_albert,100,1,291,100,291,0.058787878787878785,5.82,35,3,5.1582555190684385,0.1736704548162685,4,2.556363636363636,1.4047961030344203,36.19215394195473,1.4047961030344203,9.512961008911738,-6.042593427082846,1,150.0,0.00023004109971225262,213.0,0.0006861669244244695,216.0,0.001552124973386526,226.0,4.950974000035785,219.0,0.05238308303523809,226.0,0,0.9690265486725663
barabasi_albert,100,2,291,100,291,0.058787878787878785,5.82,45,3,5.821305695460427,0.19996184594460456,4,2.486060606060606,1.3321987833560134,46.07793934166018,1.3321987833560134,10.109044414497731,-6.416740301244081,1,126.0,0.00021691701840609312,215.0,0.0010168339358642697,219.0,0.0015462919836863875,226.0,0.8125819170381874,213.0,0.050688124960288405,226.0,0,0.9424778761061947
barabasi_albert,100,3,291,100,291,0.058787878787878785,5.82,37,3,5.187253608606389,0.18268480246066454,4,2.5393939393939395,1.436772430930729,38.11368361223806,1.436772430930729,9.337653399977459,-5.95050245808341,1,136.0,0.0002442080294713378,214.0,0.0008997920667752624,210.0,0.0014932909980416298,221.0,3.4405779170338064,216.0,0.051444999990053475,221.0,0,0.9773755656108597
barabasi_albert,100,4,291,100,291,0.058787878787878785,5.82,36,3,4.6505483547642,0.12858807858807858,4,2.603030303030303,1.3899047303005538,37.13167905921776,1.3899047303005538,9.17471374346158,-6.072986033229638,1,139.0,0.00022995797917246819,206.0,0.0010106670670211315,212.0,0.0015356249641627073,227.0,5.001759834005497,225.0,0.05099516699556261,227.0,0,0.9911894273127754
barabasi_albert,100,5,291,100,291,0.058787878787878785,5.82,41,3,5.773006149312506,0.2340725699068223,4,2.498181818181818,1.3632703256864354,42.09955037922526,1.3632703256864354,10.041030420281476,-6.106912539535672,1,145.0,0.00020762498024851084,212.0,0.0008892910555005074,211.0,0.002053875010460615,222.0,3.07498462498188,212.0,0.051719042006880045,222.0,0,0.954954954954955
barabasi_albert,100,6,291,100,291,0.058787878787878785,5.82,25,3,4.723092207442071,0.17066498268710542,4,2.58969696969697,1.4070608653463217,26.543529871054062,1.4070608653463217,9.066730503981528,-5.860054702874221,1,138.0,0.000232374994084239,213.0,0.0008602080633863807,214.0,0.0013972499873489141,221.0,4.967510582995601,216.0,0.048883500043302774,221.0,0,0.9773755656108597
barabasi_albert,100,7,291,100,291,0.058787878787878785,5.82,28,3,4.521902254582688,0.1426684836491338,5,2.593737373737374,1.4023161463149432,29.279408144319017,1.4023161463149432,8.681388704431166,-5.770884751970264,1,144.0,0.00022079097107052803,219.0,0.0010259168921038508,218.0,0.0015544170746579766,223.0,0.3334960419451818,220.0,0.05111979192588478,223.0,0,0.9865470852017937
barabasi_albert,100,8,291,100,291,0.058787878787878785,5.82,25,3,4.155430182303633,0.12354759827375926,5,2.6517171717171717,1.3844266797584948,26.376906056710794,1.3844266797584948,8.77093040511145,-5.477537807971695,1,133.0,0.00022058305330574512,208.0,0.0006897089770063758,217.0,0.0013815839774906635,225.0,0.21092162502463907,218.0,0.0516506670974195,225.0,0,0.9688888888888889
barabasi_albert,100,9,291,100,291,0.058787878787878785,5.82,29,3,4.452819331614522,0.10654610733718238,5,2.62,1.3701642857488248,30.285319416240654,1.3701642857488248,9.05481666905224,-6.080185090838649,1,154.0,0.0002726250095292926,212.0,0.0011102089192718267,230.0,0.0018090829253196716,230.0,2.545060000033118,219.0,0.052898708963766694,230.0,0,0.9521739130434783
barabasi_albert,100,10,291,100,291,0.058787878787878785,5.82,28,1,4.85052574470026,0.16474081191140016,5,2.582020202020202,0.9469640796384285,29.43851349003608,0.9469640796384285,9.177238639743756,-5.559478796623806,1,153.0,0.00022862502373754978,218.0,0.0008644169429317117,216.0,0.0014158330159261823,224.0,0.3494688749779016,220.0,0.04713266703765839,224.0,0,0.9821428571428571
barabasi_albert,100,11,291,100,291,0.058787878787878785,5.82,25,1,4.811195277683084,0.15386852663496897,4,2.5802020202020204,0.9536046853258394,26.523309349459417,0.9536046853258394,9.239619809955498,-5.402597826605015,1,167.0,0.0002241659676656127,217.0,0.0006902910536155105,217.0,0.0015346669824793935,220.0,0.25070908304769546,215.0,0.05088224995415658,220.0,0,0.9772727272727273
barabasi_albert,100,12,291,100,291,0.058787878787878785,5.82,31,3,4.7484313199202965,0.17831899284620747,5,2.5925252525252525,1.3344299426739672,32.18373445302235,1.3344299426739672,9.268562978072522,-5.547068416859626,1,131.0,0.00021629210095852613,212.0,0.0007075839675962925,215.0,0.001531749963760376,221.0,2.343274832936004,216.0,0.05284895794466138,221.0,0,0.9773755656108597
barabasi_albert,100,13,291,100,291,0.058787878787878785,5.82,27,2,4.7294397131161325,0.14372391267915563,4,2.576363636363636,1.4500575845260057,28.362196103385706,1.4500575845260057,9.183415688061043,-5.276199542292041,1,137.0,0.00021712493617087603,206.0,0.0007125409319996834,214.0,0.0013767499476671219,225.0,2.7821187500376254,211.0,0.05228095897473395,225.0,0,0.9377777777777778
barabasi_albert,100,14,291,100,291,0.058787878787878785,5.82,40,3,5.280871140257069,0.17102585213204408,4,2.542020202020202,1.3935970343090445,41.100190353323796,1.3935970343090445,9.613227709987289,-6.029944247534267,1,140.0,0.00022950000129640102,207.0,0.0008644160116091371,215.0,0.0015379170654341578,228.0,2.579587082960643,216.0,0.05251970805693418,228.0,0,0.9473684210526315
barabasi_albert,100,15,291,100,291,0.058787878787878785,5.82,30,3,4.9686617916698665,0.1602527732728544,5,2.561212121212121,1.3118766439122238,31.397611458254133,1.3118766439122238,9.384244210625553,-5.712541948389933,1,150.0,0.00020949996542185545,211.0,0.0012935420963913202,216.0,0.0019515419844537973,224.0,0.3177375419763848,217.0,0.05008191603701562,224.0,0,0.96875
barabasi_albert,100,16,291,100,291,0.058787878787878785,5.82,30,3,4.706123670283221,0.14438690030181436,4,2.5921212121212123,1.3245407242961384,31.303755660844693,1.3245407242961384,9.206684285491962,-5.886431032531068,1,149.0,0.00021787500008940697,208.0,0.0006947499932721257,216.0,0.001682416070252657,220.0,0.3324696250492707,221.0,0.05300229100976139,220.0,1,1.0045454545454546
barabasi_albert,100,17,291,100,291,0.058787878787878785,5.82,29,2,4.871098438750751,0.1619480563128476,4,2.594141414141414,1.4358506021563022,30.35839646024802,1.4358506021563022,9.332313583762605,-5.827643170879885,1,148.0,0.00023145799059420824,219.0,0.0006964589701965451,214.0,0.00171699991915375,224.0,1.9081180830253288,217.0,0.05202804203145206,224.0,0,0.96875
barabasi_albert,100,18,291,100,291,0.058787878787878785,5.82,42,1,5.678697033651294,0.18733971122452964,4,2.5094949494949494,0.9795541092396265,43.11899457848473,0.9795541092396265,10.13648886456344,-6.459572914104357,1,166.0,0.00022187503054738045,211.0,0.0006897080456838012,218.0,0.0013807499781250954,220.0,5.0571105419658124,218.0,0.05287499993573874,220.0,0,0.990909090909091
barabasi_albert,100,19,291,100,291,0.058787878787878785,5.82,26,3,4.49528642024065,0.14036043074572485,4,2.6044444444444443,1.3172771042830715,27.41667597692478,1.3172771042830715,8.90717709894386,-5.792643762901862,1,168.0,0.000222874921746552,200.0,0.0006796249654144049,212.0,0.0013902090722694993,224.0,2.3434041660511866,211.0,0.05262424994725734,224.0,0,0.9419642857142857
barabasi_albert,100,20,291,100,291,0.058787878787878785,5.82,35,1,4.639784477753251,0.16322354571812775,5,2.6006060606060606,0.971382742159533,36.147388226186294,0.971382742159533,9.140583560072436,-5.782194519302668,1,136.0,0.00022895797155797482,206.0,0.0010102500673383474,202.0,0.0014152920339256525,223.0,1.7360728749772534,218.0,0.0555057090241462,223.0,0,0.9775784753363229
barabasi_albert,100,21,291,100,291,0.058787878787878785,5.82,38,3,5.4376097690069685,0.16936395306596544,4,2.513737373737374,1.43655680130681,39.146549278509966,1.43655680130681,9.694327758253852,-5.966340677390221,1,149.0,0.00023445894476026297,208.0,0.0007032909197732806,215.0,0.001400458044372499,223.0,0.22003333398606628,215.0,0.04632970900274813,223.0,0,0.9641255605381166
barabasi_albert,100,22,291,100,291,0.058787878787878785,5.82,31,3,4.6784185362149895,0.14578053679400926,5,2.631111111111111,1.3412050407724228,32.210357529477164,1.3412050407724228,9.165794034807401,-6.414420338785822,1,148.0,0.00021712493617087603,216.0,0.0008494160138070583,220.0,0.0013842500047758222,231.0,3.356842292007059,228.0,0.053167250007390976,231.0,0,0.987012987012987
barabasi_albert,100,23,291,100,291,0.058787878787878785,5.82,23,3,4.674141632428355,0.1291671826625387,4,2.5743434343434344,1.4468510091700575,24.838567455480533,1.4468510091700575,9.0696615460311,-5.563484380029988,1,131.0,0.00019770802464336157,209.0,0.0009832499781623483,216.0,0.00172616692725569,228.0,1.8802522079786286,217.0,0.04843358392827213,228.0,0,0.9517543859649122
barabasi_albert,100,24,291,100,291,0.058787878787878785,5.82,27,3,4.69335700751605,0.12708879875253545,5,2.5945454545454547,1.3916034044163927,28.312679577173494,1.3916034044163927,9.065898855154519,-5.838712918465088,1,147.0,0.0002239589812234044,210.0,0.0006955829448997974,211.0,0.0015552920522168279,223.0,4.382951791980304,212.0,0.050814875052310526,223.0,0,0.9506726457399103
barabasi_albert,100,25,291,100,291,0.058787878787878785,5.82,38,3,5.3486072953620365,0.18099068220416445,4,2.525858585858586,1.3551710524770155,39.154943422833064,1.3551710524770155,9.722309916790827,-6.1676349657443295,1,155.0,0.0002062919083982706,211.0,0.000887540983967483,217.0,0.0019391670357435942,219.0,4.330621417029761,215.0,0.051850249990820885,219.0,0,0.9817351598173516
barabasi_albert,100,26,291,100,291,0.058787878787878785,5.82,38,2,5.162131342769186,0.18321490669122248,4,2.5634343434343436,1.339268920031511,39.12406960930741,1.339268920031511,9.642668137186455,-6.054107044266378,1,144.0,0.00021550001110881567,213.0,0.0010140419472008944,218.0,0.0015237090410664678,227.0,5.121550333104096,225.0,0.052770915906876326,227.0,0,0.9911894273127754
barabasi_albert,100,27,291,100,291,0.058787878787878785,5.82,28,3,4.752641370858947,0.12466538102420455,4,2.5686868686868687,1.3849328729425379,29.39167561580615,1.3849328729425379,9.167637111238339,-5.791150599624771,1,146.0,0.00021870795171707869,209.0,0.0008580000139772892,211.0,0.001378374989144504,225.0,1.9509564170148224,211.0,0.05075383291114122,225.0,0,0.9377777777777778
barabasi_albert,100,28,291,100,291,0.058787878787878785,5.82,26,3,4.654846936259022,0.13463575914969103,5,2.608080808080808,1.2632125125870648,27.822938000317,1.2632125125870648,9.26883046784532,-5.662255642619991,1,144.0,0.00023091596085578203,213.0,0.0010100000072270632,221.0,0.0014092499623075128,223.0,3.1031257909489796,222.0,0.12904029106721282,223.0,0,0.9955156950672646
barabasi_albert,100,29,291,100,291,0.058787878787878785,5.82,42,3,5.76260357824482,0.21355356263571923,4,2.491919191919192,1.4057099131272324,43.11505242704608,1.4057099131272324,9.996878786279815,-6.376748338301551,1,146.0,0.00022874993737787008,210.0,0.0007159160450100899,219.0,0.003107790951617062,223.0,1.6682658749632537,217.0,0.05933633306995034,223.0,0,0.9730941704035875
watts_strogatz,20,0,60,20,60,0.3157894736842105,6.0,7,5,0.4472135954999579,0.5028571428571429,4,1.9263157894736842,1.4820444679126532,9.422870675240233,1.4820444679126532,6.04528760459828,-3.0205620811019145,1,34.0,0.00018029194325208664,38.0,0.00023291702382266521,41.0,0.0003446670016273856,42.0,0.01176024996675551,41.0,0.05842570890672505,42.0,0,0.9761904761904762
watts_strogatz,20,1,60,20,60,0.3157894736842105,6.0,7,5,0.5477225575051661,0.5254761904761904,4,1.9842105263157894,1.3862766789701304,9.239829021544095,1.3862766789701304,6.084896284826924,-3.14412571932111,1,36.0,0.0001824169885367155,39.0,0.00020762498024851084,42.0,0.0003582080826163292,42.0,0.008341041975654662,42.0,0.043866500025615096,42.0,0,1.0
watts_strogatz,20,2,60,20,60,0.3157894736842105,6.0,8,5,0.9486832980505138,0.40083333333333326,3,1.831578947368421,1.8449796316319356,10.238135859748606,1.8449796316319356,6.140532100898832,-3.3120960476109937,1,34.0,0.00017637491691857576,40.0,0.00024625007063150406,41.0,0.0003656659973785281,43.0,0.009242000058293343,43.0,0.041676542023196816,43.0,0,1.0
watts_strogatz,20,3,60,20,60,0.3157894736842105,6.0,7,5,0.7071067811865476,0.49523809523809526,3,1.9157894736842105,1.5890227424519736,9.378570962745046,1.5890227424519736,6.152350408862786,-3.047692956964141,1,27.0,0.00019004195928573608,43.0,0.0003299160161986947,44.0,0.0004024159861728549,44.0,0.009023249964229763,44.0,0.04270845802966505,44.0,0,1.0
watts_strogatz,20,4,60,20,60,0.3157894736842105,6.0,7,4,0.7745966692414834,0.5216666666666667,4,1.9210526315789473,1.3880460664109564,9.473566710168729,1.3880460664109564,6.110774464555597,-3.0822619438330583,1,35.0,0.00013641698751598597,42.0,0.00020658399444073439,42.0,0.00031187490094453096,42.0,0.009705749922432005,42.0,0.0401659170165658,42.0,0,1.0
watts_strogatz,20,5,60,20,60,0.3157894736842105,6.0,8,4,0.8366600265340756,0.4520238095238095,3,1.8736842105263158,1.5427706766466485,9.815213907446502,1.5427706766466485,6.175921187738684,-3.1557132843773616,1,27.0,0.0003465838963165879,40.0,0.00047512492164969444,41.0,0.0005672499537467957,43.0,0.008288125041872263,41.0,0.04575570800807327,43.0,0,0.9534883720930233
watts_strogatz,20,6,60,20,60,0.3157894736842105,6.0,8,4,0.8944271909999159,0.44547619047619047,3,1.8526315789473684,1.8375101318951879,9.878910135615103,1.8375101318951879,6.153160851278152,-3.2588962132987,1,30.0,0.00013812503311783075,40.0,0.00023191701620817184,41.0,0.0003482080064713955,42.0,0.008914542035199702,42.0,0.04092745797242969,42.0,0,1.0
watts_strogatz,20,7,60,20,60,0.3157894736842105,6.0,7,5,0.31622776601683794,0.5804761904761905,4,2.0631578947368423,1.2909990297608807,8.892869145641548,1.2909990297608807,6.015921534312166,-2.7025442443039234,1,30.0,0.00019629206508398056,36.0,0.00021312490571290255,39.0,0.00044866709504276514,41.0,0.010026167030446231,39.0,0.039660084061324596,41.0,0,0.9512195121951219
watts_strogatz,20,8,60,20,60,0.3157894736842105,6.0,8,5,0.6324555320336759,0.44857142857142857,4,1.9,1.6620189714660896,9.855194365845891,1.6620189714660896,6.090592868596973,-3.3318762498981576,1,35.0,0.0001658330438658595,38.0,0.00030575005803257227,43.0,0.00039737496990710497,43.0,0.008726582978852093,43.0,0.04174308408983052,43.0,0,1.0
watts_strogatz,20,9,60,20,60,0.3157894736842105,6.0,7,3,1.0,0.4116666666666666,3,1.8210526315789475,1.7752733447024245,9.8523889103766,1.7752733447024245,6.151524443465237,-3.2735424342107424,1,37.0,0.0001610000617802143,40.0,0.00020154204685240984,41.0,0.00032295798882842064,43.0,0.010230332962237298,41.0,0.03998325008433312,43.0,0,0.9534883720930233
watts_strogatz,20,10,60,20,60,0.3157894736842105,6.0,8,5,0.7071067811865476,0.4905952380952381,4,1.9157894736842105,1.6105639900499145,9.777186508740751,1.6105639900499145,6.100559195338781,-3.178487680583428,1,30.0,0.0001331660896539688,38.0,0.00019416690338402987,41.0,0.0003264590632170439,43.0,0.01025704201310873,42.0,0.04261833301279694,43.0,0,0.9767441860465116
watts_strogatz,20,11,60,20,60,0.3157894736842105,6.0,8,5,0.7745966692414834,0.38071428571428567,3,1.8421052631578947,1.989307808357335,10.268191678925385,1.989307808357335,6.103314917956145,-3.6222541232468735,1,32.0,0.00016145792324095964,41.0,0.00020545802544802427,45.0,0.00034324999433010817,45.0,0.009598292061127722,45.0,0.043695083004422486,45.0,0,1.0
watts_strogatz,20,12,60,20,60,0.3157894736842105,6.0,8,4,0.8366600265340756,0.49083333333333334,3,1.9105263157894736,1.6485292267189744,9.847772008147514,1.6485292267189744,6.163019192208928,-3.1133663517204626,1,30.0,0.00022491696290671825,39.0,0.0003101249458268285,42.0,0.00044170895125716925,43.0,0.011264708009548485,41.0,0.04216187505517155,43.0,0,0.9534883720930233
watts_strogatz,20,13,60,20,60,0.3157894736842105,6.0,7,5,0.4472135954999579,0.5161904761904761,4,1.9736842105263157,1.2153772451355165,9.22585795401185,1.2153772451355165,6.033700510628609,-3.117009476633793,1,30.0,0.00015566602814942598,37.0,0.00022437493316829205,39.0,0.0004094999749213457,43.0,0.009759541950188577,42.0,0.04146337497513741,43.0,0,0.9767441860465116
watts_strogatz,20,14,60,20,60,0.3157894736842105,6.0,7,5,0.4472135954999579,0.545,4,2.026315789473684,1.3118685680495419,9.060540400074027,1.3118685680495419,6.043772333202111,-3.0010971098039168,1,33.0,0.0001918339403346181,36.0,0.0002086249878630042,39.0,0.0003652500454336405,41.0,0.008340165950357914,40.0,0.043702416005544364,41.0,0,0.975609756097561
watts_strogatz,20,15,60,20,60,0.3157894736842105,6.0,7,5,0.5477225575051661,0.45285714285714285,3,1.894736842105263,1.6938588823600873,9.655547344907218,1.6938588823600873,6.055933292986834,-3.232743733822644,1,24.0,0.0001442501088604331,39.0,0.00019995903130620718,41.0,0.00034916691947728395,42.0,0.008808499900624156,43.0,0.046934999991208315,42.0,1,1.0238095238095237
watts_strogatz,20,16,60,20,60,0.3157894736842105,6.0,7,5,0.7071067811865476,0.5023809523809524,4,1.9210526315789473,1.3980903922639425,9.677748145346358,1.3980903922639425,6.098243100702529,-3.18433643595178,1,29.0,0.0001354169799014926,38.0,0.00019920803606510162,42.0,0.00030158308800309896,42.0,0.008830999955534935,42.0,0.04232733289245516,42.0,0,1.0
watts_strogatz,20,17,60,20,60,0.3157894736842105,6.0,8,5,0.7071067811865476,0.45,3,1.8526315789473684,1.671058670119517,9.76887971384205,1.671058670119517,6.090202084614205,-3.048924293120298,1,25.0,0.00022787507623434067,39.0,0.00044770899694412947,42.0,0.0009916250128298998,42.0,0.008361749933101237,42.0,0.041647582896985114,42.0,0,1.0
watts_strogatz,20,18,60,20,60,0.3157894736842105,6.0,7,4,0.8366600265340756,0.48119047619047617,3,1.936842105263158,1.315293105270254,9.448880160099149,1.315293105270254,6.165119456283044,-3.034289403757381,1,29.0,0.000186417018994689,42.0,0.00024929200299084187,41.0,0.0003625419922173023,42.0,0.008734167087823153,41.0,0.046468666987493634,42.0,0,0.9761904761904762
watts_strogatz,20,19,60,20,60,0.3157894736842105,6.0,7,5,0.6324555320336759,0.5123809523809524,4,1.9736842105263157,1.3371438058628418,9.637623601417456,1.3371438058628418,6.060586336618004,-3.399084190537413,1,29.0,0.00016475003212690353,43.0,0.00024275004398077726,43.0,0.0004741670563817024,44.0,0.00967029097955674,44.0,0.04192037496250123,44.0,0,1.0
watts_strogatz,20,20,60,20,60,0.3157894736842105,6.0,8,4,0.8366600265340756,0.43499999999999994,3,1.8736842105263158,1.652918338348333,10.164255674703861,1.652918338348333,6.121151677457589,-3.334318586552441,1,30.0,0.00016599998343735933,38.0,0.0001985830022022128,41.0,0.0003512500552460551,42.0,0.009802625048905611,41.0,0.03932529198937118,42.0,0,0.9761904761904762
watts_strogatz,20,21,60,20,60,0.3157894736842105,6.0,8,5,0.7071067811865476,0.4691666666666666,3,1.9263157894736842,1.558036680534086,9.83821302907204,1.558036680534086,6.090810756014922,-3.000667949906089,1,31.0,0.00017970800399780273,39.0,0.00020312494598329067,41.0,0.00037100003100931644,42.0,0.010160082951188087,42.0,0.04585091699846089,42.0,0,1.0
watts_strogatz,20,22,60,20,60,0.3157894736842105,6.0,8,4,0.9486832980505138,0.48571428571428565,4,1.9105263157894736,1.3639794392973235,9.957662174500674,1.3639794392973235,6.156532055065239,-3.098910606908141,1,36.0,0.0001366250216960907,39.0,0.00019708299078047276,41.0,0.0003327500307932496,43.0,0.008206582977436483,40.0,0.041345084086060524,43.0,0,0.9302325581395349
watts_strogatz,20,23,60,20,60,0.3157894736842105,6.0,7,5,0.7071067811865476,0.4311904761904762,3,1.8157894736842106,1.9244883908253159,9.591703794677677,1.9244883908253159,6.08088744079928,-3.2005124463552184,1,35.0,0.00013620895333588123,42.0,0.00023908400908112526,41.0,0.00035512493923306465,42.0,0.009714332991279662,42.0,0.04015820904169232,42.0,0,1.0
watts_strogatz,20,24,60,20,60,0.3157894736842105,6.0,7,4,0.7071067811865476,0.5226190476190476,3,1.9157894736842105,1.5220984436444134,9.678648828855316,1.5220984436444134,6.106411986956612,-3.057083730899234,1,23.0,0.00018108298536390066,40.0,0.00020933395717293024,42.0,0.0003946250071749091,42.0,0.009726249962113798,42.0,0.04069249995518476,42.0,0,1.0
watts_strogatz,20,25,60,20,60,0.3157894736842105,6.0,7,5,0.4472135954999579,0.5485714285714286,4,1.9842105263157894,1.2458338115320737,9.077329047426042,1.2458338115320737,6.054688569901363,-2.8901101468532344,1,33.0,0.00013475003652274609,38.0,0.00019583292305469513,41.0,0.000326832989230752,41.0,0.008550125057809055,41.0,0.039965916075743735,41.0,0,1.0
watts_strogatz,20,26,60,20,60,0.3157894736842105,6.0,8,5,0.7745966692414834,0.4817857142857143,3,1.8789473684210527,1.592774473510918,9.666263508076563,1.592774473510918,6.083853694959216,-3.2380269521709297,1,30.0,0.00013341708108782768,38.0,0.00022808299399912357,41.0,0.0003231250448152423,43.0,0.00843158399220556,41.0,0.04095929197501391,43.0,0,0.9534883720930233
watts_strogatz,20,27,60,20,60,0.3157894736842105,6.0,7,5,0.7071067811865476,0.4904761904761904,4,1.931578947368421,1.2953385413992398,9.775342667420905,1.2953385413992398,6.088920691564632,-3.2108419546448714,1,30.0,0.00014916702639311552,41.0,0.00023816595785319805,43.0,0.0003403750015422702,43.0,0.010442874976433814,43.0,0.03885712497867644,43.0,0,1.0
watts_strogatz,20,28,60,20,60,0.3157894736842105,6.0,8,4,0.7071067811865476,0.530952380952381,4,1.9789473684210526,1.225375780994745,9.828467524180466,1.225375780994745,6.103488295101511,-3.1089416076749674,1,27.0,0.00018737500067800283,40.0,0.0002443330595269799,40.0,0.000363041996024549,42.0,0.01025391707662493,42.0,0.03914883406832814,42.0,0,1.0
watts_strogatz,20,29,60,20,60,0.3157894736842105,6.0,7,4,0.7071067811865476,0.508095238095238,4,1.936842105263158,1.4879766256599325,9.298374060580851,1.4879766256599325,6.079004974409549,-3.1178823149902954,1,26.0,0.00014141702558845282,39.0,0.00023799994960427284,42.0,0.00047604204155504704,42.0,0.009613542002625763,42.0,0.04456324991770089,42.0,0,1.0
watts_strogatz,50,0,150,50,150,0.12244897959183673,6.0,7,4,0.6324555320336759,0.4696190476190476,6,3.0220408163265304,0.3576517759280254,9.780394864896229,0.3576517759280254,6.187483522253384,-3.249742552691835,1,81.0,0.00016362499445676804,100.0,0.0004142499528825283,105.0,0.0006843749433755875,106.0,0.06175741704646498,104.0,0.04151387501042336,106.0,0,0.9811320754716981
watts_strogatz,50,1,150,50,150,0.12244897959183673,6.0,8,4,0.7211102550927979,0.46628571428571425,5,2.9093877551020406,0.49591332802134225,10.05844473771588,0.49591332802134225,6.117263131091631,-3.4648976143627714,1,74.0,0.00020204100292176008,100.0,0.00041450001299381256,105.0,0.0007587079890072346,107.0,0.05649441701825708,104.0,0.04275079199578613,107.0,0,0.9719626168224299
watts_strogatz,50,2,150,50,150,0.12244897959183673,6.0,7,4,0.6928203230275509,0.4676190476190476,6,3.0587755102040814,0.36259003674160584,10.013065336618046,0.36259003674160584,6.12333280108693,-3.5198976735829604,1,82.0,0.00019870803225785494,94.0,0.0003316249931231141,101.0,0.0006180000491440296,108.0,0.07603925000876188,106.0,0.042228792095556855,108.0,0,0.9814814814814815
watts_strogatz,50,3,150,50,150,0.12244897959183673,6.0,8,4,0.8,0.4876190476190476,5,2.9248979591836735,0.5045431427207329,9.72816864029569,0.5045431427207329,6.154985892285894,-3.047161188355539,1,67.0,0.00016299996059387922,98.0,0.00040675001218914986,102.0,0.0006646659458056092,104.0,0.05635362502653152,103.0,0.04212166601791978,104.0,0,0.9903846153846154
watts_strogatz,50,4,150,50,150,0.12244897959183673,6.0,8,5,0.7211102550927979,0.4227142857142857,6,2.9404081632653063,0.441508048231665,10.117132604348528,0.441508048231665,6.125897794168315,-3.479573138729857,1,86.0,0.00020883302204310894,103.0,0.0004347920184955001,103.0,0.0008295829175040126,107.0,0.06692333298269659,106.0,0.04364325001370162,107.0,0,0.9906542056074766
watts_strogatz,50,5,150,50,150,0.12244897959183673,6.0,8,5,0.7483314773547883,0.474,7,3.085714285714286,0.34576217672618403,9.978309064287776,0.34576217672618403,6.1745867038181474,-3.317500646425664,1,75.0,0.00016312499064952135,104.0,0.0004104999825358391,104.0,0.0007521249353885651,107.0,0.059468708001077175,103.0,0.042843208997510374,107.0,0,0.9626168224299065
watts_strogatz,50,6,150,50,150,0.12244897959183673,6.0,7,4,0.7745966692414834,0.437047619047619,5,2.833469387755102,0.5333871451878054,10.364931934862945,0.5333871451878054,6.136601167119187,-3.8143328930055302,1,76.0,0.0002393750473856926,95.0,0.0011244160123169422,106.0,0.0011822499800473452,107.0,0.06372412492055446,106.0,0.045961708994582295,107.0,0,0.9906542056074766
watts_strogatz,50,7,150,50,150,0.12244897959183673,6.0,7,5,0.6324555320336759,0.5041904761904762,6,2.9624489795918367,0.5014989851163941,9.649299964895853,0.5014989851163941,6.095942831929008,-3.1753368286621058,1,71.0,0.00016133394092321396,98.0,0.0003247500862926245,102.0,0.0006671670125797391,105.0,0.05522387498058379,104.0,0.04648204194381833,105.0,0,0.9904761904761905
watts_strogatz,50,8,150,50,150,0.12244897959183673,6.0,8,4,0.6633249580710799,0.48680952380952386,6,2.9379591836734695,0.40357141283981723,9.857881082758993,0.40357141283981723,6.12078617083806,-3.346178911007133,1,92.0,0.00018720899242907763,98.0,0.000323625048622489,105.0,0.0006782920099794865,105.0,0.055259207962080836,102.0,0.04332483292091638,105.0,0,0.9714285714285714
watts_strogatz,50,9,150,50,150,0.12244897959183673,6.0,8,4,0.7745966692414834,0.43866666666666665,5,2.7942857142857145,0.542444154428357,10.353910362652009,0.542444154428357,6.131725873955702,-3.4780733603394585,1,83.0,0.00021004094742238522,98.0,0.00033370801247656345,105.0,0.0007581659592688084,108.0,0.0536567090312019,104.0,0.0461971249897033,108.0,0,0.9629629629629629
watts_strogatz,50,10,150,50,150,0.12244897959183673,6.0,7,5,0.6633249580710799,0.45895238095238095,5,2.837551020408163,0.5025050823905653,9.779953701022128,0.5025050823905653,6.093252633775486,-3.2666749710848664,1,76.0,0.00019754201639443636,102.0,0.00041324994526803493,101.0,0.0007341658929362893,108.0,0.07630062499083579,101.0,0.0464915829943493,108.0,0,0.9351851851851852
watts_strogatz,50,11,150,50,150,0.12244897959183673,6.0,8,4,0.848528137423857,0.37799999999999995,5,2.6448979591836737,0.7183778653128687,10.442213084211437,0.7183778653128687,6.150201205460203,-3.7347849869782292,1,69.0,0.00019483303185552359,104.0,0.0004968749126419425,105.0,0.0007871659472584724,109.0,0.059916875092312694,106.0,0.050127541995607316,109.0,0,0.9724770642201835
watts_strogatz,50,12,150,50,150,0.12244897959183673,6.0,8,5,0.7211102550927979,0.46723809523809523,6,2.996734693877551,0.43487015484846203,10.13027675568882,0.43487015484846203,6.113139595722844,-3.264080253596445,1,76.0,0.0002174580004066229,100.0,0.0005186659982427955,101.0,0.0008302499772980809,107.0,0.0584154159296304,102.0,0.05576108396053314,107.0,0,0.9532710280373832
watts_strogatz,50,13,150,50,150,0.12244897959183673,6.0,7,4,0.565685424949238,0.5251428571428571,6,3.1755102040816325,0.3905118208668886,9.460550617647879,0.3905118208668886,6.065236216266596,-3.132985186070531,1,68.0,0.00019862502813339233,97.0,0.00043041701428592205,105.0,0.0006688750581815839,104.0,0.057495958055369556,102.0,0.04242545901797712,105.0,0,0.9714285714285714
watts_strogatz,50,14,150,50,150,0.12244897959183673,6.0,8,4,0.7745966692414834,0.4800952380952381,6,2.9412244897959186,0.4429704364146332,9.978871809896276,0.4429704364146332,6.161072465863125,-3.332138340429774,1,78.0,0.00018216692842543125,90.0,0.0003608330152928829,106.0,0.0007491250289604068,108.0,0.05550270795356482,108.0,0.04533854208420962,108.0,0,1.0
watts_strogatz,50,15,150,50,150,0.12244897959183673,6.0,8,4,0.8246211251235321,0.48595238095238097,5,2.8416326530612244,0.49240755126104285,10.383986289597212,0.49240755126104285,6.149225734508566,-3.266427722556232,1,62.0,0.0002086249878630042,95.0,0.0003325419966131449,101.0,0.000841874978505075,105.0,0.055159291019663215,101.0,0.04542220802977681,105.0,0,0.9619047619047619
watts_strogatz,50,16,150,50,150,0.12244897959183673,6.0,8,4,0.8717797887081347,0.4403809523809524,5,2.736326530612245,0.6454249337406066,10.017729516976981,0.6454249337406066,6.146873945043815,-3.326126363168428,1,73.0,0.00022779102437198162,103.0,0.00044870900455862284,106.0,0.0008089159382507205,106.0,0.05450774997007102,103.0,0.047490250086411834,106.0,0,0.9716981132075472
watts_strogatz,50,17,150,50,150,0.12244897959183673,6.0,9,5,0.8246211251235321,0.41871428571428576,5,2.7722448979591836,0.7105602146154444,10.615319330234904,0.7105602146154444,6.133844992414451,-3.636740869026055,1,75.0,0.0001753749093040824,102.0,0.0003299160161986947,105.0,0.0006820840062573552,109.0,0.05421337496954948,106.0,0.048550750012509525,109.0,0,0.9724770642201835
watts_strogatz,50,18,150,50,150,0.12244897959183673,6.0,7,4,0.7211102550927979,0.47609523809523807,5,2.819591836734694,0.5655352920143091,9.597695871115208,0.5655352920143091,6.114581305718018,-3.082283238913696,1,71.0,0.0001902909716591239,95.0,0.00040929100941866636,105.0,0.0008466660510748625,106.0,0.0617532089818269,106.0,0.042823874973692,106.0,0,1.0
watts_strogatz,50,19,150,50,150,0.12244897959183673,6.0,9,4,0.8717797887081347,0.4445079365079365,5,2.8546938775510204,0.4622784983005651,11.128832491608279,0.4622784983005651,6.16368793904724,-3.715235513472853,1,79.0,0.00020766607485711575,95.0,0.00041570793837308884,106.0,0.0007703329902142286,107.0,0.0807016670005396,108.0,0.046480457996949553,107.0,1,1.0093457943925233
watts_strogatz,50,20,150,50,150,0.12244897959183673,6.0,8,4,0.8717797887081347,0.44057142857142856,5,2.769795918367347,0.6190127064049509,10.084663316734266,0.6190127064049509,6.1443516244561,-3.346396136084844,1,70.0,0.00018854206427931786,102.0,0.000549791962839663,107.0,0.0008386659901589155,108.0,0.05298558308277279,107.0,0.04953512502834201,108.0,0,0.9907407407407407
watts_strogatz,50,21,150,50,150,0.12244897959183673,6.0,8,4,0.8246211251235321,0.4238095238095238,6,2.813061224489796,0.48884639312670225,10.156339185030772,0.48884639312670225,6.174828500449738,-3.587271691787171,1,80.0,0.00018654100131243467,105.0,0.0005803330568596721,106.0,0.0013350830413401127,108.0,0.10345154092647135,107.0,0.048733541974797845,108.0,0,0.9907407407407407
watts_strogatz,50,22,150,50,150,0.12244897959183673,6.0,8,4,0.7745966692414834,0.41195238095238096,5,2.7208163265306125,0.6714911232825866,9.900702150505793,0.6714911232825866,6.124814855367173,-3.4278283162597374,1,78.0,0.00023587490431964397,96.0,0.0003531249240040779,102.0,0.0008989579509943724,107.0,0.07545541692525148,102.0,0.04820204200223088,107.0,0,0.9532710280373832
watts_strogatz,50,23,150,50,150,0.12244897959183673,6.0,8,4,0.6633249580710799,0.4584285714285714,5,2.8824489795918367,0.4693274995893385,9.84375981745664,0.4693274995893385,6.106167511207901,-3.4168189098175437,1,73.0,0.00019608298316597939,101.0,0.00041149999015033245,105.0,0.000695624970830977,105.0,0.05290995805989951,104.0,0.0716666670050472,105.0,0,0.9904761904761905
watts_strogatz,50,24,150,50,150,0.12244897959183673,6.0,7,4,0.8,0.4645714285714286,5,2.8489795918367347,0.5088377332813321,10.15796691687255,0.5088377332813321,6.1685728881512025,-3.524132364602667,1,68.0,0.00022837496362626553,100.0,0.0005590000655502081,107.0,0.0014706660294905305,107.0,0.062096416018903255,107.0,0.04882604198064655,107.0,0,1.0
watts_strogatz,50,25,150,50,150,0.12244897959183673,6.0,7,4,0.6,0.5313333333333333,6,3.1346938775510202,0.3513216690486283,9.57219878188235,0.3513216690486283,6.090842680144043,-3.168202307076177,1,79.0,0.00017866701819002628,97.0,0.00032579200342297554,103.0,0.0006762080593034625,104.0,0.08142816694453359,102.0,0.043960000039078295,104.0,0,0.9807692307692307
watts_strogatz,50,26,150,50,150,0.12244897959183673,6.0,8,4,0.7745966692414834,0.42133333333333334,5,2.7175510204081634,0.6835870751979084,10.37565683941067,0.6835870751979084,6.138016842611336,-3.68196372996532,1,71.0,0.00026362494099885225,98.0,0.0004231659695506096,106.0,0.0009541249601170421,109.0,0.05902775004506111,108.0,0.0461382920620963,109.0,0,0.9908256880733946
watts_strogatz,50,27,150,50,150,0.12244897959183673,6.0,8,4,0.7483314773547883,0.43185714285714283,5,2.7175510204081634,0.6214408743373234,10.079718083395385,0.6214408743373234,6.1155827246167895,-3.2769396709288072,1,69.0,0.0002292500576004386,97.0,0.00035787501838058233,104.0,0.0008702089544385672,107.0,0.06766837509348989,105.0,0.04166487499605864,107.0,0,0.9813084112149533
watts_strogatz,50,28,150,50,150,0.12244897959183673,6.0,7,5,0.6,0.4842857142857143,5,2.924081632653061,0.46367666123510676,9.530739994707758,0.46367666123510676,6.061060602733257,-3.1996417660958323,1,78.0,0.00022920803166925907,95.0,0.00036750000435858965,105.0,0.0008407499408349395,105.0,0.059912625001743436,105.0,0.043002416961826384,105.0,0,1.0
watts_strogatz,50,29,150,50,150,0.12244897959183673,6.0,8,4,0.916515138991168,0.4277619047619048,5,2.739591836734694,0.5909485113526471,10.482153394438837,0.5909485113526471,6.240443733269321,-3.508309516104181,1,74.0,0.0002281250199303031,104.0,0.0005255000432953238,106.0,0.0008795419707894325,108.0,0.05359841696918011,106.0,0.046107875066809356,108.0,0,0.9814814814814815
watts_strogatz,100,0,300,100,300,0.06060606060606061,6.0,8,4,0.7071067811865476,0.4642380952380952,7,3.7945454545454544,0.33705676835721915,10.41356973703795,0.33705676835721915,6.163269713733145,-3.5149587567609135,1,160.0,0.00026183295994997025,193.0,0.0007096660556271672,209.0,0.0015082089230418205,212.0,3.4714117909315974,207.0,0.04840337508358061,212.0,0,0.9764150943396226
watts_strogatz,100,1,300,100,300,0.06060606060606061,6.0,8,5,0.6324555320336759,0.4670238095238095,7,3.6595959595959595,0.30865616399861573,10.209799669515533,0.30865616399861573,6.07219046818672,-3.3924041177205315,1,155.0,0.00027012499049305916,189.0,0.0007238329853862524,209.0,0.001958874985575676,210.0,0.37599345797207206,207.0,0.048029790981672704,210.0,0,0.9857142857142858
watts_strogatz,100,2,300,100,300,0.06060606060606061,6.0,8,4,0.6782329983125268,0.43457142857142855,7,3.6016161616161617,0.29182282941177856,10.109333096542938,0.29182282941177856,6.110665998307961,-3.6085404221091073,1,155.0,0.00026545801665633917,191.0,0.0007962910458445549,207.0,0.0017795830499380827,214.0,0.3664070419035852,212.0,0.04702033300418407,214.0,0,0.9906542056074766
watts_strogatz,100,3,300,100,300,0.06060606060606061,6.0,8,4,0.6633249580710799,0.47028571428571425,7,3.75010101010101,0.3118593362019486,10.353551777458021,0.3118593362019486,6.175602550056313,-3.6018182618889876,1,144.0,0.00025874993298202753,198.0,0.0007146659772843122,207.0,0.00179537502117455,212.0,0.8738073339918628,206.0,0.04725929198320955,212.0,0,0.9716981132075472
watts_strogatz,100,4,300,100,300,0.06060606060606061,6.0,8,4,0.6324555320336759,0.44352380952380954,7,3.716767676767677,0.3498687912367783,10.18612848682175,0.3498687912367783,6.091520902174261,-3.6306606119284446,1,172.0,0.00024225004017353058,202.0,0.0007258750265464187,212.0,0.0014589580241590738,215.0,0.45575920899864286,212.0,0.05025137506891042,215.0,0,0.986046511627907
watts_strogatz,100,5,300,100,300,0.06060606060606061,6.0,8,4,0.7071067811865476,0.4470952380952381,7,3.748282828282828,0.29179650505079674,10.348194403801003,0.29179650505079674,6.135013673607413,-3.6479173930026305,1,140.0,0.0002537500113248825,207.0,0.0009940409800037742,211.0,0.0015967499930411577,216.0,0.5226628329837695,210.0,0.04449475009460002,216.0,0,0.9722222222222222
watts_strogatz,100,6,300,100,300,0.06060606060606061,6.0,8,4,0.7071067811865476,0.4260952380952381,7,3.640808080808081,0.3404588539355634,10.429460993807997,0.3404588539355634,6.139895234023264,-3.578795876734484,1,147.0,0.0002849159063771367,206.0,0.0009955000132322311,211.0,0.0018041249131783843,215.0,0.43678737489972264,210.0,0.047946332953870296,215.0,0,0.9767441860465116
watts_strogatz,100,7,300,100,300,0.06060606060606061,6.0,8,5,0.6782329983125268,0.47226190476190477,7,3.771717171717172,0.27251099582982385,10.213315666155005,0.27251099582982385,6.124521739446987,-3.5523579543162325,1,146.0,0.00026041700039058924,201.0,0.0009783749701455235,212.0,0.001598041970282793,212.0,6.0081714580301195,212.0,0.051245166920125484,212.0,0,1.0
watts_strogatz,100,8,300,100,300,0.06060606060606061,6.0,8,4,0.7483314773547883,0.46338095238095234,7,3.747878787878788,0.29607525405520585,10.37563937322318,0.29607525405520585,6.154608476851898,-3.498229774010389,1,177.0,0.0002697911113500595,195.0,0.0006079580634832382,206.0,0.0017821249784901738,213.0,3.343129541957751,206.0,0.05691200005821884,213.0,0,0.9671361502347418
watts_strogatz,100,9,300,100,300,0.06060606060606061,6.0,8,4,0.7483314773547883,0.4632857142857143,7,3.7026262626262625,0.2877328116896455,10.396301843051448,0.2877328116896455,6.120615395611495,-3.4186900497174255,1,154.0,0.00029879098292440176,196.0,0.000767792109400034,213.0,0.0018859580159187317,213.0,2.529378207982518,210.0,0.056535416981205344,213.0,0,0.9859154929577465
watts_strogatz,100,10,300,100,300,0.06060606060606061,6.0,9,4,0.6928203230275509,0.4796190476190476,8,3.9414141414141413,0.27523500998239525,10.76505763554182,0.27523500998239525,6.126574321342368,-3.446266306731967,1,150.0,0.0002983330050483346,196.0,0.0008056670194491744,214.0,0.002200416987761855,213.0,4.005540917045437,205.0,0.10616620793007314,214.0,0,0.9579439252336449
watts_strogatz,100,11,300,100,300,0.06060606060606061,6.0,8,4,0.8602325267042626,0.41045238095238096,6,3.3864646464646464,0.47066442557830557,10.217304327658347,0.47066442557830557,6.132197860094717,-3.6690996815875145,1,145.0,0.0002830829471349716,197.0,0.001014875015243888,218.0,0.0023597920080646873,217.0,3.330172042013146,216.0,0.059685208019800484,218.0,0,0.9908256880733946
watts_strogatz,100,12,300,100,300,0.06060606060606061,6.0,8,5,0.6164414002968976,0.4722142857142857,7,3.7755555555555556,0.2836458745270265,9.970628251437358,0.2836458745270265,6.103522737218301,-3.49276986202506,1,148.0,0.00028212496545165777,198.0,0.0008114170050248504,208.0,0.0018032920779660344,213.0,0.828033790923655,201.0,0.05403191689401865,213.0,0,0.9436619718309859
watts_strogatz,100,13,300,100,300,0.06060606060606061,6.0,8,4,0.6928203230275509,0.5066190476190475,7,3.8555555555555556,0.2542884532274302,10.026960209583237,0.2542884532274302,6.102806720612455,-3.1990553089915825,1,147.0,0.00027187494561076164,197.0,0.0008469580207020044,205.0,0.0018202500650659204,207.0,0.9487603750312701,204.0,0.04926599992904812,207.0,0,0.9855072463768116
watts_strogatz,100,14,300,100,300,0.06060606060606061,6.0,8,4,0.7071067811865476,0.46495238095238095,7,3.7092929292929293,0.3313268179809524,10.24291287757222,0.3313268179809524,6.135577754259252,-3.478908074025663,1,148.0,0.0003095000283792615,198.0,0.0009901250014081597,209.0,0.0016220000106841326,213.0,5.988841792102903,209.0,0.05898720899131149,213.0,0,0.9812206572769953
watts_strogatz,100,15,300,100,300,0.06060606060606061,6.0,8,4,0.812403840463596,0.4428333333333333,7,3.5486868686868687,0.3798845458855099,10.501196064066793,0.3798845458855099,6.183764634015811,-3.4988675897134907,1,136.0,0.0003334999782964587,199.0,0.0008001659298315644,209.0,0.0019349170615896583,213.0,6.1837792079895735,210.0,0.052161915926262736,213.0,0,0.9859154929577465
watts_strogatz,100,16,300,100,300,0.06060606060606061,6.0,8,4,0.7615773105863908,0.44066666666666665,7,3.5456565656565657,0.37499730401053766,10.258110716932057,0.37499730401053766,6.117452135252953,-3.4085146697449744,1,135.0,0.000320750055834651,198.0,0.000971166999079287,211.0,0.0019070830894634128,213.0,3.7794926250353456,210.0,0.06075070903170854,213.0,0,0.9859154929577465
watts_strogatz,100,17,300,100,300,0.06060606060606061,6.0,8,4,0.7483314773547883,0.4680714285714286,6,3.531919191919192,0.42207975179452284,10.60764859871016,0.42207975179452284,6.168097291912163,-3.526468017044564,1,149.0,0.0002697079908102751,200.0,0.0009799590334296227,209.0,0.0018472090596333146,212.0,2.7026648750761524,208.0,0.051106957951560616,212.0,0,0.9811320754716981
watts_strogatz,100,18,300,100,300,0.06060606060606061,6.0,9,4,0.8,0.4547539682539683,7,3.6818181818181817,0.3243653317687164,10.78213848318407,0.3243653317687164,6.151769024058804,-3.374662723454491,1,147.0,0.00027254200540483,193.0,0.0008033750345930457,211.0,0.0018311660969629884,212.0,0.6261536669917405,206.0,0.05112487496808171,212.0,0,0.9716981132075472
watts_strogatz,100,19,300,100,300,0.06060606060606061,6.0,9,4,0.7348469228349535,0.4330793650793651,7,3.5123232323232325,0.3740197743022621,10.797388874881198,0.3740197743022621,6.124405327362535,-3.5070123839655882,1,148.0,0.0003060839371755719,197.0,0.0009342079283669591,209.0,0.0022081249626353383,215.0,0.3926891250303015,207.0,0.04979479208122939,215.0,0,0.9627906976744186
watts_strogatz,100,20,300,100,300,0.06060606060606061,6.0,9,4,0.8246211251235321,0.44399206349206344,7,3.627070707070707,0.38471668745699006,10.838049896079438,0.38471668745699006,6.157323138278164,-3.5729897985007026,1,134.0,0.000793833052739501,198.0,0.0010878340108320117,210.0,0.0023092079209163785,214.0,0.5729351249756292,209.0,0.04783704096917063,214.0,0,0.9766355140186916
watts_strogatz,100,21,300,100,300,0.06060606060606061,6.0,8,4,0.848528137423857,0.41404761904761905,7,3.54989898989899,0.39434656373772575,10.434999601266929,0.39434656373772575,6.188929940333445,-3.5887148185149305,1,153.0,0.0003192499279975891,200.0,0.0008599580032750964,213.0,0.0020082920091226697,218.0,4.584076458006166,211.0,0.0557999579468742,218.0,0,0.9678899082568807
watts_strogatz,100,22,300,100,300,0.06060606060606061,6.0,8,4,0.8246211251235321,0.4315714285714286,6,3.461818181818182,0.40470897020829144,10.354176892068313,0.40470897020829144,6.135613244986467,-3.5711091906720123,1,161.0,0.00031270901672542095,202.0,0.0010682079009711742,210.0,0.0018243750091642141,215.0,0.4749052079860121,213.0,0.04778470809105784,215.0,0,0.9906976744186047
watts_strogatz,100,23,300,100,300,0.06060606060606061,6.0,8,4,0.7348469228349535,0.42028571428571426,6,3.4876767676767675,0.39158897547046967,10.146997699058279,0.39158897547046967,6.119167065134409,-3.5497677054876333,1,147.0,0.00028779206331819296,201.0,0.000997832976281643,211.0,0.002026290982030332,213.0,0.4202267919899896,208.0,0.048742584069259465,213.0,0,0.9765258215962441
watts_strogatz,100,24,300,100,300,0.06060606060606061,6.0,8,4,0.7745966692414834,0.45338095238095233,6,3.5084848484848483,0.4111338071980344,10.39000949980254,0.4111338071980344,6.173320397127297,-3.5457801773739415,1,148.0,0.00031116604804992676,198.0,0.0013848749222233891,208.0,0.0020339590264484286,215.0,0.5980767919681966,208.0,0.04799716593697667,215.0,0,0.9674418604651163
watts_strogatz,100,25,300,100,300,0.06060606060606061,6.0,8,4,0.7211102550927979,0.5050238095238095,8,3.859191919191919,0.27355332983277847,10.382329943759249,0.27355332983277847,6.123126202830532,-3.329605742273236,1,157.0,0.00042933307122439146,197.0,0.0008847079006955028,204.0,0.002070832997560501,211.0,6.0432702919933945,208.0,0.05266408296301961,211.0,0,0.985781990521327
watts_strogatz,100,26,300,100,300,0.06060606060606061,6.0,8,4,0.8246211251235321,0.43357142857142855,7,3.5707070707070705,0.348986520617557,10.497846964094729,0.348986520617557,6.158187428425943,-3.7266367336769743,1,141.0,0.00022120890207588673,198.0,0.0007031250279396772,211.0,0.0014104170259088278,214.0,5.1944709160597995,210.0,0.044865916948765516,214.0,0,0.9813084112149533
watts_strogatz,100,27,300,100,300,0.06060606060606061,6.0,8,4,0.7071067811865476,0.43173809523809525,7,3.6622222222222223,0.27991112110693994,10.259891868910216,0.27991112110693994,6.116429139618594,-3.485994444241593,1,140.0,0.00023562507703900337,198.0,0.000712667009793222,208.0,0.0016225000144913793,215.0,0.3755077919922769,204.0,0.042313541984185576,215.0,0,0.9488372093023256
watts_strogatz,100,28,300,100,300,0.06060606060606061,6.0,8,4,0.6324555320336759,0.5023809523809524,8,3.927676767676768,0.27497663062929834,10.079233826039198,0.27497663062929834,6.091159679368199,-3.393355267279976,1,157.0,0.00024533295072615147,203.0,0.0007117500063031912,204.0,0.0014502500416710973,210.0,0.6890121250180528,207.0,0.04297841596417129,210.0,0,0.9857142857142858
watts_strogatz,100,29,300,100,300,0.06060606060606061,6.0,8,3,0.8,0.4416904761904762,7,3.566666666666667,0.3763094622067998,10.249842074287855,0.3763094622067998,6.13627626071961,-3.4208123892592477,1,156.0,0.0002621669555082917,203.0,0.001129999989643693,207.0,0.002099707955494523,216.0,0.5434272499987856,212.0,0.04200299992226064,216.0,0,0.9814814814814815
